Class,Specialization,Type,Name,Spell ID,Canonical ID,Rank,Learned Level,Description,Category,HUD Row,Cooldown,Duration,Resource Cost,Aura ID,Track Mode,Tags,Wowhead Source,Notes
Druid,Balance,Ability,Hurricane,16914,16914,Rank 1,40,"Creates a violent storm in the target area causing 
72 Nature damage to enemies every 1 sec, and increasing the time between attacks of enemies by 25%. Lasts 10 sec. Druid must channel to maintain the spell.",Crowd Control,Utility,60,10,880 Mana,,Cooldown,"AOE, CC_SOFT, DPS, PVE",https://www.wowhead.com/tbc/spell=16914,
Druid,Balance,Ability,Hurricane,17401,16914,Rank 2,50,"Creates a violent storm in the target area causing 
102 Nature damage to enemies every 1 sec, and increasing the time between attacks by 25%. Lasts 10 sec. Druid must channel to maintain the spell.",Crowd Control,Utility,60,10,1180 Mana,,Cooldown,"AOE, CC_SOFT, DPS, PVE",https://www.wowhead.com/tbc/spell=17401,
Druid,Balance,Ability,Hurricane,17402,16914,Rank 3,60,"Creates a violent storm in the target area causing 
136 Nature damage to enemies every 1 sec, and increasing the time between attacks by 25%. Lasts 10 sec. Druid must channel to maintain the spell.",Crowd Control,Utility,60,10,1495 Mana,,Cooldown,"AOE, CC_SOFT, DPS, PVE",https://www.wowhead.com/tbc/spell=17402,
Druid,Balance,Ability,Hurricane,27012,16914,Rank 4,70,"Creates a violent storm in the target area causing 
206 Nature damage to enemies every 1 sec, and increasing the time between attacks by 25%. Lasts 10 sec. Druid must channel to maintain the spell.",Crowd Control,Utility,60,10,1905 Mana,,Cooldown,"AOE, CC_SOFT, DPS, PVE",https://www.wowhead.com/tbc/spell=27012,
Druid,Balance,Ability,Moonfire,8921,8921,Rank 2,4,"Burns the enemy for 
9 to 
12 Arcane damage and then an additional 12 Arcane damage over 9 sec.",Offensive,Main,0,12,25 Mana,,Cooldown,"DEBUFF, DPS, PVE_PVP, ROTATIONAL",https://www.wowhead.com/tbc/spell=8921,
Druid,Balance,Ability,Moonfire,8924,8921,Rank 3,10,"Burns the enemy for 
17 to 
21 Arcane damage and then an additional 32 Arcane damage over 12 sec.",Offensive,Main,0,12,50 Mana,,Cooldown,"DEBUFF, DPS, PVE_PVP, ROTATIONAL",https://www.wowhead.com/tbc/spell=8924,
Druid,Balance,Ability,Moonfire,8925,8921,Rank 4,16,"Burns the enemy for 
30 to 
37 Arcane damage and then an additional 52 Arcane damage over 12 sec.",Offensive,Main,0,12,75 Mana,,Cooldown,"DEBUFF, DPS, PVE_PVP, ROTATIONAL",https://www.wowhead.com/tbc/spell=8925,
Druid,Balance,Ability,Moonfire,8926,8921,Rank 5,22,"Burns the enemy for 
47 to 
55 Arcane damage and then an additional 80 Arcane damage over 12 sec.",Offensive,Main,0,12,105 Mana,,Cooldown,"DEBUFF, DPS, PVE_PVP, ROTATIONAL",https://www.wowhead.com/tbc/spell=8926,
Druid,Balance,Ability,Moonfire,8927,8921,Rank 6,28,"Burns the enemy for 
70 to 
82 Arcane damage and then an additional 124 Arcane damage over 12 sec.",Offensive,Main,0,12,150 Mana,,Cooldown,"DEBUFF, DPS, PVE_PVP, ROTATIONAL",https://www.wowhead.com/tbc/spell=8927,
Druid,Balance,Ability,Moonfire,8928,8921,Rank 7,34,"Burns the enemy for 
91 to 
108 Arcane damage and then an additional 164 Arcane damage over 12 sec.",Offensive,Main,0,12,190 Mana,,Cooldown,"DEBUFF, DPS, PVE_PVP, ROTATIONAL",https://www.wowhead.com/tbc/spell=8928,
Druid,Balance,Ability,Moonfire,8929,8921,Rank 8,40,"Burns the enemy for 
117 to 
137 Arcane damage and then an additional 212 Arcane damage over 12 sec.",Offensive,Main,0,12,235 Mana,,Cooldown,"DEBUFF, DPS, PVE_PVP, ROTATIONAL",https://www.wowhead.com/tbc/spell=8929,
Druid,Balance,Ability,Moonfire,9833,8921,Rank 9,46,"Burns the enemy for 
143 to 
168 Arcane damage and then an additional 264 Arcane damage over 12 sec.",Offensive,Main,0,12,280 Mana,,Cooldown,"DEBUFF, DPS, PVE_PVP, ROTATIONAL",https://www.wowhead.com/tbc/spell=9833,
Druid,Balance,Ability,Moonfire,9834,8921,Rank 10,52,"Burns the enemy for 
172 to 
200 Arcane damage and then an additional 320 Arcane damage over 12 sec.",Offensive,Main,0,12,325 Mana,,Cooldown,"DEBUFF, DPS, PVE_PVP, ROTATIONAL",https://www.wowhead.com/tbc/spell=9834,
Druid,Balance,Ability,Moonfire,9835,8921,Rank 11,58,"Burns the enemy for 
205 to 
238 Arcane damage and then an additional 384 Arcane damage over 12 sec.",Offensive,Main,0,12,375 Mana,,Cooldown,"DEBUFF, DPS, PVE_PVP, ROTATIONAL",https://www.wowhead.com/tbc/spell=9835,
Druid,Balance,Ability,Moonfire,26987,8921,Rank 12,63,"Burns the enemy for 
238 to 
276 Arcane damage and then an additional 444 Arcane damage over 12 sec.",Offensive,Main,0,12,430 Mana,,Cooldown,"DEBUFF, DPS, PVE_PVP, ROTATIONAL",https://www.wowhead.com/tbc/spell=26987,
Druid,Balance,Ability,Moonfire,26988,8921,Rank 13,70,"Burns the enemy for 
305 to 
357 Arcane damage and then an additional 600 Arcane damage over 12 sec.",Offensive,Main,0,12,495 Mana,,Cooldown,"DEBUFF, DPS, PVE_PVP, ROTATIONAL",https://www.wowhead.com/tbc/spell=26988,
Druid,Balance,Ability,Starfire,2912,2912,Rank 1,20,"Causes 
95 to 
115 Arcane damage to the target.",Offensive,Main,0,,95 Mana,,Cooldown,"DPS, FILLER, PVE",https://www.wowhead.com/tbc/spell=2912,
Druid,Balance,Ability,Starfire,8949,2912,Rank 2,26,"Causes 
146 to 
177 Arcane damage to the target.",Offensive,Main,0,,135 Mana,,Cooldown,"DPS, FILLER, PVE",https://www.wowhead.com/tbc/spell=8949,
Druid,Balance,Ability,Starfire,8950,2912,Rank 3,34,"Causes 
212 to 
253 Arcane damage to the target.",Offensive,Main,0,,180 Mana,,Cooldown,"DPS, FILLER, PVE",https://www.wowhead.com/tbc/spell=8950,
Druid,Balance,Ability,Starfire,8951,2912,Rank 4,42,"Causes 
293 to 
348 Arcane damage to the target.",Offensive,Main,0,,230 Mana,,Cooldown,"DPS, FILLER, PVE",https://www.wowhead.com/tbc/spell=8951,
Druid,Balance,Ability,Starfire,9875,2912,Rank 5,50,"Causes 
378 to 
445 Arcane damage to the target.",Offensive,Main,0,,275 Mana,,Cooldown,"DPS, FILLER, PVE",https://www.wowhead.com/tbc/spell=9875,
Druid,Balance,Ability,Starfire,9876,2912,Rank 6,58,"Causes 
463 to 
543 Arcane damage to the target.",Offensive,Main,0,,315 Mana,,Cooldown,"DPS, FILLER, PVE",https://www.wowhead.com/tbc/spell=9876,
Druid,Balance,Ability,Starfire,25298,2912,Rank 7,60,"Causes 
514 to 
603 Arcane damage to the target.",Offensive,Main,0,,340 Mana,,Cooldown,"DPS, FILLER, PVE",https://www.wowhead.com/tbc/spell=25298,
Druid,Balance,Ability,Starfire,26986,2912,Rank 8,67,"Causes 
550 to 
647 Arcane damage to the target.",Offensive,Main,0,,370 Mana,,Cooldown,"DPS, FILLER, PVE",https://www.wowhead.com/tbc/spell=26986,
Druid,Balance,Ability,Wrath,5176,5176,Rank 1,1,"Causes 
13 to 
16 Nature damage to the target.",Offensive,Main,0,,20 Mana,,Cooldown,"DPS, FILLER, PVE_PVP",https://www.wowhead.com/tbc/spell=5176,
Druid,Balance,Ability,Wrath,5177,5176,Rank 2,6,"Causes 
28 to 
33 Nature damage to the target.",Offensive,Main,0,,35 Mana,,Cooldown,"DPS, FILLER, PVE_PVP",https://www.wowhead.com/tbc/spell=5177,
Druid,Balance,Ability,Wrath,5178,5176,Rank 3,14,"Causes 
48 to 
57 Nature damage to the target.",Offensive,Main,0,,55 Mana,,Cooldown,"DPS, FILLER, PVE_PVP",https://www.wowhead.com/tbc/spell=5178,
Druid,Balance,Ability,Wrath,5179,5176,Rank 4,22,"Causes 
69 to 
79 Nature damage to the target.",Offensive,Main,0,,70 Mana,,Cooldown,"DPS, FILLER, PVE_PVP",https://www.wowhead.com/tbc/spell=5179,
Druid,Balance,Ability,Wrath,5180,5176,Rank 5,30,"Causes 
108 to 
123 Nature damage to the target.",Offensive,Main,0,,100 Mana,,Cooldown,"DPS, FILLER, PVE_PVP",https://www.wowhead.com/tbc/spell=5180,
Druid,Balance,Ability,Wrath,6780,5176,Rank 6,38,"Causes 
148 to 
167 Nature damage to the target.",Offensive,Main,0,,125 Mana,,Cooldown,"DPS, FILLER, PVE_PVP",https://www.wowhead.com/tbc/spell=6780,
Druid,Balance,Ability,Wrath,8905,5176,Rank 7,46,"Causes 
198 to 
221 Nature damage to the target.",Offensive,Main,0,,155 Mana,,Cooldown,"DPS, FILLER, PVE_PVP",https://www.wowhead.com/tbc/spell=8905,
Druid,Balance,Ability,Wrath,9912,5176,Rank 8,54,"Causes 
248 to 
277 Nature damage to the target.",Offensive,Main,0,,180 Mana,,Cooldown,"DPS, FILLER, PVE_PVP",https://www.wowhead.com/tbc/spell=9912,
Druid,Balance,Ability,Wrath,26984,5176,Rank 9,61,"Causes 
292 to 
327 Nature damage to the target.",Offensive,Main,0,,210 Mana,,Cooldown,"DPS, FILLER, PVE_PVP",https://www.wowhead.com/tbc/spell=26984,
Druid,Balance,Ability,Wrath,26985,5176,Rank 10,69,"Causes 
383 to 
432 Nature damage to the target.",Offensive,Main,0,,255 Mana,,Cooldown,"DPS, FILLER, PVE_PVP",https://www.wowhead.com/tbc/spell=26985,
Druid,Balance,Talent,Balance of Power,33592,33592,Rank 1/2,,Increases your chance to hit with all spells and reduces the chance you'll be hit by spells by 2%.,Talent Passive,Data only,,,,,Data only,TALENT,https://www.wowhead.com/tbc/spell=33592,Talent: Balance of Power; tree row 6
Druid,Balance,Talent,Balance of Power,33596,33592,Rank 2/2,,Increases your chance to hit with all spells and reduces the chance you'll be hit by spells by 4%.,Talent Passive,Data only,,,,,Data only,TALENT,https://www.wowhead.com/tbc/spell=33596,Talent: Balance of Power; tree row 6
Druid,Balance,Talent,Brambles,16836,16836,Rank 1/3,,Increases damage caused by your Thorns and Entangling Roots spells by 25%.,Talent Passive,Data only,,,,,Data only,TALENT,https://www.wowhead.com/tbc/spell=16836,Talent: Brambles; tree row 3
Druid,Balance,Talent,Brambles,16839,16836,Rank 2/3,,Increases damage caused by your Thorns and Entangling Roots spells by 50%.,Talent Passive,Data only,,,,,Data only,TALENT,https://www.wowhead.com/tbc/spell=16839,Talent: Brambles; tree row 3
Druid,Balance,Talent,Brambles,16840,16836,Rank 3/3,,Increases damage caused by your Thorns and Entangling Roots spells by 75%.,Talent Passive,Data only,,,,,Data only,TALENT,https://www.wowhead.com/tbc/spell=16840,Talent: Brambles; tree row 3
Druid,Balance,Talent,Celestial Focus,16850,16850,Rank 1/3,,Gives your Starfire spell a 5% chance to stun the target for 3 sec and increases the chance you'll resist spell interruption when casting your Wrath spell by 25%.,Talent Passive,Data only,,3,,,Data only,TALENT,https://www.wowhead.com/tbc/spell=16850,Talent: Celestial Focus; tree row 4
Druid,Balance,Talent,Celestial Focus,16923,16850,Rank 2/3,,Gives your Starfire spell a 10% chance to stun the target for 3 sec and increases the chance you'll resist spell interruption when casting your Wrath spell by 50%.,Talent Passive,Data only,,3,,,Data only,TALENT,https://www.wowhead.com/tbc/spell=16923,Talent: Celestial Focus; tree row 4
Druid,Balance,Talent,Celestial Focus,16924,16850,Rank 3/3,,Gives your Starfire spell a 15% chance to stun the target for 3 sec and increases the chance you'll resist spell interruption when casting your Wrath spell by 70%.,Talent Passive,Data only,,3,,,Data only,TALENT,https://www.wowhead.com/tbc/spell=16924,Talent: Celestial Focus; tree row 4
Druid,Balance,Talent,Control of Nature,16918,16918,Rank 1/3,,Gives you a 40% chance to avoid interruption caused by damage while casting Entangling Roots and Cyclone.,Talent Passive,Data only,,,,,Data only,TALENT,https://www.wowhead.com/tbc/spell=16918,Talent: Control of Nature; tree row 2
Druid,Balance,Talent,Control of Nature,16919,16918,Rank 2/3,,Gives you a 70% chance to avoid interruption caused by damage while casting Entangling Roots and Cyclone.,Talent Passive,Data only,,,,,Data only,TALENT,https://www.wowhead.com/tbc/spell=16919,Talent: Control of Nature; tree row 2
Druid,Balance,Talent,Control of Nature,16920,16918,Rank 3/3,,Gives you a 100% chance to avoid interruption caused by damage while casting Entangling Roots and Cyclone.,Talent Passive,Data only,,,,,Data only,TALENT,https://www.wowhead.com/tbc/spell=16920,Talent: Control of Nature; tree row 2
Druid,Balance,Talent,Dreamstate,33597,33597,Rank 1/3,,"Regenerate mana equal to 4% of your Intellect every 5 sec, even while casting.",Talent Passive,Data only,,,,,Data only,TALENT,https://www.wowhead.com/tbc/spell=33597,Talent: Dreamstate; tree row 7
Druid,Balance,Talent,Dreamstate,33599,33597,Rank 2/3,,"Regenerate mana equal to 7% of your Intellect every 5 sec, even while casting.",Talent Passive,Data only,,,,,Data only,TALENT,https://www.wowhead.com/tbc/spell=33599,Talent: Dreamstate; tree row 7
Druid,Balance,Talent,Dreamstate,33956,33597,Rank 3/3,,"Regenerate mana equal to 10% of your Intellect every 5 sec, even while casting.",Talent Passive,Data only,,,,,Data only,TALENT,https://www.wowhead.com/tbc/spell=33956,Talent: Dreamstate; tree row 7
Druid,Balance,Talent,Focused Starlight,35363,35363,Rank 1/2,,Increases the critical strike chance of your Wrath and Starfire spells by 2%.,Talent Passive,Data only,,,,,Data only,TALENT,https://www.wowhead.com/tbc/spell=35363,Talent: Focused Starlight; tree row 2
Druid,Balance,Talent,Focused Starlight,35364,35363,Rank 2/2,,Increases the critical strike chance of your Wrath and Starfire spells by 4%.,Talent Passive,Data only,,,,,Data only,TALENT,https://www.wowhead.com/tbc/spell=35364,Talent: Focused Starlight; tree row 2
Druid,Balance,Talent Ability,Force of Nature,33831,33831,Rank 1/1,,Summons 3 treants to attack enemy targets for 30 sec.,Pet,Main,180,30,12% of base mana,,Cooldown,"DPS, MAJOR, PET_SUMMON, PET_SUMMON_TEMP, PVE",https://www.wowhead.com/tbc/spell=33831,Talent-required | Talent: Force of Nature
Druid,Balance,Talent,Improved Faerie Fire,33600,33600,Rank 1/3,,Your Faerie Fire spell also increases the chance the target will be hit by melee and ranged attacks by 1%.,Talent Passive,Data only,,,,,Data only,TALENT,https://www.wowhead.com/tbc/spell=33600,Talent: Improved Faerie Fire; tree row 7
Druid,Balance,Talent,Improved Faerie Fire,33601,33600,Rank 2/3,,Your Faerie Fire spell also increases the chance the target will be hit by melee and ranged attacks by 2%.,Talent Passive,Data only,,,,,Data only,TALENT,https://www.wowhead.com/tbc/spell=33601,Talent: Improved Faerie Fire; tree row 7
Druid,Balance,Talent,Improved Faerie Fire,33602,33600,Rank 3/3,,Your Faerie Fire spell also increases the chance the target will be hit by melee and ranged attacks by 3%.,Talent Passive,Data only,,,,,Data only,TALENT,https://www.wowhead.com/tbc/spell=33602,Talent: Improved Faerie Fire; tree row 7
Druid,Balance,Talent,Improved Moonfire,16821,16821,Rank 1/2,,Increases the damage and critical strike chance of your Moonfire spell by 5%.,Talent Passive,Data only,,,,,Data only,TALENT,https://www.wowhead.com/tbc/spell=16821,Talent: Improved Moonfire; tree row 2
Druid,Balance,Talent,Improved Moonfire,16822,16821,Rank 2/2,,Increases the damage and critical strike chance of your Moonfire spell by 10%.,Talent Passive,Data only,,,,,Data only,TALENT,https://www.wowhead.com/tbc/spell=16822,Talent: Improved Moonfire; tree row 2
Druid,Balance,Talent,Improved Nature's Grasp,17245,17245,Rank 1/4,,Increases the chance for your Nature's Grasp to entangle an enemy by 15%.,Talent Passive,Data only,,,,,Data only,TALENT,https://www.wowhead.com/tbc/spell=17245,Talent: Improved Nature's Grasp; tree row 1
Druid,Balance,Talent,Improved Nature's Grasp,17247,17245,Rank 2/4,,Increases the chance for your Nature's Grasp to entangle an enemy by 30%.,Talent Passive,Data only,,,,,Data only,TALENT,https://www.wowhead.com/tbc/spell=17247,Talent: Improved Nature's Grasp; tree row 1
Druid,Balance,Talent,Improved Nature's Grasp,17248,17245,Rank 3/4,,Increases the chance for your Nature's Grasp to entangle an enemy by 45%.,Talent Passive,Data only,,,,,Data only,TALENT,https://www.wowhead.com/tbc/spell=17248,Talent: Improved Nature's Grasp; tree row 1
Druid,Balance,Talent,Improved Nature's Grasp,17249,17245,Rank 4/4,,Increases the chance for your Nature's Grasp to entangle an enemy by 65%.,Talent Passive,Data only,,,,,Data only,TALENT,https://www.wowhead.com/tbc/spell=17249,Talent: Improved Nature's Grasp; tree row 1
Druid,Balance,Talent Ability,Insect Swarm,5570,5570,Rank 1/1,,"The enemy target is swarmed by insects, decreasing their chance to hit by 2% and causing 108 Nature damage over 12 sec.",Offensive,Main,0,12,50 Mana,,Cooldown,"DEBUFF, DPS, PVE, ROTATIONAL",https://www.wowhead.com/tbc/spell=5570,Talent-required | Talent: Insect Swarm
Druid,Balance,Talent Ability,Insect Swarm,24974,5570,Rank 2,30,"The enemy target is swarmed by insects, decreasing their chance to hit by 2% and causing 192 Nature damage over 12 sec.",Offensive,Main,0,12,85 Mana,,Cooldown,"DEBUFF, DPS, PVE, ROTATIONAL",https://www.wowhead.com/tbc/spell=24974,Talent-required
Druid,Balance,Talent Ability,Insect Swarm,24975,5570,Rank 3,40,"The enemy target is swarmed by insects, decreasing their chance to hit by 2% and causing 300 Nature damage over 12 sec.",Offensive,Main,0,12,110 Mana,,Cooldown,"DEBUFF, DPS, PVE, ROTATIONAL",https://www.wowhead.com/tbc/spell=24975,Talent-required
Druid,Balance,Talent Ability,Insect Swarm,24976,5570,Rank 4,50,"The enemy target is swarmed by insects, decreasing their chance to hit by 2% and causing 432 Nature damage over 12 sec.",Offensive,Main,0,12,135 Mana,,Cooldown,"DEBUFF, DPS, PVE, ROTATIONAL",https://www.wowhead.com/tbc/spell=24976,Talent-required
Druid,Balance,Talent Ability,Insect Swarm,24977,5570,Rank 5,60,"The enemy target is swarmed by insects, decreasing their chance to hit by 2% and causing 594 Nature damage over 12 sec.",Offensive,Main,0,12,155 Mana,,Cooldown,"DEBUFF, DPS, PVE, ROTATIONAL",https://www.wowhead.com/tbc/spell=24977,Talent-required
Druid,Balance,Talent Ability,Insect Swarm,27013,5570,Rank 6,70,"The enemy target is swarmed by insects, decreasing their chance to hit by 2% and causing 792 Nature damage over 12 sec.",Offensive,Main,0,12,175 Mana,,Cooldown,"DEBUFF, DPS, PVE, ROTATIONAL",https://www.wowhead.com/tbc/spell=27013,Talent-required
Druid,Balance,Talent,Lunar Guidance,33589,33589,Rank 1/3,,Increases your spell damage and healing by 8% of your total Intellect.,Talent Passive,Data only,,,,,Data only,TALENT,https://www.wowhead.com/tbc/spell=33589,Talent: Lunar Guidance; tree row 5
Druid,Balance,Talent,Lunar Guidance,33590,33589,Rank 2/3,,Increases your spell damage and healing by 16% of your total Intellect.,Talent Passive,Data only,,,,,Data only,TALENT,https://www.wowhead.com/tbc/spell=33590,Talent: Lunar Guidance; tree row 5
Druid,Balance,Talent,Lunar Guidance,33591,33589,Rank 3/3,,Increases your spell damage and healing by 25% of your total Intellect.,Talent Passive,Data only,,,,,Data only,TALENT,https://www.wowhead.com/tbc/spell=33591,Talent: Lunar Guidance; tree row 5
Druid,Balance,Talent,Moonfury,16896,16896,Rank 1/5,,"Increases the damage done by your Starfire, Moonfire and Wrath spells by 2%.",Talent Passive,Data only,,,,,Data only,TALENT,https://www.wowhead.com/tbc/spell=16896,Talent: Moonfury; tree row 6
Druid,Balance,Talent,Moonfury,16897,16896,Rank 2/5,,"Increases the damage done by your Starfire, Moonfire and Wrath spells by 4%.",Talent Passive,Data only,,,,,Data only,TALENT,https://www.wowhead.com/tbc/spell=16897,Talent: Moonfury; tree row 6
Druid,Balance,Talent,Moonfury,16899,16896,Rank 3/5,,"Increases the damage done by your Starfire, Moonfire and Wrath spells by 6%.",Talent Passive,Data only,,,,,Data only,TALENT,https://www.wowhead.com/tbc/spell=16899,Talent: Moonfury; tree row 6
Druid,Balance,Talent,Moonfury,16900,16896,Rank 4/5,,"Increases the damage done by your Starfire, Moonfire and Wrath spells by 8%.",Talent Passive,Data only,,,,,Data only,TALENT,https://www.wowhead.com/tbc/spell=16900,Talent: Moonfury; tree row 6
Druid,Balance,Talent,Moonfury,16901,16896,Rank 5/5,,"Increases the damage done by your Starfire, Moonfire and Wrath spells by 10%.",Talent Passive,Data only,,,,,Data only,TALENT,https://www.wowhead.com/tbc/spell=16901,Talent: Moonfury; tree row 6
Druid,Balance,Talent,Moonglow,16845,16845,Rank 1/3,,"Reduces the Mana cost of your Moonfire, Starfire, Wrath, Healing Touch, Regrowth and Rejuvenation spells by 3%.",Talent Passive,Data only,,,,,Data only,TALENT,https://www.wowhead.com/tbc/spell=16845,Talent: Moonglow; tree row 5
Druid,Balance,Talent,Moonglow,16846,16845,Rank 2/3,,"Reduces the Mana cost of your Moonfire, Starfire, Wrath, Healing Touch, Regrowth and Rejuvenation spells by 6%.",Talent Passive,Data only,,,,,Data only,TALENT,https://www.wowhead.com/tbc/spell=16846,Talent: Moonglow; tree row 5
Druid,Balance,Talent,Moonglow,16847,16845,Rank 3/3,,"Reduces the Mana cost of your Moonfire, Starfire, Wrath, Healing Touch, Regrowth and Rejuvenation spells by 9%.",Talent Passive,Data only,,,,,Data only,TALENT,https://www.wowhead.com/tbc/spell=16847,Talent: Moonglow; tree row 5
Druid,Balance,Talent Ability,Moonkin Form,24858,24858,Rank 1/1,,"Shapeshift into Moonkin Form. While in this form the armor contribution from items is increased by 400%, attack power is increased by 150% of your level and all party members within 30 yards have their spell critical chance increased by 5%. Melee attacks in this form have a chance on hit to regenerate mana based on attack power. The Moonkin can only cast Balance and Remove Curse spells while shapeshifted.
The act of shapeshifting frees the caster of Polymorph and Movement Impairing effects.",Form,Utility,0,,22% of base mana,24907,Cooldown + aura,SHAPESHIFT,https://www.wowhead.com/tbc/spell=24858,Talent-required | Talent: Moonkin Form
Druid,Balance,Talent,Nature's Grace,16880,16880,Rank 1/1,,"All spell criticals grace you with a blessing of nature, reducing the casting time of your next spell by 0.5 sec.",Talent Passive,Data only,,,,,Data only,TALENT,https://www.wowhead.com/tbc/spell=16880,Talent: Nature's Grace; tree row 5
Druid,Balance,Talent Ability,Nature's Grasp,16689,16689,Rank 1,,"While active, any time an enemy strikes the caster they have a 35% chance to become afflicted by Entangling Roots (Rank 1). Only useable outdoors. 1 charge. Lasts 45 sec.",Defensive,Utility,60,45,,"19975, 19974, 19973, 19972, 19971, 19970, 27010",Cooldown + aura,"DEFENSIVE, HAS_BUFF, MINOR, ROOT",https://www.wowhead.com/tbc/spell=16689,Talent: Nature's Grasp
Druid,Balance,Talent,Nature's Reach,16819,16819,Rank 1/2,,Increases the range of your Balance spells and Faerie Fire (Feral) ability by 10%.,Talent Passive,Data only,,,,,Data only,TALENT,https://www.wowhead.com/tbc/spell=16819,Talent: Nature's Reach; tree row 3
Druid,Balance,Talent,Nature's Reach,16820,16819,Rank 2/2,,Increases the range of your Balance spells and Faerie Fire (Feral) ability by 20%.,Talent Passive,Data only,,,,,Data only,TALENT,https://www.wowhead.com/tbc/spell=16820,Talent: Nature's Reach; tree row 3
Druid,Balance,Talent,Starlight Wrath,16814,16814,Rank 1/5,,Reduces the cast time of your Wrath and Starfire spells by 0.1 sec.,Talent Passive,Data only,,,,,Data only,TALENT,https://www.wowhead.com/tbc/spell=16814,Talent: Starlight Wrath; tree row 1
Druid,Balance,Talent,Starlight Wrath,16815,16814,Rank 2/5,,Reduces the cast time of your Wrath and Starfire spells by 0.2 sec.,Talent Passive,Data only,,,,,Data only,TALENT,https://www.wowhead.com/tbc/spell=16815,Talent: Starlight Wrath; tree row 1
Druid,Balance,Talent,Starlight Wrath,16816,16814,Rank 3/5,,Reduces the cast time of your Wrath and Starfire spells by 0.3 sec.,Talent Passive,Data only,,,,,Data only,TALENT,https://www.wowhead.com/tbc/spell=16816,Talent: Starlight Wrath; tree row 1
Druid,Balance,Talent,Starlight Wrath,16817,16814,Rank 4/5,,Reduces the cast time of your Wrath and Starfire spells by 0.4 sec.,Talent Passive,Data only,,,,,Data only,TALENT,https://www.wowhead.com/tbc/spell=16817,Talent: Starlight Wrath; tree row 1
Druid,Balance,Talent,Starlight Wrath,16818,16814,Rank 5/5,,Reduces the cast time of your Wrath and Starfire spells by 0.5 sec.,Talent Passive,Data only,,,,,Data only,TALENT,https://www.wowhead.com/tbc/spell=16818,Talent: Starlight Wrath; tree row 1
Druid,Balance,Talent,Vengeance,16909,16909,Rank 1/5,,"Increases the critical strike damage bonus of your Starfire, Moonfire, and Wrath spells by 20%.",Talent Passive,Data only,,,,,Data only,TALENT,https://www.wowhead.com/tbc/spell=16909,Talent: Vengeance; tree row 4
Druid,Balance,Talent,Vengeance,16910,16909,Rank 2/5,,"Increases the critical strike damage bonus of your Starfire, Moonfire, and Wrath spells by 40%.",Talent Passive,Data only,,,,,Data only,TALENT,https://www.wowhead.com/tbc/spell=16910,Talent: Vengeance; tree row 4
Druid,Balance,Talent,Vengeance,16911,16909,Rank 3/5,,"Increases the critical strike damage bonus of your Starfire, Moonfire, and Wrath spells by 60%.",Talent Passive,Data only,,,,,Data only,TALENT,https://www.wowhead.com/tbc/spell=16911,Talent: Vengeance; tree row 4
Druid,Balance,Talent,Vengeance,16912,16909,Rank 4/5,,"Increases the critical strike damage bonus of your Starfire, Moonfire, and Wrath spells by 80%.",Talent Passive,Data only,,,,,Data only,TALENT,https://www.wowhead.com/tbc/spell=16912,Talent: Vengeance; tree row 4
Druid,Balance,Talent,Vengeance,16913,16909,Rank 5/5,,"Increases the critical strike damage bonus of your Starfire, Moonfire, and Wrath spells by 100%.",Talent Passive,Data only,,,,,Data only,TALENT,https://www.wowhead.com/tbc/spell=16913,Talent: Vengeance; tree row 4
Druid,Balance,Talent,Wrath of Cenarius,33603,33603,Rank 1/5,,Your Starfire spell gains an additional 4% and your Wrath gains an additional 2% of your bonus damage effects.,Talent Passive,Data only,,,,,Data only,TALENT,https://www.wowhead.com/tbc/spell=33603,Talent: Wrath of Cenarius; tree row 8
Druid,Balance,Talent,Wrath of Cenarius,33604,33603,Rank 2/5,,Your Starfire spell gains an additional 8% and your Wrath gains an additional 4% of your bonus damage effects.,Talent Passive,Data only,,,,,Data only,TALENT,https://www.wowhead.com/tbc/spell=33604,Talent: Wrath of Cenarius; tree row 8
Druid,Balance,Talent,Wrath of Cenarius,33605,33603,Rank 3/5,,Your Starfire spell gains an additional 12% and your Wrath gains an additional 6% of your bonus damage effects.,Talent Passive,Data only,,,,,Data only,TALENT,https://www.wowhead.com/tbc/spell=33605,Talent: Wrath of Cenarius; tree row 8
Druid,Balance,Talent,Wrath of Cenarius,33606,33603,Rank 4/5,,Your Starfire spell gains an additional 16% and your Wrath gains an additional 8% of your bonus damage effects.,Talent Passive,Data only,,,,,Data only,TALENT,https://www.wowhead.com/tbc/spell=33606,Talent: Wrath of Cenarius; tree row 8
Druid,Balance,Talent,Wrath of Cenarius,33607,33603,Rank 5/5,,Your Starfire spell gains an additional 20% and your Wrath gains an additional 10% of your bonus damage effects.,Talent Passive,Data only,,,,,Data only,TALENT,https://www.wowhead.com/tbc/spell=33607,Talent: Wrath of Cenarius; tree row 8
Druid,"Balance, Restoration",Ability,Faerie Fire,770,770,Rank 1,18,"Decrease the armor of the target by 175 for 40 sec. While affected, the target cannot stealth or turn invisible.",Utility,Utility,0,40,55 Mana,,Cooldown,"DEBUFF, PVE_PVP, UTILITY",https://www.wowhead.com/tbc/spell=770,
Druid,"Balance, Restoration",Ability,Faerie Fire,778,770,Rank 2,30,"Decrease the armor of the target by 285 for 40 sec. While affected, the target cannot stealth or turn invisible.",Utility,Utility,0,40,75 Mana,,Cooldown,"DEBUFF, PVE_PVP, UTILITY",https://www.wowhead.com/tbc/spell=778,
Druid,"Balance, Restoration",Ability,Faerie Fire,9749,770,Rank 3,42,"Decrease the armor of the target by 395 for 40 sec. While affected, the target cannot stealth or turn invisible.",Utility,Utility,0,40,95 Mana,,Cooldown,"DEBUFF, PVE_PVP, UTILITY",https://www.wowhead.com/tbc/spell=9749,
Druid,"Balance, Restoration",Ability,Faerie Fire,9907,770,Rank 4,54,"Decrease the armor of the target by 505 for 40 sec. While affected, the target cannot stealth or turn invisible.",Utility,Utility,0,40,115 Mana,,Cooldown,"DEBUFF, PVE_PVP, UTILITY",https://www.wowhead.com/tbc/spell=9907,
Druid,"Balance, Restoration",Ability,Faerie Fire,26993,770,Rank 5,66,"Decrease the armor of the target by 610 for 40 sec. While affected, the target cannot stealth or turn invisible.",Utility,Utility,0,40,145 Mana,,Cooldown,"DEBUFF, PVE_PVP, UTILITY",https://www.wowhead.com/tbc/spell=26993,
Druid,Class-wide / Shared,Ability,Aquatic Form,1066,1066,,16,"Shapeshift into aquatic form, increasing swim speed by 50% and allowing the druid to breathe underwater. Also protects the caster from Polymorph effects.
The act of shapeshifting frees the caster of Polymorph and Movement Impairing effects.",Mobility,Utility,0,,13% of base mana,,Cooldown,"MOVEMENT, OUT_OF_COMBAT, SHAPESHIFT",https://www.wowhead.com/tbc/spell=1066,
Druid,Class-wide / Shared,Ability,Barkskin,22812,22812,,44,"The druid's skin becomes as tough as bark. All damage taken is reduced by 20%. While protected, damaging attacks will not cause spellcasting delays. This spell is usable while stunned, frozen, incapacitated, feared or asleep. Lasts 12 sec.",Defensive,Utility,60,12,12% of base mana,,Cooldown + aura,"DAMAGE_REDUCTION, DEFENSIVE, HAS_BUFF, MINOR",https://www.wowhead.com/tbc/spell=22812,
Druid,Class-wide / Shared,Ability,Entangling Roots,339,339,Rank 1,8,Roots the target in place and causes 20 Nature damage over 12 sec. Damage caused may interrupt the effect. Only useable outdoors.,Crowd Control,Utility,0,27,50 Mana,,Cooldown,"CC_SOFT, FILLER, ROOT",https://www.wowhead.com/tbc/spell=339,
Druid,Class-wide / Shared,Ability,Entangling Roots,1062,339,Rank 2,18,Roots the target in place and causes 50 Nature damage over 15 sec. Damage caused may interrupt the effect. Only useable outdoors.,Crowd Control,Utility,0,27,65 Mana,,Cooldown,"CC_SOFT, FILLER, ROOT",https://www.wowhead.com/tbc/spell=1062,
Druid,Class-wide / Shared,Ability,Entangling Roots,5195,339,Rank 3,28,Roots the target in place and causes 90 Nature damage over 18 sec. Damage caused may interrupt the effect. Only useable outdoors.,Crowd Control,Utility,0,27,80 Mana,,Cooldown,"CC_SOFT, FILLER, ROOT",https://www.wowhead.com/tbc/spell=5195,
Druid,Class-wide / Shared,Ability,Entangling Roots,5196,339,Rank 4,38,Roots the target in place and causes 140 Nature damage over 21 sec. Damage caused may interrupt the effect. Only useable outdoors.,Crowd Control,Utility,0,27,95 Mana,,Cooldown,"CC_SOFT, FILLER, ROOT",https://www.wowhead.com/tbc/spell=5196,
Druid,Class-wide / Shared,Ability,Entangling Roots,9852,339,Rank 5,48,Roots the target in place and causes 200 Nature damage over 24 sec. Damage caused may interrupt the effect. Only useable outdoors.,Crowd Control,Utility,0,27,110 Mana,,Cooldown,"CC_SOFT, FILLER, ROOT",https://www.wowhead.com/tbc/spell=9852,
Druid,Class-wide / Shared,Ability,Entangling Roots,9853,339,Rank 6,58,Roots the target in place and causes 270 Nature damage over 27 sec. Damage caused may interrupt the effect. Only useable outdoors.,Crowd Control,Utility,0,27,125 Mana,,Cooldown,"CC_SOFT, FILLER, ROOT",https://www.wowhead.com/tbc/spell=9853,
Druid,Class-wide / Shared,Ability,Entangling Roots,26989,339,Rank 7,68,Roots the target in place and causes 351 Nature damage over 27 sec. Damage caused may interrupt the effect. Only useable outdoors.,Crowd Control,Utility,0,27,160 Mana,,Cooldown,"CC_SOFT, FILLER, ROOT",https://www.wowhead.com/tbc/spell=26989,
Druid,Class-wide / Shared,Ability,Gift of the Wild,21849,21849,Rank 1,50,"Gives the Gift of the Wild to the target's party, increasing armor by 240, all attributes by 10 and all resistances by 15 for 1 hour.",Utility,Utility,0,3600,900 Mana,,Cooldown,"BUFF, LONG_BUFF, UTILITY",https://www.wowhead.com/tbc/spell=21849,
Druid,Class-wide / Shared,Ability,Gift of the Wild,21850,21849,Rank 2,60,"Gives the Gift of the Wild to the target's party, increasing armor by 285, all attributes by 12 and all resistances by 20 for 1 hour.",Utility,Utility,0,3600,1200 Mana,,Cooldown,"BUFF, LONG_BUFF, UTILITY",https://www.wowhead.com/tbc/spell=21850,
Druid,Class-wide / Shared,Ability,Gift of the Wild,26991,21849,Rank 3,70,"Gives the Gift of the Wild to the target's party, increasing armor by 340, all attributes by 14 and all resistances by 25 for 1 hour.",Utility,Utility,0,3600,1515 Mana,,Cooldown,"BUFF, LONG_BUFF, UTILITY",https://www.wowhead.com/tbc/spell=26991,
Druid,Class-wide / Shared,Ability,Hibernate,2637,2637,Rank 1,18,Forces the enemy target to sleep for up to 20 sec. Any damage will awaken the target. Only one target can be forced to hibernate at a time. Only works on Beasts and Dragonkin.,Crowd Control,Utility,0,40,90 Mana,,Cooldown,"CC_HARD, FILLER",https://www.wowhead.com/tbc/spell=2637,
Druid,Class-wide / Shared,Ability,Hibernate,18657,2637,Rank 2,38,Forces the enemy target to sleep for up to 30 sec. Any damage will awaken the target. Only one target can be forced to hibernate at a time. Only works on Beasts and Dragonkin.,Crowd Control,Utility,0,40,120 Mana,,Cooldown,"CC_HARD, FILLER",https://www.wowhead.com/tbc/spell=18657,
Druid,Class-wide / Shared,Ability,Hibernate,18658,2637,Rank 3,58,Forces the enemy target to sleep for up to 40 sec. Any damage will awaken the target. Only one target can be forced to hibernate at a time. Only works on Beasts and Dragonkin.,Crowd Control,Utility,0,40,150 Mana,,Cooldown,"CC_HARD, FILLER",https://www.wowhead.com/tbc/spell=18658,
Druid,Class-wide / Shared,Ability,Innervate,29166,29166,,40,Increases the target's Spirit based mana regeneration by 400% and allows full mana regeneration while casting. Lasts 20 sec.,Healing,Utility,360,20,4% of base mana,,Cooldown + aura,"HAS_BUFF, HEAL, IMPORTANT_EXTERNAL, MAJOR, RESOURCE",https://www.wowhead.com/tbc/spell=29166,
Druid,Class-wide / Shared,Ability,Mark of the Wild,1126,1126,Rank 1,1,Increases the friendly target's armor by 25 for 30 min.,Utility,Utility,0,1800,20 Mana,,Cooldown,"BUFF, LONG_BUFF, UTILITY",https://www.wowhead.com/tbc/spell=1126,
Druid,Class-wide / Shared,Ability,Mark of the Wild,5232,1126,Rank 2,10,Increases the friendly target's armor by 65 and all attributes by 2 for 30 min.,Utility,Utility,0,1800,50 Mana,,Cooldown,"BUFF, LONG_BUFF, UTILITY",https://www.wowhead.com/tbc/spell=5232,
Druid,Class-wide / Shared,Ability,Mark of the Wild,5234,1126,Rank 3,30,"Increases the friendly target's armor by 150, all attributes by 6 and all resistances by 5 for 30 min.",Utility,Utility,0,1800,160 Mana,,Cooldown,"BUFF, LONG_BUFF, UTILITY",https://www.wowhead.com/tbc/spell=5234,
Druid,Class-wide / Shared,Ability,Mark of the Wild,6756,1126,Rank 4,20,Increases the friendly target's armor by 105 and all attributes by 4 for 30 min.,Utility,Utility,0,1800,100 Mana,,Cooldown,"BUFF, LONG_BUFF, UTILITY",https://www.wowhead.com/tbc/spell=6756,
Druid,Class-wide / Shared,Ability,Mark of the Wild,8907,1126,Rank 5,40,"Increases the friendly target's armor by 195, all attributes by 8 and all resistances by 10 for 30 min.",Utility,Utility,0,1800,240 Mana,,Cooldown,"BUFF, LONG_BUFF, UTILITY",https://www.wowhead.com/tbc/spell=8907,
Druid,Class-wide / Shared,Ability,Mark of the Wild,9884,1126,Rank 6,50,"Increases the friendly target's armor by 240, all attributes by 10 and all resistances by 15 for 30 min.",Utility,Utility,0,1800,340 Mana,,Cooldown,"BUFF, LONG_BUFF, UTILITY",https://www.wowhead.com/tbc/spell=9884,
Druid,Class-wide / Shared,Ability,Mark of the Wild,9885,1126,Rank 7,60,"Increases the friendly target's armor by 285, all attributes by 12 and all resistances by 20 for 30 min.",Utility,Utility,0,1800,445 Mana,,Cooldown,"BUFF, LONG_BUFF, UTILITY",https://www.wowhead.com/tbc/spell=9885,
Druid,Class-wide / Shared,Ability,Mark of the Wild,26990,1126,Rank 8,70,"Increases the friendly target's armor by 340, all attributes by 14 and all resistances by 25 for 30 min.",Utility,Utility,0,1800,565 Mana,,Cooldown,"BUFF, LONG_BUFF, UTILITY",https://www.wowhead.com/tbc/spell=26990,
Druid,Class-wide / Shared,Ability,Nature's Grasp,16810,16689,Rank 2,18,"While active, any time an enemy strikes the caster they have a 35% chance to become afflicted by Entangling Roots (Rank 2). Only useable outdoors. 1 charge. Lasts 45 sec.",Defensive,Utility,60,45,,"19975, 19974, 19973, 19972, 19971, 19970, 27010",Cooldown + aura,"DEFENSIVE, HAS_BUFF, MINOR, ROOT",https://www.wowhead.com/tbc/spell=16810,
Druid,Class-wide / Shared,Ability,Nature's Grasp,16811,16689,Rank 3,28,"While active, any time an enemy strikes the caster they have a 35% chance to become afflicted by Entangling Roots (Rank 3). Only useable outdoors. 1 charge. Lasts 45 sec.",Defensive,Utility,60,45,,"19975, 19974, 19973, 19972, 19971, 19970, 27010",Cooldown + aura,"DEFENSIVE, HAS_BUFF, MINOR, ROOT",https://www.wowhead.com/tbc/spell=16811,
Druid,Class-wide / Shared,Ability,Nature's Grasp,16812,16689,Rank 4,38,"While active, any time an enemy strikes the caster they have a 35% chance to become afflicted by Entangling Roots (Rank 4). Only useable outdoors. 1 charge. Lasts 45 sec.",Defensive,Utility,60,45,,"19975, 19974, 19973, 19972, 19971, 19970, 27010",Cooldown + aura,"DEFENSIVE, HAS_BUFF, MINOR, ROOT",https://www.wowhead.com/tbc/spell=16812,
Druid,Class-wide / Shared,Ability,Nature's Grasp,16813,16689,Rank 5,48,"While active, any time an enemy strikes the caster they have a 35% chance to become afflicted by Entangling Roots (Rank 5). Only useable outdoors. 1 charge. Lasts 45 sec.",Defensive,Utility,60,45,,"19975, 19974, 19973, 19972, 19971, 19970, 27010",Cooldown + aura,"DEFENSIVE, HAS_BUFF, MINOR, ROOT",https://www.wowhead.com/tbc/spell=16813,
Druid,Class-wide / Shared,Ability,Nature's Grasp,17329,16689,Rank 6,58,"While active, any time an enemy strikes the caster they have a 35% chance to become afflicted by Entangling Roots (Rank 6). Only useable outdoors. 1 charge. Lasts 45 sec.",Defensive,Utility,60,45,,"19975, 19974, 19973, 19972, 19971, 19970, 27010",Cooldown + aura,"DEFENSIVE, HAS_BUFF, MINOR, ROOT",https://www.wowhead.com/tbc/spell=17329,
Druid,Class-wide / Shared,Ability,Nature's Grasp,27009,16689,Rank 7,68,"While active, any time an enemy strikes the caster they have a 35% chance to become afflicted by Entangling Roots (Rank 7). Only useable outdoors. 1 charge. Lasts 45 sec.",Defensive,Utility,60,45,,"19975, 19974, 19973, 19972, 19971, 19970, 27010",Cooldown + aura,"DEFENSIVE, HAS_BUFF, MINOR, ROOT",https://www.wowhead.com/tbc/spell=27009,
Druid,Class-wide / Shared,Ability,Rebirth,20484,20484,Rank 1,20,"Returns the spirit to the body, restoring a dead target to life with 400 health and 700 mana.",Utility,Utility,1200,,68% of base mana,,Cooldown,"BATTLE_REZ, RESURRECT, UTILITY",https://www.wowhead.com/tbc/spell=20484,
Druid,Class-wide / Shared,Ability,Rebirth,20739,20484,Rank 2,30,"Returns the spirit to the body, restoring a dead target to life with 750 health and 1200 mana.",Utility,Utility,1200,,68% of base mana,,Cooldown,"BATTLE_REZ, RESURRECT, UTILITY",https://www.wowhead.com/tbc/spell=20739,
Druid,Class-wide / Shared,Ability,Rebirth,20742,20484,Rank 3,40,"Returns the spirit to the body, restoring a dead target to life with 1100 health and 1700 mana.",Utility,Utility,1200,,68% of base mana,,Cooldown,"BATTLE_REZ, RESURRECT, UTILITY",https://www.wowhead.com/tbc/spell=20742,
Druid,Class-wide / Shared,Ability,Rebirth,20747,20484,Rank 4,50,"Returns the spirit to the body, restoring a dead target to life with 1600 health and 2200 mana.",Utility,Utility,1200,,68% of base mana,,Cooldown,"BATTLE_REZ, RESURRECT, UTILITY",https://www.wowhead.com/tbc/spell=20747,
Druid,Class-wide / Shared,Ability,Rebirth,20748,20484,Rank 5,60,"Returns the spirit to the body, restoring a dead target to life with 2200 health and 2800 mana.",Utility,Utility,1200,,68% of base mana,,Cooldown,"BATTLE_REZ, RESURRECT, UTILITY",https://www.wowhead.com/tbc/spell=20748,
Druid,Class-wide / Shared,Ability,Rebirth,26994,20484,Rank 6,69,"Returns the spirit to the body, restoring a dead target to life with 3200 health and 3200 mana.",Utility,Utility,1200,,68% of base mana,,Cooldown,"BATTLE_REZ, RESURRECT, UTILITY",https://www.wowhead.com/tbc/spell=26994,
Druid,Class-wide / Shared,Ability,Thorns,467,467,Rank 1,6,Thorns sprout from the friendly target causing 3 Nature damage to attackers when hit. Lasts 10 min.,Utility,Utility,0,600,35 Mana,,Cooldown,"BUFF, LONG_BUFF, UTILITY",https://www.wowhead.com/tbc/spell=467,
Druid,Class-wide / Shared,Ability,Thorns,782,467,Rank 2,14,Thorns sprout from the friendly target causing 6 Nature damage to attackers when hit. Lasts 10 min.,Utility,Utility,0,600,60 Mana,,Cooldown,"BUFF, LONG_BUFF, UTILITY",https://www.wowhead.com/tbc/spell=782,
Druid,Class-wide / Shared,Ability,Thorns,1075,467,Rank 3,24,Thorns sprout from the friendly target causing 9 Nature damage to attackers when hit. Lasts 10 min.,Utility,Utility,0,600,105 Mana,,Cooldown,"BUFF, LONG_BUFF, UTILITY",https://www.wowhead.com/tbc/spell=1075,
Druid,Class-wide / Shared,Ability,Thorns,8914,467,Rank 4,34,Thorns sprout from the friendly target causing 12 Nature damage to attackers when hit. Lasts 10 min.,Utility,Utility,0,600,170 Mana,,Cooldown,"BUFF, LONG_BUFF, UTILITY",https://www.wowhead.com/tbc/spell=8914,
Druid,Class-wide / Shared,Ability,Thorns,9756,467,Rank 5,44,Thorns sprout from the friendly target causing 15 Nature damage to attackers when hit. Lasts 10 min.,Utility,Utility,0,600,240 Mana,,Cooldown,"BUFF, LONG_BUFF, UTILITY",https://www.wowhead.com/tbc/spell=9756,
Druid,Class-wide / Shared,Ability,Thorns,9910,467,Rank 6,54,Thorns sprout from the friendly target causing 18 Nature damage to attackers when hit. Lasts 10 min.,Utility,Utility,0,600,320 Mana,,Cooldown,"BUFF, LONG_BUFF, UTILITY",https://www.wowhead.com/tbc/spell=9910,
Druid,Class-wide / Shared,Ability,Thorns,26992,467,Rank 7,64,Thorns sprout from the friendly target causing 25 Nature damage to attackers when hit. Lasts 10 min.,Utility,Utility,0,600,400 Mana,,Cooldown,"BUFF, LONG_BUFF, UTILITY",https://www.wowhead.com/tbc/spell=26992,
Druid,Class-wide / Shared,Ability,Tranquility,740,740,Rank 1,30,"Heals all nearby group members for 
365 every 2 seconds for 8 sec. Druid must channel to maintain the spell.",Healing,Utility,600,8,525 Mana,,Cooldown,"HEAL, HEAL_AOE, MAJOR",https://www.wowhead.com/tbc/spell=740,
Druid,Class-wide / Shared,Ability,Tranquility,8918,740,Rank 2,40,"Heals all nearby group members for 
531 every 2 seconds for 8 sec. Druid must channel to maintain the spell.",Healing,Utility,600,8,705 Mana,,Cooldown,"HEAL, HEAL_AOE, MAJOR",https://www.wowhead.com/tbc/spell=8918,
Druid,Class-wide / Shared,Ability,Tranquility,9862,740,Rank 3,50,"Heals all nearby group members for 
786 every 2 seconds for 8 sec. Druid must channel to maintain the spell.",Healing,Utility,600,8,975 Mana,,Cooldown,"HEAL, HEAL_AOE, MAJOR",https://www.wowhead.com/tbc/spell=9862,
Druid,Class-wide / Shared,Ability,Tranquility,9863,740,Rank 4,60,"Heals all nearby group members for 
1120 every 2 seconds for 8 sec. Druid must channel to maintain the spell.",Healing,Utility,600,8,1295 Mana,,Cooldown,"HEAL, HEAL_AOE, MAJOR",https://www.wowhead.com/tbc/spell=9863,
Druid,Class-wide / Shared,Ability,Tranquility,26983,740,Rank 5,70,"Heals all nearby group members for 
1518 every 2 seconds for 8 sec. Druid must channel to maintain the spell.",Healing,Utility,600,8,1650 Mana,,Cooldown,"HEAL, HEAL_AOE, MAJOR",https://www.wowhead.com/tbc/spell=26983,
Druid,Class-wide / Shared,Ability,Travel Form,783,783,,30,"Shapeshift into travel form, increasing movement speed by 40%. Also protects the caster from Polymorph effects. Only useable outdoors.
The act of shapeshifting frees the caster of Polymorph and Movement Impairing effects.",Mobility,Utility,0,,13% of base mana,,Cooldown,"MOVEMENT, OUT_OF_COMBAT, SHAPESHIFT",https://www.wowhead.com/tbc/spell=783,
Druid,Feral,Ability,Bash,5211,5211,Rank 1,14,Stuns the target for 2 sec.,Crowd Control,Utility,60,4,10 Rage,,Cooldown,"BEAR_FORM, CC_HARD",https://www.wowhead.com/tbc/spell=5211,
Druid,Feral,Ability,Bash,6798,5211,Rank 2,30,Stuns the target for 3 sec.,Crowd Control,Utility,60,4,10 Rage,,Cooldown,"BEAR_FORM, CC_HARD",https://www.wowhead.com/tbc/spell=6798,
Druid,Feral,Ability,Bash,8983,5211,Rank 3,46,Stuns the target for 4 sec.,Crowd Control,Utility,60,4,10 Rage,,Cooldown,"BEAR_FORM, CC_HARD",https://www.wowhead.com/tbc/spell=8983,
Druid,Feral,Ability,Bear Form,5487,5487,,10,"Shapeshift into bear form, increasing melee attack power by 
120, armor contribution from items by 180%, and Stamina by 25%. Also protects the caster from Polymorph effects and allows the use of various bear abilities.
The act of shapeshifting frees the caster of Polymorph and Movement Impairing effects.",Form,Utility,0,,35% of base mana,,Cooldown,SHAPESHIFT,https://www.wowhead.com/tbc/spell=5487,
Druid,Feral,Ability,Cat Form,768,768,,20,"Shapeshift into cat form, increasing melee attack power by 40 plus Agility. Also protects the caster from Polymorph effects and allows the use of various cat abilities.
The act of shapeshifting frees the caster of Polymorph and Movement Impairing effects.",Form,Utility,0,,35% of base mana,,Cooldown,SHAPESHIFT,https://www.wowhead.com/tbc/spell=768,
Druid,Feral,Ability,Challenging Roar,5209,5209,,28,Forces all nearby enemies to focus attacks on you for 6 sec.,Utility,Utility,600,6,15 Rage,,Cooldown,"BEAR_FORM, TAUNT",https://www.wowhead.com/tbc/spell=5209,
Druid,Feral,Ability,Claw,1082,27000,Rank 1,20,"Claw the enemy, causing 27 additional damage. Awards 1 combo point.",Form,Utility,0,,45 Energy,,Cooldown,"CAT_FORM, DPS, FILLER, PVE_PVP",https://www.wowhead.com/tbc/spell=1082,
Druid,Feral,Ability,Claw,3029,27000,Rank 2,28,"Claw the enemy, causing 39 additional damage. Awards 1 combo point.",Form,Utility,0,,45 Energy,,Cooldown,"CAT_FORM, DPS, FILLER, PVE_PVP",https://www.wowhead.com/tbc/spell=3029,
Druid,Feral,Ability,Claw,5201,27000,Rank 3,38,"Claw the enemy, causing 57 additional damage. Awards 1 combo point.",Form,Utility,0,,45 Energy,,Cooldown,"CAT_FORM, DPS, FILLER, PVE_PVP",https://www.wowhead.com/tbc/spell=5201,
Druid,Feral,Ability,Claw,9849,27000,Rank 4,48,"Claw the enemy, causing 88 additional damage. Awards 1 combo point.",Form,Utility,0,,45 Energy,,Cooldown,"CAT_FORM, DPS, FILLER, PVE_PVP",https://www.wowhead.com/tbc/spell=9849,
Druid,Feral,Ability,Claw,9850,27000,Rank 5,58,"Claw the enemy, causing 115 additional damage. Awards 1 combo point.",Form,Utility,0,,45 Energy,,Cooldown,"CAT_FORM, DPS, FILLER, PVE_PVP",https://www.wowhead.com/tbc/spell=9850,
Druid,Feral,Ability,Claw,27000,27000,Rank 6,67,"Claw the enemy, causing 190 additional damage. Awards 1 combo point.",Form,Utility,0,,45 Energy,,Cooldown,"CAT_FORM, DPS, FILLER, PVE_PVP",https://www.wowhead.com/tbc/spell=27000,
Druid,Feral,Ability,Dash,1850,1850,Rank 1,26,Increases movement speed by 50% for 15 sec. Does not break prowling.,Mobility,Utility,300,15,,,Cooldown + aura,"CAT_FORM, HAS_BUFF, MOVEMENT, MOVEMENT_SPEED",https://www.wowhead.com/tbc/spell=1850,
Druid,Feral,Ability,Dash,9821,1850,Rank 2,46,Increases movement speed by 60% for 15 sec. Does not break prowling.,Mobility,Utility,300,15,,,Cooldown + aura,"CAT_FORM, HAS_BUFF, MOVEMENT, MOVEMENT_SPEED",https://www.wowhead.com/tbc/spell=9821,
Druid,Feral,Ability,Dash,33357,1850,Rank 3,65,Increases movement speed by 70% for 15 sec. Does not break prowling.,Mobility,Utility,300,15,,,Cooldown + aura,"CAT_FORM, HAS_BUFF, MOVEMENT, MOVEMENT_SPEED",https://www.wowhead.com/tbc/spell=33357,
Druid,Feral,Ability,Demoralizing Roar,99,99,Rank 1,10,"The druid roars, decreasing nearby enemies' melee attack power by 
40. Lasts 30 sec.",Utility,Utility,0,30,10 Rage,,Cooldown,"BEAR_FORM, DEBUFF, PVE, UTILITY",https://www.wowhead.com/tbc/spell=99,
Druid,Feral,Ability,Demoralizing Roar,1735,99,Rank 2,20,"The druid roars, decreasing nearby enemies' melee attack power by 
60. Lasts 30 sec.",Utility,Utility,0,30,10 Rage,,Cooldown,"BEAR_FORM, DEBUFF, PVE, UTILITY",https://www.wowhead.com/tbc/spell=1735,
Druid,Feral,Ability,Demoralizing Roar,9490,99,Rank 3,32,"The druid roars, decreasing nearby enemies' melee attack power by 
75. Lasts 30 sec.",Utility,Utility,0,30,10 Rage,,Cooldown,"BEAR_FORM, DEBUFF, PVE, UTILITY",https://www.wowhead.com/tbc/spell=9490,
Druid,Feral,Ability,Demoralizing Roar,9747,99,Rank 4,42,"The druid roars, decreasing nearby enemies' melee attack power by 
110. Lasts 30 sec.",Utility,Utility,0,30,10 Rage,,Cooldown,"BEAR_FORM, DEBUFF, PVE, UTILITY",https://www.wowhead.com/tbc/spell=9747,
Druid,Feral,Ability,Demoralizing Roar,9898,99,Rank 5,52,"The druid roars, decreasing nearby enemies' melee attack power by 
140. Lasts 30 sec.",Utility,Utility,0,30,10 Rage,,Cooldown,"BEAR_FORM, DEBUFF, PVE, UTILITY",https://www.wowhead.com/tbc/spell=9898,
Druid,Feral,Ability,Demoralizing Roar,26998,99,Rank 6,62,"The druid roars, decreasing nearby enemies' melee attack power by 
248. Lasts 30 sec.",Utility,Utility,0,30,10 Rage,,Cooldown,"BEAR_FORM, DEBUFF, PVE, UTILITY",https://www.wowhead.com/tbc/spell=26998,
Druid,Feral,Ability,Dire Bear Form,9634,9634,,40,"Shapeshift into dire bear form, increasing melee attack power by 
210, armor contribution from items by 400%, and Stamina by 25%. Also protects the caster from Polymorph effects and allows the use of various bear abilities.
The act of shapeshifting frees the caster of Polymorph and Movement Impairing effects.",Form,Utility,0,,35% of base mana,,Cooldown,SHAPESHIFT,https://www.wowhead.com/tbc/spell=9634,
Druid,Feral,Ability,Faerie Fire (Feral),17390,27011,Rank 2,30,"Decrease the armor of the target by 285 for 40 sec. While affected, the target cannot stealth or turn invisible.",Offensive,Main,6,40,,,Cooldown + aura,"DEBUFF, MAINTENANCE, PVE_PVP",https://www.wowhead.com/tbc/spell=17390,
Druid,Feral,Ability,Faerie Fire (Feral),17391,27011,Rank 3,42,"Decrease the armor of the target by 395 for 40 sec. While affected, the target cannot stealth or turn invisible.",Offensive,Main,6,40,,,Cooldown + aura,"DEBUFF, MAINTENANCE, PVE_PVP",https://www.wowhead.com/tbc/spell=17391,
Druid,Feral,Ability,Faerie Fire (Feral),17392,27011,Rank 4,54,"Decrease the armor of the target by 505 for 40 sec. While affected, the target cannot stealth or turn invisible.",Offensive,Main,6,40,,,Cooldown + aura,"DEBUFF, MAINTENANCE, PVE_PVP",https://www.wowhead.com/tbc/spell=17392,
Druid,Feral,Ability,Faerie Fire (Feral),27011,27011,Rank 5,66,"Decrease the armor of the target by 610 for 40 sec. While affected, the target cannot stealth or turn invisible.",Offensive,Main,6,40,,,Cooldown + aura,"DEBUFF, MAINTENANCE, PVE_PVP",https://www.wowhead.com/tbc/spell=27011,
Druid,Feral,Ability,Ferocious Bite,22568,22568,Rank 1,32,"Finishing move that causes damage per combo point and converts each extra point of energy into 1 additional damage. Damage is increased by your attack power.
1 point : 50-66 damage
2 points: 86-102 damage
3 points: 122-138 damage
4 points: 158-174 damage
5 points: 194-210 damage",Form,Utility,0,,35 Energy,,Cooldown,"CAT_FORM, DPS, FINISHER, PVE_PVP, ROTATIONAL",https://www.wowhead.com/tbc/spell=22568,
Druid,Feral,Ability,Ferocious Bite,22827,22568,Rank 2,40,"Finishing move that causes damage per combo point and converts each extra point of energy into 1.5 additional damage. Damage is increased by your attack power.
1 point : 79-103 damage
2 points: 138-162 damage
3 points: 197-221 damage
4 points: 256-280 damage
5 points: 315-339 damage",Form,Utility,0,,35 Energy,,Cooldown,"CAT_FORM, DPS, FINISHER, PVE_PVP, ROTATIONAL",https://www.wowhead.com/tbc/spell=22827,
Druid,Feral,Ability,Ferocious Bite,22828,22568,Rank 3,48,"Finishing move that causes damage per combo point and converts each extra point of energy into 2 additional damage. Damage is increased by your attack power.
1 point : 122-162 damage
2 points: 214-254 damage
3 points: 306-346 damage
4 points: 398-438 damage
5 points: 490-530 damage",Form,Utility,0,,35 Energy,,Cooldown,"CAT_FORM, DPS, FINISHER, PVE_PVP, ROTATIONAL",https://www.wowhead.com/tbc/spell=22828,
Druid,Feral,Ability,Ferocious Bite,22829,22568,Rank 4,56,"Finishing move that causes damage per combo point and converts each extra point of energy into 2.5 additional damage. Damage is increased by your attack power.
1 point : 173-223 damage
2 points: 301-351 damage
3 points: 429-479 damage
4 points: 557-607 damage
5 points: 685-735 damage",Form,Utility,0,,35 Energy,,Cooldown,"CAT_FORM, DPS, FINISHER, PVE_PVP, ROTATIONAL",https://www.wowhead.com/tbc/spell=22829,
Druid,Feral,Ability,Ferocious Bite,24248,22568,Rank 5,63,"Finishing move that causes damage per combo point and converts each extra point of energy into 4.0999999 additional damage. Damage is increased by your attack power.
1 point : 259-292 damage
2 points: 428-461 damage
3 points: 597-630 damage
4 points: 766-799 damage
5 points: 935-968 damage",Form,Utility,0,,35 Energy,,Cooldown,"CAT_FORM, DPS, FINISHER, PVE_PVP, ROTATIONAL",https://www.wowhead.com/tbc/spell=24248,
Druid,Feral,Ability,Ferocious Bite,31018,22568,Rank 6,60,"Finishing move that causes damage per combo point and converts each extra point of energy into 2.70000005 additional damage. Damage is increased by your attack power.
1 point : 199-259 damage
2 points: 346-406 damage
3 points: 493-553 damage
4 points: 640-700 damage
5 points: 787-847 damage",Form,Utility,0,,35 Energy,,Cooldown,"CAT_FORM, DPS, FINISHER, PVE_PVP, ROTATIONAL",https://www.wowhead.com/tbc/spell=31018,
Druid,Feral,Ability,Frenzied Regeneration,22842,22842,Rank 1,36,Converts up to 10 rage per second into health for 10 sec. Each point of rage is converted into 10 health.,Defensive,Utility,180,10,,,Cooldown + aura,"BEAR_FORM, DEFENSIVE, HAS_BUFF, HEAL_SINGLE, MAJOR",https://www.wowhead.com/tbc/spell=22842,
Druid,Feral,Ability,Frenzied Regeneration,22895,22842,Rank 2,46,Converts up to 10 rage per second into health for 10 sec. Each point of rage is converted into 15 health.,Defensive,Utility,180,10,,,Cooldown + aura,"BEAR_FORM, DEFENSIVE, HAS_BUFF, HEAL_SINGLE, MAJOR",https://www.wowhead.com/tbc/spell=22895,
Druid,Feral,Ability,Frenzied Regeneration,22896,22842,Rank 3,56,Converts up to 10 rage per second into health for 10 sec. Each point of rage is converted into 20 health.,Defensive,Utility,180,10,,,Cooldown + aura,"BEAR_FORM, DEFENSIVE, HAS_BUFF, HEAL_SINGLE, MAJOR",https://www.wowhead.com/tbc/spell=22896,
Druid,Feral,Ability,Frenzied Regeneration,26999,22842,Rank 4,65,Converts up to 10 rage per second into health for 10 sec. Each point of rage is converted into 25 health.,Defensive,Utility,180,10,,,Cooldown + aura,"BEAR_FORM, DEFENSIVE, HAS_BUFF, HEAL_SINGLE, MAJOR",https://www.wowhead.com/tbc/spell=26999,
Druid,Feral,Ability,Growl,6795,6795,,10,"Taunts the target to attack you, but has no effect if the target is already attacking you.",Utility,Utility,10,3,,,Cooldown,"BEAR_FORM, TAUNT",https://www.wowhead.com/tbc/spell=6795,
Druid,Feral,Ability,Lacerate,33745,33745,,66,"Lacerates the enemy target, dealing 31 bleed damage and making them bleed for 155 damage over 15 sec and causing a high amount of threat. Damage increased by attack power. This effect stacks up to 5 times on the same target.",Form,Utility,0,15,15 Rage,,Cooldown,"BEAR_FORM, DEBUFF, PVE, ROTATIONAL, TANK",https://www.wowhead.com/tbc/spell=33745,
Druid,Feral,Ability,Maul,6807,6807,Rank 1,10,Increases the druid's next attack by 18 damage.,Form,Utility,0,,15 Rage,,Cooldown,"BEAR_FORM, MINOR, PVE, ROTATIONAL, SWING_RESET, TANK",https://www.wowhead.com/tbc/spell=6807,
Druid,Feral,Ability,Maul,6808,6807,Rank 2,18,Increases the druid's next attack by 27 damage.,Form,Utility,0,,15 Rage,,Cooldown,"BEAR_FORM, MINOR, PVE, ROTATIONAL, SWING_RESET, TANK",https://www.wowhead.com/tbc/spell=6808,
Druid,Feral,Ability,Maul,6809,6807,Rank 3,26,Increases the druid's next attack by 37 damage.,Form,Utility,0,,15 Rage,,Cooldown,"BEAR_FORM, MINOR, PVE, ROTATIONAL, SWING_RESET, TANK",https://www.wowhead.com/tbc/spell=6809,
Druid,Feral,Ability,Maul,7092,6807,Rank 4,12,Increases the next attack by 20 damage.,Form,Utility,0,,,,Cooldown,"BEAR_FORM, MINOR, PVE, ROTATIONAL, SWING_RESET, TANK",https://www.wowhead.com/tbc/spell=7092,
Druid,Feral,Ability,Maul,8972,6807,Rank 5,34,Increases the druid's next attack by 49 damage.,Form,Utility,0,,15 Rage,,Cooldown,"BEAR_FORM, MINOR, PVE, ROTATIONAL, SWING_RESET, TANK",https://www.wowhead.com/tbc/spell=8972,
Druid,Feral,Ability,Maul,9745,6807,Rank 6,42,Increases the druid's next attack by 71 damage.,Form,Utility,0,,15 Rage,,Cooldown,"BEAR_FORM, MINOR, PVE, ROTATIONAL, SWING_RESET, TANK",https://www.wowhead.com/tbc/spell=9745,
Druid,Feral,Ability,Maul,9880,6807,Rank 7,50,Increases the druid's next attack by 101 damage.,Form,Utility,0,,15 Rage,,Cooldown,"BEAR_FORM, MINOR, PVE, ROTATIONAL, SWING_RESET, TANK",https://www.wowhead.com/tbc/spell=9880,
Druid,Feral,Ability,Maul,9881,6807,Rank 8,58,Increases the druid's next attack by 128 damage.,Form,Utility,0,,15 Rage,,Cooldown,"BEAR_FORM, MINOR, PVE, ROTATIONAL, SWING_RESET, TANK",https://www.wowhead.com/tbc/spell=9881,
Druid,Feral,Ability,Maul,26996,6807,Rank 9,67,Increases the druid's next attack by 176 damage.,Form,Utility,0,,15 Rage,,Cooldown,"BEAR_FORM, MINOR, PVE, ROTATIONAL, SWING_RESET, TANK",https://www.wowhead.com/tbc/spell=26996,
Druid,Feral,Ability,Pounce,9005,9005,Rank 1,36,"Pounce, stunning the target for 3 sec and causing 270 damage over 18 sec. Must be prowling. Awards 1 combo point.",Crowd Control,Utility,0,3,50 Energy,"9007, 9824, 9826, 27007",Cooldown + aura,"CAT_FORM, CC_HARD",https://www.wowhead.com/tbc/spell=9005,
Druid,Feral,Ability,Pounce,9823,9005,Rank 2,46,"Pounce, stunning the target for 3 sec and causing 330 damage over 18 sec. Must be prowling. Awards 1 combo point.",Crowd Control,Utility,0,3,50 Energy,"9007, 9824, 9826, 27007",Cooldown + aura,"CAT_FORM, CC_HARD",https://www.wowhead.com/tbc/spell=9823,
Druid,Feral,Ability,Pounce,9827,9005,Rank 3,56,"Pounce, stunning the target for 3 sec and causing 450 damage over 18 sec. Must be prowling. Awards 1 combo point.",Crowd Control,Utility,0,3,50 Energy,"9007, 9824, 9826, 27007",Cooldown + aura,"CAT_FORM, CC_HARD",https://www.wowhead.com/tbc/spell=9827,
Druid,Feral,Ability,Pounce,27006,9005,Rank 4,66,"Pounce, stunning the target for 3 sec and causing 600 damage over 18 sec. Must be prowling. Awards 1 combo point.",Crowd Control,Utility,0,3,50 Energy,"9007, 9824, 9826, 27007",Cooldown + aura,"CAT_FORM, CC_HARD",https://www.wowhead.com/tbc/spell=27006,
Druid,Feral,Ability,Prowl,5215,5215,Rank 1,20,"Allows the Druid to prowl around, but reduces your movement speed by 40%. Lasts until cancelled.",Form,Utility,10,,,,Cooldown,"CAT_FORM, STEALTH",https://www.wowhead.com/tbc/spell=5215,
Druid,Feral,Ability,Prowl,6783,5215,Rank 2,40,"Allows the Druid to prowl around, but reduces your movement speed by 35%. Lasts until cancelled.",Form,Utility,10,,,,Cooldown,"CAT_FORM, STEALTH",https://www.wowhead.com/tbc/spell=6783,
Druid,Feral,Ability,Prowl,9913,5215,Rank 3,60,"Allows the Druid to prowl around, but reduces your movement speed by 30%. Lasts until cancelled.",Form,Utility,10,,,,Cooldown,"CAT_FORM, STEALTH",https://www.wowhead.com/tbc/spell=9913,
Druid,Feral,Ability,Rake,1822,27003,Rank 1,24,Rake the target for (Attack Power / 100 + 17) bleed damage and an additional (10 * 3 + Attack Power * 0.06) damage over 9 sec. Awards 1 combo point.,Form,Utility,0,9,40 Energy,,Cooldown,"CAT_FORM, DEBUFF, DPS, PVE_PVP, ROTATIONAL",https://www.wowhead.com/tbc/spell=1822,
Druid,Feral,Ability,Rake,1823,27003,Rank 2,34,Rake the target for (Attack Power / 100 + 26) bleed damage and an additional (15 * 3 + Attack Power * 0.06) damage over 9 sec. Awards 1 combo point.,Form,Utility,0,9,40 Energy,,Cooldown,"CAT_FORM, DEBUFF, DPS, PVE_PVP, ROTATIONAL",https://www.wowhead.com/tbc/spell=1823,
Druid,Feral,Ability,Rake,1824,27003,Rank 3,44,Rake the target for (Attack Power / 100 + 40) bleed damage and an additional (20 * 3 + Attack Power * 0.06) damage over 9 sec. Awards 1 combo point.,Form,Utility,0,9,40 Energy,,Cooldown,"CAT_FORM, DEBUFF, DPS, PVE_PVP, ROTATIONAL",https://www.wowhead.com/tbc/spell=1824,
Druid,Feral,Ability,Rake,9904,27003,Rank 4,54,Rake the target for (Attack Power / 100 + 55) bleed damage and an additional (25 * 3 + Attack Power * 0.06) damage over 9 sec. Awards 1 combo point.,Form,Utility,0,9,40 Energy,,Cooldown,"CAT_FORM, DEBUFF, DPS, PVE_PVP, ROTATIONAL",https://www.wowhead.com/tbc/spell=9904,
Druid,Feral,Ability,Rake,27003,27003,Rank 5,64,Rake the target for (Attack Power / 100 + 78) bleed damage and an additional (36 * 3 + Attack Power * 0.06) damage over 9 sec. Awards 1 combo point.,Form,Utility,0,9,40 Energy,,Cooldown,"CAT_FORM, DEBUFF, DPS, PVE_PVP, ROTATIONAL",https://www.wowhead.com/tbc/spell=27003,
Druid,Feral,Ability,Rip,1079,1079,Rank 1,20,"Finishing move that causes damage over time. Damage increases per combo point and by your attack power:
1 point : 42 damage over 12 sec.
2 points: 66 damage over 12 sec.
3 points: 90 damage over 12 sec.
4 points: 114 damage over 12 sec.
5 points: 138 damage over 12 sec.",Form,Utility,0,12,30 Energy,,Cooldown,"CAT_FORM, DEBUFF, DPS, FINISHER, PVE, ROTATIONAL",https://www.wowhead.com/tbc/spell=1079,
Druid,Feral,Ability,Rip,9492,1079,Rank 2,28,"Finishing move that causes damage over time. Damage increases per combo point and by your attack power:
1 point : 66 damage over 12 sec.
2 points: 108 damage over 12 sec.
3 points: 150 damage over 12 sec.
4 points: 192 damage over 12 sec.
5 points: 234 damage over 12 sec.",Form,Utility,0,12,30 Energy,,Cooldown,"CAT_FORM, DEBUFF, DPS, FINISHER, PVE, ROTATIONAL",https://www.wowhead.com/tbc/spell=9492,
Druid,Feral,Ability,Rip,9493,1079,Rank 3,36,"Finishing move that causes damage over time. Damage increases per combo point and by your attack power:
1 point : 90 damage over 12 sec.
2 points: 144 damage over 12 sec.
3 points: 198 damage over 12 sec.
4 points: 252 damage over 12 sec.
5 points: 306 damage over 12 sec.",Form,Utility,0,12,30 Energy,,Cooldown,"CAT_FORM, DEBUFF, DPS, FINISHER, PVE, ROTATIONAL",https://www.wowhead.com/tbc/spell=9493,
Druid,Feral,Ability,Rip,9752,1079,Rank 4,44,"Finishing move that causes damage over time. Damage increases per combo point and by your attack power:
1 point : 138 damage over 12 sec.
2 points: 222 damage over 12 sec.
3 points: 306 damage over 12 sec.
4 points: 390 damage over 12 sec.
5 points: 474 damage over 12 sec.",Form,Utility,0,12,30 Energy,,Cooldown,"CAT_FORM, DEBUFF, DPS, FINISHER, PVE, ROTATIONAL",https://www.wowhead.com/tbc/spell=9752,
Druid,Feral,Ability,Rip,9894,1079,Rank 5,52,"Finishing move that causes damage over time. Damage increases per combo point and by your attack power:
1 point : 192 damage over 12 sec.
2 points: 312 damage over 12 sec.
3 points: 432 damage over 12 sec.
4 points: 552 damage over 12 sec.
5 points: 672 damage over 12 sec.",Form,Utility,0,12,30 Energy,,Cooldown,"CAT_FORM, DEBUFF, DPS, FINISHER, PVE, ROTATIONAL",https://www.wowhead.com/tbc/spell=9894,
Druid,Feral,Ability,Rip,9896,1079,Rank 6,60,"Finishing move that causes damage over time. Damage increases per combo point and by your attack power:
1 point : 270 damage over 12 sec.
2 points: 438 damage over 12 sec.
3 points: 606 damage over 12 sec.
4 points: 774 damage over 12 sec.
5 points: 942 damage over 12 sec.",Form,Utility,0,12,30 Energy,,Cooldown,"CAT_FORM, DEBUFF, DPS, FINISHER, PVE, ROTATIONAL",https://www.wowhead.com/tbc/spell=9896,
Druid,Feral,Ability,Rip,27008,1079,Rank 7,67,"Finishing move that causes damage over time. Damage increases per combo point and by your attack power:
1 point : 300 damage over 12 sec.
2 points: 498 damage over 12 sec.
3 points: 696 damage over 12 sec.
4 points: 894 damage over 12 sec.
5 points: 1092 damage over 12 sec.",Form,Utility,0,12,30 Energy,,Cooldown,"CAT_FORM, DEBUFF, DPS, FINISHER, PVE, ROTATIONAL",https://www.wowhead.com/tbc/spell=27008,
Druid,Feral,Ability,Shred,5221,27002,Rank 1,22,"Shred the target, causing 225% damage plus 54 to the target. Must be behind the target. Awards 1 combo point.",Form,Utility,0,,60 Energy,,Cooldown,"CAT_FORM, DPS, PVE, ROTATIONAL",https://www.wowhead.com/tbc/spell=5221,
Druid,Feral,Ability,Shred,6800,27002,Rank 2,30,"Shred the target, causing 225% damage plus 72 to the target. Must be behind the target. Awards 1 combo point.",Form,Utility,0,,60 Energy,,Cooldown,"CAT_FORM, DPS, PVE, ROTATIONAL",https://www.wowhead.com/tbc/spell=6800,
Druid,Feral,Ability,Shred,8992,27002,Rank 3,38,"Shred the target, causing 225% damage plus 99 to the target. Must be behind the target. Awards 1 combo point.",Form,Utility,0,,60 Energy,,Cooldown,"CAT_FORM, DPS, PVE, ROTATIONAL",https://www.wowhead.com/tbc/spell=8992,
Druid,Feral,Ability,Shred,9829,27002,Rank 4,46,"Shred the target, causing 225% damage plus 144 to the target. Must be behind the target. Awards 1 combo point.",Form,Utility,0,,60 Energy,,Cooldown,"CAT_FORM, DPS, PVE, ROTATIONAL",https://www.wowhead.com/tbc/spell=9829,
Druid,Feral,Ability,Shred,9830,27002,Rank 5,54,"Shred the target, causing 225% damage plus 180 to the target. Must be behind the target. Awards 1 combo point.",Form,Utility,0,,60 Energy,,Cooldown,"CAT_FORM, DPS, PVE, ROTATIONAL",https://www.wowhead.com/tbc/spell=9830,
Druid,Feral,Ability,Shred,27001,27002,Rank 6,61,"Shred the target, causing 225% damage plus 236 to the target. Must be behind the target. Awards 1 combo point.",Form,Utility,0,,60 Energy,,Cooldown,"CAT_FORM, DPS, PVE, ROTATIONAL",https://www.wowhead.com/tbc/spell=27001,
Druid,Feral,Ability,Shred,27002,27002,Rank 7,70,"Shred the target, causing 225% damage plus 405 to the target. Must be behind the target. Awards 1 combo point.",Form,Utility,0,,60 Energy,,Cooldown,"CAT_FORM, DPS, PVE, ROTATIONAL",https://www.wowhead.com/tbc/spell=27002,
Druid,Feral,Ability,Shred,27555,27002,Rank 8,20,"Shred the target, causing 225% damage plus 405 to the target. Must be behind the target. Awards 1 combo point.",Form,Utility,0,,,,Cooldown,"CAT_FORM, DPS, PVE, ROTATIONAL",https://www.wowhead.com/tbc/spell=27555,
Druid,Feral,Ability,Swipe,769,779,Rank 1,34,"Swipe 3 nearby enemies, inflicting 21 damage. Damage increased by attack power.",Form,Utility,0,,20 Rage,,Cooldown,"AOE, BEAR_FORM, PVE_PVP, ROTATIONAL, TANK",https://www.wowhead.com/tbc/spell=769,
Druid,Feral,Ability,Swipe,779,779,Rank 2,16,"Swipe 3 nearby enemies, inflicting 10 damage. Damage increased by attack power.",Form,Utility,0,,20 Rage,,Cooldown,"AOE, BEAR_FORM, PVE_PVP, ROTATIONAL, TANK",https://www.wowhead.com/tbc/spell=779,
Druid,Feral,Ability,Swipe,780,779,Rank 3,24,"Swipe 3 nearby enemies, inflicting 14 damage. Damage increased by attack power.",Form,Utility,0,,20 Rage,,Cooldown,"AOE, BEAR_FORM, PVE_PVP, ROTATIONAL, TANK",https://www.wowhead.com/tbc/spell=780,
Druid,Feral,Ability,Swipe,9754,779,Rank 4,44,"Swipe 3 nearby enemies, inflicting 41 damage. Damage increased by attack power.",Form,Utility,0,,20 Rage,,Cooldown,"AOE, BEAR_FORM, PVE_PVP, ROTATIONAL, TANK",https://www.wowhead.com/tbc/spell=9754,
Druid,Feral,Ability,Swipe,9908,779,Rank 5,54,"Swipe 3 nearby enemies, inflicting 60 damage. Damage increased by attack power.",Form,Utility,0,,20 Rage,,Cooldown,"AOE, BEAR_FORM, PVE_PVP, ROTATIONAL, TANK",https://www.wowhead.com/tbc/spell=9908,
Druid,Feral,Ability,Swipe,26997,779,Rank 6,64,"Swipe 3 nearby enemies, inflicting 84 damage. Damage increased by attack power.",Form,Utility,0,,20 Rage,,Cooldown,"AOE, BEAR_FORM, PVE_PVP, ROTATIONAL, TANK",https://www.wowhead.com/tbc/spell=26997,
Druid,Feral,Talent Ability,Mangle (Bear),33878,33987,Rank 1,50,Mangle the target for 115% normal damage plus 86 and causes the target to take 30% additional damage from Shred and bleed effects for 12 sec.,Form,Utility,6,12,20 Rage,,Cooldown,"BEAR_FORM, DEBUFF, PVE_PVP, ROTATIONAL, TANK",https://www.wowhead.com/tbc/spell=33878,Talent-required
Druid,Feral,Talent Ability,Mangle (Bear),33986,33987,Rank 2,58,Mangle the target for 115% normal damage plus 121 and causes the target to take 30% additional damage from Shred and bleed effects for 12 sec.,Form,Utility,6,12,20 Rage,,Cooldown,"BEAR_FORM, DEBUFF, PVE_PVP, ROTATIONAL, TANK",https://www.wowhead.com/tbc/spell=33986,Talent-required
Druid,Feral,Talent Ability,Mangle (Bear),33987,33987,Rank 3,68,Mangle the target for 115% normal damage plus 155 and causes the target to take 30% additional damage from Shred and bleed effects for 12 sec.,Form,Utility,6,12,20 Rage,,Cooldown,"BEAR_FORM, DEBUFF, PVE_PVP, ROTATIONAL, TANK",https://www.wowhead.com/tbc/spell=33987,Talent-required
Druid,Feral,Talent Ability,Mangle (Cat),33876,33983,Rank 1,50,Mangle the target for 160% normal damage plus 158 and causes the target to take 30% additional damage from Shred and bleed effects for 12 sec. Awards 1 combo point.,Form,Utility,0,12,45 Energy,,Cooldown,"CAT_FORM, DEBUFF, DPS, PVE_PVP, ROTATIONAL",https://www.wowhead.com/tbc/spell=33876,Talent-required
Druid,Feral,Talent Ability,Mangle (Cat),33982,33983,Rank 2,58,Mangle the target for 160% normal damage plus 205 and causes the target to take 30% additional damage from Shred and bleed effects for 12 sec. Awards 1 combo point.,Form,Utility,0,12,45 Energy,,Cooldown,"CAT_FORM, DEBUFF, DPS, PVE_PVP, ROTATIONAL",https://www.wowhead.com/tbc/spell=33982,Talent-required
Druid,Feral,Talent Ability,Mangle (Cat),33983,33983,Rank 3,68,Mangle the target for 160% normal damage plus 264 and causes the target to take 30% additional damage from Shred and bleed effects for 12 sec. Awards 1 combo point.,Form,Utility,0,12,45 Energy,,Cooldown,"CAT_FORM, DEBUFF, DPS, PVE_PVP, ROTATIONAL",https://www.wowhead.com/tbc/spell=33983,Talent-required
Druid,Feral Combat,Talent,Brutal Impact,16940,16940,Rank 1/2,,Increases the stun duration of your Bash and Pounce abilities by 0.5 sec.,Talent Passive,Data only,,,,,Data only,TALENT,https://www.wowhead.com/tbc/spell=16940,Talent: Brutal Impact; tree row 2
Druid,Feral Combat,Talent,Brutal Impact,16941,16940,Rank 2/2,,Increases the stun duration of your Bash and Pounce abilities by 1 sec.,Talent Passive,Data only,,,,,Data only,TALENT,https://www.wowhead.com/tbc/spell=16941,Talent: Brutal Impact; tree row 2
Druid,Feral Combat,Talent Ability,Faerie Fire (Feral),16857,16857,Rank 1/1,,"Decrease the armor of the target by 175 for 40 sec. While affected, the target cannot stealth or turn invisible.",Offensive,Main,6,40,,,Cooldown + aura,"DEBUFF, MAINTENANCE, PVE_PVP",https://www.wowhead.com/tbc/spell=16857,Talent: Faerie Fire (Feral)
Druid,Feral Combat,Talent,Feral Aggression,16858,16858,Rank 1/5,,Increases the attack power reduction of your Demoralizing Roar by 8% and the damage caused by your Ferocious Bite by 3%.,Talent Passive,Data only,,,,,Data only,TALENT,https://www.wowhead.com/tbc/spell=16858,Talent: Feral Aggression; tree row 1
Druid,Feral Combat,Talent,Feral Aggression,16859,16858,Rank 2/5,,Increases the attack power reduction of your Demoralizing Roar by 16% and the damage caused by your Ferocious Bite by 6%.,Talent Passive,Data only,,,,,Data only,TALENT,https://www.wowhead.com/tbc/spell=16859,Talent: Feral Aggression; tree row 1
Druid,Feral Combat,Talent,Feral Aggression,16860,16858,Rank 3/5,,Increases the attack power reduction of your Demoralizing Roar by 24% and the damage caused by your Ferocious Bite by 9%.,Talent Passive,Data only,,,,,Data only,TALENT,https://www.wowhead.com/tbc/spell=16860,Talent: Feral Aggression; tree row 1
Druid,Feral Combat,Talent,Feral Aggression,16861,16858,Rank 4/5,,Increases the attack power reduction of your Demoralizing Roar by 32% and the damage caused by your Ferocious Bite by 12%.,Talent Passive,Data only,,,,,Data only,TALENT,https://www.wowhead.com/tbc/spell=16861,Talent: Feral Aggression; tree row 1
Druid,Feral Combat,Talent,Feral Aggression,16862,16858,Rank 5/5,,Increases the attack power reduction of your Demoralizing Roar by 40% and the damage caused by your Ferocious Bite by 15%.,Talent Passive,Data only,,,,,Data only,TALENT,https://www.wowhead.com/tbc/spell=16862,Talent: Feral Aggression; tree row 1
Druid,Feral Combat,Talent Ability,Feral Charge,16979,16979,Rank 1/1,,"Causes you to charge an enemy, immobilizing and interrupting any spell being cast for 4 sec.",Interrupt,Utility,15,4,5 Rage,45334,Cooldown + aura,"BEAR_FORM, INTERRUPT, MOVEMENT, MOVEMENT_GAP_CLOSE",https://www.wowhead.com/tbc/spell=16979,Talent-required | Talent: Feral Charge
Druid,Feral Combat,Talent,Feral Instinct,16947,16947,Rank 1/3,,Increases threat caused in Bear and Dire Bear Form by 5% and reduces the chance enemies have to detect you while Prowling.,Talent Passive,Data only,,,,,Data only,TALENT,https://www.wowhead.com/tbc/spell=16947,Talent: Feral Instinct; tree row 2
Druid,Feral Combat,Talent,Feral Instinct,16948,16947,Rank 2/3,,Increases threat caused in Bear and Dire Bear Form by 10% and reduces the chance enemies have to detect you while Prowling.,Talent Passive,Data only,,,,,Data only,TALENT,https://www.wowhead.com/tbc/spell=16948,Talent: Feral Instinct; tree row 2
Druid,Feral Combat,Talent,Feral Instinct,16949,16947,Rank 3/3,,Increases threat caused in Bear and Dire Bear Form by 15% and reduces the chance enemies have to detect you while Prowling.,Talent Passive,Data only,,,,,Data only,TALENT,https://www.wowhead.com/tbc/spell=16949,Talent: Feral Instinct; tree row 2
Druid,Feral Combat,Talent,Feral Swiftness,17002,17002,Rank 1/2,,"Increases your movement speed by 15% while outdoors in Cat Form and increases your chance to dodge while in Cat Form, Bear Form and Dire Bear Form by 2%.",Talent Passive,Data only,,,,,Data only,TALENT,https://www.wowhead.com/tbc/spell=17002,Talent: Feral Swiftness; tree row 3
Druid,Feral Combat,Talent,Feral Swiftness,24866,17002,Rank 2/2,,"Increases your movement speed by 30% while outdoors in Cat Form and increases your chance to dodge while in Cat Form, Bear Form and Dire Bear Form by 4%.",Talent Passive,Data only,,,,,Data only,TALENT,https://www.wowhead.com/tbc/spell=24866,Talent: Feral Swiftness; tree row 3
Druid,Feral Combat,Talent,Ferocity,16934,16934,Rank 1/5,,"Reduces the cost of your Maul, Swipe, Claw, Rake and Mangle abilities by 1 Rage or Energy.",Talent Passive,Data only,,,,,Data only,TALENT,https://www.wowhead.com/tbc/spell=16934,Talent: Ferocity; tree row 1
Druid,Feral Combat,Talent,Ferocity,16935,16934,Rank 2/5,,"Reduces the cost of your Maul, Swipe, Claw, Rake and Mangle abilities by 2 Rage or Energy.",Talent Passive,Data only,,,,,Data only,TALENT,https://www.wowhead.com/tbc/spell=16935,Talent: Ferocity; tree row 1
Druid,Feral Combat,Talent,Ferocity,16936,16934,Rank 3/5,,"Reduces the cost of your Maul, Swipe, Claw, Rake and Mangle abilities by 3 Rage or Energy.",Talent Passive,Data only,,,,,Data only,TALENT,https://www.wowhead.com/tbc/spell=16936,Talent: Ferocity; tree row 1
Druid,Feral Combat,Talent,Ferocity,16937,16934,Rank 4/5,,"Reduces the cost of your Maul, Swipe, Claw, Rake and Mangle abilities by 4 Rage or Energy.",Talent Passive,Data only,,,,,Data only,TALENT,https://www.wowhead.com/tbc/spell=16937,Talent: Ferocity; tree row 1
Druid,Feral Combat,Talent,Ferocity,16938,16934,Rank 5/5,,"Reduces the cost of your Maul, Swipe, Claw, Rake and Mangle abilities by 5 Rage or Energy.",Talent Passive,Data only,,,,,Data only,TALENT,https://www.wowhead.com/tbc/spell=16938,Talent: Ferocity; tree row 1
Druid,Feral Combat,Talent,Heart of the Wild,17003,17003,Rank 1/5,,"Increases your Intellect by 4%. In addition, while in Bear or Dire Bear Form your Stamina is increased by 4% and while in Cat Form your attack power is increased by 2%.",Talent Passive,Data only,,,,,Data only,TALENT,https://www.wowhead.com/tbc/spell=17003,Talent: Heart of the Wild; tree row 6
Druid,Feral Combat,Talent,Heart of the Wild,17004,17003,Rank 2/5,,"Increases your Intellect by 8%. In addition, while in Bear or Dire Bear Form your Stamina is increased by 8% and while in Cat Form your attack power is increased by 4%.",Talent Passive,Data only,,,,,Data only,TALENT,https://www.wowhead.com/tbc/spell=17004,Talent: Heart of the Wild; tree row 6
Druid,Feral Combat,Talent,Heart of the Wild,17005,17003,Rank 3/5,,"Increases your Intellect by 12%. In addition, while in Bear or Dire Bear Form your Stamina is increased by 12% and while in Cat Form your attack power is increased by 6%.",Talent Passive,Data only,,,,,Data only,TALENT,https://www.wowhead.com/tbc/spell=17005,Talent: Heart of the Wild; tree row 6
Druid,Feral Combat,Talent,Heart of the Wild,17006,17003,Rank 4/5,,"Increases your Intellect by 16%. In addition, while in Bear or Dire Bear Form your Stamina is increased by 16% and while in Cat Form your attack power is increased by 8%.",Talent Passive,Data only,,,,,Data only,TALENT,https://www.wowhead.com/tbc/spell=17006,Talent: Heart of the Wild; tree row 6
Druid,Feral Combat,Talent,Heart of the Wild,24894,17003,Rank 5/5,,"Increases your Intellect by 20%. In addition, while in Bear or Dire Bear Form your Stamina is increased by 20% and while in Cat Form your attack power is increased by 10%.",Talent Passive,Data only,,,,,Data only,TALENT,https://www.wowhead.com/tbc/spell=24894,Talent: Heart of the Wild; tree row 6
Druid,Feral Combat,Talent,Improved Leader of the Pack,34297,34297,Rank 1/2,,Your Leader of the Pack ability also causes affected targets to have a 100% chance to heal themselves for 2% of their total health when they critically hit with a melee or ranged attack. The healing effect cannot occur more than once every 6 sec.,Talent Passive,Data only,,,,,Data only,TALENT,https://www.wowhead.com/tbc/spell=34297,Talent: Improved Leader of the Pack; tree row 7
Druid,Feral Combat,Talent,Improved Leader of the Pack,34300,34297,Rank 2/2,,Your Leader of the Pack ability also causes affected targets to have a 100% chance to heal themselves for 4% of their total health when they critically hit with a melee or ranged attack. The healing effect cannot occur more than once every 6 sec.,Talent Passive,Data only,,,,,Data only,TALENT,https://www.wowhead.com/tbc/spell=34300,Talent: Improved Leader of the Pack; tree row 7
Druid,Feral Combat,Talent,Leader of the Pack,17007,17007,Rank 1/1,,"While in Cat, Bear or Dire Bear Form, the Leader of the Pack increases ranged and melee critical chance of all party members within 45 yards by 5%.",Talent Passive,Data only,,,,,Data only,TALENT,https://www.wowhead.com/tbc/spell=17007,Talent: Leader of the Pack; tree row 7
Druid,Feral Combat,Talent,Mangle,33917,33917,Rank 1/1,,"Mangle the target, inflicting damage and causing the target to take additional damage from bleed effects for 12 sec. This ability can be used in Cat Form or Dire Bear Form.",Talent Passive,Data only,,12,,,Data only,TALENT,https://www.wowhead.com/tbc/spell=33917,Talent: Mangle; tree row 9
Druid,Feral Combat,Talent,Nurturing Instinct,33872,33872,Rank 1/2,,"Increases your healing spells by up to 50% of your Agility, and increases healing done to you by 10% while in Cat form.",Talent Passive,Data only,,,,,Data only,TALENT,https://www.wowhead.com/tbc/spell=33872,Talent: Nurturing Instinct; tree row 5
Druid,Feral Combat,Talent,Nurturing Instinct,33873,33872,Rank 2/2,,"Increases your healing spells by up to 100% of your Agility, and increases healing done to you by 20% while in Cat form.",Talent Passive,Data only,,,,,Data only,TALENT,https://www.wowhead.com/tbc/spell=33873,Talent: Nurturing Instinct; tree row 5
Druid,Feral Combat,Talent,Predatory Instincts,33859,33859,Rank 1/5,,"While in Cat Form, Bear Form, or Dire Bear Form, increases your damage from melee critical strikes by 2% and your chance to avoid area effect attacks by 3%.",Talent Passive,Data only,,,,,Data only,TALENT,https://www.wowhead.com/tbc/spell=33859,Talent: Predatory Instincts; tree row 8
Druid,Feral Combat,Talent,Predatory Instincts,33866,33859,Rank 2/5,,"While in Cat Form, Bear Form, or Dire Bear Form, increases your damage from melee critical strikes by 4% and your chance to avoid area effect attacks by 6%.",Talent Passive,Data only,,,,,Data only,TALENT,https://www.wowhead.com/tbc/spell=33866,Talent: Predatory Instincts; tree row 8
Druid,Feral Combat,Talent,Predatory Instincts,33867,33859,Rank 3/5,,"While in Cat Form, Bear Form, or Dire Bear Form, increases your damage from melee critical strikes by 6% and your chance to avoid area effect attacks by 9%.",Talent Passive,Data only,,,,,Data only,TALENT,https://www.wowhead.com/tbc/spell=33867,Talent: Predatory Instincts; tree row 8
Druid,Feral Combat,Talent,Predatory Instincts,33868,33859,Rank 4/5,,"While in Cat Form, Bear Form, or Dire Bear Form, increases your damage from melee critical strikes by 8% and your chance to avoid area effect attacks by 12%.",Talent Passive,Data only,,,,,Data only,TALENT,https://www.wowhead.com/tbc/spell=33868,Talent: Predatory Instincts; tree row 8
Druid,Feral Combat,Talent,Predatory Instincts,33869,33859,Rank 5/5,,"While in Cat Form, Bear Form, or Dire Bear Form, increases your damage from melee critical strikes by 10% and your chance to avoid area effect attacks by 15%.",Talent Passive,Data only,,,,,Data only,TALENT,https://www.wowhead.com/tbc/spell=33869,Talent: Predatory Instincts; tree row 8
Druid,Feral Combat,Talent,Predatory Strikes,16972,16972,Rank 1/3,,"Increases your melee attack power in Cat, Bear, Dire Bear and Moonkin Forms by 50% of your level.",Talent Passive,Data only,,,,,Data only,TALENT,https://www.wowhead.com/tbc/spell=16972,Talent: Predatory Strikes; tree row 4
Druid,Feral Combat,Talent,Predatory Strikes,16974,16972,Rank 2/3,,"Increases your melee attack power in Cat, Bear, Dire Bear and Moonkin Forms by 100% of your level.",Talent Passive,Data only,,,,,Data only,TALENT,https://www.wowhead.com/tbc/spell=16974,Talent: Predatory Strikes; tree row 4
Druid,Feral Combat,Talent,Predatory Strikes,16975,16972,Rank 3/3,,"Increases your melee attack power in Cat, Bear, Dire Bear and Moonkin Forms by 150% of your level.",Talent Passive,Data only,,,,,Data only,TALENT,https://www.wowhead.com/tbc/spell=16975,Talent: Predatory Strikes; tree row 4
Druid,Feral Combat,Talent,Primal Fury,37116,37116,Rank 1/2,,Gives you a 50% chance to gain an additional 5 Rage anytime you get a critical strike while in Bear and Dire Bear Form and your critical strikes from Cat Form abilities that add combo points have a 50% chance to add an additional combo point.,Talent Passive,Data only,,,,,Data only,TALENT,https://www.wowhead.com/tbc/spell=37116,Talent: Primal Fury; tree row 4
Druid,Feral Combat,Talent,Primal Fury,37117,37116,Rank 2/2,,Gives you a 100% chance to gain an additional 5 Rage anytime you get a critical strike while in Bear and Dire Bear Form and your critical strikes from Cat Form abilities that add combo points have a 100% chance to add an additional combo point.,Talent Passive,Data only,,,,,Data only,TALENT,https://www.wowhead.com/tbc/spell=37117,Talent: Primal Fury; tree row 4
Druid,Feral Combat,Talent,Primal Tenacity,33851,33851,Rank 1/3,,Increases your chance to resist Stun and Fear mechanics by 5%.,Talent Passive,Data only,,,,,Data only,TALENT,https://www.wowhead.com/tbc/spell=33851,Talent: Primal Tenacity; tree row 7
Druid,Feral Combat,Talent,Primal Tenacity,33852,33851,Rank 2/3,,Increases your chance to resist Stun and Fear mechanics by 10%.,Talent Passive,Data only,,,,,Data only,TALENT,https://www.wowhead.com/tbc/spell=33852,Talent: Primal Tenacity; tree row 7
Druid,Feral Combat,Talent,Primal Tenacity,33957,33851,Rank 3/3,,Increases your chance to resist Stun and Fear mechanics by 15%.,Talent Passive,Data only,,,,,Data only,TALENT,https://www.wowhead.com/tbc/spell=33957,Talent: Primal Tenacity; tree row 7
Druid,Feral Combat,Talent,Savage Fury,16998,16998,Rank 1/2,,"Increases the damage caused by your Claw, Rake, and Mangle (Cat) abilities by 10%.",Talent Passive,Data only,,,,,Data only,TALENT,https://www.wowhead.com/tbc/spell=16998,Talent: Savage Fury; tree row 5
Druid,Feral Combat,Talent,Savage Fury,16999,16998,Rank 2/2,,"Increases the damage caused by your Claw, Rake, and Mangle (Cat) abilities by 20%.",Talent Passive,Data only,,,,,Data only,TALENT,https://www.wowhead.com/tbc/spell=16999,Talent: Savage Fury; tree row 5
Druid,Feral Combat,Talent,Sharpened Claws,16942,16942,Rank 1/3,,"Increases your critical strike chance while in Bear, Dire Bear or Cat Form by 2%.",Talent Passive,Data only,,,,,Data only,TALENT,https://www.wowhead.com/tbc/spell=16942,Talent: Sharpened Claws; tree row 3
Druid,Feral Combat,Talent,Sharpened Claws,16943,16942,Rank 2/3,,"Increases your critical strike chance while in Bear, Dire Bear or Cat Form by 4%.",Talent Passive,Data only,,,,,Data only,TALENT,https://www.wowhead.com/tbc/spell=16943,Talent: Sharpened Claws; tree row 3
Druid,Feral Combat,Talent,Sharpened Claws,16944,16942,Rank 3/3,,"Increases your critical strike chance while in Bear, Dire Bear or Cat Form by 6%.",Talent Passive,Data only,,,,,Data only,TALENT,https://www.wowhead.com/tbc/spell=16944,Talent: Sharpened Claws; tree row 3
Druid,Feral Combat,Talent,Shredding Attacks,16966,16966,Rank 1/2,,Reduces the energy cost of your Shred ability by 9 and the rage cost of your Lacerate ability by 1.,Talent Passive,Data only,,,,,Data only,TALENT,https://www.wowhead.com/tbc/spell=16966,Talent: Shredding Attacks; tree row 4
Druid,Feral Combat,Talent,Shredding Attacks,16968,16966,Rank 2/2,,Reduces the energy cost of your Shred ability by 18 and the rage cost of your Lacerate ability by 2.,Talent Passive,Data only,,,,,Data only,TALENT,https://www.wowhead.com/tbc/spell=16968,Talent: Shredding Attacks; tree row 4
Druid,Feral Combat,Talent,Survival of the Fittest,33853,33853,Rank 1/3,,Increases all attributes by 1% and reduces the chance you'll be critically hit by melee attacks by 1%.,Talent Passive,Data only,,,,,Data only,TALENT,https://www.wowhead.com/tbc/spell=33853,Talent: Survival of the Fittest; tree row 6
Druid,Feral Combat,Talent,Survival of the Fittest,33855,33853,Rank 2/3,,Increases all attributes by 2% and reduces the chance you'll be critically hit by melee attacks by 2%.,Talent Passive,Data only,,,,,Data only,TALENT,https://www.wowhead.com/tbc/spell=33855,Talent: Survival of the Fittest; tree row 6
Druid,Feral Combat,Talent,Survival of the Fittest,33856,33853,Rank 3/3,,Increases all attributes by 3% and reduces the chance you'll be critically hit by melee attacks by 3%.,Talent Passive,Data only,,,,,Data only,TALENT,https://www.wowhead.com/tbc/spell=33856,Talent: Survival of the Fittest; tree row 6
Druid,Feral Combat,Talent,Thick Hide,16929,16929,Rank 1/3,,Increases your Armor contribution from items by 4%.,Talent Passive,Data only,,,,,Data only,TALENT,https://www.wowhead.com/tbc/spell=16929,Talent: Thick Hide; tree row 2
Druid,Feral Combat,Talent,Thick Hide,16930,16929,Rank 2/3,,Increases your Armor contribution from items by 7%.,Talent Passive,Data only,,,,,Data only,TALENT,https://www.wowhead.com/tbc/spell=16930,Talent: Thick Hide; tree row 2
Druid,Feral Combat,Talent,Thick Hide,16931,16929,Rank 3/3,,Increases your Armor contribution from items by 10%.,Talent Passive,Data only,,,,,Data only,TALENT,https://www.wowhead.com/tbc/spell=16931,Talent: Thick Hide; tree row 2
Druid,Restoration,Ability,Healing Touch,5185,5185,Rank 1,1,"Heals a friendly target for 
40 to 
55.",Healing,Utility,0,,25 Mana,,Cooldown,"FILLER, HEAL_SINGLE, PVE_PVP",https://www.wowhead.com/tbc/spell=5185,
Druid,Restoration,Ability,Healing Touch,5186,5185,Rank 2,8,"Heals a friendly target for 
94 to 
119.",Healing,Utility,0,,55 Mana,,Cooldown,"FILLER, HEAL_SINGLE, PVE_PVP",https://www.wowhead.com/tbc/spell=5186,
Druid,Restoration,Ability,Healing Touch,5187,5185,Rank 3,14,"Heals a friendly target for 
204 to 
253.",Healing,Utility,0,,110 Mana,,Cooldown,"FILLER, HEAL_SINGLE, PVE_PVP",https://www.wowhead.com/tbc/spell=5187,
Druid,Restoration,Ability,Healing Touch,5188,5185,Rank 4,20,"Heals a friendly target for 
376 to 
459.",Healing,Utility,0,,185 Mana,,Cooldown,"FILLER, HEAL_SINGLE, PVE_PVP",https://www.wowhead.com/tbc/spell=5188,
Druid,Restoration,Ability,Healing Touch,5189,5185,Rank 5,26,"Heals a friendly target for 
589 to 
712.",Healing,Utility,0,,270 Mana,,Cooldown,"FILLER, HEAL_SINGLE, PVE_PVP",https://www.wowhead.com/tbc/spell=5189,
Druid,Restoration,Ability,Healing Touch,6778,5185,Rank 6,32,"Heals a friendly target for 
762 to 
914.",Healing,Utility,0,,335 Mana,,Cooldown,"FILLER, HEAL_SINGLE, PVE_PVP",https://www.wowhead.com/tbc/spell=6778,
Druid,Restoration,Ability,Healing Touch,8903,5185,Rank 7,38,"Heals a friendly target for 
958 to 
1143.",Healing,Utility,0,,405 Mana,,Cooldown,"FILLER, HEAL_SINGLE, PVE_PVP",https://www.wowhead.com/tbc/spell=8903,
Druid,Restoration,Ability,Healing Touch,9758,5185,Rank 8,44,"Heals a friendly target for 
1225 to 
1453.",Healing,Utility,0,,495 Mana,,Cooldown,"FILLER, HEAL_SINGLE, PVE_PVP",https://www.wowhead.com/tbc/spell=9758,
Druid,Restoration,Ability,Healing Touch,9888,5185,Rank 9,50,"Heals a friendly target for 
1545 to 
1826.",Healing,Utility,0,,600 Mana,,Cooldown,"FILLER, HEAL_SINGLE, PVE_PVP",https://www.wowhead.com/tbc/spell=9888,
Druid,Restoration,Ability,Healing Touch,9889,5185,Rank 10,56,"Heals a friendly target for 
1923 to 
2263.",Healing,Utility,0,,720 Mana,,Cooldown,"FILLER, HEAL_SINGLE, PVE_PVP",https://www.wowhead.com/tbc/spell=9889,
Druid,Restoration,Ability,Healing Touch,25297,5185,Rank 11,60,"Heals a friendly target for 
2303 to 
2714.",Healing,Utility,0,,800 Mana,,Cooldown,"FILLER, HEAL_SINGLE, PVE_PVP",https://www.wowhead.com/tbc/spell=25297,
Druid,Restoration,Ability,Healing Touch,26978,5185,Rank 12,62,"Heals a friendly target for 
2401 to 
2827.",Healing,Utility,0,,820 Mana,,Cooldown,"FILLER, HEAL_SINGLE, PVE_PVP",https://www.wowhead.com/tbc/spell=26978,
Druid,Restoration,Ability,Healing Touch,26979,5185,Rank 13,69,"Heals a friendly target for 
2715 to 
3206.",Healing,Utility,0,,935 Mana,,Cooldown,"FILLER, HEAL_SINGLE, PVE_PVP",https://www.wowhead.com/tbc/spell=26979,
Druid,Restoration,Ability,Lifebloom,33763,33763,Rank 1,64,"Heals the target for 273 over 7 sec. When Lifebloom completes its duration or is dispelled, the target instantly heals themself for 600. This effect can stack up to 3 times on the same target.",Healing,Utility,0,7,220 Mana,,Cooldown,"HEAL, HEAL_SINGLE, HOT, PVE, ROTATIONAL",https://www.wowhead.com/tbc/spell=33763,
Druid,Restoration,Ability,Lifebloom,33778,33763,Rank 2,64,"Heals the target for 273 over 7 sec. When Lifebloom completes its duration or is dispelled, the target instantly heals themself for 600. This effect can stack up to 3 times on the same target.",Healing,Utility,0,7,,,Cooldown,"HEAL, HEAL_SINGLE, HOT, PVE, ROTATIONAL",https://www.wowhead.com/tbc/spell=33778,
Druid,Restoration,Ability,Regrowth,8936,8936,Rank 1,12,"Heals a friendly target for 
93 to 
107 and another 98 over 21 sec.",Healing,Utility,0,21,80 Mana,,Cooldown,"HEAL, HEAL_SINGLE, HOT, PVE_PVP, ROTATIONAL",https://www.wowhead.com/tbc/spell=8936,
Druid,Restoration,Ability,Regrowth,8938,8936,Rank 2,18,"Heals a friendly target for 
176 to 
201 and another 175 over 21 sec.",Healing,Utility,0,21,135 Mana,,Cooldown,"HEAL, HEAL_SINGLE, HOT, PVE_PVP, ROTATIONAL",https://www.wowhead.com/tbc/spell=8938,
Druid,Restoration,Ability,Regrowth,8939,8936,Rank 3,24,"Heals a friendly target for 
255 to 
290 and another 259 over 21 sec.",Healing,Utility,0,21,185 Mana,,Cooldown,"HEAL, HEAL_SINGLE, HOT, PVE_PVP, ROTATIONAL",https://www.wowhead.com/tbc/spell=8939,
Druid,Restoration,Ability,Regrowth,8940,8936,Rank 4,30,"Heals a friendly target for 
336 to 
378 and another 343 over 21 sec.",Healing,Utility,0,21,230 Mana,,Cooldown,"HEAL, HEAL_SINGLE, HOT, PVE_PVP, ROTATIONAL",https://www.wowhead.com/tbc/spell=8940,
Druid,Restoration,Ability,Regrowth,8941,8936,Rank 5,36,"Heals a friendly target for 
425 to 
478 and another 427 over 21 sec.",Healing,Utility,0,21,275 Mana,,Cooldown,"HEAL, HEAL_SINGLE, HOT, PVE_PVP, ROTATIONAL",https://www.wowhead.com/tbc/spell=8941,
Druid,Restoration,Ability,Regrowth,9750,8936,Rank 6,42,"Heals a friendly target for 
534 to 
599 and another 546 over 21 sec.",Healing,Utility,0,21,335 Mana,,Cooldown,"HEAL, HEAL_SINGLE, HOT, PVE_PVP, ROTATIONAL",https://www.wowhead.com/tbc/spell=9750,
Druid,Restoration,Ability,Regrowth,9856,8936,Rank 7,48,"Heals a friendly target for 
672 to 
751 and another 686 over 21 sec.",Healing,Utility,0,21,405 Mana,,Cooldown,"HEAL, HEAL_SINGLE, HOT, PVE_PVP, ROTATIONAL",https://www.wowhead.com/tbc/spell=9856,
Druid,Restoration,Ability,Regrowth,9857,8936,Rank 8,54,"Heals a friendly target for 
839 to 
935 and another 861 over 21 sec.",Healing,Utility,0,21,485 Mana,,Cooldown,"HEAL, HEAL_SINGLE, HOT, PVE_PVP, ROTATIONAL",https://www.wowhead.com/tbc/spell=9857,
Druid,Restoration,Ability,Regrowth,9858,8936,Rank 9,60,"Heals a friendly target for 
1037 to 
1153 and another 1064 over 21 sec.",Healing,Utility,0,21,575 Mana,,Cooldown,"HEAL, HEAL_SINGLE, HOT, PVE_PVP, ROTATIONAL",https://www.wowhead.com/tbc/spell=9858,
Druid,Restoration,Ability,Regrowth,26980,8936,Rank 10,65,"Heals a friendly target for 
1253 to 
1394 and another 1274 over 21 sec.",Healing,Utility,0,21,675 Mana,,Cooldown,"HEAL, HEAL_SINGLE, HOT, PVE_PVP, ROTATIONAL",https://www.wowhead.com/tbc/spell=26980,
Druid,Restoration,Ability,Rejuvenation,774,774,Rank 1,4,Heals the target for 32 over 12 sec.,Healing,Utility,0,12,25 Mana,,Cooldown,"HEAL, HEAL_SINGLE, HOT, PVE_PVP, ROTATIONAL",https://www.wowhead.com/tbc/spell=774,
Druid,Restoration,Ability,Rejuvenation,1058,774,Rank 2,10,Heals the target for 56 over 12 sec.,Healing,Utility,0,12,40 Mana,,Cooldown,"HEAL, HEAL_SINGLE, HOT, PVE_PVP, ROTATIONAL",https://www.wowhead.com/tbc/spell=1058,
Druid,Restoration,Ability,Rejuvenation,1430,774,Rank 3,16,Heals the target for 116 over 12 sec.,Healing,Utility,0,12,75 Mana,,Cooldown,"HEAL, HEAL_SINGLE, HOT, PVE_PVP, ROTATIONAL",https://www.wowhead.com/tbc/spell=1430,
Druid,Restoration,Ability,Rejuvenation,2090,774,Rank 4,22,Heals the target for 180 over 12 sec.,Healing,Utility,0,12,105 Mana,,Cooldown,"HEAL, HEAL_SINGLE, HOT, PVE_PVP, ROTATIONAL",https://www.wowhead.com/tbc/spell=2090,
Druid,Restoration,Ability,Rejuvenation,2091,774,Rank 5,28,Heals the target for 244 over 12 sec.,Healing,Utility,0,12,135 Mana,,Cooldown,"HEAL, HEAL_SINGLE, HOT, PVE_PVP, ROTATIONAL",https://www.wowhead.com/tbc/spell=2091,
Druid,Restoration,Ability,Rejuvenation,3627,774,Rank 6,34,Heals the target for 304 over 12 sec.,Healing,Utility,0,12,160 Mana,,Cooldown,"HEAL, HEAL_SINGLE, HOT, PVE_PVP, ROTATIONAL",https://www.wowhead.com/tbc/spell=3627,
Druid,Restoration,Ability,Rejuvenation,8910,774,Rank 7,40,Heals the target for 388 over 12 sec.,Healing,Utility,0,12,195 Mana,,Cooldown,"HEAL, HEAL_SINGLE, HOT, PVE_PVP, ROTATIONAL",https://www.wowhead.com/tbc/spell=8910,
Druid,Restoration,Ability,Rejuvenation,9839,774,Rank 8,46,Heals the target for 488 over 12 sec.,Healing,Utility,0,12,235 Mana,,Cooldown,"HEAL, HEAL_SINGLE, HOT, PVE_PVP, ROTATIONAL",https://www.wowhead.com/tbc/spell=9839,
Druid,Restoration,Ability,Rejuvenation,9840,774,Rank 9,52,Heals the target for 608 over 12 sec.,Healing,Utility,0,12,280 Mana,,Cooldown,"HEAL, HEAL_SINGLE, HOT, PVE_PVP, ROTATIONAL",https://www.wowhead.com/tbc/spell=9840,
Druid,Restoration,Ability,Rejuvenation,9841,774,Rank 10,58,Heals the target for 756 over 12 sec.,Healing,Utility,0,12,335 Mana,,Cooldown,"HEAL, HEAL_SINGLE, HOT, PVE_PVP, ROTATIONAL",https://www.wowhead.com/tbc/spell=9841,
Druid,Restoration,Ability,Rejuvenation,25299,774,Rank 11,60,Heals the target for 888 over 12 sec.,Healing,Utility,0,12,360 Mana,,Cooldown,"HEAL, HEAL_SINGLE, HOT, PVE_PVP, ROTATIONAL",https://www.wowhead.com/tbc/spell=25299,
Druid,Restoration,Ability,Rejuvenation,26981,774,Rank 12,63,Heals the target for 932 over 12 sec.,Healing,Utility,0,12,370 Mana,,Cooldown,"HEAL, HEAL_SINGLE, HOT, PVE_PVP, ROTATIONAL",https://www.wowhead.com/tbc/spell=26981,
Druid,Restoration,Ability,Rejuvenation,26982,774,Rank 13,69,Heals the target for 1060 over 12 sec.,Healing,Utility,0,12,415 Mana,,Cooldown,"HEAL, HEAL_SINGLE, HOT, PVE_PVP, ROTATIONAL",https://www.wowhead.com/tbc/spell=26982,
Druid,Restoration,Talent,Empowered Rejuvenation,33886,33886,Rank 1/5,,The bonus healing effects of your healing over time spells is increased by 4%.,Talent Passive,Data only,,,,,Data only,TALENT,https://www.wowhead.com/tbc/spell=33886,Talent: Empowered Rejuvenation; tree row 8
Druid,Restoration,Talent,Empowered Rejuvenation,33887,33886,Rank 2/5,,The bonus healing effects of your healing over time spells is increased by 8%.,Talent Passive,Data only,,,,,Data only,TALENT,https://www.wowhead.com/tbc/spell=33887,Talent: Empowered Rejuvenation; tree row 8
Druid,Restoration,Talent,Empowered Rejuvenation,33888,33886,Rank 3/5,,The bonus healing effects of your healing over time spells is increased by 12%.,Talent Passive,Data only,,,,,Data only,TALENT,https://www.wowhead.com/tbc/spell=33888,Talent: Empowered Rejuvenation; tree row 8
Druid,Restoration,Talent,Empowered Rejuvenation,33889,33886,Rank 4/5,,The bonus healing effects of your healing over time spells is increased by 16%.,Talent Passive,Data only,,,,,Data only,TALENT,https://www.wowhead.com/tbc/spell=33889,Talent: Empowered Rejuvenation; tree row 8
Druid,Restoration,Talent,Empowered Rejuvenation,33890,33886,Rank 5/5,,The bonus healing effects of your healing over time spells is increased by 20%.,Talent Passive,Data only,,,,,Data only,TALENT,https://www.wowhead.com/tbc/spell=33890,Talent: Empowered Rejuvenation; tree row 8
Druid,Restoration,Talent,Empowered Touch,33879,33879,Rank 1/2,,Your Healing Touch spell gains an additional 10% of your bonus healing effects.,Talent Passive,Data only,,,,,Data only,TALENT,https://www.wowhead.com/tbc/spell=33879,Talent: Empowered Touch; tree row 6
Druid,Restoration,Talent,Empowered Touch,33880,33879,Rank 2/2,,Your Healing Touch spell gains an additional 20% of your bonus healing effects.,Talent Passive,Data only,,,,,Data only,TALENT,https://www.wowhead.com/tbc/spell=33880,Talent: Empowered Touch; tree row 6
Druid,Restoration,Talent,Furor,17056,17056,Rank 1/5,,Gives you 20% chance to gain 10 Rage when you shapeshift into Bear and Dire Bear Form or 40 Energy when you shapeshift into Cat Form.,Talent Passive,Data only,,,,,Data only,TALENT,https://www.wowhead.com/tbc/spell=17056,Talent: Furor; tree row 1
Druid,Restoration,Talent,Furor,17058,17056,Rank 2/5,,Gives you 40% chance to gain 10 Rage when you shapeshift into Bear and Dire Bear Form or 40 Energy when you shapeshift into Cat Form.,Talent Passive,Data only,,,,,Data only,TALENT,https://www.wowhead.com/tbc/spell=17058,Talent: Furor; tree row 1
Druid,Restoration,Talent,Furor,17059,17056,Rank 3/5,,Gives you 60% chance to gain 10 Rage when you shapeshift into Bear and Dire Bear Form or 40 Energy when you shapeshift into Cat Form.,Talent Passive,Data only,,,,,Data only,TALENT,https://www.wowhead.com/tbc/spell=17059,Talent: Furor; tree row 1
Druid,Restoration,Talent,Furor,17060,17056,Rank 4/5,,Gives you 80% chance to gain 10 Rage when you shapeshift into Bear and Dire Bear Form or 40 Energy when you shapeshift into Cat Form.,Talent Passive,Data only,,,,,Data only,TALENT,https://www.wowhead.com/tbc/spell=17060,Talent: Furor; tree row 1
Druid,Restoration,Talent,Furor,17061,17056,Rank 5/5,,Gives you 100% chance to gain 10 Rage when you shapeshift into Bear and Dire Bear Form or 40 Energy when you shapeshift into Cat Form.,Talent Passive,Data only,,,,,Data only,TALENT,https://www.wowhead.com/tbc/spell=17061,Talent: Furor; tree row 1
Druid,Restoration,Talent,Gift of Nature,17104,17104,Rank 1/5,,Increases the effect of all healing spells by 2%.,Talent Passive,Data only,,,,,Data only,TALENT,https://www.wowhead.com/tbc/spell=17104,Talent: Gift of Nature; tree row 5
Druid,Restoration,Talent,Gift of Nature,24943,17104,Rank 2/5,,Increases the effect of all healing spells by 4%.,Talent Passive,Data only,,,,,Data only,TALENT,https://www.wowhead.com/tbc/spell=24943,Talent: Gift of Nature; tree row 5
Druid,Restoration,Talent,Gift of Nature,24944,17104,Rank 3/5,,Increases the effect of all healing spells by 6%.,Talent Passive,Data only,,,,,Data only,TALENT,https://www.wowhead.com/tbc/spell=24944,Talent: Gift of Nature; tree row 5
Druid,Restoration,Talent,Gift of Nature,24945,17104,Rank 4/5,,Increases the effect of all healing spells by 8%.,Talent Passive,Data only,,,,,Data only,TALENT,https://www.wowhead.com/tbc/spell=24945,Talent: Gift of Nature; tree row 5
Druid,Restoration,Talent,Gift of Nature,24946,17104,Rank 5/5,,Increases the effect of all healing spells by 10%.,Talent Passive,Data only,,,,,Data only,TALENT,https://www.wowhead.com/tbc/spell=24946,Talent: Gift of Nature; tree row 5
Druid,Restoration,Talent,Improved Mark of the Wild,17050,17050,Rank 1/5,,Increases the effects of your Mark of the Wild and Gift of the Wild spells by 7%.,Talent Passive,Data only,,,,,Data only,TALENT,https://www.wowhead.com/tbc/spell=17050,Talent: Improved Mark of the Wild; tree row 1
Druid,Restoration,Talent,Improved Mark of the Wild,17051,17050,Rank 2/5,,Increases the effects of your Mark of the Wild and Gift of the Wild spells by 14%.,Talent Passive,Data only,,,,,Data only,TALENT,https://www.wowhead.com/tbc/spell=17051,Talent: Improved Mark of the Wild; tree row 1
Druid,Restoration,Talent,Improved Mark of the Wild,17053,17050,Rank 3/5,,Increases the effects of your Mark of the Wild and Gift of the Wild spells by 21%.,Talent Passive,Data only,,,,,Data only,TALENT,https://www.wowhead.com/tbc/spell=17053,Talent: Improved Mark of the Wild; tree row 1
Druid,Restoration,Talent,Improved Mark of the Wild,17054,17050,Rank 4/5,,Increases the effects of your Mark of the Wild and Gift of the Wild spells by 28%.,Talent Passive,Data only,,,,,Data only,TALENT,https://www.wowhead.com/tbc/spell=17054,Talent: Improved Mark of the Wild; tree row 1
Druid,Restoration,Talent,Improved Mark of the Wild,17055,17050,Rank 5/5,,Increases the effects of your Mark of the Wild and Gift of the Wild spells by 35%.,Talent Passive,Data only,,,,,Data only,TALENT,https://www.wowhead.com/tbc/spell=17055,Talent: Improved Mark of the Wild; tree row 1
Druid,Restoration,Talent,Improved Regrowth,17074,17074,Rank 1/5,,Increases the critical effect chance of your Regrowth spell by 10%.,Talent Passive,Data only,,,,,Data only,TALENT,https://www.wowhead.com/tbc/spell=17074,Talent: Improved Regrowth; tree row 6
Druid,Restoration,Talent,Improved Regrowth,17075,17074,Rank 2/5,,Increases the critical effect chance of your Regrowth spell by 20%.,Talent Passive,Data only,,,,,Data only,TALENT,https://www.wowhead.com/tbc/spell=17075,Talent: Improved Regrowth; tree row 6
Druid,Restoration,Talent,Improved Regrowth,17076,17074,Rank 3/5,,Increases the critical effect chance of your Regrowth spell by 30%.,Talent Passive,Data only,,,,,Data only,TALENT,https://www.wowhead.com/tbc/spell=17076,Talent: Improved Regrowth; tree row 6
Druid,Restoration,Talent,Improved Regrowth,17077,17074,Rank 4/5,,Increases the critical effect chance of your Regrowth spell by 40%.,Talent Passive,Data only,,,,,Data only,TALENT,https://www.wowhead.com/tbc/spell=17077,Talent: Improved Regrowth; tree row 6
Druid,Restoration,Talent,Improved Regrowth,17078,17074,Rank 5/5,,Increases the critical effect chance of your Regrowth spell by 50%.,Talent Passive,Data only,,,,,Data only,TALENT,https://www.wowhead.com/tbc/spell=17078,Talent: Improved Regrowth; tree row 6
Druid,Restoration,Talent,Improved Rejuvenation,17111,17111,Rank 1/3,,Increases the effect of your Rejuvenation spell by 5%.,Talent Passive,Data only,,,,,Data only,TALENT,https://www.wowhead.com/tbc/spell=17111,Talent: Improved Rejuvenation; tree row 4
Druid,Restoration,Talent,Improved Rejuvenation,17112,17111,Rank 2/3,,Increases the effect of your Rejuvenation spell by 10%.,Talent Passive,Data only,,,,,Data only,TALENT,https://www.wowhead.com/tbc/spell=17112,Talent: Improved Rejuvenation; tree row 4
Druid,Restoration,Talent,Improved Rejuvenation,17113,17111,Rank 3/3,,Increases the effect of your Rejuvenation spell by 15%.,Talent Passive,Data only,,,,,Data only,TALENT,https://www.wowhead.com/tbc/spell=17113,Talent: Improved Rejuvenation; tree row 4
Druid,Restoration,Talent,Improved Tranquility,17123,17123,Rank 1/2,,Reduces threat caused by Tranquility by 50%.,Talent Passive,Data only,,,,,Data only,TALENT,https://www.wowhead.com/tbc/spell=17123,Talent: Improved Tranquility; tree row 5
Druid,Restoration,Talent,Improved Tranquility,17124,17123,Rank 2/2,,Reduces threat caused by Tranquility by 100%.,Talent Passive,Data only,,,,,Data only,TALENT,https://www.wowhead.com/tbc/spell=17124,Talent: Improved Tranquility; tree row 5
Druid,Restoration,Talent,Intensity,17106,17106,Rank 1/3,,Allows 10% of your Mana regeneration to continue while casting and causes your Enrage ability to instantly generate 4 rage.,Talent Passive,Data only,,,,,Data only,TALENT,https://www.wowhead.com/tbc/spell=17106,Talent: Intensity; tree row 3
Druid,Restoration,Talent,Intensity,17107,17106,Rank 2/3,,Allows 20% of your Mana regeneration to continue while casting and causes your Enrage ability to instantly generate 7 rage.,Talent Passive,Data only,,,,,Data only,TALENT,https://www.wowhead.com/tbc/spell=17107,Talent: Intensity; tree row 3
Druid,Restoration,Talent,Intensity,17108,17106,Rank 3/3,,Allows 30% of your Mana regeneration to continue while casting and causes your Enrage ability to instantly generate 10 rage.,Talent Passive,Data only,,,,,Data only,TALENT,https://www.wowhead.com/tbc/spell=17108,Talent: Intensity; tree row 3
Druid,Restoration,Talent,Living Spirit,34151,34151,Rank 1/3,,Increases your total Spirit by 5%.,Talent Passive,Data only,,,,,Data only,TALENT,https://www.wowhead.com/tbc/spell=34151,Talent: Living Spirit; tree row 7
Druid,Restoration,Talent,Living Spirit,34152,34151,Rank 2/3,,Increases your total Spirit by 10%.,Talent Passive,Data only,,,,,Data only,TALENT,https://www.wowhead.com/tbc/spell=34152,Talent: Living Spirit; tree row 7
Druid,Restoration,Talent,Living Spirit,34153,34151,Rank 3/3,,Increases your total Spirit by 15%.,Talent Passive,Data only,,,,,Data only,TALENT,https://www.wowhead.com/tbc/spell=34153,Talent: Living Spirit; tree row 7
Druid,Restoration,Talent,Natural Perfection,33881,33881,Rank 1/3,,Your critical strike chance with all spells is increased by 1% and critical strikes against you give you the Natural Perfection effect reducing all damage taken by 2%. Stacks up to 3 times. Lasts 8 sec.,Talent Passive,Data only,,8,,,Data only,TALENT,https://www.wowhead.com/tbc/spell=33881,Talent: Natural Perfection; tree row 7
Druid,Restoration,Talent,Natural Perfection,33882,33881,Rank 2/3,,Your critical strike chance with all spells is increased by 2% and critical strikes against you give you the Natural Perfection effect reducing all damage taken by 3%. Stacks up to 3 times. Lasts 8 sec.,Talent Passive,Data only,,8,,,Data only,TALENT,https://www.wowhead.com/tbc/spell=33882,Talent: Natural Perfection; tree row 7
Druid,Restoration,Talent,Natural Perfection,33883,33881,Rank 3/3,,Your critical strike chance with all spells is increased by 3% and critical strikes against you give you the Natural Perfection effect reducing all damage taken by 4%. Stacks up to 3 times. Lasts 8 sec.,Talent Passive,Data only,,8,,,Data only,TALENT,https://www.wowhead.com/tbc/spell=33883,Talent: Natural Perfection; tree row 7
Druid,Restoration,Talent,Natural Shapeshifter,16833,16833,Rank 1/3,,Reduces the mana cost of all shapeshifting by 10%.,Talent Passive,Data only,,,,,Data only,TALENT,https://www.wowhead.com/tbc/spell=16833,Talent: Natural Shapeshifter; tree row 2
Druid,Restoration,Talent,Natural Shapeshifter,16834,16833,Rank 2/3,,Reduces the mana cost of all shapeshifting by 20%.,Talent Passive,Data only,,,,,Data only,TALENT,https://www.wowhead.com/tbc/spell=16834,Talent: Natural Shapeshifter; tree row 2
Druid,Restoration,Talent,Natural Shapeshifter,16835,16833,Rank 3/3,,Reduces the mana cost of all shapeshifting by 30%.,Talent Passive,Data only,,,,,Data only,TALENT,https://www.wowhead.com/tbc/spell=16835,Talent: Natural Shapeshifter; tree row 2
Druid,Restoration,Talent,Naturalist,17069,17069,Rank 1/5,,Reduces the cast time of your Healing Touch spell by 0.1 sec and increases the damage you deal with physical attacks in all forms by 2%.,Talent Passive,Data only,,,,,Data only,TALENT,https://www.wowhead.com/tbc/spell=17069,Talent: Naturalist; tree row 2
Druid,Restoration,Talent,Naturalist,17070,17069,Rank 2/5,,Reduces the cast time of your Healing Touch spell by 0.2 sec and increases the damage you deal with physical attacks in all forms by 4%.,Talent Passive,Data only,,,,,Data only,TALENT,https://www.wowhead.com/tbc/spell=17070,Talent: Naturalist; tree row 2
Druid,Restoration,Talent,Naturalist,17071,17069,Rank 3/5,,Reduces the cast time of your Healing Touch spell by 0.3 sec and increases the damage you deal with physical attacks in all forms by 6%.,Talent Passive,Data only,,,,,Data only,TALENT,https://www.wowhead.com/tbc/spell=17071,Talent: Naturalist; tree row 2
Druid,Restoration,Talent,Naturalist,17072,17069,Rank 4/5,,Reduces the cast time of your Healing Touch spell by 0.4 sec and increases the damage you deal with physical attacks in all forms by 8%.,Talent Passive,Data only,,,,,Data only,TALENT,https://www.wowhead.com/tbc/spell=17072,Talent: Naturalist; tree row 2
Druid,Restoration,Talent,Naturalist,17073,17069,Rank 5/5,,Reduces the cast time of your Healing Touch spell by 0.5 sec and increases the damage you deal with physical attacks in all forms by 10%.,Talent Passive,Data only,,,,,Data only,TALENT,https://www.wowhead.com/tbc/spell=17073,Talent: Naturalist; tree row 2
Druid,Restoration,Talent,Nature's Focus,17063,17063,Rank 1/5,,"Gives you a 14% chance to avoid interruption caused by damage while casting the Healing Touch, Regrowth and Tranquility spells.",Talent Passive,Data only,,,,,Data only,TALENT,https://www.wowhead.com/tbc/spell=17063,Talent: Nature's Focus; tree row 2
Druid,Restoration,Talent,Nature's Focus,17065,17063,Rank 2/5,,"Gives you a 28% chance to avoid interruption caused by damage while casting the Healing Touch, Regrowth and Tranquility spells.",Talent Passive,Data only,,,,,Data only,TALENT,https://www.wowhead.com/tbc/spell=17065,Talent: Nature's Focus; tree row 2
Druid,Restoration,Talent,Nature's Focus,17066,17063,Rank 3/5,,"Gives you a 42% chance to avoid interruption caused by damage while casting the Healing Touch, Regrowth and Tranquility spells.",Talent Passive,Data only,,,,,Data only,TALENT,https://www.wowhead.com/tbc/spell=17066,Talent: Nature's Focus; tree row 2
Druid,Restoration,Talent,Nature's Focus,17067,17063,Rank 4/5,,"Gives you a 56% chance to avoid interruption caused by damage while casting the Healing Touch, Regrowth and Tranquility spells.",Talent Passive,Data only,,,,,Data only,TALENT,https://www.wowhead.com/tbc/spell=17067,Talent: Nature's Focus; tree row 2
Druid,Restoration,Talent,Nature's Focus,17068,17063,Rank 5/5,,"Gives you a 70% chance to avoid interruption caused by damage while casting the Healing Touch, Regrowth and Tranquility spells.",Talent Passive,Data only,,,,,Data only,TALENT,https://www.wowhead.com/tbc/spell=17068,Talent: Nature's Focus; tree row 2
Druid,Restoration,Talent Ability,Nature's Swiftness,17116,17116,Rank 1/1,,"When activated, your next Nature spell becomes an instant cast spell.",Healing,Utility,180,,,,Cooldown + aura,"HAS_BUFF, HEAL, MAJOR, PVE_PVP",https://www.wowhead.com/tbc/spell=17116,Talent-required | Talent: Nature's Swiftness
Druid,Restoration,Talent Ability,Omen of Clarity,16864,16864,Rank 1/1,,"Imbues the Druid with natural energy. Each of the Druid's melee attacks has a chance of causing the caster to enter a Clearcasting state. The Clearcasting state reduces the Mana, Rage or Energy cost of your next damage or healing spell or offensive ability by 100%. Lasts 30 min.",Utility,Utility,0,1800,120 Mana,,Cooldown,"BUFF, LONG_BUFF, UTILITY",https://www.wowhead.com/tbc/spell=16864,Talent-required | Talent: Omen of Clarity
Druid,Restoration,Talent,Subtlety,17118,17118,Rank 1/5,,Reduces the threat generated by your spells by 4% and reduces the chance your spells will be dispelled by 6%.,Talent Passive,Data only,,,,,Data only,TALENT,https://www.wowhead.com/tbc/spell=17118,Talent: Subtlety; tree row 3
Druid,Restoration,Talent,Subtlety,17119,17118,Rank 2/5,,Reduces the threat generated by your spells by 8% and reduces the chance your spells will be dispelled by 12%.,Talent Passive,Data only,,,,,Data only,TALENT,https://www.wowhead.com/tbc/spell=17119,Talent: Subtlety; tree row 3
Druid,Restoration,Talent,Subtlety,17120,17118,Rank 3/5,,Reduces the threat generated by your spells by 12% and reduces the chance your spells will be dispelled by 18%.,Talent Passive,Data only,,,,,Data only,TALENT,https://www.wowhead.com/tbc/spell=17120,Talent: Subtlety; tree row 3
Druid,Restoration,Talent,Subtlety,17121,17118,Rank 4/5,,Reduces the threat generated by your spells by 16% and reduces the chance your spells will be dispelled by 24%.,Talent Passive,Data only,,,,,Data only,TALENT,https://www.wowhead.com/tbc/spell=17121,Talent: Subtlety; tree row 3
Druid,Restoration,Talent,Subtlety,17122,17118,Rank 5/5,,Reduces the threat generated by your spells by 20% and reduces the chance your spells will be dispelled by 30%.,Talent Passive,Data only,,,,,Data only,TALENT,https://www.wowhead.com/tbc/spell=17122,Talent: Subtlety; tree row 3
Druid,Restoration,Talent Ability,Swiftmend,18562,18562,Rank 1/1,,Consumes a Rejuvenation or Regrowth effect on a friendly target to instantly heal them an amount equal to 12 sec. of Rejuvenation or 18 sec. of Regrowth.,Healing,Utility,15,,16% of base mana,,Cooldown,"HEAL, HEAL_SINGLE, PVE_PVP, ROTATIONAL",https://www.wowhead.com/tbc/spell=18562,Talent-required | Talent: Swiftmend
Druid,Restoration,Talent,Tranquil Spirit,24968,24968,Rank 1/5,,Reduces the mana cost of your Healing Touch and Tranquility spells by 2%.,Talent Passive,Data only,,,,,Data only,TALENT,https://www.wowhead.com/tbc/spell=24968,Talent: Tranquil Spirit; tree row 4
Druid,Restoration,Talent,Tranquil Spirit,24969,24968,Rank 2/5,,Reduces the mana cost of your Healing Touch and Tranquility spells by 4%.,Talent Passive,Data only,,,,,Data only,TALENT,https://www.wowhead.com/tbc/spell=24969,Talent: Tranquil Spirit; tree row 4
Druid,Restoration,Talent,Tranquil Spirit,24970,24968,Rank 3/5,,Reduces the mana cost of your Healing Touch and Tranquility spells by 6%.,Talent Passive,Data only,,,,,Data only,TALENT,https://www.wowhead.com/tbc/spell=24970,Talent: Tranquil Spirit; tree row 4
Druid,Restoration,Talent,Tranquil Spirit,24971,24968,Rank 4/5,,Reduces the mana cost of your Healing Touch and Tranquility spells by 8%.,Talent Passive,Data only,,,,,Data only,TALENT,https://www.wowhead.com/tbc/spell=24971,Talent: Tranquil Spirit; tree row 4
Druid,Restoration,Talent,Tranquil Spirit,24972,24968,Rank 5/5,,Reduces the mana cost of your Healing Touch and Tranquility spells by 10%.,Talent Passive,Data only,,,,,Data only,TALENT,https://www.wowhead.com/tbc/spell=24972,Talent: Tranquil Spirit; tree row 4
Druid,Restoration,Talent Ability,Tree of Life,33891,33891,Rank 1/1,,"Shapeshift into the Tree of Life. While in this form you increase healing received by 25% of your total Spirit for all party members within 45 yards, your movement speed is reduced by 20%, and you can only cast Swiftmend, Innervate, Nature's Swiftness, Rebirth, Barkskin, poison removing and healing over time spells, but the mana cost of these spells is reduced by 20%.
The act of shapeshifting frees the caster of Polymorph and Movement Impairing effects.",Form,Utility,0,,28% of base mana,,Cooldown,"BUFF, PVE, SHAPESHIFT",https://www.wowhead.com/tbc/spell=33891,Talent-required | Talent: Tree of Life
Hunter,Beast Mastery,Talent,Animal Handler,34453,34453,Rank 1/2,,Increases your speed while mounted by 4% and your pet's chance to hit by 2%. The mounted movement speed increase does not stack with other effects.,Talent Passive,Data only,,,,,Data only,TALENT,https://www.wowhead.com/tbc/spell=34453,Talent: Animal Handler; tree row 6
Hunter,Beast Mastery,Talent,Animal Handler,34454,34453,Rank 2/2,,Increases your speed while mounted by 8% and your pet's chance to hit by 4%. The mounted movement speed increase does not stack with other effects.,Talent Passive,Data only,,,,,Data only,TALENT,https://www.wowhead.com/tbc/spell=34454,Talent: Animal Handler; tree row 6
Hunter,Beast Mastery,Talent,Bestial Discipline,19590,19590,Rank 1/2,,Increases the Focus regeneration of your pets by 50%.,Talent Passive,Data only,,,,,Data only,TALENT,https://www.wowhead.com/tbc/spell=19590,Talent: Bestial Discipline; tree row 5
Hunter,Beast Mastery,Talent,Bestial Discipline,19592,19590,Rank 2/2,,Increases the Focus regeneration of your pets by 100%.,Talent Passive,Data only,,,,,Data only,TALENT,https://www.wowhead.com/tbc/spell=19592,Talent: Bestial Discipline; tree row 5
Hunter,Beast Mastery,Talent,Bestial Swiftness,19596,19596,Rank 1/1,,Increases the outdoor movement speed of your pets by 30%.,Talent Passive,Data only,,,,,Data only,TALENT,https://www.wowhead.com/tbc/spell=19596,Talent: Bestial Swiftness; tree row 3
Hunter,Beast Mastery,Talent Ability,Bestial Wrath,19574,19574,Rank 1/1,,"Send your pet into a rage causing 50% additional damage for 18 sec. While enraged, the beast does not feel pity or remorse or fear and it cannot be stopped unless killed.",Offensive,Main,120,18,10% of base mana,,Cooldown + aura,"DPS, HAS_BUFF, MAJOR, PET",https://www.wowhead.com/tbc/spell=19574,Talent-required | Talent: Bestial Wrath
Hunter,Beast Mastery,Talent,Catlike Reflexes,34462,34462,Rank 1/3,,Increases your chance to dodge by 1% and your pet's chance to dodge by an additional 3%.,Talent Passive,Data only,,,,,Data only,TALENT,https://www.wowhead.com/tbc/spell=34462,Talent: Catlike Reflexes; tree row 7
Hunter,Beast Mastery,Talent,Catlike Reflexes,34464,34462,Rank 2/3,,Increases your chance to dodge by 2% and your pet's chance to dodge by an additional 6%.,Talent Passive,Data only,,,,,Data only,TALENT,https://www.wowhead.com/tbc/spell=34464,Talent: Catlike Reflexes; tree row 7
Hunter,Beast Mastery,Talent,Catlike Reflexes,34465,34462,Rank 3/3,,Increases your chance to dodge by 3% and your pet's chance to dodge by an additional 9%.,Talent Passive,Data only,,,,,Data only,TALENT,https://www.wowhead.com/tbc/spell=34465,Talent: Catlike Reflexes; tree row 7
Hunter,Beast Mastery,Talent,Endurance Training,19583,19583,Rank 1/5,,Increases the Health of your pet by 2% and your total health by 1%.,Talent Passive,Data only,,,,,Data only,TALENT,https://www.wowhead.com/tbc/spell=19583,Talent: Endurance Training; tree row 1
Hunter,Beast Mastery,Talent,Endurance Training,19584,19583,Rank 2/5,,Increases the Health of your pet by 4% and your total health by 2%.,Talent Passive,Data only,,,,,Data only,TALENT,https://www.wowhead.com/tbc/spell=19584,Talent: Endurance Training; tree row 1
Hunter,Beast Mastery,Talent,Endurance Training,19585,19583,Rank 3/5,,Increases the Health of your pet by 6% and your total health by 3%.,Talent Passive,Data only,,,,,Data only,TALENT,https://www.wowhead.com/tbc/spell=19585,Talent: Endurance Training; tree row 1
Hunter,Beast Mastery,Talent,Endurance Training,19586,19583,Rank 4/5,,Increases the Health of your pet by 8% and your total health by 4%.,Talent Passive,Data only,,,,,Data only,TALENT,https://www.wowhead.com/tbc/spell=19586,Talent: Endurance Training; tree row 1
Hunter,Beast Mastery,Talent,Endurance Training,19587,19583,Rank 5/5,,Increases the Health of your pet by 10% and your total health by 5%.,Talent Passive,Data only,,,,,Data only,TALENT,https://www.wowhead.com/tbc/spell=19587,Talent: Endurance Training; tree row 1
Hunter,Beast Mastery,Talent,Ferocious Inspiration,34455,34455,Rank 1/3,,"When your pet scores a critical hit, all party members have all damage increased by 1% for 10 sec.",Talent Passive,Data only,,10,,,Data only,TALENT,https://www.wowhead.com/tbc/spell=34455,Talent: Ferocious Inspiration; tree row 7
Hunter,Beast Mastery,Talent,Ferocious Inspiration,34459,34455,Rank 2/3,,"When your pet scores a critical hit, all party members have all damage increased by 2% for 10 sec.",Talent Passive,Data only,,10,,,Data only,TALENT,https://www.wowhead.com/tbc/spell=34459,Talent: Ferocious Inspiration; tree row 7
Hunter,Beast Mastery,Talent,Ferocious Inspiration,34460,34455,Rank 3/3,,"When your pet scores a critical hit, all party members have all damage increased by 3% for 10 sec.",Talent Passive,Data only,,10,,,Data only,TALENT,https://www.wowhead.com/tbc/spell=34460,Talent: Ferocious Inspiration; tree row 7
Hunter,Beast Mastery,Talent,Ferocity,19598,19598,Rank 1/5,,Increases the critical strike chance of your pet by 2%.,Talent Passive,Data only,,,,,Data only,TALENT,https://www.wowhead.com/tbc/spell=19598,Talent: Ferocity; tree row 4
Hunter,Beast Mastery,Talent,Ferocity,19599,19598,Rank 2/5,,Increases the critical strike chance of your pet by 4%.,Talent Passive,Data only,,,,,Data only,TALENT,https://www.wowhead.com/tbc/spell=19599,Talent: Ferocity; tree row 4
Hunter,Beast Mastery,Talent,Ferocity,19600,19598,Rank 3/5,,Increases the critical strike chance of your pet by 6%.,Talent Passive,Data only,,,,,Data only,TALENT,https://www.wowhead.com/tbc/spell=19600,Talent: Ferocity; tree row 4
Hunter,Beast Mastery,Talent,Ferocity,19601,19598,Rank 4/5,,Increases the critical strike chance of your pet by 8%.,Talent Passive,Data only,,,,,Data only,TALENT,https://www.wowhead.com/tbc/spell=19601,Talent: Ferocity; tree row 4
Hunter,Beast Mastery,Talent,Ferocity,19602,19598,Rank 5/5,,Increases the critical strike chance of your pet by 10%.,Talent Passive,Data only,,,,,Data only,TALENT,https://www.wowhead.com/tbc/spell=19602,Talent: Ferocity; tree row 4
Hunter,Beast Mastery,Talent,Focused Fire,35029,35029,Rank 1/2,,All damage caused by you is increased by 1% while your pet is active and the critical strike chance of your Kill Command ability is increased by 10%.,Talent Passive,Data only,,,,,Data only,TALENT,https://www.wowhead.com/tbc/spell=35029,Talent: Focused Fire; tree row 2
Hunter,Beast Mastery,Talent,Focused Fire,35030,35029,Rank 2/2,,All damage caused by you is increased by 2% while your pet is active and the critical strike chance of your Kill Command ability is increased by 20%.,Talent Passive,Data only,,,,,Data only,TALENT,https://www.wowhead.com/tbc/spell=35030,Talent: Focused Fire; tree row 2
Hunter,Beast Mastery,Talent,Frenzy,19621,19621,Rank 1/5,,Gives your pet a 20% chance to gain a 30% attack speed increase for 8 sec after dealing a critical strike.,Talent Passive,Data only,,8,,,Data only,TALENT,https://www.wowhead.com/tbc/spell=19621,Talent: Frenzy; tree row 6
Hunter,Beast Mastery,Talent,Frenzy,19622,19621,Rank 2/5,,Gives your pet a 40% chance to gain a 30% attack speed increase for 8 sec after dealing a critical strike.,Talent Passive,Data only,,8,,,Data only,TALENT,https://www.wowhead.com/tbc/spell=19622,Talent: Frenzy; tree row 6
Hunter,Beast Mastery,Talent,Frenzy,19623,19621,Rank 3/5,,Gives your pet a 60% chance to gain a 30% attack speed increase for 8 sec after dealing a critical strike.,Talent Passive,Data only,,8,,,Data only,TALENT,https://www.wowhead.com/tbc/spell=19623,Talent: Frenzy; tree row 6
Hunter,Beast Mastery,Talent,Frenzy,19624,19621,Rank 4/5,,Gives your pet a 80% chance to gain a 30% attack speed increase for 8 sec after dealing a critical strike.,Talent Passive,Data only,,8,,,Data only,TALENT,https://www.wowhead.com/tbc/spell=19624,Talent: Frenzy; tree row 6
Hunter,Beast Mastery,Talent,Frenzy,19625,19621,Rank 5/5,,Gives your pet a 100% chance to gain a 30% attack speed increase for 8 sec after dealing a critical strike.,Talent Passive,Data only,,8,,,Data only,TALENT,https://www.wowhead.com/tbc/spell=19625,Talent: Frenzy; tree row 6
Hunter,Beast Mastery,Talent,Improved Aspect of the Hawk,19552,19552,Rank 1/5,,"While Aspect of the Hawk is active, all normal ranged attacks have a 10% chance of increasing ranged attack speed by 3% for 12 sec.",Talent Passive,Data only,,12,,,Data only,TALENT,https://www.wowhead.com/tbc/spell=19552,Talent: Improved Aspect of the Hawk; tree row 1
Hunter,Beast Mastery,Talent,Improved Aspect of the Hawk,19553,19552,Rank 2/5,,"While Aspect of the Hawk is active, all normal ranged attacks have a 10% chance of increasing ranged attack speed by 6% for 12 sec.",Talent Passive,Data only,,12,,,Data only,TALENT,https://www.wowhead.com/tbc/spell=19553,Talent: Improved Aspect of the Hawk; tree row 1
Hunter,Beast Mastery,Talent,Improved Aspect of the Hawk,19554,19552,Rank 3/5,,"While Aspect of the Hawk is active, all normal ranged attacks have a 10% chance of increasing ranged attack speed by 9% for 12 sec.",Talent Passive,Data only,,12,,,Data only,TALENT,https://www.wowhead.com/tbc/spell=19554,Talent: Improved Aspect of the Hawk; tree row 1
Hunter,Beast Mastery,Talent,Improved Aspect of the Hawk,19555,19552,Rank 4/5,,"While Aspect of the Hawk is active, all normal ranged attacks have a 10% chance of increasing ranged attack speed by 12% for 12 sec.",Talent Passive,Data only,,12,,,Data only,TALENT,https://www.wowhead.com/tbc/spell=19555,Talent: Improved Aspect of the Hawk; tree row 1
Hunter,Beast Mastery,Talent,Improved Aspect of the Hawk,19556,19552,Rank 5/5,,"While Aspect of the Hawk is active, all normal ranged attacks have a 10% chance of increasing ranged attack speed by 15% for 12 sec.",Talent Passive,Data only,,12,,,Data only,TALENT,https://www.wowhead.com/tbc/spell=19556,Talent: Improved Aspect of the Hawk; tree row 1
Hunter,Beast Mastery,Talent,Improved Aspect of the Monkey,19549,19549,Rank 1/3,,Increases the Dodge bonus of your Aspect of the Monkey by 2%.,Talent Passive,Data only,,,,,Data only,TALENT,https://www.wowhead.com/tbc/spell=19549,Talent: Improved Aspect of the Monkey; tree row 2
Hunter,Beast Mastery,Talent,Improved Aspect of the Monkey,19550,19549,Rank 2/3,,Increases the Dodge bonus of your Aspect of the Monkey by 4%.,Talent Passive,Data only,,,,,Data only,TALENT,https://www.wowhead.com/tbc/spell=19550,Talent: Improved Aspect of the Monkey; tree row 2
Hunter,Beast Mastery,Talent,Improved Aspect of the Monkey,19551,19549,Rank 3/3,,Increases the Dodge bonus of your Aspect of the Monkey by 6%.,Talent Passive,Data only,,,,,Data only,TALENT,https://www.wowhead.com/tbc/spell=19551,Talent: Improved Aspect of the Monkey; tree row 2
Hunter,Beast Mastery,Talent,Improved Mend Pet,19572,19572,Rank 1/2,,"Reduces the mana cost of your Mend Pet spell by 10% and gives the Mend Pet spell a 25% chance of cleansing 1 Curse, Disease, Magic or Poison effect from the pet each tick.",Talent Passive,Data only,,,,,Data only,TALENT,https://www.wowhead.com/tbc/spell=19572,Talent: Improved Mend Pet; tree row 4
Hunter,Beast Mastery,Talent,Improved Mend Pet,19573,19572,Rank 2/2,,"Reduces the mana cost of your Mend Pet spell by 20% and gives the Mend Pet spell a 50% chance of cleansing 1 Curse, Disease, Magic or Poison effect from the pet each tick.",Talent Passive,Data only,,,,,Data only,TALENT,https://www.wowhead.com/tbc/spell=19573,Talent: Improved Mend Pet; tree row 4
Hunter,Beast Mastery,Talent,Improved Revive Pet,19575,24443,Rank 2/2,,"Revive Pet's casting time is reduced by 6 sec, mana cost is reduced by 40%, and increases the health your pet returns with by an additional 30%.",Talent Passive,Data only,,,,,Data only,TALENT,https://www.wowhead.com/tbc/spell=19575,Talent: Improved Revive Pet; tree row 2
Hunter,Beast Mastery,Talent,Improved Revive Pet,24443,24443,Rank 1/2,,"Revive Pet's casting time is reduced by 3 sec, mana cost is reduced by 20%, and increases the health your pet returns with by an additional 15%.",Talent Passive,Data only,,,,,Data only,TALENT,https://www.wowhead.com/tbc/spell=24443,Talent: Improved Revive Pet; tree row 2
Hunter,Beast Mastery,Talent Ability,Intimidation,19577,19577,Rank 1/1,,"Command your pet to intimidate the target on the next successful melee attack, causing a high amount of threat and stunning the target for 3 sec.",Crowd Control,Utility,60,3,6% of base mana,24394,Cooldown + aura,CC_HARD,https://www.wowhead.com/tbc/spell=19577,Talent-required | Talent: Intimidation
Hunter,Beast Mastery,Talent,Pathfinding,19559,19559,Rank 1/2,,Increases the speed bonus of your Aspect of the Cheetah and Aspect of the Pack by 4%.,Talent Passive,Data only,,,,,Data only,TALENT,https://www.wowhead.com/tbc/spell=19559,Talent: Pathfinding; tree row 3
Hunter,Beast Mastery,Talent,Pathfinding,19560,19559,Rank 2/2,,Increases the speed bonus of your Aspect of the Cheetah and Aspect of the Pack by 8%.,Talent Passive,Data only,,,,,Data only,TALENT,https://www.wowhead.com/tbc/spell=19560,Talent: Pathfinding; tree row 3
Hunter,Beast Mastery,Talent,Serpent's Swiftness,34466,34466,Rank 1/5,,Increases ranged combat attack speed by 4% and your pet's melee attack speed by 4%.,Talent Passive,Data only,,,,,Data only,TALENT,https://www.wowhead.com/tbc/spell=34466,Talent: Serpent's Swiftness; tree row 8
Hunter,Beast Mastery,Talent,Serpent's Swiftness,34467,34466,Rank 2/5,,Increases ranged combat attack speed by 8% and your pet's melee attack speed by 8%.,Talent Passive,Data only,,,,,Data only,TALENT,https://www.wowhead.com/tbc/spell=34467,Talent: Serpent's Swiftness; tree row 8
Hunter,Beast Mastery,Talent,Serpent's Swiftness,34468,34466,Rank 3/5,,Increases ranged combat attack speed by 12% and your pet's melee attack speed by 12%.,Talent Passive,Data only,,,,,Data only,TALENT,https://www.wowhead.com/tbc/spell=34468,Talent: Serpent's Swiftness; tree row 8
Hunter,Beast Mastery,Talent,Serpent's Swiftness,34469,34466,Rank 4/5,,Increases ranged combat attack speed by 16% and your pet's melee attack speed by 16%.,Talent Passive,Data only,,,,,Data only,TALENT,https://www.wowhead.com/tbc/spell=34469,Talent: Serpent's Swiftness; tree row 8
Hunter,Beast Mastery,Talent,Serpent's Swiftness,34470,34466,Rank 5/5,,Increases ranged combat attack speed by 20% and your pet's melee attack speed by 20%.,Talent Passive,Data only,,,,,Data only,TALENT,https://www.wowhead.com/tbc/spell=34470,Talent: Serpent's Swiftness; tree row 8
Hunter,Beast Mastery,Talent,Spirit Bond,19578,19578,Rank 1/2,,"While your pet is active, you and your pet will regenerate 1% of total health every 10 sec.",Talent Passive,Data only,,,,,Data only,TALENT,https://www.wowhead.com/tbc/spell=19578,Talent: Spirit Bond; tree row 5
Hunter,Beast Mastery,Talent,Spirit Bond,20895,19578,Rank 2/2,,"While your pet is active, you and your pet will regenerate 2% of total health every 10 sec.",Talent Passive,Data only,,,,,Data only,TALENT,https://www.wowhead.com/tbc/spell=20895,Talent: Spirit Bond; tree row 5
Hunter,Beast Mastery,Talent,The Beast Within,34692,34692,Rank 1/1,,"When your pet is under the effects of Bestial Wrath, you also go into a rage causing 10% additional damage and reducing mana costs of all spells by 20% for 18 sec. While enraged, you do not feel pity or remorse or fear and you cannot be stopped unless killed.",Talent Passive,Data only,,18,,,Data only,TALENT,https://www.wowhead.com/tbc/spell=34692,Talent: The Beast Within; tree row 9
Hunter,Beast Mastery,Talent,Thick Hide,19609,19609,Rank 1/3,,Increases the armor rating of your pets by 7% and your armor contribution from items by 4%.,Talent Passive,Data only,,,,,Data only,TALENT,https://www.wowhead.com/tbc/spell=19609,Talent: Thick Hide; tree row 2
Hunter,Beast Mastery,Talent,Thick Hide,19610,19609,Rank 2/3,,Increases the armor rating of your pets by 14% and your armor contribution from items by 7%.,Talent Passive,Data only,,,,,Data only,TALENT,https://www.wowhead.com/tbc/spell=19610,Talent: Thick Hide; tree row 2
Hunter,Beast Mastery,Talent,Thick Hide,19612,19609,Rank 3/3,,Increases the armor rating of your pets by 20% and your armor contribution from items by 10%.,Talent Passive,Data only,,,,,Data only,TALENT,https://www.wowhead.com/tbc/spell=19612,Talent: Thick Hide; tree row 2
Hunter,Beast Mastery,Talent,Unleashed Fury,19616,19616,Rank 1/5,,Increases the damage done by your pets by 4%.,Talent Passive,Data only,,,,,Data only,TALENT,https://www.wowhead.com/tbc/spell=19616,Talent: Unleashed Fury; tree row 3
Hunter,Beast Mastery,Talent,Unleashed Fury,19617,19616,Rank 2/5,,Increases the damage done by your pets by 8%.,Talent Passive,Data only,,,,,Data only,TALENT,https://www.wowhead.com/tbc/spell=19617,Talent: Unleashed Fury; tree row 3
Hunter,Beast Mastery,Talent,Unleashed Fury,19618,19616,Rank 3/5,,Increases the damage done by your pets by 12%.,Talent Passive,Data only,,,,,Data only,TALENT,https://www.wowhead.com/tbc/spell=19618,Talent: Unleashed Fury; tree row 3
Hunter,Beast Mastery,Talent,Unleashed Fury,19619,19616,Rank 4/5,,Increases the damage done by your pets by 16%.,Talent Passive,Data only,,,,,Data only,TALENT,https://www.wowhead.com/tbc/spell=19619,Talent: Unleashed Fury; tree row 3
Hunter,Beast Mastery,Talent,Unleashed Fury,19620,19616,Rank 5/5,,Increases the damage done by your pets by 20%.,Talent Passive,Data only,,,,,Data only,TALENT,https://www.wowhead.com/tbc/spell=19620,Talent: Unleashed Fury; tree row 3
Hunter,Class-wide / Shared,Ability,Arcane Shot,3044,3044,Rank 1,6,An instant shot that causes (Ranged Attack Power * 0.15 + 15) Arcane damage.,Offensive,Main,6,,25 Mana,,Cooldown,"DPS, PVE_PVP, ROTATIONAL",https://www.wowhead.com/tbc/spell=3044,
Hunter,Class-wide / Shared,Ability,Arcane Shot,14281,3044,Rank 2,12,An instant shot that causes (Ranged Attack Power * 0.15 + 23) Arcane damage.,Offensive,Main,6,,35 Mana,,Cooldown,"DPS, PVE_PVP, ROTATIONAL",https://www.wowhead.com/tbc/spell=14281,
Hunter,Class-wide / Shared,Ability,Arcane Shot,14282,3044,Rank 3,20,An instant shot that causes (Ranged Attack Power * 0.15 + 36) Arcane damage.,Offensive,Main,6,,50 Mana,,Cooldown,"DPS, PVE_PVP, ROTATIONAL",https://www.wowhead.com/tbc/spell=14282,
Hunter,Class-wide / Shared,Ability,Arcane Shot,14283,3044,Rank 4,28,An instant shot that causes (Ranged Attack Power * 0.15 + 65) Arcane damage.,Offensive,Main,6,,80 Mana,,Cooldown,"DPS, PVE_PVP, ROTATIONAL",https://www.wowhead.com/tbc/spell=14283,
Hunter,Class-wide / Shared,Ability,Arcane Shot,14284,3044,Rank 5,36,An instant shot that causes (Ranged Attack Power * 0.15 + 91) Arcane damage.,Offensive,Main,6,,105 Mana,,Cooldown,"DPS, PVE_PVP, ROTATIONAL",https://www.wowhead.com/tbc/spell=14284,
Hunter,Class-wide / Shared,Ability,Arcane Shot,14285,3044,Rank 6,44,An instant shot that causes (Ranged Attack Power * 0.15 + 125) Arcane damage and dispels 1 Magic effect.,Offensive,Main,6,,135 Mana,,Cooldown,"DPS, PVE_PVP, ROTATIONAL",https://www.wowhead.com/tbc/spell=14285,
Hunter,Class-wide / Shared,Ability,Arcane Shot,14286,3044,Rank 7,52,An instant shot that causes (Ranged Attack Power * 0.15 + 158) Arcane damage and dispels 1 Magic effect.,Offensive,Main,6,,160 Mana,,Cooldown,"DPS, PVE_PVP, ROTATIONAL",https://www.wowhead.com/tbc/spell=14286,
Hunter,Class-wide / Shared,Ability,Arcane Shot,14287,3044,Rank 8,60,An instant shot that causes (Ranged Attack Power * 0.15 + 200) Arcane damage and dispels 1 Magic effect.,Offensive,Main,6,,190 Mana,,Cooldown,"DPS, PVE_PVP, ROTATIONAL",https://www.wowhead.com/tbc/spell=14287,
Hunter,Class-wide / Shared,Ability,Arcane Shot,27019,3044,Rank 9,69,An instant shot that causes (Ranged Attack Power * 0.15 + 273) Arcane damage and dispels 1 Magic effect.,Offensive,Main,6,,230 Mana,,Cooldown,"DPS, PVE_PVP, ROTATIONAL",https://www.wowhead.com/tbc/spell=27019,
Hunter,Class-wide / Shared,Ability,Aspect of the Beast,13161,13161,,30,"The hunter takes on the aspects of a beast, becoming untrackable. Only one Aspect can be active at a time.",Utility,Utility,0,,50 Mana,,Cooldown,"BUFF, LONG_BUFF, UTILITY",https://www.wowhead.com/tbc/spell=13161,
Hunter,Class-wide / Shared,Ability,Aspect of the Cheetah,5118,5118,,20,"The hunter takes on the aspects of a cheetah, increasing movement speed by 30%. If the hunter is struck, 
he
will be dazed for 4 sec. Only one Aspect can be active at a time.",Mobility,Utility,0,4,40 Mana,,Cooldown,"LONG_BUFF, MOVEMENT, MOVEMENT_SPEED",https://www.wowhead.com/tbc/spell=5118,
Hunter,Class-wide / Shared,Ability,Aspect of the Hawk,13165,13165,Rank 1,10,"The hunter takes on the aspects of a hawk, increasing ranged attack power by 20. Only one Aspect can be active at a time.",Offensive,Main,0,,20 Mana,,Cooldown,"BUFF, DPS, LONG_BUFF",https://www.wowhead.com/tbc/spell=13165,
Hunter,Class-wide / Shared,Ability,Aspect of the Hawk,14318,13165,Rank 2,18,"The hunter takes on the aspects of a hawk, increasing ranged attack power by 35. Only one Aspect can be active at a time.",Offensive,Main,0,,35 Mana,,Cooldown,"BUFF, DPS, LONG_BUFF",https://www.wowhead.com/tbc/spell=14318,
Hunter,Class-wide / Shared,Ability,Aspect of the Hawk,14319,13165,Rank 3,28,"The hunter takes on the aspects of a hawk, increasing ranged attack power by 50. Only one Aspect can be active at a time.",Offensive,Main,0,,50 Mana,,Cooldown,"BUFF, DPS, LONG_BUFF",https://www.wowhead.com/tbc/spell=14319,
Hunter,Class-wide / Shared,Ability,Aspect of the Hawk,14320,13165,Rank 4,38,"The hunter takes on the aspects of a hawk, increasing ranged attack power by 70. Only one Aspect can be active at a time.",Offensive,Main,0,,70 Mana,,Cooldown,"BUFF, DPS, LONG_BUFF",https://www.wowhead.com/tbc/spell=14320,
Hunter,Class-wide / Shared,Ability,Aspect of the Hawk,14321,13165,Rank 5,48,"The hunter takes on the aspects of a hawk, increasing ranged attack power by 90. Only one Aspect can be active at a time.",Offensive,Main,0,,90 Mana,,Cooldown,"BUFF, DPS, LONG_BUFF",https://www.wowhead.com/tbc/spell=14321,
Hunter,Class-wide / Shared,Ability,Aspect of the Hawk,14322,13165,Rank 6,58,"The hunter takes on the aspects of a hawk, increasing ranged attack power by 110. Only one Aspect can be active at a time.",Offensive,Main,0,,110 Mana,,Cooldown,"BUFF, DPS, LONG_BUFF",https://www.wowhead.com/tbc/spell=14322,
Hunter,Class-wide / Shared,Ability,Aspect of the Hawk,25296,13165,Rank 7,60,"The hunter takes on the aspects of a hawk, increasing ranged attack power by 120. Only one Aspect can be active at a time.",Offensive,Main,0,,120 Mana,,Cooldown,"BUFF, DPS, LONG_BUFF",https://www.wowhead.com/tbc/spell=25296,
Hunter,Class-wide / Shared,Ability,Aspect of the Hawk,27044,13165,Rank 8,68,"The hunter takes on the aspects of a hawk, increasing ranged attack power by 155. Only one Aspect can be active at a time.",Offensive,Main,0,,140 Mana,,Cooldown,"BUFF, DPS, LONG_BUFF",https://www.wowhead.com/tbc/spell=27044,
Hunter,Class-wide / Shared,Ability,Aspect of the Monkey,13163,13163,,4,"The hunter takes on the aspects of a monkey, increasing chance to dodge by 8%. Only one Aspect can be active at a time.",Defensive,Utility,0,,20 Mana,,Cooldown,"BUFF, DEFENSIVE, LONG_BUFF",https://www.wowhead.com/tbc/spell=13163,
Hunter,Class-wide / Shared,Ability,Aspect of the Pack,13159,13159,,40,"The hunter and group members within 30 yards take on the aspects of a pack of cheetahs, increasing movement speed by 30%. If a pack member is struck, they will be dazed for 4 sec. Only one Aspect can be active at a time.",Mobility,Utility,0,4,100 Mana,,Cooldown,"LONG_BUFF, MOVEMENT, MOVEMENT_SPEED, UTILITY",https://www.wowhead.com/tbc/spell=13159,
Hunter,Class-wide / Shared,Ability,Aspect of the Viper,34074,34074,,64,"The hunter takes on the aspects of a viper, regenerating mana equal to up to 55% of 
his
Intellect plus 35% of 
his
level every 5 sec. The lower the hunter's current mana, the more mana will be regenerated. Only one Aspect can be active at a time.",Resource,Main,0,,40 Mana,,Cooldown,"BUFF, RESOURCE",https://www.wowhead.com/tbc/spell=34074,
Hunter,Class-wide / Shared,Ability,Aspect of the Wild,20043,20043,Rank 1,46,"The hunter and group members within 30 yards take on the aspect of the wild, increasing Nature resistance by 45. Only one Aspect can be active at a time.",Utility,Utility,0,,90 Mana,,Cooldown,"BUFF, LONG_BUFF, UTILITY",https://www.wowhead.com/tbc/spell=20043,
Hunter,Class-wide / Shared,Ability,Aspect of the Wild,20190,20043,Rank 2,56,"The hunter and group members within 30 yards take on the aspect of the wild, increasing Nature resistance by 60. Only one Aspect can be active at a time.",Utility,Utility,0,,115 Mana,,Cooldown,"BUFF, LONG_BUFF, UTILITY",https://www.wowhead.com/tbc/spell=20190,
Hunter,Class-wide / Shared,Ability,Aspect of the Wild,27045,20043,Rank 3,68,"The hunter and group members within 30 yards take on the aspect of the wild, increasing Nature resistance by 70. Only one Aspect can be active at a time.",Utility,Utility,0,,150 Mana,,Cooldown,"BUFF, LONG_BUFF, UTILITY",https://www.wowhead.com/tbc/spell=27045,
Hunter,Class-wide / Shared,Ability,Beast Lore,1462,1462,,24,"Gather information about the target beast. The tooltip will display damage, health, armor, any special resistances, and diet. In addition, Beast Lore will reveal whether or not the creature is tameable and what abilities the tamed creature has.",Utility,Utility,0,,40 Mana,,Cooldown,"OUT_OF_COMBAT, UTILITY",https://www.wowhead.com/tbc/spell=1462,
Hunter,Class-wide / Shared,Ability,Call Pet,883,883,,10,Summons your pet to you.,Utility,Utility,0,,,,Cooldown,"PET_SUMMON, UTILITY",https://www.wowhead.com/tbc/spell=883,
Hunter,Class-wide / Shared,Ability,Concussive Shot,5116,5116,,8,"Dazes the target, slowing movement speed by 50% for 4 sec.",Crowd Control,Utility,12,4,6% of base mana,,Cooldown,CC_SOFT,https://www.wowhead.com/tbc/spell=5116,
Hunter,Class-wide / Shared,Ability,Disengage,781,781,Rank 1,20,"Attempts to disengage from the target, reducing threat. Character exits combat mode.",Utility,Utility,5,,50 Mana,,Cooldown,UTILITY,https://www.wowhead.com/tbc/spell=781,
Hunter,Class-wide / Shared,Ability,Disengage,14272,781,Rank 1,34,"Attempts to disengage from the target, reducing threat. More effective than Disengage (Rank 1). Character exits combat mode.",Utility,Utility,5,,100 Mana,,Cooldown,UTILITY,https://www.wowhead.com/tbc/spell=14272,
Hunter,Class-wide / Shared,Ability,Disengage,14273,781,Rank 2,48,"Attempts to disengage from the target, reducing threat. More effective than Disengage (Rank 2). Character exits combat mode.",Utility,Utility,5,,150 Mana,,Cooldown,UTILITY,https://www.wowhead.com/tbc/spell=14273,
Hunter,Class-wide / Shared,Ability,Disengage,27015,781,Rank 3,62,"Attempts to disengage from the target, reducing threat. More effective than Disengage (Rank 3). Character exits combat mode.",Utility,Utility,5,,205 Mana,,Cooldown,UTILITY,https://www.wowhead.com/tbc/spell=27015,
Hunter,Class-wide / Shared,Ability,Dismiss Pet,2641,2641,,10,Dismiss your pet. Dismissing your pet will reduce its happiness by 50.,Utility,Utility,0,,,,Cooldown,"OUT_OF_COMBAT, PET_CONTROL, UTILITY",https://www.wowhead.com/tbc/spell=2641,
Hunter,Class-wide / Shared,Ability,Explosive Trap,13813,13813,Rank 1,34,"Place a fire trap that explodes when an enemy approaches, causing (Ranged Attack Power * 0.1 + 100) to (Ranged Attack Power * 0.1 + 130) Fire damage and burning all enemies for 150 additional Fire damage over 20 sec to all within 10 yards. Trap will exist for 1 min. Only one trap can be active at a time.",Offensive,Main,30,60,275 Mana,,Cooldown,"AOE, DPS, MINOR",https://www.wowhead.com/tbc/spell=13813,
Hunter,Class-wide / Shared,Ability,Explosive Trap,14316,13813,Rank 2,44,"Place a fire trap that explodes when an enemy approaches, causing (Ranged Attack Power * 0.1 + 139) to (Ranged Attack Power * 0.1 + 187) Fire damage and burning all enemies for 240 additional Fire damage over 20 sec to all within 10 yards. Trap will exist for 1 min. Only one trap can be active at a time.",Offensive,Main,30,60,395 Mana,,Cooldown,"AOE, DPS, MINOR",https://www.wowhead.com/tbc/spell=14316,
Hunter,Class-wide / Shared,Ability,Explosive Trap,14317,13813,Rank 3,54,"Place a fire trap that explodes when an enemy approaches, causing (Ranged Attack Power * 0.1 + 201) to (Ranged Attack Power * 0.1 + 257) Fire damage and burning all enemies for 330 additional Fire damage over 20 sec to all within 10 yards. Trap will exist for 1 min. Only one trap can be active at a time.",Offensive,Main,30,60,520 Mana,,Cooldown,"AOE, DPS, MINOR",https://www.wowhead.com/tbc/spell=14317,
Hunter,Class-wide / Shared,Ability,Explosive Trap,27025,13813,Rank 4,61,"Place a fire trap that explodes when an enemy approaches, causing (Ranged Attack Power * 0.1 + 263) to (Ranged Attack Power * 0.1 + 337) Fire damage and burning all enemies for 450 additional Fire damage over 20 sec to all within 10 yards. Trap will exist for 1 min. Only one trap can be active at a time.",Offensive,Main,30,60,650 Mana,,Cooldown,"AOE, DPS, MINOR",https://www.wowhead.com/tbc/spell=27025,
Hunter,Class-wide / Shared,Ability,Feign Death,5384,5384,,30,Feign death which may trick enemies into ignoring you. Lasts up to 6 min.,Defensive,Utility,30,,80 Mana,,Cooldown,"DEFENSIVE, MINOR, UTILITY",https://www.wowhead.com/tbc/spell=5384,
Hunter,Class-wide / Shared,Ability,Flare,1543,1543,,32,Exposes all hidden and invisible enemies within 10 yards of the targeted area for 20 sec.,Utility,Utility,20,20,50 Mana,,Cooldown,"STEALTH_BREAK, TIMED_EFFECT, UTILITY",https://www.wowhead.com/tbc/spell=1543,
Hunter,Class-wide / Shared,Ability,Freezing Trap,1499,1499,Rank 1,20,"Place a frost trap that freezes the first enemy that approaches, preventing all action for up to 10 sec. Any damage caused will break the ice. Trap will exist for 1 min. Only one trap can be active at a time.",Crowd Control,Utility,30,60,50 Mana,,Cooldown,"CC_HARD, UTILITY",https://www.wowhead.com/tbc/spell=1499,
Hunter,Class-wide / Shared,Ability,Freezing Trap,14310,1499,Rank 2,40,"Place a frost trap that freezes the first enemy that approaches, preventing all action for up to 15 sec. Any damage caused will break the ice. Trap will exist for 1 min. Only one trap can be active at a time.",Crowd Control,Utility,30,60,75 Mana,,Cooldown,"CC_HARD, UTILITY",https://www.wowhead.com/tbc/spell=14310,
Hunter,Class-wide / Shared,Ability,Freezing Trap,14311,1499,Rank 3,60,"Place a frost trap that freezes the first enemy that approaches, preventing all action for up to 20 sec. Any damage caused will break the ice. Trap will exist for 1 min. Only one trap can be active at a time.",Crowd Control,Utility,30,60,100 Mana,,Cooldown,"CC_HARD, UTILITY",https://www.wowhead.com/tbc/spell=14311,
Hunter,Class-wide / Shared,Ability,Freezing Trap,27753,1499,Rank 4,60,"Place a frost trap that freezes the first enemy that approaches, preventing all action for up to 20 sec. Any damage caused will break the ice. Trap will exist for 1 min. Only one trap can be active at a time.",Crowd Control,Utility,30,60,100 Mana,,Cooldown,"CC_HARD, UTILITY",https://www.wowhead.com/tbc/spell=27753,
Hunter,Class-wide / Shared,Ability,Freezing Trap Effect,3355,3355,Rank 1,20,,Crowd Control,Utility,0,20,,,Cooldown,CC_HARD,https://www.wowhead.com/tbc/spell=3355,
Hunter,Class-wide / Shared,Ability,Freezing Trap Effect,14308,3355,Rank 2,40,,Crowd Control,Utility,0,20,,,Cooldown,CC_HARD,https://www.wowhead.com/tbc/spell=14308,
Hunter,Class-wide / Shared,Ability,Freezing Trap Effect,14309,3355,Rank 3,60,,Crowd Control,Utility,0,20,,,Cooldown,CC_HARD,https://www.wowhead.com/tbc/spell=14309,
Hunter,Class-wide / Shared,Ability,Frost Trap,13809,13809,,28,Place a frost trap that creates an ice slick around itself for 30 sec when the first enemy approaches it. All enemies within 10 yards will be slowed by 60% while in the area of effect. Trap will exist for 1 min. Only one trap can be active at a time.,Crowd Control,Utility,30,60,60 Mana,,Cooldown,"CC_SOFT, UTILITY",https://www.wowhead.com/tbc/spell=13809,
Hunter,Class-wide / Shared,Ability,Hunter's Mark,1130,1130,Rank 1,6,"Places the Hunter's Mark on the target, increasing the ranged attack power of all attackers against that target by 20 and by an additional 2 each time they are struck by a ranged attack, up to a maximum of 80. In addition, the target of this ability can always be seen by the hunter whether it stealths or turns invisible. The target also appears on the mini-map. Lasts for 2 min.",Offensive,Main,0,120,15 Mana,,Cooldown + aura,"DEBUFF, DPS, MAINTENANCE, PVE_PVP",https://www.wowhead.com/tbc/spell=1130,
Hunter,Class-wide / Shared,Ability,Hunter's Mark,14323,1130,Rank 2,22,"Places the Hunter's Mark on the target, increasing the ranged attack power of all attackers against that target by 45 and by an additional 5 each time they are struck by a ranged attack, up to a maximum of 180. In addition, the target of this ability can always be seen by the hunter whether it stealths or turns invisible. The target also appears on the mini-map. Lasts for 2 min.",Offensive,Main,0,120,30 Mana,,Cooldown + aura,"DEBUFF, DPS, MAINTENANCE, PVE_PVP",https://www.wowhead.com/tbc/spell=14323,
Hunter,Class-wide / Shared,Ability,Hunter's Mark,14324,1130,Rank 3,40,"Places the Hunter's Mark on the target, increasing the ranged attack power of all attackers against that target by 75 and by an additional 8 each time they are struck by a ranged attack, up to a maximum of 300. In addition, the target of this ability can always be seen by the hunter whether it stealths or turns invisible. The target also appears on the mini-map. Lasts for 2 min.",Offensive,Main,0,120,45 Mana,,Cooldown + aura,"DEBUFF, DPS, MAINTENANCE, PVE_PVP",https://www.wowhead.com/tbc/spell=14324,
Hunter,Class-wide / Shared,Ability,Hunter's Mark,14325,1130,Rank 4,58,"Places the Hunter's Mark on the target, increasing the ranged attack power of all attackers against that target by 110 and by an additional 11 each time they are struck by a ranged attack, up to a maximum of 440. In addition, the target of this ability can always be seen by the hunter whether it stealths or turns invisible. The target also appears on the mini-map. Lasts for 2 min.",Offensive,Main,0,120,60 Mana,,Cooldown + aura,"DEBUFF, DPS, MAINTENANCE, PVE_PVP",https://www.wowhead.com/tbc/spell=14325,
Hunter,Class-wide / Shared,Ability,Immolation Trap,13795,13795,Rank 1,16,Place a fire trap that will burn the first enemy to approach for (Ranged Attack Power * 0.1 + 21 * 5) Fire damage over 15 sec. Trap will exist for 1 min. Only one trap can be active at a time.,Offensive,Main,30,60,50 Mana,,Cooldown,"DEBUFF, DPS, MINOR",https://www.wowhead.com/tbc/spell=13795,
Hunter,Class-wide / Shared,Ability,Immolation Trap,14302,13795,Rank 2,26,Place a fire trap that will burn the first enemy to approach for (Ranged Attack Power * 0.1 + 43 * 5) Fire damage over 15 sec. Trap will exist for 1 min. Only one trap can be active at a time.,Offensive,Main,30,60,90 Mana,,Cooldown,"DEBUFF, DPS, MINOR",https://www.wowhead.com/tbc/spell=14302,
Hunter,Class-wide / Shared,Ability,Immolation Trap,14303,13795,Rank 3,36,Place a fire trap that will burn the first enemy to approach for (Ranged Attack Power * 0.1 + 68 * 5) Fire damage over 15 sec. Trap will exist for 1 min. Only one trap can be active at a time.,Offensive,Main,30,60,135 Mana,,Cooldown,"DEBUFF, DPS, MINOR",https://www.wowhead.com/tbc/spell=14303,
Hunter,Class-wide / Shared,Ability,Immolation Trap,14304,13795,Rank 4,46,Place a fire trap that will burn the first enemy to approach for (Ranged Attack Power * 0.1 + 102 * 5) Fire damage over 15 sec. Trap will exist for 1 min. Only one trap can be active at a time.,Offensive,Main,30,60,190 Mana,,Cooldown,"DEBUFF, DPS, MINOR",https://www.wowhead.com/tbc/spell=14304,
Hunter,Class-wide / Shared,Ability,Immolation Trap,14305,13795,Rank 5,56,Place a fire trap that will burn the first enemy to approach for (Ranged Attack Power * 0.1 + 138 * 5) Fire damage over 15 sec. Trap will exist for 1 min. Only one trap can be active at a time.,Offensive,Main,30,60,245 Mana,,Cooldown,"DEBUFF, DPS, MINOR",https://www.wowhead.com/tbc/spell=14305,
Hunter,Class-wide / Shared,Ability,Immolation Trap,27023,13795,Rank 6,65,Place a fire trap that will burn the first enemy to approach for (Ranged Attack Power * 0.1 + 197 * 5) Fire damage over 15 sec. Trap will exist for 1 min. Only one trap can be active at a time.,Offensive,Main,30,60,305 Mana,,Cooldown,"DEBUFF, DPS, MINOR",https://www.wowhead.com/tbc/spell=27023,
Hunter,Class-wide / Shared,Ability,Kill Command,34026,34026,,66,"Give the command to kill, causing your pet to instantly attack for an additional 127 damage. Can only be used after the Hunter lands a critical strike on the target.",Offensive,Main,5,,75 Mana,,Cooldown,"DPS, PVE, ROTATIONAL",https://www.wowhead.com/tbc/spell=34026,
Hunter,Class-wide / Shared,Ability,Mend Pet,136,136,Rank 1,12,Heals your pet for 125 health over 15 sec.,Healing,Utility,0,15,40 Mana,,Cooldown,"HEAL_SINGLE, PET",https://www.wowhead.com/tbc/spell=136,
Hunter,Class-wide / Shared,Ability,Mend Pet,3111,136,Rank 2,20,Heals your pet for 250 health over 15 sec.,Healing,Utility,0,15,70 Mana,,Cooldown,"HEAL_SINGLE, PET",https://www.wowhead.com/tbc/spell=3111,
Hunter,Class-wide / Shared,Ability,Mend Pet,3661,136,Rank 3,28,Heals your pet for 450 health over 15 sec.,Healing,Utility,0,15,100 Mana,,Cooldown,"HEAL_SINGLE, PET",https://www.wowhead.com/tbc/spell=3661,
Hunter,Class-wide / Shared,Ability,Mend Pet,3662,136,Rank 4,36,Heals your pet for 700 health over 15 sec.,Healing,Utility,0,15,130 Mana,,Cooldown,"HEAL_SINGLE, PET",https://www.wowhead.com/tbc/spell=3662,
Hunter,Class-wide / Shared,Ability,Mend Pet,13542,136,Rank 5,44,Heals your pet for 1000 health over 15 sec.,Healing,Utility,0,15,165 Mana,,Cooldown,"HEAL_SINGLE, PET",https://www.wowhead.com/tbc/spell=13542,
Hunter,Class-wide / Shared,Ability,Mend Pet,13543,136,Rank 6,52,Heals your pet for 1400 health over 15 sec.,Healing,Utility,0,15,200 Mana,,Cooldown,"HEAL_SINGLE, PET",https://www.wowhead.com/tbc/spell=13543,
Hunter,Class-wide / Shared,Ability,Mend Pet,13544,136,Rank 7,60,Heals your pet for 1825 health over 15 sec.,Healing,Utility,0,15,250 Mana,,Cooldown,"HEAL_SINGLE, PET",https://www.wowhead.com/tbc/spell=13544,
Hunter,Class-wide / Shared,Ability,Mend Pet,27046,136,Rank 8,68,Heals your pet for 2375 health over 15 sec.,Healing,Utility,0,15,300 Mana,,Cooldown,"HEAL_SINGLE, PET",https://www.wowhead.com/tbc/spell=27046,
Hunter,Class-wide / Shared,Ability,Misdirection,34477,34477,,70,Threat caused by your next 3 attacks is redirected to the target raid member. Caster and target can only be affected by one Misdirection spell at a time. Effect lasts 30 sec.,Utility,Utility,120,30,9% of base mana,35079,Cooldown + aura,"IMPORTANT_EXTERNAL, PVE, UTILITY",https://www.wowhead.com/tbc/spell=34477,
Hunter,Class-wide / Shared,Ability,Mongoose Bite,1495,1495,Rank 1,16,Counterattack the enemy for (Attack Power * 0.2 + 25) damage. Can only be performed after you dodge.,Offensive,Main,5,,30 Mana,,Cooldown,"DPS, MINOR, PVE_PVP, REACTIVE",https://www.wowhead.com/tbc/spell=1495,
Hunter,Class-wide / Shared,Ability,Mongoose Bite,14269,1495,Rank 2,30,Counterattack the enemy for (Attack Power * 0.2 + 45) damage. Can only be performed after you dodge.,Offensive,Main,5,,40 Mana,,Cooldown,"DPS, MINOR, PVE_PVP, REACTIVE",https://www.wowhead.com/tbc/spell=14269,
Hunter,Class-wide / Shared,Ability,Mongoose Bite,14270,1495,Rank 3,44,Counterattack the enemy for (Attack Power * 0.2 + 75) damage. Can only be performed after you dodge.,Offensive,Main,5,,50 Mana,,Cooldown,"DPS, MINOR, PVE_PVP, REACTIVE",https://www.wowhead.com/tbc/spell=14270,
Hunter,Class-wide / Shared,Ability,Mongoose Bite,14271,1495,Rank 4,58,Counterattack the enemy for (Attack Power * 0.2 + 115) damage. Can only be performed after you dodge.,Offensive,Main,5,,65 Mana,,Cooldown,"DPS, MINOR, PVE_PVP, REACTIVE",https://www.wowhead.com/tbc/spell=14271,
Hunter,Class-wide / Shared,Ability,Mongoose Bite,36916,1495,Rank 5,70,Counterattack the enemy for (Attack Power * 0.2 + 150) damage. Can only be performed after you dodge.,Offensive,Main,5,,80 Mana,,Cooldown,"DPS, MINOR, PVE_PVP, REACTIVE",https://www.wowhead.com/tbc/spell=36916,
Hunter,Class-wide / Shared,Ability,Multi-Shot,2643,2643,Rank 1,18,"Fires several missiles, hitting 3 targets.",Offensive,Main,10,,100 Mana,,Cooldown,"AOE, DPS, PVE_PVP, ROTATIONAL",https://www.wowhead.com/tbc/spell=2643,
Hunter,Class-wide / Shared,Ability,Multi-Shot,14288,2643,Rank 2,30,"Fires several missiles, hitting 3 targets for an additional 40 damage.",Offensive,Main,10,,140 Mana,,Cooldown,"AOE, DPS, PVE_PVP, ROTATIONAL",https://www.wowhead.com/tbc/spell=14288,
Hunter,Class-wide / Shared,Ability,Multi-Shot,14289,2643,Rank 3,42,"Fires several missiles, hitting 3 targets for an additional 80 damage.",Offensive,Main,10,,175 Mana,,Cooldown,"AOE, DPS, PVE_PVP, ROTATIONAL",https://www.wowhead.com/tbc/spell=14289,
Hunter,Class-wide / Shared,Ability,Multi-Shot,14290,2643,Rank 4,54,"Fires several missiles, hitting 3 targets for an additional 120 damage.",Offensive,Main,10,,210 Mana,,Cooldown,"AOE, DPS, PVE_PVP, ROTATIONAL",https://www.wowhead.com/tbc/spell=14290,
Hunter,Class-wide / Shared,Ability,Multi-Shot,25294,2643,Rank 5,60,"Fires several missiles, hitting 3 targets for an additional 150 damage.",Offensive,Main,10,,230 Mana,,Cooldown,"AOE, DPS, PVE_PVP, ROTATIONAL",https://www.wowhead.com/tbc/spell=25294,
Hunter,Class-wide / Shared,Ability,Multi-Shot,27021,2643,Rank 6,67,"Fires several missiles, hitting 3 targets for an additional 205 damage.",Offensive,Main,10,,275 Mana,,Cooldown,"AOE, DPS, PVE_PVP, ROTATIONAL",https://www.wowhead.com/tbc/spell=27021,
Hunter,Class-wide / Shared,Ability,Rapid Fire,3045,3045,,26,Increases ranged attack speed by 40% for 15 sec.,Offensive,Main,300,15,100 Mana,,Cooldown + aura,"DPS, HAS_BUFF, MAJOR",https://www.wowhead.com/tbc/spell=3045,
Hunter,Class-wide / Shared,Ability,Raptor Strike,2973,2973,Rank 1,1,A strong attack that increases melee damage by 5.,Offensive,Main,6,,15 Mana,,Cooldown,"DPS, MINOR, PVE_PVP, SWING_RESET",https://www.wowhead.com/tbc/spell=2973,
Hunter,Class-wide / Shared,Ability,Raptor Strike,14260,2973,Rank 2,8,A strong attack that increases melee damage by 11.,Offensive,Main,6,,25 Mana,,Cooldown,"DPS, MINOR, PVE_PVP, SWING_RESET",https://www.wowhead.com/tbc/spell=14260,
Hunter,Class-wide / Shared,Ability,Raptor Strike,14261,2973,Rank 3,16,A strong attack that increases melee damage by 21.,Offensive,Main,6,,35 Mana,,Cooldown,"DPS, MINOR, PVE_PVP, SWING_RESET",https://www.wowhead.com/tbc/spell=14261,
Hunter,Class-wide / Shared,Ability,Raptor Strike,14262,2973,Rank 4,24,A strong attack that increases melee damage by 34.,Offensive,Main,6,,45 Mana,,Cooldown,"DPS, MINOR, PVE_PVP, SWING_RESET",https://www.wowhead.com/tbc/spell=14262,
Hunter,Class-wide / Shared,Ability,Raptor Strike,14263,2973,Rank 5,32,A strong attack that increases melee damage by 50.,Offensive,Main,6,,55 Mana,,Cooldown,"DPS, MINOR, PVE_PVP, SWING_RESET",https://www.wowhead.com/tbc/spell=14263,
Hunter,Class-wide / Shared,Ability,Raptor Strike,14264,2973,Rank 6,40,A strong attack that increases melee damage by 80.,Offensive,Main,6,,70 Mana,,Cooldown,"DPS, MINOR, PVE_PVP, SWING_RESET",https://www.wowhead.com/tbc/spell=14264,
Hunter,Class-wide / Shared,Ability,Raptor Strike,14265,2973,Rank 7,48,A strong attack that increases melee damage by 110.,Offensive,Main,6,,85 Mana,,Cooldown,"DPS, MINOR, PVE_PVP, SWING_RESET",https://www.wowhead.com/tbc/spell=14265,
Hunter,Class-wide / Shared,Ability,Raptor Strike,14266,2973,Rank 8,56,A strong attack that increases melee damage by 140.,Offensive,Main,6,,100 Mana,,Cooldown,"DPS, MINOR, PVE_PVP, SWING_RESET",https://www.wowhead.com/tbc/spell=14266,
Hunter,Class-wide / Shared,Ability,Raptor Strike,27014,2973,Rank 9,63,A strong attack that increases melee damage by 170.,Offensive,Main,6,,120 Mana,,Cooldown,"DPS, MINOR, PVE_PVP, SWING_RESET",https://www.wowhead.com/tbc/spell=27014,
Hunter,Class-wide / Shared,Ability,Scare Beast,1513,1513,Rank 1,14,"Scares a beast, causing it to run in fear for up to 10 sec. Damage caused may interrupt the effect. Only one beast can be feared at a time.",Crowd Control,Utility,30,20,35 Mana,,Cooldown,"CC_HARD, FEAR",https://www.wowhead.com/tbc/spell=1513,
Hunter,Class-wide / Shared,Ability,Scare Beast,14326,1513,Rank 2,30,"Scares a beast, causing it to run in fear for up to 15 sec. Damage caused may interrupt the effect. Only one beast can be feared at a time.",Crowd Control,Utility,30,20,50 Mana,,Cooldown,"CC_HARD, FEAR",https://www.wowhead.com/tbc/spell=14326,
Hunter,Class-wide / Shared,Ability,Scare Beast,14327,1513,Rank 3,46,"Scares a beast, causing it to run in fear for up to 20 sec. Damage caused may interrupt the effect. Only one beast can be feared at a time.",Crowd Control,Utility,30,20,75 Mana,,Cooldown,"CC_HARD, FEAR",https://www.wowhead.com/tbc/spell=14327,
Hunter,Class-wide / Shared,Ability,Serpent Sting,1978,1978,Rank 1,4,"Stings the target, causing (Ranged Attack Power * 0.1 + 4 * 5) Nature damage over 15 sec. Only one Sting per Hunter can be active on any one target.",Offensive,Main,0,15,15 Mana,,Cooldown,"DEBUFF, DPS, PVE_PVP, ROTATIONAL",https://www.wowhead.com/tbc/spell=1978,
Hunter,Class-wide / Shared,Ability,Serpent Sting,13549,1978,Rank 2,10,"Stings the target, causing (Ranged Attack Power * 0.1 + 8 * 5) Nature damage over 15 sec. Only one Sting per Hunter can be active on any one target.",Offensive,Main,0,15,30 Mana,,Cooldown,"DEBUFF, DPS, PVE_PVP, ROTATIONAL",https://www.wowhead.com/tbc/spell=13549,
Hunter,Class-wide / Shared,Ability,Serpent Sting,13550,1978,Rank 3,18,"Stings the target, causing (Ranged Attack Power * 0.1 + 16 * 5) Nature damage over 15 sec. Only one Sting per Hunter can be active on any one target.",Offensive,Main,0,15,50 Mana,,Cooldown,"DEBUFF, DPS, PVE_PVP, ROTATIONAL",https://www.wowhead.com/tbc/spell=13550,
Hunter,Class-wide / Shared,Ability,Serpent Sting,13551,1978,Rank 4,26,"Stings the target, causing (Ranged Attack Power * 0.1 + 28 * 5) Nature damage over 15 sec. Only one Sting per Hunter can be active on any one target.",Offensive,Main,0,15,80 Mana,,Cooldown,"DEBUFF, DPS, PVE_PVP, ROTATIONAL",https://www.wowhead.com/tbc/spell=13551,
Hunter,Class-wide / Shared,Ability,Serpent Sting,13552,1978,Rank 5,34,"Stings the target, causing (Ranged Attack Power * 0.1 + 42 * 5) Nature damage over 15 sec. Only one Sting per Hunter can be active on any one target.",Offensive,Main,0,15,115 Mana,,Cooldown,"DEBUFF, DPS, PVE_PVP, ROTATIONAL",https://www.wowhead.com/tbc/spell=13552,
Hunter,Class-wide / Shared,Ability,Serpent Sting,13553,1978,Rank 6,42,"Stings the target, causing (Ranged Attack Power * 0.1 + 58 * 5) Nature damage over 15 sec. Only one Sting per Hunter can be active on any one target.",Offensive,Main,0,15,150 Mana,,Cooldown,"DEBUFF, DPS, PVE_PVP, ROTATIONAL",https://www.wowhead.com/tbc/spell=13553,
Hunter,Class-wide / Shared,Ability,Serpent Sting,13554,1978,Rank 7,50,"Stings the target, causing (Ranged Attack Power * 0.1 + 77 * 5) Nature damage over 15 sec. Only one Sting per Hunter can be active on any one target.",Offensive,Main,0,15,190 Mana,,Cooldown,"DEBUFF, DPS, PVE_PVP, ROTATIONAL",https://www.wowhead.com/tbc/spell=13554,
Hunter,Class-wide / Shared,Ability,Serpent Sting,13555,1978,Rank 8,58,"Stings the target, causing (Ranged Attack Power * 0.1 + 98 * 5) Nature damage over 15 sec. Only one Sting per Hunter can be active on any one target.",Offensive,Main,0,15,230 Mana,,Cooldown,"DEBUFF, DPS, PVE_PVP, ROTATIONAL",https://www.wowhead.com/tbc/spell=13555,
Hunter,Class-wide / Shared,Ability,Serpent Sting,25295,1978,Rank 9,60,"Stings the target, causing (Ranged Attack Power * 0.1 + 111 * 5) Nature damage over 15 sec. Only one Sting per Hunter can be active on any one target.",Offensive,Main,0,15,250 Mana,,Cooldown,"DEBUFF, DPS, PVE_PVP, ROTATIONAL",https://www.wowhead.com/tbc/spell=25295,
Hunter,Class-wide / Shared,Ability,Serpent Sting,27016,1978,Rank 10,67,"Stings the target, causing (Ranged Attack Power * 0.1 + 132 * 5) Nature damage over 15 sec. Only one Sting per Hunter can be active on any one target.",Offensive,Main,0,15,275 Mana,,Cooldown,"DEBUFF, DPS, PVE_PVP, ROTATIONAL",https://www.wowhead.com/tbc/spell=27016,
Hunter,Class-wide / Shared,Ability,Steady Shot,34120,34120,,62,A steady shot that causes base weapon damage plus (Ranged Attack Power * 0.2 + 150). Causes an additional 175 against Dazed targets.,Offensive,Main,0,,110 Mana,,Cooldown,"DPS, FILLER, PVE",https://www.wowhead.com/tbc/spell=34120,
Hunter,Class-wide / Shared,Ability,Tranquilizing Shot,19801,19801,,60,Attempts to remove 1 Frenzy effect from an enemy creature.,Utility,Utility,20,,12% of base mana,,Cooldown,"DISPEL_MAGIC, PURGE",https://www.wowhead.com/tbc/spell=19801,
Hunter,Class-wide / Shared,Ability,Volley,1510,1510,Rank 1,40,"Continuously fires a volley of ammo at the target area, causing 50 Arcane damage to enemy targets within 8 yards every second for 6 sec.",Offensive,Main,60,6,350 Mana,,Cooldown,"AOE, DPS, PVE",https://www.wowhead.com/tbc/spell=1510,
Hunter,Class-wide / Shared,Ability,Volley,14294,1510,Rank 2,50,"Continuously fires a volley of ammo at the target area, causing 65 Arcane damage to enemy targets within 8 yards every second for 6 sec.",Offensive,Main,60,6,420 Mana,,Cooldown,"AOE, DPS, PVE",https://www.wowhead.com/tbc/spell=14294,
Hunter,Class-wide / Shared,Ability,Volley,14295,1510,Rank 3,58,"Continuously fires a volley of ammo at the target area, causing 80 Arcane damage to enemy targets within 8 yards every second for 6 sec.",Offensive,Main,60,6,490 Mana,,Cooldown,"AOE, DPS, PVE",https://www.wowhead.com/tbc/spell=14295,
Hunter,Class-wide / Shared,Ability,Volley,27022,1510,Rank 4,67,"Continuously fires a volley of ammo at the target area, causing 105 Arcane damage to enemy targets within 8 yards every second for 6 sec.",Offensive,Main,60,6,585 Mana,,Cooldown,"AOE, DPS, PVE",https://www.wowhead.com/tbc/spell=27022,
Hunter,Class-wide / Shared,Ability,Wing Clip,2974,2974,Rank 1,12,Inflicts 5 damage and reduces the enemy target's movement speed by 50% for 10 sec.,Crowd Control,Utility,0,10,40 Mana,,Cooldown,"CC_SOFT, FILLER",https://www.wowhead.com/tbc/spell=2974,
Hunter,Class-wide / Shared,Ability,Wing Clip,14267,2974,Rank 2,38,Inflicts 25 damage and reduces the enemy target's movement speed by 55% for 10 sec.,Crowd Control,Utility,0,10,60 Mana,,Cooldown,"CC_SOFT, FILLER",https://www.wowhead.com/tbc/spell=14267,
Hunter,Class-wide / Shared,Ability,Wing Clip,14268,2974,Rank 3,60,Inflicts 50 damage and reduces the enemy target's movement speed by 60% for 10 sec.,Crowd Control,Utility,0,10,80 Mana,,Cooldown,"CC_SOFT, FILLER",https://www.wowhead.com/tbc/spell=14268,
Hunter,Class-wide / Shared,Ability,Wing Clip,27633,2974,Rank 4,60,Inflicts 50 damage and reduces the enemy target's movement speed by 60% for 10 sec.,Crowd Control,Utility,0,10,80 Mana,,Cooldown,"CC_SOFT, FILLER",https://www.wowhead.com/tbc/spell=27633,
Hunter,Marksmanship,Talent Ability,Aimed Shot,19434,19434,Rank 1/1,,An aimed shot that increases ranged damage by 70 and reduces healing done to that target by 50%. Lasts 10 sec.,Offensive,Main,6,10,75 Mana,,Cooldown,"DPS, PVE, RANGED_RESET, ROTATIONAL",https://www.wowhead.com/tbc/spell=19434,Talent-required | Talent: Aimed Shot
Hunter,Marksmanship,Talent Ability,Aimed Shot,20900,19434,Rank 2,28,An aimed shot that increases ranged damage by 125 and reduces healing done to that target by 50%. Lasts 10 sec.,Offensive,Main,6,10,115 Mana,,Cooldown,"DPS, PVE, RANGED_RESET, ROTATIONAL",https://www.wowhead.com/tbc/spell=20900,Talent-required
Hunter,Marksmanship,Talent Ability,Aimed Shot,20901,19434,Rank 3,36,An aimed shot that increases ranged damage by 200 and reduces healing done to that target by 50%. Lasts 10 sec.,Offensive,Main,6,10,160 Mana,,Cooldown,"DPS, PVE, RANGED_RESET, ROTATIONAL",https://www.wowhead.com/tbc/spell=20901,Talent-required
Hunter,Marksmanship,Talent Ability,Aimed Shot,20902,19434,Rank 4,44,An aimed shot that increases ranged damage by 330 and reduces healing done to that target by 50%. Lasts 10 sec.,Offensive,Main,6,10,210 Mana,,Cooldown,"DPS, PVE, RANGED_RESET, ROTATIONAL",https://www.wowhead.com/tbc/spell=20902,Talent-required
Hunter,Marksmanship,Talent Ability,Aimed Shot,20903,19434,Rank 5,52,An aimed shot that increases ranged damage by 460 and reduces healing done to that target by 50%. Lasts 10 sec.,Offensive,Main,6,10,260 Mana,,Cooldown,"DPS, PVE, RANGED_RESET, ROTATIONAL",https://www.wowhead.com/tbc/spell=20903,Talent-required
Hunter,Marksmanship,Talent Ability,Aimed Shot,20904,19434,Rank 6,60,An aimed shot that increases ranged damage by 600 and reduces healing done to that target by 50%. Lasts 10 sec.,Offensive,Main,6,10,310 Mana,,Cooldown,"DPS, PVE, RANGED_RESET, ROTATIONAL",https://www.wowhead.com/tbc/spell=20904,Talent-required
Hunter,Marksmanship,Talent Ability,Aimed Shot,27065,19434,Rank 7,70,An aimed shot that increases ranged damage by 870 and reduces healing done to that target by 50%. Lasts 10 sec.,Offensive,Main,6,10,370 Mana,,Cooldown,"DPS, PVE, RANGED_RESET, ROTATIONAL",https://www.wowhead.com/tbc/spell=27065,Talent-required
Hunter,Marksmanship,Talent Ability,Aimed Shot,27632,19434,Rank 8,60,An aimed shot that increases ranged damage by 600.,Offensive,Main,6,10,310 Mana,,Cooldown,"DPS, PVE, RANGED_RESET, ROTATIONAL",https://www.wowhead.com/tbc/spell=27632,Talent-required
Hunter,Marksmanship,Talent,Barrage,19461,19461,Rank 1/3,,Increases the damage done by your Multi-Shot and Volley spells by 4%.,Talent Passive,Data only,,,,,Data only,TALENT,https://www.wowhead.com/tbc/spell=19461,Talent: Barrage; tree row 5
Hunter,Marksmanship,Talent,Barrage,19462,19461,Rank 2/3,,Increases the damage done by your Multi-Shot and Volley spells by 8%.,Talent Passive,Data only,,,,,Data only,TALENT,https://www.wowhead.com/tbc/spell=19462,Talent: Barrage; tree row 5
Hunter,Marksmanship,Talent,Barrage,24691,19461,Rank 3/3,,Increases the damage done by your Multi-Shot and Volley spells by 12%.,Talent Passive,Data only,,,,,Data only,TALENT,https://www.wowhead.com/tbc/spell=24691,Talent: Barrage; tree row 5
Hunter,Marksmanship,Talent,Careful Aim,34482,34482,Rank 1/3,,Increases your ranged attack power by an amount equal to 15% of your total Intellect.,Talent Passive,Data only,,,,,Data only,TALENT,https://www.wowhead.com/tbc/spell=34482,Talent: Careful Aim; tree row 7
Hunter,Marksmanship,Talent,Careful Aim,34483,34482,Rank 2/3,,Increases your ranged attack power by an amount equal to 30% of your total Intellect.,Talent Passive,Data only,,,,,Data only,TALENT,https://www.wowhead.com/tbc/spell=34483,Talent: Careful Aim; tree row 7
Hunter,Marksmanship,Talent,Careful Aim,34484,34482,Rank 3/3,,Increases your ranged attack power by an amount equal to 45% of your total Intellect.,Talent Passive,Data only,,,,,Data only,TALENT,https://www.wowhead.com/tbc/spell=34484,Talent: Careful Aim; tree row 7
Hunter,Marksmanship,Talent,Combat Experience,34475,34475,Rank 1/2,,Increases your total Agility by 1% and your total Intellect by 3%.,Talent Passive,Data only,,,,,Data only,TALENT,https://www.wowhead.com/tbc/spell=34475,Talent: Combat Experience; tree row 6
Hunter,Marksmanship,Talent,Combat Experience,34476,34475,Rank 2/2,,Increases your total Agility by 2% and your total Intellect by 6%.,Talent Passive,Data only,,,,,Data only,TALENT,https://www.wowhead.com/tbc/spell=34476,Talent: Combat Experience; tree row 6
Hunter,Marksmanship,Talent,Concussive Barrage,35100,35100,Rank 1/3,,Your successful Auto Shot attacks have a 2% chance to Daze the target for 4 sec.,Talent Passive,Data only,,4,,,Data only,TALENT,https://www.wowhead.com/tbc/spell=35100,Talent: Concussive Barrage; tree row 5
Hunter,Marksmanship,Talent,Concussive Barrage,35102,35100,Rank 2/3,,Your successful Auto Shot attacks have a 4% chance to Daze the target for 4 sec.,Talent Passive,Data only,,4,,,Data only,TALENT,https://www.wowhead.com/tbc/spell=35102,Talent: Concussive Barrage; tree row 5
Hunter,Marksmanship,Talent,Concussive Barrage,35103,35100,Rank 3/3,,Your successful Auto Shot attacks have a 6% chance to Daze the target for 4 sec.,Talent Passive,Data only,,4,,,Data only,TALENT,https://www.wowhead.com/tbc/spell=35103,Talent: Concussive Barrage; tree row 5
Hunter,Marksmanship,Talent,Efficiency,19416,19416,Rank 1/5,,Reduces the Mana cost of your Shots and Stings by 2%.,Talent Passive,Data only,,,,,Data only,TALENT,https://www.wowhead.com/tbc/spell=19416,Talent: Efficiency; tree row 2
Hunter,Marksmanship,Talent,Efficiency,19417,19416,Rank 2/5,,Reduces the Mana cost of your Shots and Stings by 4%.,Talent Passive,Data only,,,,,Data only,TALENT,https://www.wowhead.com/tbc/spell=19417,Talent: Efficiency; tree row 2
Hunter,Marksmanship,Talent,Efficiency,19418,19416,Rank 3/5,,Reduces the Mana cost of your Shots and Stings by 6%.,Talent Passive,Data only,,,,,Data only,TALENT,https://www.wowhead.com/tbc/spell=19418,Talent: Efficiency; tree row 2
Hunter,Marksmanship,Talent,Efficiency,19419,19416,Rank 4/5,,Reduces the Mana cost of your Shots and Stings by 8%.,Talent Passive,Data only,,,,,Data only,TALENT,https://www.wowhead.com/tbc/spell=19419,Talent: Efficiency; tree row 2
Hunter,Marksmanship,Talent,Efficiency,19420,19416,Rank 5/5,,Reduces the Mana cost of your Shots and Stings by 10%.,Talent Passive,Data only,,,,,Data only,TALENT,https://www.wowhead.com/tbc/spell=19420,Talent: Efficiency; tree row 2
Hunter,Marksmanship,Talent,Go for the Throat,34950,34950,Rank 1/2,,Your ranged critical hits cause your pet to generate 25 Focus.,Talent Passive,Data only,,,,,Data only,TALENT,https://www.wowhead.com/tbc/spell=34950,Talent: Go for the Throat; tree row 3
Hunter,Marksmanship,Talent,Go for the Throat,34954,34950,Rank 2/2,,Your ranged critical hits cause your pet to generate 50 Focus.,Talent Passive,Data only,,,,,Data only,TALENT,https://www.wowhead.com/tbc/spell=34954,Talent: Go for the Throat; tree row 3
Hunter,Marksmanship,Talent,Improved Arcane Shot,19454,19454,Rank 1/5,,Reduces the cooldown of your Arcane Shot by 0.2 sec.,Talent Passive,Data only,,,,,Data only,TALENT,https://www.wowhead.com/tbc/spell=19454,Talent: Improved Arcane Shot; tree row 3
Hunter,Marksmanship,Talent,Improved Arcane Shot,19455,19454,Rank 2/5,,Reduces the cooldown of your Arcane Shot by 0.4 sec.,Talent Passive,Data only,,,,,Data only,TALENT,https://www.wowhead.com/tbc/spell=19455,Talent: Improved Arcane Shot; tree row 3
Hunter,Marksmanship,Talent,Improved Arcane Shot,19456,19454,Rank 3/5,,Reduces the cooldown of your Arcane Shot by 0.6 sec.,Talent Passive,Data only,,,,,Data only,TALENT,https://www.wowhead.com/tbc/spell=19456,Talent: Improved Arcane Shot; tree row 3
Hunter,Marksmanship,Talent,Improved Arcane Shot,19457,19454,Rank 4/5,,Reduces the cooldown of your Arcane Shot by 0.8 sec.,Talent Passive,Data only,,,,,Data only,TALENT,https://www.wowhead.com/tbc/spell=19457,Talent: Improved Arcane Shot; tree row 3
Hunter,Marksmanship,Talent,Improved Arcane Shot,19458,19454,Rank 5/5,,Reduces the cooldown of your Arcane Shot by 1 sec.,Talent Passive,Data only,,,,,Data only,TALENT,https://www.wowhead.com/tbc/spell=19458,Talent: Improved Arcane Shot; tree row 3
Hunter,Marksmanship,Talent,Improved Barrage,35104,35104,Rank 1/3,,Increases the critical strike chance of your Multi-Shot ability by 4% and gives you a 33% chance to avoid interruption caused by damage while channeling Volley.,Talent Passive,Data only,,,,,Data only,TALENT,https://www.wowhead.com/tbc/spell=35104,Talent: Improved Barrage; tree row 7
Hunter,Marksmanship,Talent,Improved Barrage,35110,35104,Rank 2/3,,Increases the critical strike chance of your Multi-Shot ability by 8% and gives you a 66% chance to avoid interruption caused by damage while channeling Volley.,Talent Passive,Data only,,,,,Data only,TALENT,https://www.wowhead.com/tbc/spell=35110,Talent: Improved Barrage; tree row 7
Hunter,Marksmanship,Talent,Improved Barrage,35111,35104,Rank 3/3,,Increases the critical strike chance of your Multi-Shot ability by 12% and gives you a 100% chance to avoid interruption caused by damage while channeling Volley.,Talent Passive,Data only,,,,,Data only,TALENT,https://www.wowhead.com/tbc/spell=35111,Talent: Improved Barrage; tree row 7
Hunter,Marksmanship,Talent,Improved Concussive Shot,19407,19407,Rank 1/5,,Gives your Concussive Shot a 4% chance to stun the target for 3 sec.,Talent Passive,Data only,,3,,,Data only,TALENT,https://www.wowhead.com/tbc/spell=19407,Talent: Improved Concussive Shot; tree row 1
Hunter,Marksmanship,Talent,Improved Concussive Shot,19412,19407,Rank 2/5,,Gives your Concussive Shot a 8% chance to stun the target for 3 sec.,Talent Passive,Data only,,3,,,Data only,TALENT,https://www.wowhead.com/tbc/spell=19412,Talent: Improved Concussive Shot; tree row 1
Hunter,Marksmanship,Talent,Improved Concussive Shot,19413,19407,Rank 3/5,,Gives your Concussive Shot a 12% chance to stun the target for 3 sec.,Talent Passive,Data only,,3,,,Data only,TALENT,https://www.wowhead.com/tbc/spell=19413,Talent: Improved Concussive Shot; tree row 1
Hunter,Marksmanship,Talent,Improved Concussive Shot,19414,19407,Rank 4/5,,Gives your Concussive Shot a 16% chance to stun the target for 3 sec.,Talent Passive,Data only,,3,,,Data only,TALENT,https://www.wowhead.com/tbc/spell=19414,Talent: Improved Concussive Shot; tree row 1
Hunter,Marksmanship,Talent,Improved Concussive Shot,19415,19407,Rank 5/5,,Gives your Concussive Shot a 20% chance to stun the target for 3 sec.,Talent Passive,Data only,,3,,,Data only,TALENT,https://www.wowhead.com/tbc/spell=19415,Talent: Improved Concussive Shot; tree row 1
Hunter,Marksmanship,Talent,Improved Hunter's Mark,19421,19421,Rank 1/5,,Causes 20% of your Hunter's Mark ability's base attack power to apply to melee attack power as well.,Talent Passive,Data only,,,,,Data only,TALENT,https://www.wowhead.com/tbc/spell=19421,Talent: Improved Hunter's Mark; tree row 2
Hunter,Marksmanship,Talent,Improved Hunter's Mark,19422,19421,Rank 2/5,,Causes 40% of your Hunter's Mark ability's base attack power to apply to melee attack power as well.,Talent Passive,Data only,,,,,Data only,TALENT,https://www.wowhead.com/tbc/spell=19422,Talent: Improved Hunter's Mark; tree row 2
Hunter,Marksmanship,Talent,Improved Hunter's Mark,19423,19421,Rank 3/5,,Causes 60% of your Hunter's Mark ability's base attack power to apply to melee attack power as well.,Talent Passive,Data only,,,,,Data only,TALENT,https://www.wowhead.com/tbc/spell=19423,Talent: Improved Hunter's Mark; tree row 2
Hunter,Marksmanship,Talent,Improved Hunter's Mark,19424,19421,Rank 4/5,,Causes 80% of your Hunter's Mark ability's base attack power to apply to melee attack power as well.,Talent Passive,Data only,,,,,Data only,TALENT,https://www.wowhead.com/tbc/spell=19424,Talent: Improved Hunter's Mark; tree row 2
Hunter,Marksmanship,Talent,Improved Hunter's Mark,19425,19421,Rank 5/5,,Causes 100% of your Hunter's Mark ability's base attack power to apply to melee attack power as well.,Talent Passive,Data only,,,,,Data only,TALENT,https://www.wowhead.com/tbc/spell=19425,Talent: Improved Hunter's Mark; tree row 2
Hunter,Marksmanship,Talent,Improved Stings,19464,19464,Rank 1/5,,"Increases the damage done by your Serpent Sting and Wyvern Sting by 6% and the mana drained by your Viper Sting by 6%. In addition, reduces the chance your Stings will be dispelled by 6%.",Talent Passive,Data only,,,,,Data only,TALENT,https://www.wowhead.com/tbc/spell=19464,Talent: Improved Stings; tree row 4
Hunter,Marksmanship,Talent,Improved Stings,19465,19464,Rank 2/5,,"Increases the damage done by your Serpent Sting and Wyvern Sting by 12% and the mana drained by your Viper Sting by 12%. In addition, reduces the chance your Stings will be dispelled by 12%.",Talent Passive,Data only,,,,,Data only,TALENT,https://www.wowhead.com/tbc/spell=19465,Talent: Improved Stings; tree row 4
Hunter,Marksmanship,Talent,Improved Stings,19466,19464,Rank 3/5,,"Increases the damage done by your Serpent Sting and Wyvern Sting by 18% and the mana drained by your Viper Sting by 18%. In addition, reduces the chance your Stings will be dispelled by 18%.",Talent Passive,Data only,,,,,Data only,TALENT,https://www.wowhead.com/tbc/spell=19466,Talent: Improved Stings; tree row 4
Hunter,Marksmanship,Talent,Improved Stings,19467,19464,Rank 4/5,,"Increases the damage done by your Serpent Sting and Wyvern Sting by 24% and the mana drained by your Viper Sting by 24%. In addition, reduces the chance your Stings will be dispelled by 24%.",Talent Passive,Data only,,,,,Data only,TALENT,https://www.wowhead.com/tbc/spell=19467,Talent: Improved Stings; tree row 4
Hunter,Marksmanship,Talent,Improved Stings,19468,19464,Rank 5/5,,"Increases the damage done by your Serpent Sting and Wyvern Sting by 30% and the mana drained by your Viper Sting by 30%. In addition, reduces the chance your Stings will be dispelled by 30%.",Talent Passive,Data only,,,,,Data only,TALENT,https://www.wowhead.com/tbc/spell=19468,Talent: Improved Stings; tree row 4
Hunter,Marksmanship,Talent,Lethal Shots,19426,19426,Rank 1/5,,Increases your critical strike chance with ranged weapons by 1%.,Talent Passive,Data only,,,,,Data only,TALENT,https://www.wowhead.com/tbc/spell=19426,Talent: Lethal Shots; tree row 1
Hunter,Marksmanship,Talent,Lethal Shots,19427,19426,Rank 2/5,,Increases your critical strike chance with ranged weapons by 2%.,Talent Passive,Data only,,,,,Data only,TALENT,https://www.wowhead.com/tbc/spell=19427,Talent: Lethal Shots; tree row 1
Hunter,Marksmanship,Talent,Lethal Shots,19429,19426,Rank 3/5,,Increases your critical strike chance with ranged weapons by 3%.,Talent Passive,Data only,,,,,Data only,TALENT,https://www.wowhead.com/tbc/spell=19429,Talent: Lethal Shots; tree row 1
Hunter,Marksmanship,Talent,Lethal Shots,19430,19426,Rank 4/5,,Increases your critical strike chance with ranged weapons by 4%.,Talent Passive,Data only,,,,,Data only,TALENT,https://www.wowhead.com/tbc/spell=19430,Talent: Lethal Shots; tree row 1
Hunter,Marksmanship,Talent,Lethal Shots,19431,19426,Rank 5/5,,Increases your critical strike chance with ranged weapons by 5%.,Talent Passive,Data only,,,,,Data only,TALENT,https://www.wowhead.com/tbc/spell=19431,Talent: Lethal Shots; tree row 1
Hunter,Marksmanship,Talent,Master Marksman,34485,34485,Rank 1/5,,Increases your ranged attack power by 2%.,Talent Passive,Data only,,,,,Data only,TALENT,https://www.wowhead.com/tbc/spell=34485,Talent: Master Marksman; tree row 8
Hunter,Marksmanship,Talent,Master Marksman,34486,34485,Rank 2/5,,Increases your ranged attack power by 4%.,Talent Passive,Data only,,,,,Data only,TALENT,https://www.wowhead.com/tbc/spell=34486,Talent: Master Marksman; tree row 8
Hunter,Marksmanship,Talent,Master Marksman,34487,34485,Rank 3/5,,Increases your ranged attack power by 6%.,Talent Passive,Data only,,,,,Data only,TALENT,https://www.wowhead.com/tbc/spell=34487,Talent: Master Marksman; tree row 8
Hunter,Marksmanship,Talent,Master Marksman,34488,34485,Rank 4/5,,Increases your ranged attack power by 8%.,Talent Passive,Data only,,,,,Data only,TALENT,https://www.wowhead.com/tbc/spell=34488,Talent: Master Marksman; tree row 8
Hunter,Marksmanship,Talent,Master Marksman,34489,34485,Rank 5/5,,Increases your ranged attack power by 10%.,Talent Passive,Data only,,,,,Data only,TALENT,https://www.wowhead.com/tbc/spell=34489,Talent: Master Marksman; tree row 8
Hunter,Marksmanship,Talent,Mortal Shots,19485,19485,Rank 1/5,,Increases your ranged weapon critical strike damage bonus by 6%.,Talent Passive,Data only,,,,,Data only,TALENT,https://www.wowhead.com/tbc/spell=19485,Talent: Mortal Shots; tree row 4
Hunter,Marksmanship,Talent,Mortal Shots,19487,19485,Rank 2/5,,Increases your ranged weapon critical strike damage bonus by 12%.,Talent Passive,Data only,,,,,Data only,TALENT,https://www.wowhead.com/tbc/spell=19487,Talent: Mortal Shots; tree row 4
Hunter,Marksmanship,Talent,Mortal Shots,19488,19485,Rank 3/5,,Increases your ranged weapon critical strike damage bonus by 18%.,Talent Passive,Data only,,,,,Data only,TALENT,https://www.wowhead.com/tbc/spell=19488,Talent: Mortal Shots; tree row 4
Hunter,Marksmanship,Talent,Mortal Shots,19489,19485,Rank 4/5,,Increases your ranged weapon critical strike damage bonus by 24%.,Talent Passive,Data only,,,,,Data only,TALENT,https://www.wowhead.com/tbc/spell=19489,Talent: Mortal Shots; tree row 4
Hunter,Marksmanship,Talent,Mortal Shots,19490,19485,Rank 5/5,,Increases your ranged weapon critical strike damage bonus by 30%.,Talent Passive,Data only,,,,,Data only,TALENT,https://www.wowhead.com/tbc/spell=19490,Talent: Mortal Shots; tree row 4
Hunter,Marksmanship,Talent,Ranged Weapon Specialization,19507,19507,Rank 1/5,,Increases the damage you deal with ranged weapons by 1%.,Talent Passive,Data only,,,,,Data only,TALENT,https://www.wowhead.com/tbc/spell=19507,Talent: Ranged Weapon Specialization; tree row 6
Hunter,Marksmanship,Talent,Ranged Weapon Specialization,19508,19507,Rank 2/5,,Increases the damage you deal with ranged weapons by 2%.,Talent Passive,Data only,,,,,Data only,TALENT,https://www.wowhead.com/tbc/spell=19508,Talent: Ranged Weapon Specialization; tree row 6
Hunter,Marksmanship,Talent,Ranged Weapon Specialization,19509,19507,Rank 3/5,,Increases the damage you deal with ranged weapons by 3%.,Talent Passive,Data only,,,,,Data only,TALENT,https://www.wowhead.com/tbc/spell=19509,Talent: Ranged Weapon Specialization; tree row 6
Hunter,Marksmanship,Talent,Ranged Weapon Specialization,19510,19507,Rank 4/5,,Increases the damage you deal with ranged weapons by 4%.,Talent Passive,Data only,,,,,Data only,TALENT,https://www.wowhead.com/tbc/spell=19510,Talent: Ranged Weapon Specialization; tree row 6
Hunter,Marksmanship,Talent,Ranged Weapon Specialization,19511,19507,Rank 5/5,,Increases the damage you deal with ranged weapons by 5%.,Talent Passive,Data only,,,,,Data only,TALENT,https://www.wowhead.com/tbc/spell=19511,Talent: Ranged Weapon Specialization; tree row 6
Hunter,Marksmanship,Talent,Rapid Killing,34948,34948,Rank 1/2,,"Reduces the cooldown of your Rapid Fire ability by 1 min. In addition, after killing an opponent that yields experience or honor, your next Aimed Shot, Arcane Shot or Auto Shot causes 10% additional damage. Lasts 20 sec.",Talent Passive,Data only,,20,,,Data only,TALENT,https://www.wowhead.com/tbc/spell=34948,Talent: Rapid Killing; tree row 3
Hunter,Marksmanship,Talent,Rapid Killing,34949,34948,Rank 2/2,,"Reduces the cooldown of your Rapid Fire ability by 2 min. In addition, after killing an opponent that yields experience or honor, your next Aimed Shot, Arcane Shot or Auto Shot causes 20% additional damage. Lasts 20 sec.",Talent Passive,Data only,,20,,,Data only,TALENT,https://www.wowhead.com/tbc/spell=34949,Talent: Rapid Killing; tree row 3
Hunter,Marksmanship,Talent Ability,Scatter Shot,19503,19503,Rank 1/1,,A short-range shot that deals 50% weapon damage and disorients the target for 4 sec. Any damage caused will remove the effect. Turns off your attack when used.,Crowd Control,Utility,30,4,6% of base mana,,Cooldown,"CC_HARD, DISORIENT",https://www.wowhead.com/tbc/spell=19503,Talent-required | Talent: Scatter Shot
Hunter,Marksmanship,Talent Ability,Silencing Shot,34490,34490,Rank 1/1,,A shot that deals 50% weapon damage and Silences the target for 3 sec.,Interrupt,Utility,20,3,6% of base mana,,Cooldown,"DPS, INTERRUPT, MINOR",https://www.wowhead.com/tbc/spell=34490,Talent-required | Talent: Silencing Shot
Hunter,Marksmanship,Talent Ability,Trueshot Aura,19506,19506,Rank 1/1,,Increases the attack power of party members within 45 yards by 50. Lasts until cancelled.,Offensive,Main,0,,,,Cooldown,"BUFF, DPS, LONG_BUFF",https://www.wowhead.com/tbc/spell=19506,Talent-required | Talent: Trueshot Aura
Hunter,Marksmanship,Talent Ability,Trueshot Aura,20905,19506,Rank 2,50,Increases the attack power of party members within 45 yards by 75. Lasts until cancelled.,Offensive,Main,0,,,,Cooldown,"BUFF, DPS, LONG_BUFF",https://www.wowhead.com/tbc/spell=20905,Talent-required
Hunter,Marksmanship,Talent Ability,Trueshot Aura,20906,19506,Rank 3,60,Increases the attack power of party members within 45 yards by 100. Lasts until cancelled.,Offensive,Main,0,,,,Cooldown,"BUFF, DPS, LONG_BUFF",https://www.wowhead.com/tbc/spell=20906,Talent-required
Hunter,Survival,Talent,Clever Traps,19239,19239,Rank 1/2,,"Increases the duration of Freezing and Frost Trap effects by 15%, the damage of Immolation and Explosive Trap effects by 15%, and the number of snakes summoned from Snake Traps by 15%.",Talent Passive,Data only,,,,,Data only,TALENT,https://www.wowhead.com/tbc/spell=19239,Talent: Clever Traps; tree row 3
Hunter,Survival,Talent,Clever Traps,19245,19239,Rank 2/2,,"Increases the duration of Freezing and Frost Trap effects by 30%, the damage of Immolation and Explosive Trap effects by 30%, and the number of snakes summoned from Snake Traps by 30%.",Talent Passive,Data only,,,,,Data only,TALENT,https://www.wowhead.com/tbc/spell=19245,Talent: Clever Traps; tree row 3
Hunter,Survival,Talent Ability,Counterattack,19306,19306,Rank 1/1,,"A strike that becomes active after parrying an opponent's attack. This attack deals 40 damage and immobilizes the target for 5 sec. Counterattack cannot be blocked, dodged, or parried.",Crowd Control,Utility,5,5,45 Mana,,Cooldown,"CC_SOFT, DPS, MINOR, REACTIVE, ROOT",https://www.wowhead.com/tbc/spell=19306,Talent-required | Talent: Counterattack
Hunter,Survival,Talent Ability,Counterattack,20909,19306,Rank 2,42,"A strike that becomes active after parrying an opponent's attack. This attack deals 70 damage and immobilizes the target for 5 sec. Counterattack cannot be blocked, dodged, or parried.",Crowd Control,Utility,5,5,65 Mana,,Cooldown,"CC_SOFT, DPS, MINOR, REACTIVE, ROOT",https://www.wowhead.com/tbc/spell=20909,Talent-required
Hunter,Survival,Talent Ability,Counterattack,20910,19306,Rank 3,54,"A strike that becomes active after parrying an opponent's attack. This attack deals 110 damage and immobilizes the target for 5 sec. Counterattack cannot be blocked, dodged, or parried.",Crowd Control,Utility,5,5,85 Mana,,Cooldown,"CC_SOFT, DPS, MINOR, REACTIVE, ROOT",https://www.wowhead.com/tbc/spell=20910,Talent-required
Hunter,Survival,Talent Ability,Counterattack,27067,19306,Rank 4,66,"A strike that becomes active after parrying an opponent's attack. This attack deals 165 damage and immobilizes the target for 5 sec. Counterattack cannot be blocked, dodged, or parried.",Crowd Control,Utility,5,5,110 Mana,,Cooldown,"CC_SOFT, DPS, MINOR, REACTIVE, ROOT",https://www.wowhead.com/tbc/spell=27067,Talent-required
Hunter,Survival,Talent,Deflection,19295,19295,Rank 1/5,,Increases your Parry chance by 1%.,Talent Passive,Data only,,,,,Data only,TALENT,https://www.wowhead.com/tbc/spell=19295,Talent: Deflection; tree row 2
Hunter,Survival,Talent,Deflection,19297,19295,Rank 2/5,,Increases your Parry chance by 2%.,Talent Passive,Data only,,,,,Data only,TALENT,https://www.wowhead.com/tbc/spell=19297,Talent: Deflection; tree row 2
Hunter,Survival,Talent,Deflection,19298,19295,Rank 3/5,,Increases your Parry chance by 3%.,Talent Passive,Data only,,,,,Data only,TALENT,https://www.wowhead.com/tbc/spell=19298,Talent: Deflection; tree row 2
Hunter,Survival,Talent,Deflection,19300,19295,Rank 5/5,,Increases your Parry chance by 5%.,Talent Passive,Data only,,,,,Data only,TALENT,https://www.wowhead.com/tbc/spell=19300,Talent: Deflection; tree row 2
Hunter,Survival,Talent,Deflection,19301,19295,Rank 4/5,,Increases your Parry chance by 4%.,Talent Passive,Data only,,,,,Data only,TALENT,https://www.wowhead.com/tbc/spell=19301,Talent: Deflection; tree row 2
Hunter,Survival,Talent Ability,Deterrence,19263,19263,Rank 1/1,,"When activated, increases your Dodge and Parry chance by 25% for 10 sec.",Defensive,Utility,300,10,,,Cooldown + aura,"DEFENSIVE, HAS_BUFF, MAJOR",https://www.wowhead.com/tbc/spell=19263,Talent-required | Talent: Deterrence
Hunter,Survival,Talent,Entrapment,19184,19184,Rank 1/3,,"Gives your Immolation Trap, Frost Trap, Explosive Trap, and Snake Trap a 8% chance to entrap the target, preventing them from moving for 4 sec.",Talent Passive,Data only,,4,,,Data only,TALENT,https://www.wowhead.com/tbc/spell=19184,Talent: Entrapment; tree row 2
Hunter,Survival,Talent,Entrapment,19387,19184,Rank 2/3,,"Gives your Immolation Trap, Frost Trap, Explosive Trap, and Snake Trap a 16% chance to entrap the target, preventing them from moving for 4 sec.",Talent Passive,Data only,,4,,,Data only,TALENT,https://www.wowhead.com/tbc/spell=19387,Talent: Entrapment; tree row 2
Hunter,Survival,Talent,Entrapment,19388,19184,Rank 3/3,,"Gives your Immolation Trap, Frost Trap, Explosive Trap, and Snake Trap a 25% chance to entrap the target, preventing them from moving for 4 sec.",Talent Passive,Data only,,4,,,Data only,TALENT,https://www.wowhead.com/tbc/spell=19388,Talent: Entrapment; tree row 2
Hunter,Survival,Talent,Expose Weakness,34500,34500,Rank 1/3,,Your ranged criticals have a 33% chance to apply an Expose Weakness effect to the target. Expose Weakness increases the attack power of all attackers against that target by 25% of your Agility for 7 sec.,Talent Passive,Data only,,7,,,Data only,TALENT,https://www.wowhead.com/tbc/spell=34500,Talent: Expose Weakness; tree row 7
Hunter,Survival,Talent,Expose Weakness,34502,34500,Rank 2/3,,Your ranged criticals have a 66% chance to apply an Expose Weakness effect to the target. Expose Weakness increases the attack power of all attackers against that target by 25% of your Agility for 7 sec.,Talent Passive,Data only,,7,,,Data only,TALENT,https://www.wowhead.com/tbc/spell=34502,Talent: Expose Weakness; tree row 7
Hunter,Survival,Talent,Expose Weakness,34503,34500,Rank 3/3,,Your ranged criticals have a 100% chance to apply an Expose Weakness effect to the target. Expose Weakness increases the attack power of all attackers against that target by 25% of your Agility for 7 sec.,Talent Passive,Data only,,7,,,Data only,TALENT,https://www.wowhead.com/tbc/spell=34503,Talent: Expose Weakness; tree row 7
Hunter,Survival,Talent,Hawk Eye,19498,19498,Rank 1/3,,Increases the range of your ranged weapons by 2 yards.,Talent Passive,Data only,,,,,Data only,TALENT,https://www.wowhead.com/tbc/spell=19498,Talent: Hawk Eye; tree row 1
Hunter,Survival,Talent,Hawk Eye,19499,19498,Rank 2/3,,Increases the range of your ranged weapons by 4 yards.,Talent Passive,Data only,,,,,Data only,TALENT,https://www.wowhead.com/tbc/spell=19499,Talent: Hawk Eye; tree row 1
Hunter,Survival,Talent,Hawk Eye,19500,19498,Rank 3/3,,Increases the range of your ranged weapons by 6 yards.,Talent Passive,Data only,,,,,Data only,TALENT,https://www.wowhead.com/tbc/spell=19500,Talent: Hawk Eye; tree row 1
Hunter,Survival,Talent,Humanoid Slaying,19151,19151,Rank 1/3,,Increases all damage caused against Humanoid targets by 1% and increases critical damage caused against Humanoid targets by an additional 1%.,Talent Passive,Data only,,,,,Data only,TALENT,https://www.wowhead.com/tbc/spell=19151,Talent: Humanoid Slaying; tree row 1
Hunter,Survival,Talent,Humanoid Slaying,19152,19151,Rank 2/3,,Increases all damage caused against Humanoid targets by 2% and increases critical damage caused against Humanoid targets by an additional 2%.,Talent Passive,Data only,,,,,Data only,TALENT,https://www.wowhead.com/tbc/spell=19152,Talent: Humanoid Slaying; tree row 1
Hunter,Survival,Talent,Humanoid Slaying,19153,19151,Rank 3/3,,Increases all damage caused against Humanoid targets by 3% and increases critical damage caused against Humanoid targets by an additional 3%.,Talent Passive,Data only,,,,,Data only,TALENT,https://www.wowhead.com/tbc/spell=19153,Talent: Humanoid Slaying; tree row 1
Hunter,Survival,Talent,Improved Feign Death,19286,19286,Rank 1/2,,Reduces the chance your Feign Death ability will be resisted by 2%.,Talent Passive,Data only,,,,,Data only,TALENT,https://www.wowhead.com/tbc/spell=19286,Talent: Improved Feign Death; tree row 4
Hunter,Survival,Talent,Improved Feign Death,19287,19286,Rank 2/2,,Reduces the chance your Feign Death ability will be resisted by 4%.,Talent Passive,Data only,,,,,Data only,TALENT,https://www.wowhead.com/tbc/spell=19287,Talent: Improved Feign Death; tree row 4
Hunter,Survival,Talent,Improved Wing Clip,19228,19228,Rank 1/3,,Gives your Wing Clip ability a 7% chance to immobilize the target for 5 sec.,Talent Passive,Data only,,5,,,Data only,TALENT,https://www.wowhead.com/tbc/spell=19228,Talent: Improved Wing Clip; tree row 2
Hunter,Survival,Talent,Improved Wing Clip,19232,19228,Rank 2/3,,Gives your Wing Clip ability a 14% chance to immobilize the target for 5 sec.,Talent Passive,Data only,,5,,,Data only,TALENT,https://www.wowhead.com/tbc/spell=19232,Talent: Improved Wing Clip; tree row 2
Hunter,Survival,Talent,Improved Wing Clip,19233,19228,Rank 3/3,,Gives your Wing Clip ability a 20% chance to immobilize the target for 5 sec.,Talent Passive,Data only,,5,,,Data only,TALENT,https://www.wowhead.com/tbc/spell=19233,Talent: Improved Wing Clip; tree row 2
Hunter,Survival,Talent,Killer Instinct,19370,19370,Rank 1/3,,Increases your critical strike chance with all attacks by 1%.,Talent Passive,Data only,,,,,Data only,TALENT,https://www.wowhead.com/tbc/spell=19370,Talent: Killer Instinct; tree row 5
Hunter,Survival,Talent,Killer Instinct,19371,19370,Rank 2/3,,Increases your critical strike chance with all attacks by 2%.,Talent Passive,Data only,,,,,Data only,TALENT,https://www.wowhead.com/tbc/spell=19371,Talent: Killer Instinct; tree row 5
Hunter,Survival,Talent,Killer Instinct,19373,19370,Rank 3/3,,Increases your critical strike chance with all attacks by 3%.,Talent Passive,Data only,,,,,Data only,TALENT,https://www.wowhead.com/tbc/spell=19373,Talent: Killer Instinct; tree row 5
Hunter,Survival,Talent,Lightning Reflexes,19168,19168,Rank 1/5,,Increases your Agility by 3%.,Talent Passive,Data only,,,,,Data only,TALENT,https://www.wowhead.com/tbc/spell=19168,Talent: Lightning Reflexes; tree row 6
Hunter,Survival,Talent,Lightning Reflexes,19180,19168,Rank 2/5,,Increases your Agility by 6%.,Talent Passive,Data only,,,,,Data only,TALENT,https://www.wowhead.com/tbc/spell=19180,Talent: Lightning Reflexes; tree row 6
Hunter,Survival,Talent,Lightning Reflexes,19181,19168,Rank 3/5,,Increases your Agility by 9%.,Talent Passive,Data only,,,,,Data only,TALENT,https://www.wowhead.com/tbc/spell=19181,Talent: Lightning Reflexes; tree row 6
Hunter,Survival,Talent,Lightning Reflexes,24296,19168,Rank 4/5,,Increases your Agility by 12%.,Talent Passive,Data only,,,,,Data only,TALENT,https://www.wowhead.com/tbc/spell=24296,Talent: Lightning Reflexes; tree row 6
Hunter,Survival,Talent,Lightning Reflexes,24297,19168,Rank 5/5,,Increases your Agility by 15%.,Talent Passive,Data only,,,,,Data only,TALENT,https://www.wowhead.com/tbc/spell=24297,Talent: Lightning Reflexes; tree row 6
Hunter,Survival,Talent,Master Tactician,34506,34506,Rank 1/5,,Your successful ranged attacks have a 6% chance to increase your critical strike chance with all attacks by 2% for 8 sec.,Talent Passive,Data only,,8,,,Data only,TALENT,https://www.wowhead.com/tbc/spell=34506,Talent: Master Tactician; tree row 8
Hunter,Survival,Talent,Master Tactician,34507,34506,Rank 2/5,,Your successful ranged attacks have a 6% chance to increase your critical strike chance with all attacks by 4% for 8 sec.,Talent Passive,Data only,,8,,,Data only,TALENT,https://www.wowhead.com/tbc/spell=34507,Talent: Master Tactician; tree row 8
Hunter,Survival,Talent,Master Tactician,34508,34506,Rank 3/5,,Your successful ranged attacks have a 6% chance to increase your critical strike chance with all attacks by 6% for 8 sec.,Talent Passive,Data only,,8,,,Data only,TALENT,https://www.wowhead.com/tbc/spell=34508,Talent: Master Tactician; tree row 8
Hunter,Survival,Talent,Master Tactician,34838,34506,Rank 4/5,,Your successful ranged attacks have a 6% chance to increase your critical strike chance with all attacks by 8% for 8 sec.,Talent Passive,Data only,,8,,,Data only,TALENT,https://www.wowhead.com/tbc/spell=34838,Talent: Master Tactician; tree row 8
Hunter,Survival,Talent,Master Tactician,34839,34506,Rank 5/5,,Your successful ranged attacks have a 6% chance to increase your critical strike chance with all attacks by 10% for 8 sec.,Talent Passive,Data only,,8,,,Data only,TALENT,https://www.wowhead.com/tbc/spell=34839,Talent: Master Tactician; tree row 8
Hunter,Survival,Talent,Monster Slaying,24293,24293,Rank 1/3,,"Increases all damage caused against Beasts, Giants and Dragonkin targets by 1% and increases critical damage caused against Beasts, Giants and Dragonkin targets by an additional 1%.",Talent Passive,Data only,,,,,Data only,TALENT,https://www.wowhead.com/tbc/spell=24293,Talent: Monster Slaying; tree row 1
Hunter,Survival,Talent,Monster Slaying,24294,24293,Rank 2/3,,"Increases all damage caused against Beasts, Giants and Dragonkin targets by 2% and increases critical damage caused against Beasts, Giants and Dragonkin targets by an additional 2%.",Talent Passive,Data only,,,,,Data only,TALENT,https://www.wowhead.com/tbc/spell=24294,Talent: Monster Slaying; tree row 1
Hunter,Survival,Talent,Monster Slaying,24295,24293,Rank 3/3,,"Increases all damage caused against Beasts, Giants and Dragonkin targets by 3% and increases critical damage caused against Beasts, Giants and Dragonkin targets by an additional 3%.",Talent Passive,Data only,,,,,Data only,TALENT,https://www.wowhead.com/tbc/spell=24295,Talent: Monster Slaying; tree row 1
Hunter,Survival,Talent Ability,Readiness,23989,23989,Rank 1/1,,"When activated, this ability immediately finishes the cooldown on your other Hunter abilities.",Utility,Utility,300,,,,Cooldown,"DPS, MAJOR, UTILITY",https://www.wowhead.com/tbc/spell=23989,Talent-required | Talent: Readiness
Hunter,Survival,Talent,Resourcefulness,34491,34491,Rank 1/3,,Reduces the mana cost of all traps and melee abilities by 20% and reduces the cooldown of all traps by 2 sec.,Talent Passive,Data only,,,,,Data only,TALENT,https://www.wowhead.com/tbc/spell=34491,Talent: Resourcefulness; tree row 6
Hunter,Survival,Talent,Resourcefulness,34492,34491,Rank 2/3,,Reduces the mana cost of all traps and melee abilities by 40% and reduces the cooldown of all traps by 4 sec.,Talent Passive,Data only,,,,,Data only,TALENT,https://www.wowhead.com/tbc/spell=34492,Talent: Resourcefulness; tree row 6
Hunter,Survival,Talent,Resourcefulness,34493,34491,Rank 3/3,,Reduces the mana cost of all traps and melee abilities by 60% and reduces the cooldown of all traps by 6 sec.,Talent Passive,Data only,,,,,Data only,TALENT,https://www.wowhead.com/tbc/spell=34493,Talent: Resourcefulness; tree row 6
Hunter,Survival,Talent,Savage Strikes,19159,19159,Rank 1/2,,Increases the critical strike chance of Raptor Strike and Mongoose Bite by 10%.,Talent Passive,Data only,,,,,Data only,TALENT,https://www.wowhead.com/tbc/spell=19159,Talent: Savage Strikes; tree row 1
Hunter,Survival,Talent,Savage Strikes,19160,19159,Rank 2/2,,Increases the critical strike chance of Raptor Strike and Mongoose Bite by 20%.,Talent Passive,Data only,,,,,Data only,TALENT,https://www.wowhead.com/tbc/spell=19160,Talent: Savage Strikes; tree row 1
Hunter,Survival,Talent,Surefooted,19290,19290,Rank 1/3,,Increases hit chance by 1% and increases the chance movement impairing effects will be resisted by an additional 5%.,Talent Passive,Data only,,,,,Data only,TALENT,https://www.wowhead.com/tbc/spell=19290,Talent: Surefooted; tree row 4
Hunter,Survival,Talent,Surefooted,19294,19290,Rank 2/3,,Increases hit chance by 2% and increases the chance movement impairing effects will be resisted by an additional 10%.,Talent Passive,Data only,,,,,Data only,TALENT,https://www.wowhead.com/tbc/spell=19294,Talent: Surefooted; tree row 4
Hunter,Survival,Talent,Surefooted,24283,19290,Rank 3/3,,Increases hit chance by 3% and increases the chance movement impairing effects will be resisted by an additional 15%.,Talent Passive,Data only,,,,,Data only,TALENT,https://www.wowhead.com/tbc/spell=24283,Talent: Surefooted; tree row 4
Hunter,Survival,Talent,Survival Instincts,34494,34494,Rank 1/2,,Reduces all damage taken by 2% and increases attack power by 2%.,Talent Passive,Data only,,,,,Data only,TALENT,https://www.wowhead.com/tbc/spell=34494,Talent: Survival Instincts; tree row 5
Hunter,Survival,Talent,Survival Instincts,34496,34494,Rank 2/2,,Reduces all damage taken by 4% and increases attack power by 4%.,Talent Passive,Data only,,,,,Data only,TALENT,https://www.wowhead.com/tbc/spell=34496,Talent: Survival Instincts; tree row 5
Hunter,Survival,Talent,Survivalist,19255,19255,Rank 1/5,,Increases total health by 2%.,Talent Passive,Data only,,,,,Data only,TALENT,https://www.wowhead.com/tbc/spell=19255,Talent: Survivalist; tree row 3
Hunter,Survival,Talent,Survivalist,19256,19255,Rank 2/5,,Increases total health by 4%.,Talent Passive,Data only,,,,,Data only,TALENT,https://www.wowhead.com/tbc/spell=19256,Talent: Survivalist; tree row 3
Hunter,Survival,Talent,Survivalist,19257,19255,Rank 3/5,,Increases total health by 6%.,Talent Passive,Data only,,,,,Data only,TALENT,https://www.wowhead.com/tbc/spell=19257,Talent: Survivalist; tree row 3
Hunter,Survival,Talent,Survivalist,19258,19255,Rank 4/5,,Increases total health by 8%.,Talent Passive,Data only,,,,,Data only,TALENT,https://www.wowhead.com/tbc/spell=19258,Talent: Survivalist; tree row 3
Hunter,Survival,Talent,Survivalist,19259,19255,Rank 5/5,,Increases total health by 10%.,Talent Passive,Data only,,,,,Data only,TALENT,https://www.wowhead.com/tbc/spell=19259,Talent: Survivalist; tree row 3
Hunter,Survival,Talent,Thrill of the Hunt,34497,34497,Rank 1/3,,Gives you a 33% chance to regain 40% of the mana cost of any shot when it critically hits.,Talent Passive,Data only,,,,,Data only,TALENT,https://www.wowhead.com/tbc/spell=34497,Talent: Thrill of the Hunt; tree row 7
Hunter,Survival,Talent,Thrill of the Hunt,34498,34497,Rank 2/3,,Gives you a 66% chance to regain 40% of the mana cost of any shot when it critically hits.,Talent Passive,Data only,,,,,Data only,TALENT,https://www.wowhead.com/tbc/spell=34498,Talent: Thrill of the Hunt; tree row 7
Hunter,Survival,Talent,Thrill of the Hunt,34499,34497,Rank 3/3,,Gives you a 100% chance to regain 40% of the mana cost of any shot when it critically hits.,Talent Passive,Data only,,,,,Data only,TALENT,https://www.wowhead.com/tbc/spell=34499,Talent: Thrill of the Hunt; tree row 7
Hunter,Survival,Talent,Trap Mastery,19376,19376,Rank 1/2,,Decreases the chance enemies will resist trap effects by 5%.,Talent Passive,Data only,,,,,Data only,TALENT,https://www.wowhead.com/tbc/spell=19376,Talent: Trap Mastery; tree row 4
Hunter,Survival,Talent,Trap Mastery,19377,19376,Rank 2/2,,Decreases the chance enemies will resist trap effects by 10%.,Talent Passive,Data only,,,,,Data only,TALENT,https://www.wowhead.com/tbc/spell=19377,Talent: Trap Mastery; tree row 4
Hunter,Survival,Talent Ability,Wyvern Sting,19386,19386,Rank 1/1,,"A stinging shot that puts the target to sleep for 12 sec. Any damage will cancel the effect. When the target wakes up, the Sting causes 300 Nature damage over 12 sec. Only one Sting per Hunter can be active on the target at a time.",Crowd Control,Utility,120,12,115 Mana,"24131, 24134, 24135, 27069",Cooldown + aura,CC_HARD,https://www.wowhead.com/tbc/spell=19386,Talent-required | Talent: Wyvern Sting
Hunter,Survival,Talent Ability,Wyvern Sting,24132,19386,Rank 2,50,"A stinging shot that puts the target to sleep for 12 sec. Any damage will cancel the effect. When the target wakes up, the Sting causes 420 Nature damage over 12 sec. Only one Sting per Hunter can be active on the target at a time.",Crowd Control,Utility,120,12,155 Mana,"24131, 24134, 24135, 27069",Cooldown + aura,CC_HARD,https://www.wowhead.com/tbc/spell=24132,Talent-required
Hunter,Survival,Talent Ability,Wyvern Sting,24133,19386,Rank 3,60,"A stinging shot that puts the target to sleep for 12 sec. Any damage will cancel the effect. When the target wakes up, the Sting causes 600 Nature damage over 12 sec. Only one Sting per Hunter can be active on the target at a time.",Crowd Control,Utility,120,12,205 Mana,"24131, 24134, 24135, 27069",Cooldown + aura,CC_HARD,https://www.wowhead.com/tbc/spell=24133,Talent-required
Hunter,Survival,Talent Ability,Wyvern Sting,27068,19386,Rank 4,70,"A stinging shot that puts the target to sleep for 12 sec. Any damage will cancel the effect. When the target wakes up, the Sting causes 942 Nature damage over 12 sec. Only one Sting per Hunter can be active on the target at a time.",Crowd Control,Utility,120,12,255 Mana,"24131, 24134, 24135, 27069",Cooldown + aura,CC_HARD,https://www.wowhead.com/tbc/spell=27068,Talent-required
Mage,Arcane,Ability,Arcane Blast,30451,30451,,64,"Blasts the target with energy, dealing 
668 to 
772 Arcane damage. Each time you cast Arcane Blast, the casting time is reduced while mana cost is increased. Effect stacks up to 3 times and lasts 8 sec.",Offensive,Main,0,8,195 Mana,36032,Cooldown + aura,"DPS, PVE, ROTATIONAL",https://www.wowhead.com/tbc/spell=30451,
Mage,Arcane,Ability,Arcane Missiles,5143,5143,Rank 1,8,"Launches Arcane Missiles at the enemy, causing 
26 Arcane damage every 1 sec for 3 sec.",Offensive,Main,0,3,85 Mana,,Cooldown,"DPS, FILLER, PVE, ROTATIONAL",https://www.wowhead.com/tbc/spell=5143,
Mage,Arcane,Ability,Arcane Missiles,5144,5143,Rank 2,16,"Launches Arcane Missiles at the enemy, causing 
38 Arcane damage every 1 sec for 4 sec.",Offensive,Main,0,4,140 Mana,,Cooldown,"DPS, FILLER, PVE, ROTATIONAL",https://www.wowhead.com/tbc/spell=5144,
Mage,Arcane,Ability,Arcane Missiles,5145,5143,Rank 3,24,"Launches Arcane Missiles at the enemy, causing 
58 Arcane damage every 1 sec for 5 sec.",Offensive,Main,0,5,235 Mana,,Cooldown,"DPS, FILLER, PVE, ROTATIONAL",https://www.wowhead.com/tbc/spell=5145,
Mage,Arcane,Ability,Arcane Missiles,8416,5143,Rank 4,32,"Launches Arcane Missiles at the enemy, causing 
86 Arcane damage every 1 sec for 5 sec.",Offensive,Main,0,5,320 Mana,,Cooldown,"DPS, FILLER, PVE, ROTATIONAL",https://www.wowhead.com/tbc/spell=8416,
Mage,Arcane,Ability,Arcane Missiles,8417,5143,Rank 5,40,"Launches Arcane Missiles at the enemy, causing 
118 Arcane damage every 1 sec for 5 sec.",Offensive,Main,0,5,410 Mana,,Cooldown,"DPS, FILLER, PVE, ROTATIONAL",https://www.wowhead.com/tbc/spell=8417,
Mage,Arcane,Ability,Arcane Missiles,10211,5143,Rank 6,48,"Launches Arcane Missiles at the enemy, causing 
155 Arcane damage every 1 sec for 5 sec.",Offensive,Main,0,5,500 Mana,,Cooldown,"DPS, FILLER, PVE, ROTATIONAL",https://www.wowhead.com/tbc/spell=10211,
Mage,Arcane,Ability,Arcane Missiles,10212,5143,Rank 7,56,"Launches Arcane Missiles at the enemy, causing 
196 Arcane damage every 1 sec for 5 sec.",Offensive,Main,0,5,595 Mana,,Cooldown,"DPS, FILLER, PVE, ROTATIONAL",https://www.wowhead.com/tbc/spell=10212,
Mage,Arcane,Ability,Arcane Missiles,25345,5143,Rank 8,60,"Launches Arcane Missiles at the enemy, causing 
234 Arcane damage every 1 sec for 5 sec.",Offensive,Main,0,5,655 Mana,,Cooldown,"DPS, FILLER, PVE, ROTATIONAL",https://www.wowhead.com/tbc/spell=25345,
Mage,Arcane,Ability,Arcane Missiles,27075,5143,Rank 9,63,"Launches Arcane Missiles at the enemy, causing 
245 Arcane damage every 1 sec for 5 sec.",Offensive,Main,0,5,685 Mana,,Cooldown,"DPS, FILLER, PVE, ROTATIONAL",https://www.wowhead.com/tbc/spell=27075,
Mage,Arcane,Ability,Arcane Missiles,38699,5143,Rank 10,69,"Launches Arcane Missiles at the enemy, causing 
265 Arcane damage every 1 sec for 5 sec.",Offensive,Main,0,5,740 Mana,,Cooldown,"DPS, FILLER, PVE, ROTATIONAL",https://www.wowhead.com/tbc/spell=38699,
Mage,Arcane,Ability,Arcane Missiles,38704,5143,Rank 11,70,"Launches Arcane Missiles at the enemy, causing 
286 Arcane damage every 1 sec for 5 sec.",Offensive,Main,0,5,785 Mana,,Cooldown,"DPS, FILLER, PVE, ROTATIONAL",https://www.wowhead.com/tbc/spell=38704,
Mage,Arcane,Talent,Arcane Concentration,11213,11213,Rank 1/5,,Gives you a 2% chance of entering a Clearcasting state after any damage spell hits a target. The Clearcasting state reduces the mana cost of your next damage spell by 100%.,Talent Passive,Data only,,,,,Data only,TALENT,https://www.wowhead.com/tbc/spell=11213,Talent: Arcane Concentration; tree row 2
Mage,Arcane,Talent,Arcane Concentration,12574,11213,Rank 2/5,,Gives you a 4% chance of entering a Clearcasting state after any damage spell hits a target. The Clearcasting state reduces the mana cost of your next damage spell by 100%.,Talent Passive,Data only,,,,,Data only,TALENT,https://www.wowhead.com/tbc/spell=12574,Talent: Arcane Concentration; tree row 2
Mage,Arcane,Talent,Arcane Concentration,12575,11213,Rank 3/5,,Gives you a 6% chance of entering a Clearcasting state after any damage spell hits a target. The Clearcasting state reduces the mana cost of your next damage spell by 100%.,Talent Passive,Data only,,,,,Data only,TALENT,https://www.wowhead.com/tbc/spell=12575,Talent: Arcane Concentration; tree row 2
Mage,Arcane,Talent,Arcane Concentration,12576,11213,Rank 4/5,,Gives you a 8% chance of entering a Clearcasting state after any damage spell hits a target. The Clearcasting state reduces the mana cost of your next damage spell by 100%.,Talent Passive,Data only,,,,,Data only,TALENT,https://www.wowhead.com/tbc/spell=12576,Talent: Arcane Concentration; tree row 2
Mage,Arcane,Talent,Arcane Concentration,12577,11213,Rank 5/5,,Gives you a 10% chance of entering a Clearcasting state after any damage spell hits a target. The Clearcasting state reduces the mana cost of your next damage spell by 100%.,Talent Passive,Data only,,,,,Data only,TALENT,https://www.wowhead.com/tbc/spell=12577,Talent: Arcane Concentration; tree row 2
Mage,Arcane,Talent,Arcane Focus,11222,11222,Rank 1/5,,Reduces the chance that the opponent can resist your Arcane spells by 2%.,Talent Passive,Data only,,,,,Data only,TALENT,https://www.wowhead.com/tbc/spell=11222,Talent: Arcane Focus; tree row 1
Mage,Arcane,Talent,Arcane Focus,12839,11222,Rank 2/5,,Reduces the chance that the opponent can resist your Arcane spells by 4%.,Talent Passive,Data only,,,,,Data only,TALENT,https://www.wowhead.com/tbc/spell=12839,Talent: Arcane Focus; tree row 1
Mage,Arcane,Talent,Arcane Focus,12840,11222,Rank 3/5,,Reduces the chance that the opponent can resist your Arcane spells by 6%.,Talent Passive,Data only,,,,,Data only,TALENT,https://www.wowhead.com/tbc/spell=12840,Talent: Arcane Focus; tree row 1
Mage,Arcane,Talent,Arcane Focus,12841,11222,Rank 4/5,,Reduces the chance that the opponent can resist your Arcane spells by 8%.,Talent Passive,Data only,,,,,Data only,TALENT,https://www.wowhead.com/tbc/spell=12841,Talent: Arcane Focus; tree row 1
Mage,Arcane,Talent,Arcane Focus,12842,11222,Rank 5/5,,Reduces the chance that the opponent can resist your Arcane spells by 10%.,Talent Passive,Data only,,,,,Data only,TALENT,https://www.wowhead.com/tbc/spell=12842,Talent: Arcane Focus; tree row 1
Mage,Arcane,Talent,Arcane Fortitude,28574,28574,Rank 1/1,,Increases your armor by an amount equal to 100% of your Intellect.,Talent Passive,Data only,,,,,Data only,TALENT,https://www.wowhead.com/tbc/spell=28574,Talent: Arcane Fortitude; tree row 3
Mage,Arcane,Talent,Arcane Impact,11242,11242,Rank 1/3,,Increases the critical strike chance of your Arcane Explosion and Arcane Blast spells by an additional 2%.,Talent Passive,Data only,,,,,Data only,TALENT,https://www.wowhead.com/tbc/spell=11242,Talent: Arcane Impact; tree row 3
Mage,Arcane,Talent,Arcane Impact,12467,11242,Rank 2/3,,Increases the critical strike chance of your Arcane Explosion and Arcane Blast spells by an additional 4%.,Talent Passive,Data only,,,,,Data only,TALENT,https://www.wowhead.com/tbc/spell=12467,Talent: Arcane Impact; tree row 3
Mage,Arcane,Talent,Arcane Impact,12469,11242,Rank 3/3,,Increases the critical strike chance of your Arcane Explosion and Arcane Blast spells by an additional 6%.,Talent Passive,Data only,,,,,Data only,TALENT,https://www.wowhead.com/tbc/spell=12469,Talent: Arcane Impact; tree row 3
Mage,Arcane,Talent,Arcane Instability,15058,15058,Rank 1/3,,Increases your spell damage and critical strike chance by 1%.,Talent Passive,Data only,,,,,Data only,TALENT,https://www.wowhead.com/tbc/spell=15058,Talent: Arcane Instability; tree row 6
Mage,Arcane,Talent,Arcane Instability,15059,15058,Rank 2/3,,Increases your spell damage and critical strike chance by 2%.,Talent Passive,Data only,,,,,Data only,TALENT,https://www.wowhead.com/tbc/spell=15059,Talent: Arcane Instability; tree row 6
Mage,Arcane,Talent,Arcane Instability,15060,15058,Rank 3/3,,Increases your spell damage and critical strike chance by 3%.,Talent Passive,Data only,,,,,Data only,TALENT,https://www.wowhead.com/tbc/spell=15060,Talent: Arcane Instability; tree row 6
Mage,Arcane,Talent,Arcane Meditation,18462,18462,Rank 1/3,,Allows 10% of your mana regeneration to continue while casting.,Talent Passive,Data only,,,,,Data only,TALENT,https://www.wowhead.com/tbc/spell=18462,Talent: Arcane Meditation; tree row 4
Mage,Arcane,Talent,Arcane Meditation,18463,18462,Rank 2/3,,Allows 20% of your mana regeneration to continue while casting.,Talent Passive,Data only,,,,,Data only,TALENT,https://www.wowhead.com/tbc/spell=18463,Talent: Arcane Meditation; tree row 4
Mage,Arcane,Talent,Arcane Meditation,18464,18462,Rank 3/3,,Allows 30% of your mana regeneration to continue while casting.,Talent Passive,Data only,,,,,Data only,TALENT,https://www.wowhead.com/tbc/spell=18464,Talent: Arcane Meditation; tree row 4
Mage,Arcane,Talent,Arcane Mind,11232,11232,Rank 1/5,,Increases your total Intellect by 3%.,Talent Passive,Data only,,,,,Data only,TALENT,https://www.wowhead.com/tbc/spell=11232,Talent: Arcane Mind; tree row 5
Mage,Arcane,Talent,Arcane Mind,12500,11232,Rank 2/5,,Increases your total Intellect by 6%.,Talent Passive,Data only,,,,,Data only,TALENT,https://www.wowhead.com/tbc/spell=12500,Talent: Arcane Mind; tree row 5
Mage,Arcane,Talent,Arcane Mind,12501,11232,Rank 3/5,,Increases your total Intellect by 9%.,Talent Passive,Data only,,,,,Data only,TALENT,https://www.wowhead.com/tbc/spell=12501,Talent: Arcane Mind; tree row 5
Mage,Arcane,Talent,Arcane Mind,12502,11232,Rank 4/5,,Increases your total Intellect by 12%.,Talent Passive,Data only,,,,,Data only,TALENT,https://www.wowhead.com/tbc/spell=12502,Talent: Arcane Mind; tree row 5
Mage,Arcane,Talent,Arcane Mind,12503,11232,Rank 5/5,,Increases your total Intellect by 15%.,Talent Passive,Data only,,,,,Data only,TALENT,https://www.wowhead.com/tbc/spell=12503,Talent: Arcane Mind; tree row 5
Mage,Arcane,Talent,Arcane Potency,31571,31571,Rank 1/3,,Increases the critical strike chance of any spell cast while Clearcasting by 10%.,Talent Passive,Data only,,,,,Data only,TALENT,https://www.wowhead.com/tbc/spell=31571,Talent: Arcane Potency; tree row 6
Mage,Arcane,Talent,Arcane Potency,31572,31571,Rank 2/3,,Increases the critical strike chance of any spell cast while Clearcasting by 20%.,Talent Passive,Data only,,,,,Data only,TALENT,https://www.wowhead.com/tbc/spell=31572,Talent: Arcane Potency; tree row 6
Mage,Arcane,Talent,Arcane Potency,31573,31571,Rank 3/3,,Increases the critical strike chance of any spell cast while Clearcasting by 30%.,Talent Passive,Data only,,,,,Data only,TALENT,https://www.wowhead.com/tbc/spell=31573,Talent: Arcane Potency; tree row 6
Mage,Arcane,Talent Ability,Arcane Power,12042,12042,Rank 1/1,,"When activated, your spells deal 30% more damage while costing 30% more mana to cast. This effect lasts 15 sec.",Offensive,Main,180,15,,,Cooldown + aura,"DPS, HAS_BUFF, MAJOR, PVE",https://www.wowhead.com/tbc/spell=12042,Talent-required | Talent: Arcane Power
Mage,Arcane,Talent,Arcane Subtlety,11210,11210,Rank 1/2,,Reduces your target's resistance to all your spells by 5 and reduces the threat caused by your Arcane spells by 20%.,Talent Passive,Data only,,,,,Data only,TALENT,https://www.wowhead.com/tbc/spell=11210,Talent: Arcane Subtlety; tree row 1
Mage,Arcane,Talent,Arcane Subtlety,12592,11210,Rank 2/2,,Reduces your target's resistance to all your spells by 10 and reduces the threat caused by your Arcane spells by 40%.,Talent Passive,Data only,,,,,Data only,TALENT,https://www.wowhead.com/tbc/spell=12592,Talent: Arcane Subtlety; tree row 1
Mage,Arcane,Talent,Empowered Arcane Missiles,31579,31579,Rank 1/3,,"Your Arcane Missiles spell gains an additional 15% of your bonus spell damage effects, but mana cost is increased by 2%.",Talent Passive,Data only,,,,,Data only,TALENT,https://www.wowhead.com/tbc/spell=31579,Talent: Empowered Arcane Missiles; tree row 7
Mage,Arcane,Talent,Empowered Arcane Missiles,31582,31579,Rank 2/3,,"Your Arcane Missiles spell gains an additional 30% of your bonus spell damage effects, but mana cost is increased by 4%.",Talent Passive,Data only,,,,,Data only,TALENT,https://www.wowhead.com/tbc/spell=31582,Talent: Empowered Arcane Missiles; tree row 7
Mage,Arcane,Talent,Empowered Arcane Missiles,31583,31579,Rank 3/3,,"Your Arcane Missiles spell gains an additional 45% of your bonus spell damage effects, but mana cost is increased by 6%.",Talent Passive,Data only,,,,,Data only,TALENT,https://www.wowhead.com/tbc/spell=31583,Talent: Empowered Arcane Missiles; tree row 7
Mage,Arcane,Talent,Improved Arcane Missiles,11237,11237,Rank 1/5,,Gives you a 20% chance to avoid interruption caused by damage while channeling Arcane Missiles.,Talent Passive,Data only,,,,,Data only,TALENT,https://www.wowhead.com/tbc/spell=11237,Talent: Improved Arcane Missiles; tree row 1
Mage,Arcane,Talent,Improved Arcane Missiles,12463,11237,Rank 2/5,,Gives you a 40% chance to avoid interruption caused by damage while channeling Arcane Missiles.,Talent Passive,Data only,,,,,Data only,TALENT,https://www.wowhead.com/tbc/spell=12463,Talent: Improved Arcane Missiles; tree row 1
Mage,Arcane,Talent,Improved Arcane Missiles,12464,11237,Rank 3/5,,Gives you a 60% chance to avoid interruption caused by damage while channeling Arcane Missiles.,Talent Passive,Data only,,,,,Data only,TALENT,https://www.wowhead.com/tbc/spell=12464,Talent: Improved Arcane Missiles; tree row 1
Mage,Arcane,Talent,Improved Arcane Missiles,16769,11237,Rank 4/5,,Gives you a 80% chance to avoid interruption caused by damage while channeling Arcane Missiles.,Talent Passive,Data only,,,,,Data only,TALENT,https://www.wowhead.com/tbc/spell=16769,Talent: Improved Arcane Missiles; tree row 1
Mage,Arcane,Talent,Improved Arcane Missiles,16770,11237,Rank 5/5,,Gives you a 100% chance to avoid interruption caused by damage while channeling Arcane Missiles.,Talent Passive,Data only,,,,,Data only,TALENT,https://www.wowhead.com/tbc/spell=16770,Talent: Improved Arcane Missiles; tree row 1
Mage,Arcane,Talent,Improved Blink,31569,31569,Rank 1/2,,"For 4 sec after casting Blink, your chance to be hit by all attacks and spells is reduced by 13%.",Talent Passive,Data only,,4,,,Data only,TALENT,https://www.wowhead.com/tbc/spell=31569,Talent: Improved Blink; tree row 5
Mage,Arcane,Talent,Improved Blink,31570,31569,Rank 2/2,,"For 4 sec after casting Blink, your chance to be hit by all attacks and spells is reduced by 25%.",Talent Passive,Data only,,4,,,Data only,TALENT,https://www.wowhead.com/tbc/spell=31570,Talent: Improved Blink; tree row 5
Mage,Arcane,Talent,Improved Counterspell,11255,11255,Rank 1/2,,Gives your Counterspell a 50% chance to silence the target for 4 sec.,Talent Passive,Data only,,4,,,Data only,TALENT,https://www.wowhead.com/tbc/spell=11255,Talent: Improved Counterspell; tree row 4
Mage,Arcane,Talent,Improved Counterspell,12598,11255,Rank 2/2,,Gives your Counterspell a 100% chance to silence the target for 4 sec.,Talent Passive,Data only,,4,,,Data only,TALENT,https://www.wowhead.com/tbc/spell=12598,Talent: Improved Counterspell; tree row 4
Mage,Arcane,Talent,Improved Mana Shield,11252,11252,Rank 1/2,,Decreases the mana lost per point of damage taken when Mana Shield is active by 10%.,Talent Passive,Data only,,,,,Data only,TALENT,https://www.wowhead.com/tbc/spell=11252,Talent: Improved Mana Shield; tree row 4
Mage,Arcane,Talent,Improved Mana Shield,12605,11252,Rank 2/2,,Decreases the mana lost per point of damage taken when Mana Shield is active by 20%.,Talent Passive,Data only,,,,,Data only,TALENT,https://www.wowhead.com/tbc/spell=12605,Talent: Improved Mana Shield; tree row 4
Mage,Arcane,Talent,Magic Absorption,29441,29441,Rank 1/5,,Increases all resistances by 2 and causes all spells you fully resist to restore 1% of your total mana. 1 sec. cooldown.,Talent Passive,Data only,,,,,Data only,TALENT,https://www.wowhead.com/tbc/spell=29441,Talent: Magic Absorption; tree row 2
Mage,Arcane,Talent,Magic Absorption,29444,29441,Rank 2/5,,Increases all resistances by 4 and causes all spells you fully resist to restore 2% of your total mana. 1 sec. cooldown.,Talent Passive,Data only,,,,,Data only,TALENT,https://www.wowhead.com/tbc/spell=29444,Talent: Magic Absorption; tree row 2
Mage,Arcane,Talent,Magic Absorption,29445,29441,Rank 3/5,,Increases all resistances by 6 and causes all spells you fully resist to restore 3% of your total mana. 1 sec. cooldown.,Talent Passive,Data only,,,,,Data only,TALENT,https://www.wowhead.com/tbc/spell=29445,Talent: Magic Absorption; tree row 2
Mage,Arcane,Talent,Magic Absorption,29446,29441,Rank 4/5,,Increases all resistances by 8 and causes all spells you fully resist to restore 4% of your total mana. 1 sec. cooldown.,Talent Passive,Data only,,,,,Data only,TALENT,https://www.wowhead.com/tbc/spell=29446,Talent: Magic Absorption; tree row 2
Mage,Arcane,Talent,Magic Absorption,29447,29441,Rank 5/5,,Increases all resistances by 10 and causes all spells you fully resist to restore 5% of your total mana. 1 sec. cooldown.,Talent Passive,Data only,,,,,Data only,TALENT,https://www.wowhead.com/tbc/spell=29447,Talent: Magic Absorption; tree row 2
Mage,Arcane,Talent,Magic Attunement,11247,11247,Rank 1/2,,Increases the effect of your Amplify Magic and Dampen Magic spells by 25%.,Talent Passive,Data only,,,,,Data only,TALENT,https://www.wowhead.com/tbc/spell=11247,Talent: Magic Attunement; tree row 3
Mage,Arcane,Talent,Magic Attunement,12606,11247,Rank 2/2,,Increases the effect of your Amplify Magic and Dampen Magic spells by 50%.,Talent Passive,Data only,,,,,Data only,TALENT,https://www.wowhead.com/tbc/spell=12606,Talent: Magic Attunement; tree row 3
Mage,Arcane,Talent,Mind Mastery,31584,31584,Rank 1/5,,Increases spell damage by up to 5% of your total Intellect.,Talent Passive,Data only,,,,,Data only,TALENT,https://www.wowhead.com/tbc/spell=31584,Talent: Mind Mastery; tree row 8
Mage,Arcane,Talent,Mind Mastery,31585,31584,Rank 2/5,,Increases spell damage by up to 10% of your total Intellect.,Talent Passive,Data only,,,,,Data only,TALENT,https://www.wowhead.com/tbc/spell=31585,Talent: Mind Mastery; tree row 8
Mage,Arcane,Talent,Mind Mastery,31586,31584,Rank 3/5,,Increases spell damage by up to 15% of your total Intellect.,Talent Passive,Data only,,,,,Data only,TALENT,https://www.wowhead.com/tbc/spell=31586,Talent: Mind Mastery; tree row 8
Mage,Arcane,Talent,Mind Mastery,31587,31584,Rank 4/5,,Increases spell damage by up to 20% of your total Intellect.,Talent Passive,Data only,,,,,Data only,TALENT,https://www.wowhead.com/tbc/spell=31587,Talent: Mind Mastery; tree row 8
Mage,Arcane,Talent,Mind Mastery,31588,31584,Rank 5/5,,Increases spell damage by up to 25% of your total Intellect.,Talent Passive,Data only,,,,,Data only,TALENT,https://www.wowhead.com/tbc/spell=31588,Talent: Mind Mastery; tree row 8
Mage,Arcane,Talent Ability,Presence of Mind,12043,12043,Rank 1/1,,"When activated, your next Mage spell with a casting time less than 10 sec becomes an instant cast spell.",Offensive,Main,180,,,,Cooldown + aura,"DPS, HAS_BUFF, MAJOR, PVE_PVP",https://www.wowhead.com/tbc/spell=12043,Talent-required | Talent: Presence of Mind
Mage,Arcane,Talent,Prismatic Cloak,31574,31574,Rank 1/2,,Reduces all damage taken by 2%.,Talent Passive,Data only,,,,,Data only,TALENT,https://www.wowhead.com/tbc/spell=31574,Talent: Prismatic Cloak; tree row 6
Mage,Arcane,Talent,Prismatic Cloak,31575,31574,Rank 2/2,,Reduces all damage taken by 4%.,Talent Passive,Data only,,,,,Data only,TALENT,https://www.wowhead.com/tbc/spell=31575,Talent: Prismatic Cloak; tree row 6
Mage,Arcane,Talent Ability,Slow,31589,31589,Rank 1/1,,"Reduces target's movement speed by 50%, increases the time between ranged attacks by 50% and increases casting time by 50%. Lasts 15 sec. Slow can only affect one target at a time.",Crowd Control,Utility,0,15,20% of base mana,,Cooldown,"CC_SOFT, UTILITY",https://www.wowhead.com/tbc/spell=31589,Talent-required | Talent: Slow
Mage,Arcane,Talent,Spell Power,35578,35578,Rank 1/2,,Increases critical strike damage bonus of all spells by 25%.,Talent Passive,Data only,,,,,Data only,TALENT,https://www.wowhead.com/tbc/spell=35578,Talent: Spell Power; tree row 7
Mage,Arcane,Talent,Spell Power,35581,35578,Rank 2/2,,Increases critical strike damage bonus of all spells by 50%.,Talent Passive,Data only,,,,,Data only,TALENT,https://www.wowhead.com/tbc/spell=35581,Talent: Spell Power; tree row 7
Mage,Arcane,Talent,Wand Specialization,6057,6057,Rank 1/2,,Increases your damage with Wands by 13%.,Talent Passive,Data only,,,,,Data only,TALENT,https://www.wowhead.com/tbc/spell=6057,Talent: Wand Specialization; tree row 2
Mage,Arcane,Talent,Wand Specialization,6085,6057,Rank 2/2,,Increases your damage with Wands by 25%.,Talent Passive,Data only,,,,,Data only,TALENT,https://www.wowhead.com/tbc/spell=6085,Talent: Wand Specialization; tree row 2
Mage,Class-wide / Shared,Ability,Amplify Magic,1008,1008,Rank 1,18,"Amplifies magic used against the targeted party member, increasing damage taken from spells by up to 15 and healing spells by up to 30. Lasts 10 min.",Utility,Utility,0,600,150 Mana,,Cooldown,"BUFF, LONG_BUFF, SITUATIONAL, UTILITY",https://www.wowhead.com/tbc/spell=1008,
Mage,Class-wide / Shared,Ability,Amplify Magic,8455,1008,Rank 2,30,"Amplifies magic used against the targeted party member, increasing damage taken from spells by up to 30 and healing spells by up to 60. Lasts 10 min.",Utility,Utility,0,600,250 Mana,,Cooldown,"BUFF, LONG_BUFF, SITUATIONAL, UTILITY",https://www.wowhead.com/tbc/spell=8455,
Mage,Class-wide / Shared,Ability,Amplify Magic,10169,1008,Rank 3,42,"Amplifies magic used against the targeted party member, increasing damage taken from spells by up to 50 and healing spells by up to 100. Lasts 10 min.",Utility,Utility,0,600,350 Mana,,Cooldown,"BUFF, LONG_BUFF, SITUATIONAL, UTILITY",https://www.wowhead.com/tbc/spell=10169,
Mage,Class-wide / Shared,Ability,Amplify Magic,10170,1008,Rank 4,54,"Amplifies magic used against the targeted party member, increasing damage taken from spells by up to 75 and healing spells by up to 150. Lasts 10 min.",Utility,Utility,0,600,450 Mana,,Cooldown,"BUFF, LONG_BUFF, SITUATIONAL, UTILITY",https://www.wowhead.com/tbc/spell=10170,
Mage,Class-wide / Shared,Ability,Amplify Magic,27130,1008,Rank 5,63,"Amplifies magic used against the targeted party member, increasing damage taken from spells by up to 90 and healing spells by up to 180. Lasts 10 min.",Utility,Utility,0,600,500 Mana,,Cooldown,"BUFF, LONG_BUFF, SITUATIONAL, UTILITY",https://www.wowhead.com/tbc/spell=27130,
Mage,Class-wide / Shared,Ability,Amplify Magic,33946,1008,Rank 6,69,"Amplifies magic used against the targeted party member, increasing damage taken from spells by up to 120 and healing spells by up to 240. Lasts 10 min.",Utility,Utility,0,600,600 Mana,,Cooldown,"BUFF, LONG_BUFF, SITUATIONAL, UTILITY",https://www.wowhead.com/tbc/spell=33946,
Mage,Class-wide / Shared,Ability,Arcane Brilliance,23028,23028,Rank 1,56,"Infuses the target's party with brilliance, increasing their Intellect by 31 for 1 hour.",Utility,Utility,0,3600,1500 Mana,,Cooldown,"BUFF, LONG_BUFF, UTILITY",https://www.wowhead.com/tbc/spell=23028,
Mage,Class-wide / Shared,Ability,Arcane Brilliance,27127,23028,Rank 2,70,"Infuses the target's party with brilliance, increasing their Intellect by 40 for 1 hour.",Utility,Utility,0,3600,1800 Mana,,Cooldown,"BUFF, LONG_BUFF, UTILITY",https://www.wowhead.com/tbc/spell=27127,
Mage,Class-wide / Shared,Ability,Arcane Intellect,1459,1459,Rank 1,1,Increases the target's Intellect by 2 for 30 min.,Utility,Utility,0,1800,25 Mana,,Cooldown,"BUFF, LONG_BUFF, UTILITY",https://www.wowhead.com/tbc/spell=1459,
Mage,Class-wide / Shared,Ability,Arcane Intellect,1460,1459,Rank 2,14,Increases the target's Intellect by 7 for 30 min.,Utility,Utility,0,1800,100 Mana,,Cooldown,"BUFF, LONG_BUFF, UTILITY",https://www.wowhead.com/tbc/spell=1460,
Mage,Class-wide / Shared,Ability,Arcane Intellect,1461,1459,Rank 3,28,Increases the target's Intellect by 15 for 30 min.,Utility,Utility,0,1800,250 Mana,,Cooldown,"BUFF, LONG_BUFF, UTILITY",https://www.wowhead.com/tbc/spell=1461,
Mage,Class-wide / Shared,Ability,Arcane Intellect,10156,1459,Rank 4,42,Increases the target's Intellect by 22 for 30 min.,Utility,Utility,0,1800,415 Mana,,Cooldown,"BUFF, LONG_BUFF, UTILITY",https://www.wowhead.com/tbc/spell=10156,
Mage,Class-wide / Shared,Ability,Arcane Intellect,10157,1459,Rank 5,56,Increases the target's Intellect by 31 for 30 min.,Utility,Utility,0,1800,575 Mana,,Cooldown,"BUFF, LONG_BUFF, UTILITY",https://www.wowhead.com/tbc/spell=10157,
Mage,Class-wide / Shared,Ability,Arcane Intellect,27126,1459,Rank 6,70,Increases the target's Intellect by 40 for 30 min.,Utility,Utility,0,1800,700 Mana,,Cooldown,"BUFF, LONG_BUFF, UTILITY",https://www.wowhead.com/tbc/spell=27126,
Mage,Class-wide / Shared,Ability,Blink,1953,1953,,20,"Teleports the caster 20 yards forward, unless something is in the way. Also frees the caster from stuns and bonds.",Mobility,Utility,15,,21% of base mana,,Cooldown,"MOVEMENT, MOVEMENT_ESCAPE",https://www.wowhead.com/tbc/spell=1953,
Mage,Class-wide / Shared,Ability,Cone of Cold,120,120,Rank 1,26,"Targets in a cone in front of the caster take 
102 to 
112 Frost damage and are slowed by 50% for 8 sec.",Crowd Control,Utility,10,8,210 Mana,,Cooldown,"AOE, CC_SOFT, DPS",https://www.wowhead.com/tbc/spell=120,
Mage,Class-wide / Shared,Ability,Cone of Cold,8492,120,Rank 2,34,"Targets in a cone in front of the caster take 
151 to 
165 Frost damage and are slowed by 50% for 8 sec.",Crowd Control,Utility,10,8,290 Mana,,Cooldown,"AOE, CC_SOFT, DPS",https://www.wowhead.com/tbc/spell=8492,
Mage,Class-wide / Shared,Ability,Cone of Cold,10159,120,Rank 3,42,"Targets in a cone in front of the caster take 
209 to 
229 Frost damage and are slowed by 50% for 8 sec.",Crowd Control,Utility,10,8,380 Mana,,Cooldown,"AOE, CC_SOFT, DPS",https://www.wowhead.com/tbc/spell=10159,
Mage,Class-wide / Shared,Ability,Cone of Cold,10160,120,Rank 4,50,"Targets in a cone in front of the caster take 
270 to 
297 Frost damage and are slowed by 50% for 8 sec.",Crowd Control,Utility,10,8,465 Mana,,Cooldown,"AOE, CC_SOFT, DPS",https://www.wowhead.com/tbc/spell=10160,
Mage,Class-wide / Shared,Ability,Cone of Cold,10161,120,Rank 5,58,"Targets in a cone in front of the caster take 
342 to 
373 Frost damage and are slowed by 50% for 8 sec.",Crowd Control,Utility,10,8,555 Mana,,Cooldown,"AOE, CC_SOFT, DPS",https://www.wowhead.com/tbc/spell=10161,
Mage,Class-wide / Shared,Ability,Cone of Cold,27087,120,Rank 6,65,"Targets in a cone in front of the caster take 
418 to 
457 Frost damage and are slowed by 50% for 8 sec.",Crowd Control,Utility,10,8,645 Mana,,Cooldown,"AOE, CC_SOFT, DPS",https://www.wowhead.com/tbc/spell=27087,
Mage,Class-wide / Shared,Ability,Conjure Mana Agate,759,759,,28,"Conjures a mana agate that can be used to instantly restore 390 to 410 mana.
Conjured items disappear if logged out for more than 15 minutes.",Utility,Utility,0,,530 Mana,,Cooldown,"CREATES_CONSUMABLE, OUT_OF_COMBAT, UTILITY",https://www.wowhead.com/tbc/spell=759,
Mage,Class-wide / Shared,Ability,Conjure Mana Citrine,10053,10053,,48,"Conjures a mana citrine that can be used to instantly restore 829 to 871 mana.
Conjured items disappear if logged out for more than 15 minutes.",Utility,Utility,0,,1130 Mana,,Cooldown,"CREATES_CONSUMABLE, OUT_OF_COMBAT, UTILITY",https://www.wowhead.com/tbc/spell=10053,
Mage,Class-wide / Shared,Ability,Conjure Mana Emerald,27101,27101,,68,"Conjures a mana emerald that can be used to instantly restore 2340 to 2460 mana. 3 charges.
Conjured items disappear if logged out for more than 15 minutes.",Utility,Utility,0,,1670 Mana,,Cooldown,"CREATES_CONSUMABLE, OUT_OF_COMBAT, UTILITY",https://www.wowhead.com/tbc/spell=27101,
Mage,Class-wide / Shared,Ability,Conjure Mana Jade,3552,3552,,38,"Conjures a mana jade that can be used to instantly restore 585 to 615 mana.
Conjured items disappear if logged out for more than 15 minutes.",Utility,Utility,0,,800 Mana,,Cooldown,"CREATES_CONSUMABLE, OUT_OF_COMBAT, UTILITY",https://www.wowhead.com/tbc/spell=3552,
Mage,Class-wide / Shared,Ability,Conjure Mana Ruby,10054,10054,,58,"Conjures a mana ruby that can be used to instantly restore 1073 to 1127 mana.
Conjured items disappear if logged out for more than 15 minutes.",Utility,Utility,0,,1470 Mana,,Cooldown,"CREATES_CONSUMABLE, OUT_OF_COMBAT, UTILITY",https://www.wowhead.com/tbc/spell=10054,
Mage,Class-wide / Shared,Ability,Counterspell,2139,2139,,24,"Counters the enemy's spellcast, preventing any spell from that school of magic from being cast for 8 sec. Generates a high amount of threat.",Interrupt,Utility,24,10,100 Mana,,Cooldown,INTERRUPT,https://www.wowhead.com/tbc/spell=2139,
Mage,Class-wide / Shared,Ability,Dampen Magic,604,604,Rank 1,12,"Dampens magic used against the targeted party member, decreasing damage taken from spells by up to 10 and healing spells by up to 20. Lasts 10 min.",Utility,Utility,0,600,100 Mana,,Cooldown,"BUFF, LONG_BUFF, SITUATIONAL, UTILITY",https://www.wowhead.com/tbc/spell=604,
Mage,Class-wide / Shared,Ability,Dampen Magic,8450,604,Rank 2,24,"Dampens magic used against the targeted party member, decreasing damage taken from spells by up to 20 and healing spells by up to 40. Lasts 10 min.",Utility,Utility,0,600,200 Mana,,Cooldown,"BUFF, LONG_BUFF, SITUATIONAL, UTILITY",https://www.wowhead.com/tbc/spell=8450,
Mage,Class-wide / Shared,Ability,Dampen Magic,8451,604,Rank 3,36,"Dampens magic used against the targeted party member, decreasing damage taken from spells by up to 40 and healing spells by up to 80. Lasts 10 min.",Utility,Utility,0,600,300 Mana,,Cooldown,"BUFF, LONG_BUFF, SITUATIONAL, UTILITY",https://www.wowhead.com/tbc/spell=8451,
Mage,Class-wide / Shared,Ability,Dampen Magic,10173,604,Rank 4,48,"Dampens magic used against the targeted party member, decreasing damage taken from spells by up to 60 and healing spells by up to 120. Lasts 10 min.",Utility,Utility,0,600,400 Mana,,Cooldown,"BUFF, LONG_BUFF, SITUATIONAL, UTILITY",https://www.wowhead.com/tbc/spell=10173,
Mage,Class-wide / Shared,Ability,Dampen Magic,10174,604,Rank 5,60,"Dampens magic used against the targeted party member, decreasing damage taken from spells by up to 90 and healing spells by up to 180. Lasts 10 min.",Utility,Utility,0,600,500 Mana,,Cooldown,"BUFF, LONG_BUFF, SITUATIONAL, UTILITY",https://www.wowhead.com/tbc/spell=10174,
Mage,Class-wide / Shared,Ability,Dampen Magic,33944,604,Rank 6,67,"Dampens magic used against the targeted party member, decreasing damage taken from spells by up to 120 and healing spells by up to 240. Lasts 10 min.",Utility,Utility,0,600,600 Mana,,Cooldown,"BUFF, LONG_BUFF, SITUATIONAL, UTILITY",https://www.wowhead.com/tbc/spell=33944,
Mage,Class-wide / Shared,Ability,Evocation,12051,12051,,20,"While channeling this spell, you gain 60% of your total mana over 8 sec.",Utility,Utility,480,8,,,Cooldown,"RESOURCE, UTILITY",https://www.wowhead.com/tbc/spell=12051,
Mage,Class-wide / Shared,Ability,Fire Ward,543,543,Rank 1,20,Absorbs 165 Fire damage. Lasts 30 sec.,Defensive,Utility,30,30,85 Mana,,Cooldown + aura,"DEFENSIVE, HAS_BUFF, MINOR",https://www.wowhead.com/tbc/spell=543,
Mage,Class-wide / Shared,Ability,Fire Ward,8457,543,Rank 2,30,Absorbs 290 Fire damage. Lasts 30 sec.,Defensive,Utility,30,30,135 Mana,,Cooldown + aura,"DEFENSIVE, HAS_BUFF, MINOR",https://www.wowhead.com/tbc/spell=8457,
Mage,Class-wide / Shared,Ability,Fire Ward,8458,543,Rank 3,40,Absorbs 470 Fire damage. Lasts 30 sec.,Defensive,Utility,30,30,195 Mana,,Cooldown + aura,"DEFENSIVE, HAS_BUFF, MINOR",https://www.wowhead.com/tbc/spell=8458,
Mage,Class-wide / Shared,Ability,Fire Ward,10223,543,Rank 4,50,Absorbs 675 Fire damage. Lasts 30 sec.,Defensive,Utility,30,30,255 Mana,,Cooldown + aura,"DEFENSIVE, HAS_BUFF, MINOR",https://www.wowhead.com/tbc/spell=10223,
Mage,Class-wide / Shared,Ability,Fire Ward,10225,543,Rank 5,60,Absorbs 875 Fire damage. Lasts 30 sec.,Defensive,Utility,30,30,320 Mana,,Cooldown + aura,"DEFENSIVE, HAS_BUFF, MINOR",https://www.wowhead.com/tbc/spell=10225,
Mage,Class-wide / Shared,Ability,Fire Ward,27128,543,Rank 6,69,Absorbs 1125 Fire damage. Lasts 30 sec.,Defensive,Utility,30,30,360 Mana,,Cooldown + aura,"DEFENSIVE, HAS_BUFF, MINOR",https://www.wowhead.com/tbc/spell=27128,
Mage,Class-wide / Shared,Ability,Frost Armor,168,168,Rank 1,1,"Increases Armor by 30. If an enemy strikes the caster, they may have their movement slowed by 30% and the time between their attacks increased by 25% for 5 sec. Only one type of Armor spell can be active on the Mage at any time. Lasts 30 min.",Defensive,Utility,0,1800,60 Mana,,Cooldown,"BUFF, DEFENSIVE, LONG_BUFF",https://www.wowhead.com/tbc/spell=168,
Mage,Class-wide / Shared,Ability,Frost Armor,7300,168,Rank 2,10,"Increases Armor by 110. If an enemy strikes the caster, they may have their movement slowed by 30% and the time between their attacks increased by 25% for 5 sec. Only one type of Armor spell can be active on the Mage at any time. Lasts 30 min.",Defensive,Utility,0,1800,110 Mana,,Cooldown,"BUFF, DEFENSIVE, LONG_BUFF",https://www.wowhead.com/tbc/spell=7300,
Mage,Class-wide / Shared,Ability,Frost Armor,7301,168,Rank 3,20,"Increases Armor by 200. If an enemy strikes the caster, they may have their movement slowed by 30% and the time between their attacks increased by 25% for 5 sec. Only one type of Armor spell can be active on the Mage at any time. Lasts 30 min.",Defensive,Utility,0,1800,170 Mana,,Cooldown,"BUFF, DEFENSIVE, LONG_BUFF",https://www.wowhead.com/tbc/spell=7301,
Mage,Class-wide / Shared,Ability,Frost Nova,122,122,Rank 1,10,"Blasts enemies near the caster for 
21 to 
24 Frost damage and freezes them in place for up to 8 sec. Damage caused may interrupt the effect.",Crowd Control,Utility,25,8,55 Mana,,Cooldown,"CC_SOFT, ROOT",https://www.wowhead.com/tbc/spell=122,
Mage,Class-wide / Shared,Ability,Frost Nova,865,122,Rank 2,26,"Blasts enemies near the caster for 
35 to 
40 Frost damage and freezes them in place for up to 8 sec. Damage caused may interrupt the effect.",Crowd Control,Utility,25,8,85 Mana,,Cooldown,"CC_SOFT, ROOT",https://www.wowhead.com/tbc/spell=865,
Mage,Class-wide / Shared,Ability,Frost Nova,6131,122,Rank 3,40,"Blasts enemies near the caster for 
54 to 
61 Frost damage and freezes them in place for up to 8 sec. Damage caused may interrupt the effect.",Crowd Control,Utility,25,8,115 Mana,,Cooldown,"CC_SOFT, ROOT",https://www.wowhead.com/tbc/spell=6131,
Mage,Class-wide / Shared,Ability,Frost Nova,10230,122,Rank 4,54,"Blasts enemies near the caster for 
73 to 
82 Frost damage and freezes them in place for up to 8 sec. Damage caused may interrupt the effect.",Crowd Control,Utility,25,8,145 Mana,,Cooldown,"CC_SOFT, ROOT",https://www.wowhead.com/tbc/spell=10230,
Mage,Class-wide / Shared,Ability,Frost Nova,27088,122,Rank 5,67,"Blasts enemies near the caster for 
100 to 
113 Frost damage and freezes them in place for up to 8 sec. Damage caused may interrupt the effect.",Crowd Control,Utility,25,8,185 Mana,,Cooldown,"CC_SOFT, ROOT",https://www.wowhead.com/tbc/spell=27088,
Mage,Class-wide / Shared,Ability,Frost Ward,6143,6143,Rank 1,22,Absorbs 165 Frost damage. Lasts 30 sec.,Defensive,Utility,30,30,85 Mana,,Cooldown + aura,"DEFENSIVE, HAS_BUFF, MINOR",https://www.wowhead.com/tbc/spell=6143,
Mage,Class-wide / Shared,Ability,Frost Ward,8461,6143,Rank 2,32,Absorbs 290 Frost damage. Lasts 30 sec.,Defensive,Utility,30,30,135 Mana,,Cooldown + aura,"DEFENSIVE, HAS_BUFF, MINOR",https://www.wowhead.com/tbc/spell=8461,
Mage,Class-wide / Shared,Ability,Frost Ward,8462,6143,Rank 3,42,Absorbs 470 Frost damage. Lasts 30 sec.,Defensive,Utility,30,30,195 Mana,,Cooldown + aura,"DEFENSIVE, HAS_BUFF, MINOR",https://www.wowhead.com/tbc/spell=8462,
Mage,Class-wide / Shared,Ability,Frost Ward,10177,6143,Rank 4,52,Absorbs 675 Frost damage. Lasts 30 sec.,Defensive,Utility,30,30,255 Mana,,Cooldown + aura,"DEFENSIVE, HAS_BUFF, MINOR",https://www.wowhead.com/tbc/spell=10177,
Mage,Class-wide / Shared,Ability,Frost Ward,28609,6143,Rank 5,60,Absorbs 875 Frost damage. Lasts 30 sec.,Defensive,Utility,30,30,320 Mana,,Cooldown + aura,"DEFENSIVE, HAS_BUFF, MINOR",https://www.wowhead.com/tbc/spell=28609,
Mage,Class-wide / Shared,Ability,Frost Ward,32796,6143,Rank 6,70,Absorbs 1125 Frost damage. Lasts 30 sec.,Defensive,Utility,30,30,360 Mana,,Cooldown + aura,"DEFENSIVE, HAS_BUFF, MINOR",https://www.wowhead.com/tbc/spell=32796,
Mage,Class-wide / Shared,Ability,Ice Armor,7302,7302,Rank 1,30,"Increases Armor by 290 and frost resistance by 6. If an enemy strikes the caster, they may have their movement slowed by 30% and the time between their attacks increased by 25% for 5 sec. Only one type of Armor spell can be active on the Mage at any time. Lasts 30 min.",Defensive,Utility,0,1800,240 Mana,,Cooldown,"BUFF, DEFENSIVE, LONG_BUFF",https://www.wowhead.com/tbc/spell=7302,
Mage,Class-wide / Shared,Ability,Ice Armor,7320,7302,Rank 2,40,"Increases Armor by 380 and frost resistance by 9. If an enemy strikes the caster, they may have their movement slowed by 30% and the time between their attacks increased by 25% for 5 sec. Only one type of Armor spell can be active on the Mage at any time. Lasts 30 min.",Defensive,Utility,0,1800,320 Mana,,Cooldown,"BUFF, DEFENSIVE, LONG_BUFF",https://www.wowhead.com/tbc/spell=7320,
Mage,Class-wide / Shared,Ability,Ice Armor,10219,7302,Rank 3,50,"Increases Armor by 470 and frost resistance by 12. If an enemy strikes the caster, they may have their movement slowed by 30% and the time between their attacks increased by 25% for 5 sec. Only one type of Armor spell can be active on the Mage at any time. Lasts 30 min.",Defensive,Utility,0,1800,410 Mana,,Cooldown,"BUFF, DEFENSIVE, LONG_BUFF",https://www.wowhead.com/tbc/spell=10219,
Mage,Class-wide / Shared,Ability,Ice Armor,10220,7302,Rank 4,60,"Increases Armor by 560 and frost resistance by 15. If an enemy strikes the caster, they may have their movement slowed by 30% and the time between their attacks increased by 25% for 5 sec. Only one type of Armor spell can be active on the Mage at any time. Lasts 30 min.",Defensive,Utility,0,1800,500 Mana,,Cooldown,"BUFF, DEFENSIVE, LONG_BUFF",https://www.wowhead.com/tbc/spell=10220,
Mage,Class-wide / Shared,Ability,Ice Armor,27124,7302,Rank 5,69,"Increases Armor by 645 and frost resistance by 18. If an enemy strikes the caster, they may have their movement slowed by 30% and the time between their attacks increased by 25% for 5 sec. Only one type of Armor spell can be active on the Mage at any time. Lasts 30 min.",Defensive,Utility,0,1800,630 Mana,,Cooldown,"BUFF, DEFENSIVE, LONG_BUFF",https://www.wowhead.com/tbc/spell=27124,
Mage,Class-wide / Shared,Ability,Mage Armor,6117,6117,Rank 1,34,Increases your resistance to all magic by 5 and allows 30% of your mana regeneration to continue while casting. Only one type of Armor spell can be active on the Mage at any time. Lasts 30 min.,Defensive,Utility,0,1800,270 Mana,,Cooldown,"BUFF, DEFENSIVE, LONG_BUFF",https://www.wowhead.com/tbc/spell=6117,
Mage,Class-wide / Shared,Ability,Mage Armor,22782,6117,Rank 2,46,Increases your resistance to all magic by 10 and allows 30% of your mana regeneration to continue while casting. Only one type of Armor spell can be active on the Mage at any time. Lasts 30 min.,Defensive,Utility,0,1800,380 Mana,,Cooldown,"BUFF, DEFENSIVE, LONG_BUFF",https://www.wowhead.com/tbc/spell=22782,
Mage,Class-wide / Shared,Ability,Mage Armor,22783,6117,Rank 3,58,Increases your resistance to all magic by 15 and allows 30% of your mana regeneration to continue while casting. Only one type of Armor spell can be active on the Mage at any time. Lasts 30 min.,Defensive,Utility,0,1800,490 Mana,,Cooldown,"BUFF, DEFENSIVE, LONG_BUFF",https://www.wowhead.com/tbc/spell=22783,
Mage,Class-wide / Shared,Ability,Mage Armor,27125,6117,Rank 4,69,Increases your resistance to all magic by 18 and allows 30% of your mana regeneration to continue while casting. Only one type of Armor spell can be active on the Mage at any time. Lasts 30 min.,Defensive,Utility,0,1800,575 Mana,,Cooldown,"BUFF, DEFENSIVE, LONG_BUFF",https://www.wowhead.com/tbc/spell=27125,
Mage,Class-wide / Shared,Ability,Mana Shield,1463,1463,Rank 1,20,"Absorbs 120 damage, draining mana instead. Drains 2 mana per damage absorbed. Lasts 1 min.",Defensive,Utility,0,60,40 Mana,,Cooldown + aura,"DEFENSIVE, HAS_BUFF, MINOR",https://www.wowhead.com/tbc/spell=1463,
Mage,Class-wide / Shared,Ability,Mana Shield,8494,1463,Rank 2,28,"Absorbs 210 damage, draining mana instead. Drains 2 mana per damage absorbed. Lasts 1 min.",Defensive,Utility,0,60,60 Mana,,Cooldown + aura,"DEFENSIVE, HAS_BUFF, MINOR",https://www.wowhead.com/tbc/spell=8494,
Mage,Class-wide / Shared,Ability,Mana Shield,8495,1463,Rank 3,36,"Absorbs 300 damage, draining mana instead. Drains 2 mana per damage absorbed. Lasts 1 min.",Defensive,Utility,0,60,80 Mana,,Cooldown + aura,"DEFENSIVE, HAS_BUFF, MINOR",https://www.wowhead.com/tbc/spell=8495,
Mage,Class-wide / Shared,Ability,Mana Shield,10191,1463,Rank 4,44,"Absorbs 390 damage, draining mana instead. Drains 2 mana per damage absorbed. Lasts 1 min.",Defensive,Utility,0,60,100 Mana,,Cooldown + aura,"DEFENSIVE, HAS_BUFF, MINOR",https://www.wowhead.com/tbc/spell=10191,
Mage,Class-wide / Shared,Ability,Mana Shield,10192,1463,Rank 5,52,"Absorbs 480 damage, draining mana instead. Drains 2 mana per damage absorbed. Lasts 1 min.",Defensive,Utility,0,60,120 Mana,,Cooldown + aura,"DEFENSIVE, HAS_BUFF, MINOR",https://www.wowhead.com/tbc/spell=10192,
Mage,Class-wide / Shared,Ability,Mana Shield,10193,1463,Rank 6,60,"Absorbs 570 damage, draining mana instead. Drains 2 mana per damage absorbed. Lasts 1 min.",Defensive,Utility,0,60,140 Mana,,Cooldown + aura,"DEFENSIVE, HAS_BUFF, MINOR",https://www.wowhead.com/tbc/spell=10193,
Mage,Class-wide / Shared,Ability,Mana Shield,27131,1463,Rank 7,68,"Absorbs 715 damage, draining mana instead. Drains 2 mana per damage absorbed. Lasts 1 min.",Defensive,Utility,0,60,155 Mana,,Cooldown + aura,"DEFENSIVE, HAS_BUFF, MINOR",https://www.wowhead.com/tbc/spell=27131,
Mage,Class-wide / Shared,Ability,Molten Armor,30482,30482,,62,"Causes 75 Fire damage when hit, increases your chance to critically hit with spells by 3%, and reduces the chance you are critically hit by 5%. Only one type of Armor spell can be active on the Mage at any time. Lasts 30 min.",Offensive,Main,0,1800,630 Mana,,Cooldown,"BUFF, DPS, LONG_BUFF",https://www.wowhead.com/tbc/spell=30482,
Mage,Class-wide / Shared,Ability,Polymorph,118,118,Rank 1,8,"Transforms the enemy into a sheep, forcing it to wander around for up to 20 sec. While wandering, the sheep cannot attack or cast spells but will regenerate very quickly. Any damage will transform the target back into its normal form. Only one target can be polymorphed at a time. Only works on Beasts, Humanoids and Critters.",Crowd Control,Utility,0,50,60 Mana,,Cooldown,"CC_HARD, DISORIENT, FILLER",https://www.wowhead.com/tbc/spell=118,
Mage,Class-wide / Shared,Ability,Polymorph,12824,118,Rank 2,20,"Transforms the enemy into a sheep, forcing it to wander around for up to 30 sec. While wandering, the sheep cannot attack or cast spells but will regenerate very quickly. Any damage will transform the target back into its normal form. Only one target can be polymorphed at a time. Only works on Beasts, Humanoids and Critters.",Crowd Control,Utility,0,50,90 Mana,,Cooldown,"CC_HARD, DISORIENT, FILLER",https://www.wowhead.com/tbc/spell=12824,
Mage,Class-wide / Shared,Ability,Polymorph,12825,118,Rank 3,40,"Transforms the enemy into a sheep, forcing it to wander around for up to 40 sec. While wandering, the sheep cannot attack or cast spells but will regenerate very quickly. Any damage will transform the target back into its normal form. Only one target can be polymorphed at a time. Only works on Beasts, Humanoids and Critters.",Crowd Control,Utility,0,50,120 Mana,,Cooldown,"CC_HARD, DISORIENT, FILLER",https://www.wowhead.com/tbc/spell=12825,
Mage,Class-wide / Shared,Ability,Polymorph,12826,118,Rank 4,60,"Transforms the enemy into a sheep, forcing it to wander around for up to 50 sec. While wandering, the sheep cannot attack or cast spells but will regenerate very quickly. Any damage will transform the target back into its normal form. Only one target can be polymorphed at a time. Only works on Beasts, Humanoids and Critters.",Crowd Control,Utility,0,50,150 Mana,,Cooldown,"CC_HARD, DISORIENT, FILLER",https://www.wowhead.com/tbc/spell=12826,
Mage,Class-wide / Shared,Ability,Slow Fall,130,130,,12,Slows falling speed for 30 sec.,Mobility,Utility,0,30,40 Mana,,Cooldown,"MOVEMENT, OUT_OF_COMBAT, UTILITY",https://www.wowhead.com/tbc/spell=130,
Mage,Fire,Ability,Fire Blast,2136,2136,Rank 1,6,"Blasts the enemy for 
27 to 
35 Fire damage.",Offensive,Main,8,,40 Mana,,Cooldown,"DPS, PVE_PVP, ROTATIONAL",https://www.wowhead.com/tbc/spell=2136,
Mage,Fire,Ability,Fire Blast,2137,2136,Rank 2,14,"Blasts the enemy for 
62 to 
76 Fire damage.",Offensive,Main,8,,75 Mana,,Cooldown,"DPS, PVE_PVP, ROTATIONAL",https://www.wowhead.com/tbc/spell=2137,
Mage,Fire,Ability,Fire Blast,2138,2136,Rank 3,22,"Blasts the enemy for 
110 to 
134 Fire damage.",Offensive,Main,8,,115 Mana,,Cooldown,"DPS, PVE_PVP, ROTATIONAL",https://www.wowhead.com/tbc/spell=2138,
Mage,Fire,Ability,Fire Blast,8412,2136,Rank 4,30,"Blasts the enemy for 
177 to 
211 Fire damage.",Offensive,Main,8,,165 Mana,,Cooldown,"DPS, PVE_PVP, ROTATIONAL",https://www.wowhead.com/tbc/spell=8412,
Mage,Fire,Ability,Fire Blast,8413,2136,Rank 5,38,"Blasts the enemy for 
253 to 
301 Fire damage.",Offensive,Main,8,,220 Mana,,Cooldown,"DPS, PVE_PVP, ROTATIONAL",https://www.wowhead.com/tbc/spell=8413,
Mage,Fire,Ability,Fire Blast,10197,2136,Rank 6,46,"Blasts the enemy for 
345 to 
407 Fire damage.",Offensive,Main,8,,280 Mana,,Cooldown,"DPS, PVE_PVP, ROTATIONAL",https://www.wowhead.com/tbc/spell=10197,
Mage,Fire,Ability,Fire Blast,10199,2136,Rank 7,54,"Blasts the enemy for 
446 to 
524 Fire damage.",Offensive,Main,8,,340 Mana,,Cooldown,"DPS, PVE_PVP, ROTATIONAL",https://www.wowhead.com/tbc/spell=10199,
Mage,Fire,Ability,Fire Blast,27078,2136,Rank 8,61,"Blasts the enemy for 
555 to 
654 Fire damage.",Offensive,Main,8,,400 Mana,,Cooldown,"DPS, PVE_PVP, ROTATIONAL",https://www.wowhead.com/tbc/spell=27078,
Mage,Fire,Ability,Fire Blast,27079,2136,Rank 9,70,"Blasts the enemy for 
664 to 
786 Fire damage.",Offensive,Main,8,,465 Mana,,Cooldown,"DPS, PVE_PVP, ROTATIONAL",https://www.wowhead.com/tbc/spell=27079,
Mage,Fire,Ability,Fireball,133,133,Rank 1,1,"Hurls a fiery ball that causes 
16 to 
25 Fire damage and an additional 2 Fire damage over 4 sec.",Offensive,Main,0,,30 Mana,,Cooldown,"DPS, FILLER, PVE",https://www.wowhead.com/tbc/spell=133,
Mage,Fire,Ability,Fireball,143,133,Rank 2,6,"Hurls a fiery ball that causes 
34 to 
49 Fire damage and an additional 3 Fire damage over 6 sec.",Offensive,Main,0,,45 Mana,,Cooldown,"DPS, FILLER, PVE",https://www.wowhead.com/tbc/spell=143,
Mage,Fire,Ability,Fireball,145,133,Rank 3,12,"Hurls a fiery ball that causes 
57 to 
77 Fire damage and an additional 6 Fire damage over 6 sec.",Offensive,Main,0,,65 Mana,,Cooldown,"DPS, FILLER, PVE",https://www.wowhead.com/tbc/spell=145,
Mage,Fire,Ability,Fireball,3140,133,Rank 4,18,"Hurls a fiery ball that causes 
89 to 
122 Fire damage and an additional 12 Fire damage over 8 sec.",Offensive,Main,0,,95 Mana,,Cooldown,"DPS, FILLER, PVE",https://www.wowhead.com/tbc/spell=3140,
Mage,Fire,Ability,Fireball,8400,133,Rank 5,24,"Hurls a fiery ball that causes 
146 to 
195 Fire damage and an additional 20 Fire damage over 8 sec.",Offensive,Main,0,,140 Mana,,Cooldown,"DPS, FILLER, PVE",https://www.wowhead.com/tbc/spell=8400,
Mage,Fire,Ability,Fireball,8401,133,Rank 6,30,"Hurls a fiery ball that causes 
207 to 
274 Fire damage and an additional 28 Fire damage over 8 sec.",Offensive,Main,0,,185 Mana,,Cooldown,"DPS, FILLER, PVE",https://www.wowhead.com/tbc/spell=8401,
Mage,Fire,Ability,Fireball,8402,133,Rank 7,36,"Hurls a fiery ball that causes 
264 to 
345 Fire damage and an additional 32 Fire damage over 8 sec.",Offensive,Main,0,,220 Mana,,Cooldown,"DPS, FILLER, PVE",https://www.wowhead.com/tbc/spell=8402,
Mage,Fire,Ability,Fireball,10148,133,Rank 8,42,"Hurls a fiery ball that causes 
328 to 
425 Fire damage and an additional 40 Fire damage over 8 sec.",Offensive,Main,0,,260 Mana,,Cooldown,"DPS, FILLER, PVE",https://www.wowhead.com/tbc/spell=10148,
Mage,Fire,Ability,Fireball,10149,133,Rank 9,48,"Hurls a fiery ball that causes 
404 to 
518 Fire damage and an additional 52 Fire damage over 8 sec.",Offensive,Main,0,,305 Mana,,Cooldown,"DPS, FILLER, PVE",https://www.wowhead.com/tbc/spell=10149,
Mage,Fire,Ability,Fireball,10150,133,Rank 10,54,"Hurls a fiery ball that causes 
488 to 
623 Fire damage and an additional 60 Fire damage over 8 sec.",Offensive,Main,0,,350 Mana,,Cooldown,"DPS, FILLER, PVE",https://www.wowhead.com/tbc/spell=10150,
Mage,Fire,Ability,Fireball,10151,133,Rank 11,60,"Hurls a fiery ball that causes 
575 to 
730 Fire damage and an additional 72 Fire damage over 8 sec.",Offensive,Main,0,,395 Mana,,Cooldown,"DPS, FILLER, PVE",https://www.wowhead.com/tbc/spell=10151,
Mage,Fire,Ability,Fireball,25306,133,Rank 12,60,"Hurls a fiery ball that causes 
611 to 
776 Fire damage and an additional 76 Fire damage over 8 sec.",Offensive,Main,0,,410 Mana,,Cooldown,"DPS, FILLER, PVE",https://www.wowhead.com/tbc/spell=25306,
Mage,Fire,Ability,Fireball,27070,133,Rank 13,66,"Hurls a fiery ball that causes 
649 to 
821 Fire damage and an additional 84 Fire damage over 8 sec.",Offensive,Main,0,,425 Mana,,Cooldown,"DPS, FILLER, PVE",https://www.wowhead.com/tbc/spell=27070,
Mage,Fire,Ability,Fireball,38692,133,Rank 14,70,"Hurls a fiery ball that causes 
717 to 
913 Fire damage and an additional 84 Fire damage over 8 sec.",Offensive,Main,0,,465 Mana,,Cooldown,"DPS, FILLER, PVE",https://www.wowhead.com/tbc/spell=38692,
Mage,Fire,Ability,Flamestrike,2120,2120,Rank 1,16,"Calls down a pillar of fire, burning all enemies within the area for 
55 to 
71 Fire damage and an additional 48 Fire damage over 8 sec.",Offensive,Main,0,8,195 Mana,,Cooldown,"AOE, DPS, PVE, TIMED_EFFECT",https://www.wowhead.com/tbc/spell=2120,
Mage,Fire,Ability,Flamestrike,2121,2120,Rank 2,24,"Calls down a pillar of fire, burning all enemies within the area for 
100 to 
126 Fire damage and an additional 88 Fire damage over 8 sec.",Offensive,Main,0,8,330 Mana,,Cooldown,"AOE, DPS, PVE, TIMED_EFFECT",https://www.wowhead.com/tbc/spell=2121,
Mage,Fire,Ability,Flamestrike,8422,2120,Rank 3,32,"Calls down a pillar of fire, burning all enemies within the area for 
159 to 
197 Fire damage and an additional 140 Fire damage over 8 sec.",Offensive,Main,0,8,490 Mana,,Cooldown,"AOE, DPS, PVE, TIMED_EFFECT",https://www.wowhead.com/tbc/spell=8422,
Mage,Fire,Ability,Flamestrike,8423,2120,Rank 4,40,"Calls down a pillar of fire, burning all enemies within the area for 
226 to 
279 Fire damage and an additional 196 Fire damage over 8 sec.",Offensive,Main,0,8,650 Mana,,Cooldown,"AOE, DPS, PVE, TIMED_EFFECT",https://www.wowhead.com/tbc/spell=8423,
Mage,Fire,Ability,Flamestrike,10215,2120,Rank 5,48,"Calls down a pillar of fire, burning all enemies within the area for 
298 to 
367 Fire damage and an additional 264 Fire damage over 8 sec.",Offensive,Main,0,8,815 Mana,,Cooldown,"AOE, DPS, PVE, TIMED_EFFECT",https://www.wowhead.com/tbc/spell=10215,
Mage,Fire,Ability,Flamestrike,10216,2120,Rank 6,56,"Calls down a pillar of fire, burning all enemies within the area for 
383 to 
468 Fire damage and an additional 340 Fire damage over 8 sec.",Offensive,Main,0,8,990 Mana,,Cooldown,"AOE, DPS, PVE, TIMED_EFFECT",https://www.wowhead.com/tbc/spell=10216,
Mage,Fire,Ability,Flamestrike,27086,2120,Rank 7,64,"Calls down a pillar of fire, burning all enemies within the area for 
480 to 
585 Fire damage and an additional 424 Fire damage over 8 sec.",Offensive,Main,0,8,1175 Mana,,Cooldown,"AOE, DPS, PVE, TIMED_EFFECT",https://www.wowhead.com/tbc/spell=27086,
Mage,Fire,Ability,Scorch,2948,2948,Rank 1,22,"Scorch the enemy for 
56 to 
69 Fire damage.",Offensive,Main,0,,50 Mana,22959,Cooldown + aura,"DEBUFF, DPS, HAS_DEBUFF, MAINTENANCE, PVE",https://www.wowhead.com/tbc/spell=2948,
Mage,Fire,Ability,Scorch,8444,2948,Rank 2,28,"Scorch the enemy for 
81 to 
98 Fire damage.",Offensive,Main,0,,65 Mana,22959,Cooldown + aura,"DEBUFF, DPS, HAS_DEBUFF, MAINTENANCE, PVE",https://www.wowhead.com/tbc/spell=8444,
Mage,Fire,Ability,Scorch,8445,2948,Rank 3,34,"Scorch the enemy for 
105 to 
126 Fire damage.",Offensive,Main,0,,80 Mana,22959,Cooldown + aura,"DEBUFF, DPS, HAS_DEBUFF, MAINTENANCE, PVE",https://www.wowhead.com/tbc/spell=8445,
Mage,Fire,Ability,Scorch,8446,2948,Rank 4,40,"Scorch the enemy for 
139 to 
165 Fire damage.",Offensive,Main,0,,100 Mana,22959,Cooldown + aura,"DEBUFF, DPS, HAS_DEBUFF, MAINTENANCE, PVE",https://www.wowhead.com/tbc/spell=8446,
Mage,Fire,Ability,Scorch,10205,2948,Rank 5,46,"Scorch the enemy for 
168 to 
199 Fire damage.",Offensive,Main,0,,115 Mana,22959,Cooldown + aura,"DEBUFF, DPS, HAS_DEBUFF, MAINTENANCE, PVE",https://www.wowhead.com/tbc/spell=10205,
Mage,Fire,Ability,Scorch,10206,2948,Rank 6,52,"Scorch the enemy for 
207 to 
247 Fire damage.",Offensive,Main,0,,135 Mana,22959,Cooldown + aura,"DEBUFF, DPS, HAS_DEBUFF, MAINTENANCE, PVE",https://www.wowhead.com/tbc/spell=10206,
Mage,Fire,Ability,Scorch,10207,2948,Rank 7,58,"Scorch the enemy for 
241 to 
284 Fire damage.",Offensive,Main,0,,150 Mana,22959,Cooldown + aura,"DEBUFF, DPS, HAS_DEBUFF, MAINTENANCE, PVE",https://www.wowhead.com/tbc/spell=10207,
Mage,Fire,Ability,Scorch,27073,2948,Rank 8,65,"Scorch the enemy for 
278 to 
327 Fire damage.",Offensive,Main,0,,165 Mana,22959,Cooldown + aura,"DEBUFF, DPS, HAS_DEBUFF, MAINTENANCE, PVE",https://www.wowhead.com/tbc/spell=27073,
Mage,Fire,Ability,Scorch,27074,2948,Rank 9,70,"Scorch the enemy for 
305 to 
361 Fire damage.",Offensive,Main,0,,180 Mana,22959,Cooldown + aura,"DEBUFF, DPS, HAS_DEBUFF, MAINTENANCE, PVE",https://www.wowhead.com/tbc/spell=27074,
Mage,Fire,Talent Ability,Blast Wave,11113,11113,Rank 1/1,,"A wave of flame radiates outward from the caster, damaging all enemies caught within the blast for 
160 to 
192 Fire damage, and Dazing them for 6 sec.",Crowd Control,Utility,30,6,215 Mana,,Cooldown,"AOE, CC_SOFT, DPS, KNOCKBACK",https://www.wowhead.com/tbc/spell=11113,Talent-required | Talent: Blast Wave
Mage,Fire,Talent Ability,Blast Wave,13018,11113,Rank 2,36,"A wave of flame radiates outward from the caster, damaging all enemies caught within the blast for 
208 to 
249 Fire damage, and Dazing them for 6 sec.",Crowd Control,Utility,30,6,270 Mana,,Cooldown,"AOE, CC_SOFT, DPS, KNOCKBACK",https://www.wowhead.com/tbc/spell=13018,Talent-required
Mage,Fire,Talent Ability,Blast Wave,13019,11113,Rank 3,44,"A wave of flame radiates outward from the caster, damaging all enemies caught within the blast for 
285 to 
338 Fire damage, and Dazing them for 6 sec.",Crowd Control,Utility,30,6,355 Mana,,Cooldown,"AOE, CC_SOFT, DPS, KNOCKBACK",https://www.wowhead.com/tbc/spell=13019,Talent-required
Mage,Fire,Talent Ability,Blast Wave,13020,11113,Rank 4,52,"A wave of flame radiates outward from the caster, damaging all enemies caught within the blast for 
374 to 
443 Fire damage, and Dazing them for 6 sec.",Crowd Control,Utility,30,6,450 Mana,,Cooldown,"AOE, CC_SOFT, DPS, KNOCKBACK",https://www.wowhead.com/tbc/spell=13020,Talent-required
Mage,Fire,Talent Ability,Blast Wave,13021,11113,Rank 5,60,"A wave of flame radiates outward from the caster, damaging all enemies caught within the blast for 
473 to 
556 Fire damage, and Dazing them for 6 sec.",Crowd Control,Utility,30,6,545 Mana,,Cooldown,"AOE, CC_SOFT, DPS, KNOCKBACK",https://www.wowhead.com/tbc/spell=13021,Talent-required
Mage,Fire,Talent Ability,Blast Wave,27133,11113,Rank 6,65,"A wave of flame radiates outward from the caster, damaging all enemies caught within the blast for 
543 to 
638 Fire damage, and Dazing them for 6 sec.",Crowd Control,Utility,30,6,555 Mana,,Cooldown,"AOE, CC_SOFT, DPS, KNOCKBACK",https://www.wowhead.com/tbc/spell=27133,Talent-required
Mage,Fire,Talent Ability,Blast Wave,33933,11113,Rank 7,70,"A wave of flame radiates outward from the caster, damaging all enemies caught within the blast for 
616 to 
724 Fire damage, and Dazing them for 6 sec.",Crowd Control,Utility,30,6,620 Mana,,Cooldown,"AOE, CC_SOFT, DPS, KNOCKBACK",https://www.wowhead.com/tbc/spell=33933,Talent-required
Mage,Fire,Talent,Blazing Speed,31641,31641,Rank 1/2,,Gives you a 5% chance when hit by a melee or ranged attack to increase your movement speed by 50% and dispel all movement impairing effects. This effect lasts 8 sec.,Talent Passive,Data only,,8,,,Data only,TALENT,https://www.wowhead.com/tbc/spell=31641,Talent: Blazing Speed; tree row 6
Mage,Fire,Talent,Blazing Speed,31642,31641,Rank 2/2,,Gives you a 10% chance when hit by a melee or ranged attack to increase your movement speed by 50% and dispel all movement impairing effects. This effect lasts 8 sec.,Talent Passive,Data only,,8,,,Data only,TALENT,https://www.wowhead.com/tbc/spell=31642,Talent: Blazing Speed; tree row 6
Mage,Fire,Talent,Burning Soul,11083,11083,Rank 1/2,,Gives your Fire spells a 35% chance to not lose casting time when you take damage and reduces the threat caused by your Fire spells by 5%.,Talent Passive,Data only,,,,,Data only,TALENT,https://www.wowhead.com/tbc/spell=11083,Talent: Burning Soul; tree row 3
Mage,Fire,Talent,Burning Soul,12351,11083,Rank 2/2,,Gives your Fire spells a 70% chance to not lose casting time when you take damage and reduces the threat caused by your Fire spells by 10%.,Talent Passive,Data only,,,,,Data only,TALENT,https://www.wowhead.com/tbc/spell=12351,Talent: Burning Soul; tree row 3
Mage,Fire,Talent Ability,Combustion,11129,11129,Rank 1/1,,"When activated, this spell causes each of your Fire damage spell hits to increase your critical strike chance with Fire damage spells by 10%. This effect lasts until you have caused 3 critical strikes with Fire spells.",Offensive,Main,180,,,,Cooldown + aura,"DPS, HAS_BUFF, MAJOR, PVE",https://www.wowhead.com/tbc/spell=11129,Talent-required | Talent: Combustion
Mage,Fire,Talent,Critical Mass,11115,11115,Rank 1/3,,Increases the critical strike chance of your Fire spells by 2%.,Talent Passive,Data only,,,,,Data only,TALENT,https://www.wowhead.com/tbc/spell=11115,Talent: Critical Mass; tree row 5
Mage,Fire,Talent,Critical Mass,11367,11115,Rank 2/3,,Increases the critical strike chance of your Fire spells by 4%.,Talent Passive,Data only,,,,,Data only,TALENT,https://www.wowhead.com/tbc/spell=11367,Talent: Critical Mass; tree row 5
Mage,Fire,Talent,Critical Mass,11368,11115,Rank 3/3,,Increases the critical strike chance of your Fire spells by 6%.,Talent Passive,Data only,,,,,Data only,TALENT,https://www.wowhead.com/tbc/spell=11368,Talent: Critical Mass; tree row 5
Mage,Fire,Talent Ability,Dragon's Breath,31661,31661,Rank 1/1,,"Targets in a cone in front of the caster take 
382 to 
442 Fire damage and are Disoriented for 3 sec. Any direct damaging attack will revive targets. Turns off your attack when used.",Crowd Control,Utility,20,3,475 Mana,,Cooldown,"AOE, CC_HARD, DISORIENT, DPS",https://www.wowhead.com/tbc/spell=31661,Talent-required | Talent: Dragon's Breath
Mage,Fire,Talent Ability,Dragon's Breath,33041,31661,Rank 2,56,"Targets in a cone in front of the caster take 
463 to 
536 Fire damage and are Disoriented for 3 sec. Any direct damaging attack will revive targets. Turns off your attack when used.",Crowd Control,Utility,20,3,575 Mana,,Cooldown,"AOE, CC_HARD, DISORIENT, DPS",https://www.wowhead.com/tbc/spell=33041,Talent-required
Mage,Fire,Talent Ability,Dragon's Breath,33042,31661,Rank 3,64,"Targets in a cone in front of the caster take 
584 to 
677 Fire damage and are Disoriented for 3 sec. Any direct damaging attack will revive targets. Turns off your attack when used.",Crowd Control,Utility,20,3,660 Mana,,Cooldown,"AOE, CC_HARD, DISORIENT, DPS",https://www.wowhead.com/tbc/spell=33042,Talent-required
Mage,Fire,Talent Ability,Dragon's Breath,33043,31661,Rank 4,70,"Targets in a cone in front of the caster take 
680 to 
790 Fire damage and are Disoriented for 3 sec. Any direct damaging attack will revive targets. Turns off your attack when used.",Crowd Control,Utility,20,3,700 Mana,,Cooldown,"AOE, CC_HARD, DISORIENT, DPS",https://www.wowhead.com/tbc/spell=33043,Talent-required
Mage,Fire,Talent,Empowered Fireball,31656,31656,Rank 1/5,,Your Fireball spell gains an additional 3% of your bonus spell damage effects.,Talent Passive,Data only,,,,,Data only,TALENT,https://www.wowhead.com/tbc/spell=31656,Talent: Empowered Fireball; tree row 8
Mage,Fire,Talent,Empowered Fireball,31657,31656,Rank 2/5,,Your Fireball spell gains an additional 6% of your bonus spell damage effects.,Talent Passive,Data only,,,,,Data only,TALENT,https://www.wowhead.com/tbc/spell=31657,Talent: Empowered Fireball; tree row 8
Mage,Fire,Talent,Empowered Fireball,31658,31656,Rank 3/5,,Your Fireball spell gains an additional 9% of your bonus spell damage effects.,Talent Passive,Data only,,,,,Data only,TALENT,https://www.wowhead.com/tbc/spell=31658,Talent: Empowered Fireball; tree row 8
Mage,Fire,Talent,Empowered Fireball,31659,31656,Rank 4/5,,Your Fireball spell gains an additional 12% of your bonus spell damage effects.,Talent Passive,Data only,,,,,Data only,TALENT,https://www.wowhead.com/tbc/spell=31659,Talent: Empowered Fireball; tree row 8
Mage,Fire,Talent,Empowered Fireball,31660,31656,Rank 5/5,,Your Fireball spell gains an additional 15% of your bonus spell damage effects.,Talent Passive,Data only,,,,,Data only,TALENT,https://www.wowhead.com/tbc/spell=31660,Talent: Empowered Fireball; tree row 8
Mage,Fire,Talent,Fire Power,11124,11124,Rank 1/5,,Increases the damage done by your Fire spells by 2%.,Talent Passive,Data only,,,,,Data only,TALENT,https://www.wowhead.com/tbc/spell=11124,Talent: Fire Power; tree row 6
Mage,Fire,Talent,Fire Power,12378,11124,Rank 2/5,,Increases the damage done by your Fire spells by 4%.,Talent Passive,Data only,,,,,Data only,TALENT,https://www.wowhead.com/tbc/spell=12378,Talent: Fire Power; tree row 6
Mage,Fire,Talent,Fire Power,12398,11124,Rank 3/5,,Increases the damage done by your Fire spells by 6%.,Talent Passive,Data only,,,,,Data only,TALENT,https://www.wowhead.com/tbc/spell=12398,Talent: Fire Power; tree row 6
Mage,Fire,Talent,Fire Power,12399,11124,Rank 4/5,,Increases the damage done by your Fire spells by 8%.,Talent Passive,Data only,,,,,Data only,TALENT,https://www.wowhead.com/tbc/spell=12399,Talent: Fire Power; tree row 6
Mage,Fire,Talent,Fire Power,12400,11124,Rank 5/5,,Increases the damage done by your Fire spells by 10%.,Talent Passive,Data only,,,,,Data only,TALENT,https://www.wowhead.com/tbc/spell=12400,Talent: Fire Power; tree row 6
Mage,Fire,Talent,Flame Throwing,11100,11100,Rank 1/2,,Increases the range of your Fire spells by 3 yards.,Talent Passive,Data only,,,,,Data only,TALENT,https://www.wowhead.com/tbc/spell=11100,Talent: Flame Throwing; tree row 2
Mage,Fire,Talent,Flame Throwing,12353,11100,Rank 2/2,,Increases the range of your Fire spells by 6 yards.,Talent Passive,Data only,,,,,Data only,TALENT,https://www.wowhead.com/tbc/spell=12353,Talent: Flame Throwing; tree row 2
Mage,Fire,Talent,Ignite,11119,11119,Rank 1/5,,Your critical strikes from Fire damage spells cause the target to burn for an additional 8% of your spell's damage over 4 sec.,Talent Passive,Data only,,,,,Data only,TALENT,https://www.wowhead.com/tbc/spell=11119,Talent: Ignite; tree row 2
Mage,Fire,Talent,Ignite,11120,11119,Rank 2/5,,Your critical strikes from Fire damage spells cause the target to burn for an additional 16% of your spell's damage over 4 sec.,Talent Passive,Data only,,,,,Data only,TALENT,https://www.wowhead.com/tbc/spell=11120,Talent: Ignite; tree row 2
Mage,Fire,Talent,Ignite,12846,11119,Rank 3/5,,Your critical strikes from Fire damage spells cause the target to burn for an additional 24% of your spell's damage over 4 sec.,Talent Passive,Data only,,,,,Data only,TALENT,https://www.wowhead.com/tbc/spell=12846,Talent: Ignite; tree row 2
Mage,Fire,Talent,Ignite,12847,11119,Rank 4/5,,Your critical strikes from Fire damage spells cause the target to burn for an additional 32% of your spell's damage over 4 sec.,Talent Passive,Data only,,,,,Data only,TALENT,https://www.wowhead.com/tbc/spell=12847,Talent: Ignite; tree row 2
Mage,Fire,Talent,Ignite,12848,11119,Rank 5/5,,Your critical strikes from Fire damage spells cause the target to burn for an additional 40% of your spell's damage over 4 sec.,Talent Passive,Data only,,,,,Data only,TALENT,https://www.wowhead.com/tbc/spell=12848,Talent: Ignite; tree row 2
Mage,Fire,Talent,Impact,11103,11103,Rank 1/5,,Gives your Fire spells a 2% chance to stun the target for 2 sec.,Talent Passive,Data only,,2,,,Data only,TALENT,https://www.wowhead.com/tbc/spell=11103,Talent: Impact; tree row 1
Mage,Fire,Talent,Impact,12357,11103,Rank 2/5,,Gives your Fire spells a 4% chance to stun the target for 2 sec.,Talent Passive,Data only,,2,,,Data only,TALENT,https://www.wowhead.com/tbc/spell=12357,Talent: Impact; tree row 1
Mage,Fire,Talent,Impact,12358,11103,Rank 3/5,,Gives your Fire spells a 6% chance to stun the target for 2 sec.,Talent Passive,Data only,,2,,,Data only,TALENT,https://www.wowhead.com/tbc/spell=12358,Talent: Impact; tree row 1
Mage,Fire,Talent,Impact,12359,11103,Rank 4/5,,Gives your Fire spells a 8% chance to stun the target for 2 sec.,Talent Passive,Data only,,2,,,Data only,TALENT,https://www.wowhead.com/tbc/spell=12359,Talent: Impact; tree row 1
Mage,Fire,Talent,Impact,12360,11103,Rank 5/5,,Gives your Fire spells a 10% chance to stun the target for 2 sec.,Talent Passive,Data only,,2,,,Data only,TALENT,https://www.wowhead.com/tbc/spell=12360,Talent: Impact; tree row 1
Mage,Fire,Talent,Improved Fire Blast,11078,11078,Rank 1/3,,Reduces the cooldown of your Fire Blast spell by 0.5 sec.,Talent Passive,Data only,,,,,Data only,TALENT,https://www.wowhead.com/tbc/spell=11078,Talent: Improved Fire Blast; tree row 2
Mage,Fire,Talent,Improved Fire Blast,11080,11078,Rank 2/3,,Reduces the cooldown of your Fire Blast spell by 1 sec.,Talent Passive,Data only,,,,,Data only,TALENT,https://www.wowhead.com/tbc/spell=11080,Talent: Improved Fire Blast; tree row 2
Mage,Fire,Talent,Improved Fire Blast,12342,11078,Rank 3/3,,Reduces the cooldown of your Fire Blast spell by 1.5 sec.,Talent Passive,Data only,,,,,Data only,TALENT,https://www.wowhead.com/tbc/spell=12342,Talent: Improved Fire Blast; tree row 2
Mage,Fire,Talent,Improved Fireball,11069,11069,Rank 1/5,,Reduces the casting time of your Fireball spell by 0.1 sec.,Talent Passive,Data only,,,,,Data only,TALENT,https://www.wowhead.com/tbc/spell=11069,Talent: Improved Fireball; tree row 1
Mage,Fire,Talent,Improved Fireball,12338,11069,Rank 2/5,,Reduces the casting time of your Fireball spell by 0.2 sec.,Talent Passive,Data only,,,,,Data only,TALENT,https://www.wowhead.com/tbc/spell=12338,Talent: Improved Fireball; tree row 1
Mage,Fire,Talent,Improved Fireball,12339,11069,Rank 3/5,,Reduces the casting time of your Fireball spell by 0.3 sec.,Talent Passive,Data only,,,,,Data only,TALENT,https://www.wowhead.com/tbc/spell=12339,Talent: Improved Fireball; tree row 1
Mage,Fire,Talent,Improved Fireball,12340,11069,Rank 4/5,,Reduces the casting time of your Fireball spell by 0.4 sec.,Talent Passive,Data only,,,,,Data only,TALENT,https://www.wowhead.com/tbc/spell=12340,Talent: Improved Fireball; tree row 1
Mage,Fire,Talent,Improved Fireball,12341,11069,Rank 5/5,,Reduces the casting time of your Fireball spell by 0.5 sec.,Talent Passive,Data only,,,,,Data only,TALENT,https://www.wowhead.com/tbc/spell=12341,Talent: Improved Fireball; tree row 1
Mage,Fire,Talent,Improved Flamestrike,11108,11108,Rank 1/3,,Increases the critical strike chance of your Flamestrike spell by 5%.,Talent Passive,Data only,,,,,Data only,TALENT,https://www.wowhead.com/tbc/spell=11108,Talent: Improved Flamestrike; tree row 3
Mage,Fire,Talent,Improved Flamestrike,12349,11108,Rank 2/3,,Increases the critical strike chance of your Flamestrike spell by 10%.,Talent Passive,Data only,,,,,Data only,TALENT,https://www.wowhead.com/tbc/spell=12349,Talent: Improved Flamestrike; tree row 3
Mage,Fire,Talent,Improved Flamestrike,12350,11108,Rank 3/3,,Increases the critical strike chance of your Flamestrike spell by 15%.,Talent Passive,Data only,,,,,Data only,TALENT,https://www.wowhead.com/tbc/spell=12350,Talent: Improved Flamestrike; tree row 3
Mage,Fire,Talent,Improved Scorch,11095,11095,Rank 1/3,,Your Scorch spells have a 33% chance to cause your target to be vulnerable to Fire damage. This vulnerability increases the Fire damage dealt to your target by 3% and lasts 30 sec. Stacks up to 5 times.,Talent Passive,Data only,,30,,,Data only,TALENT,https://www.wowhead.com/tbc/spell=11095,Talent: Improved Scorch; tree row 4
Mage,Fire,Talent,Improved Scorch,12872,11095,Rank 2/3,,Your Scorch spells have a 66% chance to cause your target to be vulnerable to Fire damage. This vulnerability increases the Fire damage dealt to your target by 3% and lasts 30 sec. Stacks up to 5 times.,Talent Passive,Data only,,30,,,Data only,TALENT,https://www.wowhead.com/tbc/spell=12872,Talent: Improved Scorch; tree row 4
Mage,Fire,Talent,Improved Scorch,12873,11095,Rank 3/3,,Your Scorch spells have a 100% chance to cause your target to be vulnerable to Fire damage. This vulnerability increases the Fire damage dealt to your target by 3% and lasts 30 sec. Stacks up to 5 times.,Talent Passive,Data only,,30,,,Data only,TALENT,https://www.wowhead.com/tbc/spell=12873,Talent: Improved Scorch; tree row 4
Mage,Fire,Talent,Incineration,18459,18459,Rank 1/2,,Increases the critical strike chance of your Fire Blast and Scorch spells by 2%.,Talent Passive,Data only,,,,,Data only,TALENT,https://www.wowhead.com/tbc/spell=18459,Talent: Incineration; tree row 3
Mage,Fire,Talent,Incineration,18460,18459,Rank 2/2,,Increases the critical strike chance of your Fire Blast and Scorch spells by 4%.,Talent Passive,Data only,,,,,Data only,TALENT,https://www.wowhead.com/tbc/spell=18460,Talent: Incineration; tree row 3
Mage,Fire,Talent,Master of Elements,29074,29074,Rank 1/3,,Your Fire and Frost spell criticals will refund 10% of their base mana cost.,Talent Passive,Data only,,,,,Data only,TALENT,https://www.wowhead.com/tbc/spell=29074,Talent: Master of Elements; tree row 4
Mage,Fire,Talent,Master of Elements,29075,29074,Rank 2/3,,Your Fire and Frost spell criticals will refund 20% of their base mana cost.,Talent Passive,Data only,,,,,Data only,TALENT,https://www.wowhead.com/tbc/spell=29075,Talent: Master of Elements; tree row 4
Mage,Fire,Talent,Master of Elements,29076,29074,Rank 3/3,,Your Fire and Frost spell criticals will refund 30% of their base mana cost.,Talent Passive,Data only,,,,,Data only,TALENT,https://www.wowhead.com/tbc/spell=29076,Talent: Master of Elements; tree row 4
Mage,Fire,Talent,Molten Fury,31679,31679,Rank 1/2,,Increases damage of all spells against targets with less than 20% health by 10%.,Talent Passive,Data only,,,,,Data only,TALENT,https://www.wowhead.com/tbc/spell=31679,Talent: Molten Fury; tree row 7
Mage,Fire,Talent,Molten Fury,31680,31679,Rank 2/2,,Increases damage of all spells against targets with less than 20% health by 20%.,Talent Passive,Data only,,,,,Data only,TALENT,https://www.wowhead.com/tbc/spell=31680,Talent: Molten Fury; tree row 7
Mage,Fire,Talent,Molten Shields,11094,11094,Rank 1/2,,"Causes your Fire Ward to have a 10% chance to reflect Fire spells while active. In addition, your Molten Armor has a 50% chance to affect ranged and spell attacks.",Talent Passive,Data only,,,,,Data only,TALENT,https://www.wowhead.com/tbc/spell=11094,Talent: Molten Shields; tree row 4
Mage,Fire,Talent,Molten Shields,13043,11094,Rank 2/2,,"Causes your Fire Ward to have a 20% chance to reflect Fire spells while active. In addition, your Molten Armor has a 100% chance to affect ranged and spell attacks.",Talent Passive,Data only,,,,,Data only,TALENT,https://www.wowhead.com/tbc/spell=13043,Talent: Molten Shields; tree row 4
Mage,Fire,Talent,Playing with Fire,31638,31638,Rank 1/3,,Increases all spell damage caused by 1% and all spell damage taken by 1%.,Talent Passive,Data only,,,,,Data only,TALENT,https://www.wowhead.com/tbc/spell=31638,Talent: Playing with Fire; tree row 5
Mage,Fire,Talent,Playing with Fire,31639,31638,Rank 2/3,,Increases all spell damage caused by 2% and all spell damage taken by 2%.,Talent Passive,Data only,,,,,Data only,TALENT,https://www.wowhead.com/tbc/spell=31639,Talent: Playing with Fire; tree row 5
Mage,Fire,Talent,Playing with Fire,31640,31638,Rank 3/3,,Increases all spell damage caused by 3% and all spell damage taken by 3%.,Talent Passive,Data only,,,,,Data only,TALENT,https://www.wowhead.com/tbc/spell=31640,Talent: Playing with Fire; tree row 5
Mage,Fire,Talent,Pyroblast,11366,11366,Rank 1/1,,"Hurls an immense fiery boulder that causes 
148 to 
195 Fire damage and an additional 56 Fire damage over 12 sec.",Talent Passive,Data only,,,125 Mana,,Data only,TALENT,https://www.wowhead.com/tbc/spell=11366,Talent: Pyroblast; tree row 3
Mage,Fire,Talent,Pyromaniac,34293,34293,Rank 1/3,,Increases chance to critically hit and reduces the mana cost of all Fire spells by an additional 1%.,Talent Passive,Data only,,,,,Data only,TALENT,https://www.wowhead.com/tbc/spell=34293,Talent: Pyromaniac; tree row 7
Mage,Fire,Talent,Pyromaniac,34295,34293,Rank 2/3,,Increases chance to critically hit and reduces the mana cost of all Fire spells by an additional 2%.,Talent Passive,Data only,,,,,Data only,TALENT,https://www.wowhead.com/tbc/spell=34295,Talent: Pyromaniac; tree row 7
Mage,Fire,Talent,Pyromaniac,34296,34293,Rank 3/3,,Increases chance to critically hit and reduces the mana cost of all Fire spells by an additional 3%.,Talent Passive,Data only,,,,,Data only,TALENT,https://www.wowhead.com/tbc/spell=34296,Talent: Pyromaniac; tree row 7
Mage,Frost,Ability,Blizzard,10,10,Rank 1,20,"Ice shards pelt the target area doing (
26 * 8) Frost damage over 8 sec.",Offensive,Main,0,8,320 Mana,,Cooldown,"AOE, DPS, PVE",https://www.wowhead.com/tbc/spell=10,
Mage,Frost,Ability,Blizzard,6141,10,Rank 2,28,"Ice shards pelt the target area doing (
45 * 8) Frost damage over 8 sec.",Offensive,Main,0,8,520 Mana,,Cooldown,"AOE, DPS, PVE",https://www.wowhead.com/tbc/spell=6141,
Mage,Frost,Ability,Blizzard,8427,10,Rank 3,36,"Ice shards pelt the target area doing (
66 * 8) Frost damage over 8 sec.",Offensive,Main,0,8,720 Mana,,Cooldown,"AOE, DPS, PVE",https://www.wowhead.com/tbc/spell=8427,
Mage,Frost,Ability,Blizzard,10185,10,Rank 4,44,"Ice shards pelt the target area doing (
92 * 8) Frost damage over 8 sec.",Offensive,Main,0,8,935 Mana,,Cooldown,"AOE, DPS, PVE",https://www.wowhead.com/tbc/spell=10185,
Mage,Frost,Ability,Blizzard,10186,10,Rank 5,52,"Ice shards pelt the target area doing (
119 * 8) Frost damage over 8 sec.",Offensive,Main,0,8,1160 Mana,,Cooldown,"AOE, DPS, PVE",https://www.wowhead.com/tbc/spell=10186,
Mage,Frost,Ability,Blizzard,10187,10,Rank 6,60,"Ice shards pelt the target area doing (
151 * 8) Frost damage over 8 sec.",Offensive,Main,0,8,1400 Mana,,Cooldown,"AOE, DPS, PVE",https://www.wowhead.com/tbc/spell=10187,
Mage,Frost,Ability,Blizzard,27085,10,Rank 7,68,"Ice shards pelt the target area doing (
185 * 8) Frost damage over 8 sec.",Offensive,Main,0,8,1645 Mana,,Cooldown,"AOE, DPS, PVE",https://www.wowhead.com/tbc/spell=27085,
Mage,Frost,Talent,Arctic Reach,16757,16757,Rank 1/2,,"Increases the range of your Frostbolt, Ice Lance and Blizzard spells and the radius of your Frost Nova and Cone of Cold spells by 10%.",Talent Passive,Data only,,,,,Data only,TALENT,https://www.wowhead.com/tbc/spell=16757,Talent: Arctic Reach; tree row 4
Mage,Frost,Talent,Arctic Reach,16758,16757,Rank 2/2,,"Increases the range of your Frostbolt, Ice Lance and Blizzard spells and the radius of your Frost Nova and Cone of Cold spells by 20%.",Talent Passive,Data only,,,,,Data only,TALENT,https://www.wowhead.com/tbc/spell=16758,Talent: Arctic Reach; tree row 4
Mage,Frost,Talent,Arctic Winds,31674,31674,Rank 1/5,,Increases all Frost damage you cause by 1% and reduces the chance melee and ranged attacks will hit you by 1%.,Talent Passive,Data only,,,,,Data only,TALENT,https://www.wowhead.com/tbc/spell=31674,Talent: Arctic Winds; tree row 7
Mage,Frost,Talent,Arctic Winds,31675,31674,Rank 2/5,,Increases all Frost damage you cause by 2% and reduces the chance melee and ranged attacks will hit you by 2%.,Talent Passive,Data only,,,,,Data only,TALENT,https://www.wowhead.com/tbc/spell=31675,Talent: Arctic Winds; tree row 7
Mage,Frost,Talent,Arctic Winds,31676,31674,Rank 3/5,,Increases all Frost damage you cause by 3% and reduces the chance melee and ranged attacks will hit you by 3%.,Talent Passive,Data only,,,,,Data only,TALENT,https://www.wowhead.com/tbc/spell=31676,Talent: Arctic Winds; tree row 7
Mage,Frost,Talent,Arctic Winds,31677,31674,Rank 4/5,,Increases all Frost damage you cause by 4% and reduces the chance melee and ranged attacks will hit you by 4%.,Talent Passive,Data only,,,,,Data only,TALENT,https://www.wowhead.com/tbc/spell=31677,Talent: Arctic Winds; tree row 7
Mage,Frost,Talent,Arctic Winds,31678,31674,Rank 5/5,,Increases all Frost damage you cause by 5% and reduces the chance melee and ranged attacks will hit you by 5%.,Talent Passive,Data only,,,,,Data only,TALENT,https://www.wowhead.com/tbc/spell=31678,Talent: Arctic Winds; tree row 7
Mage,Frost,Talent Ability,Cold Snap,11958,11958,Rank 1/1,,"When activated, this spell finishes the cooldown on all Frost spells you recently cast.",Utility,Utility,480,,,,Cooldown,"DPS, MAJOR, PVE_PVP, UTILITY",https://www.wowhead.com/tbc/spell=11958,Talent-required | Talent: Cold Snap
Mage,Frost,Talent,Elemental Precision,29438,29438,Rank 1/3,,Reduces the mana cost and chance targets resist your Frost and Fire spells by 1%.,Talent Passive,Data only,,,,,Data only,TALENT,https://www.wowhead.com/tbc/spell=29438,Talent: Elemental Precision; tree row 1
Mage,Frost,Talent,Elemental Precision,29439,29438,Rank 2/3,,Reduces the mana cost and chance targets resist your Frost and Fire spells by 2%.,Talent Passive,Data only,,,,,Data only,TALENT,https://www.wowhead.com/tbc/spell=29439,Talent: Elemental Precision; tree row 1
Mage,Frost,Talent,Elemental Precision,29440,29438,Rank 3/3,,Reduces the mana cost and chance targets resist your Frost and Fire spells by 3%.,Talent Passive,Data only,,,,,Data only,TALENT,https://www.wowhead.com/tbc/spell=29440,Talent: Elemental Precision; tree row 1
Mage,Frost,Talent,Empowered Frostbolt,31682,31682,Rank 1/5,,Your Frostbolt spell gains an additional 2% of your bonus spell damage effects and an additional 1% chance to critically strike.,Talent Passive,Data only,,,,,Data only,TALENT,https://www.wowhead.com/tbc/spell=31682,Talent: Empowered Frostbolt; tree row 8
Mage,Frost,Talent,Empowered Frostbolt,31683,31682,Rank 2/5,,Your Frostbolt spell gains an additional 4% of your bonus spell damage effects and an additional 2% chance to critically strike.,Talent Passive,Data only,,,,,Data only,TALENT,https://www.wowhead.com/tbc/spell=31683,Talent: Empowered Frostbolt; tree row 8
Mage,Frost,Talent,Empowered Frostbolt,31684,31682,Rank 3/5,,Your Frostbolt spell gains an additional 6% of your bonus spell damage effects and an additional 3% chance to critically strike.,Talent Passive,Data only,,,,,Data only,TALENT,https://www.wowhead.com/tbc/spell=31684,Talent: Empowered Frostbolt; tree row 8
Mage,Frost,Talent,Empowered Frostbolt,31685,31682,Rank 4/5,,Your Frostbolt spell gains an additional 8% of your bonus spell damage effects and an additional 4% chance to critically strike.,Talent Passive,Data only,,,,,Data only,TALENT,https://www.wowhead.com/tbc/spell=31685,Talent: Empowered Frostbolt; tree row 8
Mage,Frost,Talent,Empowered Frostbolt,31686,31682,Rank 5/5,,Your Frostbolt spell gains an additional 10% of your bonus spell damage effects and an additional 5% chance to critically strike.,Talent Passive,Data only,,,,,Data only,TALENT,https://www.wowhead.com/tbc/spell=31686,Talent: Empowered Frostbolt; tree row 8
Mage,Frost,Talent,Frost Channeling,11160,11160,Rank 1/3,,Reduces the mana cost of your Frost spells by 5% and reduces the threat caused by your Frost spells by 4%.,Talent Passive,Data only,,,,,Data only,TALENT,https://www.wowhead.com/tbc/spell=11160,Talent: Frost Channeling; tree row 4
Mage,Frost,Talent,Frost Channeling,12518,11160,Rank 2/3,,Reduces the mana cost of your Frost spells by 10% and reduces the threat caused by your Frost spells by 7%.,Talent Passive,Data only,,,,,Data only,TALENT,https://www.wowhead.com/tbc/spell=12518,Talent: Frost Channeling; tree row 4
Mage,Frost,Talent,Frost Channeling,12519,11160,Rank 3/3,,Reduces the mana cost of your Frost spells by 15% and reduces the threat caused by your Frost spells by 10%.,Talent Passive,Data only,,,,,Data only,TALENT,https://www.wowhead.com/tbc/spell=12519,Talent: Frost Channeling; tree row 4
Mage,Frost,Talent,Frost Warding,11189,11189,Rank 1/2,,"Increases the armor and resistances given by your Frost Armor and Ice Armor spells by 15%. In addition, gives your Frost Ward a 10% chance to reflect Frost spells and effects while active.",Talent Passive,Data only,,,,,Data only,TALENT,https://www.wowhead.com/tbc/spell=11189,Talent: Frost Warding; tree row 1
Mage,Frost,Talent,Frost Warding,28332,11189,Rank 2/2,,"Increases the armor and resistances given by your Frost Armor and Ice Armor spells by 30%. In addition, gives your Frost Ward a 20% chance to reflect Frost spells and effects while active.",Talent Passive,Data only,,,,,Data only,TALENT,https://www.wowhead.com/tbc/spell=28332,Talent: Frost Warding; tree row 1
Mage,Frost,Talent,Frostbite,11071,11071,Rank 1/3,,Gives your Chill effects a 5% chance to freeze the target for 5 sec.,Talent Passive,Data only,,5,,,Data only,TALENT,https://www.wowhead.com/tbc/spell=11071,Talent: Frostbite; tree row 2
Mage,Frost,Talent,Frostbite,12496,11071,Rank 2/3,,Gives your Chill effects a 10% chance to freeze the target for 5 sec.,Talent Passive,Data only,,5,,,Data only,TALENT,https://www.wowhead.com/tbc/spell=12496,Talent: Frostbite; tree row 2
Mage,Frost,Talent,Frostbite,12497,11071,Rank 3/3,,Gives your Chill effects a 15% chance to freeze the target for 5 sec.,Talent Passive,Data only,,5,,,Data only,TALENT,https://www.wowhead.com/tbc/spell=12497,Talent: Frostbite; tree row 2
Mage,Frost,Talent,Frozen Core,31667,31667,Rank 1/3,,Reduces the damage taken by Frost and Fire effects by 2%.,Talent Passive,Data only,,,,,Data only,TALENT,https://www.wowhead.com/tbc/spell=31667,Talent: Frozen Core; tree row 5
Mage,Frost,Talent,Frozen Core,31668,31667,Rank 2/3,,Reduces the damage taken by Frost and Fire effects by 4%.,Talent Passive,Data only,,,,,Data only,TALENT,https://www.wowhead.com/tbc/spell=31668,Talent: Frozen Core; tree row 5
Mage,Frost,Talent,Frozen Core,31669,31667,Rank 3/3,,Reduces the damage taken by Frost and Fire effects by 6%.,Talent Passive,Data only,,,,,Data only,TALENT,https://www.wowhead.com/tbc/spell=31669,Talent: Frozen Core; tree row 5
Mage,Frost,Talent Ability,Ice Barrier,11426,11426,Rank 1/1,,"Instantly shields you, absorbing 
455 damage. Lasts 1 min. While the shield holds, spells will not be interrupted.",Defensive,Utility,30,60,305 Mana,,Cooldown + aura,"DEFENSIVE, HAS_BUFF, MINOR",https://www.wowhead.com/tbc/spell=11426,Talent-required | Talent: Ice Barrier
Mage,Frost,Talent Ability,Ice Barrier,13031,11426,Rank 2,46,"Instantly shields you, absorbing 
569 damage. Lasts 1 min. While the shield holds, spells will not be interrupted.",Defensive,Utility,30,60,360 Mana,,Cooldown + aura,"DEFENSIVE, HAS_BUFF, MINOR",https://www.wowhead.com/tbc/spell=13031,Talent-required
Mage,Frost,Talent Ability,Ice Barrier,13032,11426,Rank 3,52,"Instantly shields you, absorbing 
700 damage. Lasts 1 min. While the shield holds, spells will not be interrupted.",Defensive,Utility,30,60,420 Mana,,Cooldown + aura,"DEFENSIVE, HAS_BUFF, MINOR",https://www.wowhead.com/tbc/spell=13032,Talent-required
Mage,Frost,Talent Ability,Ice Barrier,13033,11426,Rank 4,58,"Instantly shields you, absorbing 
842 damage. Lasts 1 min. While the shield holds, spells will not be interrupted.",Defensive,Utility,30,60,480 Mana,,Cooldown + aura,"DEFENSIVE, HAS_BUFF, MINOR",https://www.wowhead.com/tbc/spell=13033,Talent-required
Mage,Frost,Talent Ability,Ice Barrier,27134,11426,Rank 5,64,"Instantly shields you, absorbing 
952 damage. Lasts 1 min. While the shield holds, spells will not be interrupted.",Defensive,Utility,30,60,495 Mana,,Cooldown + aura,"DEFENSIVE, HAS_BUFF, MINOR",https://www.wowhead.com/tbc/spell=27134,Talent-required
Mage,Frost,Talent Ability,Ice Barrier,33405,11426,Rank 6,70,"Instantly shields you, absorbing 
1075 damage. Lasts 1 min. While the shield holds, spells will not be interrupted.",Defensive,Utility,30,60,565 Mana,,Cooldown + aura,"DEFENSIVE, HAS_BUFF, MINOR",https://www.wowhead.com/tbc/spell=33405,Talent-required
Mage,Frost,Talent Ability,Ice Block,45438,45438,,30,"You become encased in a block of ice, protecting you from all physical attacks and spells for 10 sec, but during that time you cannot attack, move or cast spells. Also causes Hypothermia, preventing you from recasting Ice Block for 30 sec.",Defensive,Utility,300,10,15 Mana,41425,Cooldown + aura,"DEFENSIVE, HAS_BUFF, IMMUNITY, MAJOR",https://www.wowhead.com/tbc/spell=45438,Talent-required
Mage,Frost,Talent,Ice Floes,31670,31670,Rank 1/2,,"Reduces the cooldown of your Cone of Cold, Cold Snap, Ice Barrier and Ice Block spells by 10%.",Talent Passive,Data only,,,,,Data only,TALENT,https://www.wowhead.com/tbc/spell=31670,Talent: Ice Floes; tree row 6
Mage,Frost,Talent,Ice Floes,31672,31670,Rank 2/2,,"Reduces the cooldown of your Cone of Cold, Cold Snap, Ice Barrier and Ice Block spells by 20%.",Talent Passive,Data only,,,,,Data only,TALENT,https://www.wowhead.com/tbc/spell=31672,Talent: Ice Floes; tree row 6
Mage,Frost,Talent,Ice Shards,11207,11207,Rank 1/5,,Increases the critical strike damage bonus of your Frost spells by 20%.,Talent Passive,Data only,,,,,Data only,TALENT,https://www.wowhead.com/tbc/spell=11207,Talent: Ice Shards; tree row 2
Mage,Frost,Talent,Ice Shards,12672,11207,Rank 2/5,,Increases the critical strike damage bonus of your Frost spells by 40%.,Talent Passive,Data only,,,,,Data only,TALENT,https://www.wowhead.com/tbc/spell=12672,Talent: Ice Shards; tree row 2
Mage,Frost,Talent,Ice Shards,15047,11207,Rank 3/5,,Increases the critical strike damage bonus of your Frost spells by 60%.,Talent Passive,Data only,,,,,Data only,TALENT,https://www.wowhead.com/tbc/spell=15047,Talent: Ice Shards; tree row 2
Mage,Frost,Talent,Ice Shards,15052,11207,Rank 4/5,,Increases the critical strike damage bonus of your Frost spells by 80%.,Talent Passive,Data only,,,,,Data only,TALENT,https://www.wowhead.com/tbc/spell=15052,Talent: Ice Shards; tree row 2
Mage,Frost,Talent,Ice Shards,15053,11207,Rank 5/5,,Increases the critical strike damage bonus of your Frost spells by 100%.,Talent Passive,Data only,,,,,Data only,TALENT,https://www.wowhead.com/tbc/spell=15053,Talent: Ice Shards; tree row 2
Mage,Frost,Talent Ability,Icy Veins,12472,12472,Rank 1/1,,"Hastens your spellcasting, increasing spell casting speed by 20% and gives you 100% chance to avoid interruption caused by damage while casting. Lasts 20 sec.",Offensive,Main,180,20,3% of base mana,,Cooldown + aura,"DPS, HAS_BUFF, MAJOR, PVE",https://www.wowhead.com/tbc/spell=12472,Talent-required | Talent: Icy Veins
Mage,Frost,Talent,Improved Blizzard,11185,11185,Rank 1/3,,Adds a chill effect to your Blizzard spell. This effect lowers the target's movement speed by 30%. Lasts 1.50 sec.,Talent Passive,Data only,,1.5,,,Data only,TALENT,https://www.wowhead.com/tbc/spell=11185,Talent: Improved Blizzard; tree row 3
Mage,Frost,Talent,Improved Blizzard,12487,11185,Rank 2/3,,Adds a chill effect to your Blizzard spell. This effect lowers the target's movement speed by 50%. Lasts 1.50 sec.,Talent Passive,Data only,,1.5,,,Data only,TALENT,https://www.wowhead.com/tbc/spell=12487,Talent: Improved Blizzard; tree row 3
Mage,Frost,Talent,Improved Blizzard,12488,11185,Rank 3/3,,Adds a chill effect to your Blizzard spell. This effect lowers the target's movement speed by 65%. Lasts 1.50 sec.,Talent Passive,Data only,,1.5,,,Data only,TALENT,https://www.wowhead.com/tbc/spell=12488,Talent: Improved Blizzard; tree row 3
Mage,Frost,Talent,Improved Cone of Cold,11190,11190,Rank 1/3,,Increases the damage dealt by your Cone of Cold spell by 15%.,Talent Passive,Data only,,,,,Data only,TALENT,https://www.wowhead.com/tbc/spell=11190,Talent: Improved Cone of Cold; tree row 5
Mage,Frost,Talent,Improved Cone of Cold,12489,11190,Rank 2/3,,Increases the damage dealt by your Cone of Cold spell by 25%.,Talent Passive,Data only,,,,,Data only,TALENT,https://www.wowhead.com/tbc/spell=12489,Talent: Improved Cone of Cold; tree row 5
Mage,Frost,Talent,Improved Cone of Cold,12490,11190,Rank 3/3,,Increases the damage dealt by your Cone of Cold spell by 35%.,Talent Passive,Data only,,,,,Data only,TALENT,https://www.wowhead.com/tbc/spell=12490,Talent: Improved Cone of Cold; tree row 5
Mage,Frost,Talent,Improved Frost Nova,11165,11165,Rank 1/2,,Reduces the cooldown of your Frost Nova spell by 2 sec.,Talent Passive,Data only,,,,,Data only,TALENT,https://www.wowhead.com/tbc/spell=11165,Talent: Improved Frost Nova; tree row 2
Mage,Frost,Talent,Improved Frost Nova,12475,11165,Rank 2/2,,Reduces the cooldown of your Frost Nova spell by 4 sec.,Talent Passive,Data only,,,,,Data only,TALENT,https://www.wowhead.com/tbc/spell=12475,Talent: Improved Frost Nova; tree row 2
Mage,Frost,Talent,Improved Frostbolt,11070,11070,Rank 1/5,,Reduces the casting time of your Frostbolt spell by 0.1 sec.,Talent Passive,Data only,,,,,Data only,TALENT,https://www.wowhead.com/tbc/spell=11070,Talent: Improved Frostbolt; tree row 1
Mage,Frost,Talent,Improved Frostbolt,12473,11070,Rank 2/5,,Reduces the casting time of your Frostbolt spell by 0.2 sec.,Talent Passive,Data only,,,,,Data only,TALENT,https://www.wowhead.com/tbc/spell=12473,Talent: Improved Frostbolt; tree row 1
Mage,Frost,Talent,Improved Frostbolt,16763,11070,Rank 3/5,,Reduces the casting time of your Frostbolt spell by 0.3 sec.,Talent Passive,Data only,,,,,Data only,TALENT,https://www.wowhead.com/tbc/spell=16763,Talent: Improved Frostbolt; tree row 1
Mage,Frost,Talent,Improved Frostbolt,16765,11070,Rank 4/5,,Reduces the casting time of your Frostbolt spell by 0.4 sec.,Talent Passive,Data only,,,,,Data only,TALENT,https://www.wowhead.com/tbc/spell=16765,Talent: Improved Frostbolt; tree row 1
Mage,Frost,Talent,Improved Frostbolt,16766,11070,Rank 5/5,,Reduces the casting time of your Frostbolt spell by 0.5 sec.,Talent Passive,Data only,,,,,Data only,TALENT,https://www.wowhead.com/tbc/spell=16766,Talent: Improved Frostbolt; tree row 1
Mage,Frost,Talent,Permafrost,11175,11175,Rank 1/3,,Increases the duration of your Chill effects by 1 sec and reduces the target's speed by an additional 4%.,Talent Passive,Data only,,,,,Data only,TALENT,https://www.wowhead.com/tbc/spell=11175,Talent: Permafrost; tree row 2
Mage,Frost,Talent,Permafrost,12569,11175,Rank 2/3,,Increases the duration of your Chill effects by 2 secs and reduces the target's speed by an additional 7%.,Talent Passive,Data only,,,,,Data only,TALENT,https://www.wowhead.com/tbc/spell=12569,Talent: Permafrost; tree row 2
Mage,Frost,Talent,Permafrost,12571,11175,Rank 3/3,,Increases the duration of your Chill effects by 3 secs and reduces the target's speed by an additional 10%.,Talent Passive,Data only,,,,,Data only,TALENT,https://www.wowhead.com/tbc/spell=12571,Talent: Permafrost; tree row 2
Mage,Frost,Talent,Piercing Ice,11151,11151,Rank 1/3,,Increases the damage done by your Frost spells by 2%.,Talent Passive,Data only,,,,,Data only,TALENT,https://www.wowhead.com/tbc/spell=11151,Talent: Piercing Ice; tree row 3
Mage,Frost,Talent,Piercing Ice,12952,11151,Rank 2/3,,Increases the damage done by your Frost spells by 4%.,Talent Passive,Data only,,,,,Data only,TALENT,https://www.wowhead.com/tbc/spell=12952,Talent: Piercing Ice; tree row 3
Mage,Frost,Talent,Piercing Ice,12953,11151,Rank 3/3,,Increases the damage done by your Frost spells by 6%.,Talent Passive,Data only,,,,,Data only,TALENT,https://www.wowhead.com/tbc/spell=12953,Talent: Piercing Ice; tree row 3
Mage,Frost,Talent,Shatter,11170,11170,Rank 1/5,,Increases the critical strike chance of all your spells against frozen targets by 10%.,Talent Passive,Data only,,,,,Data only,TALENT,https://www.wowhead.com/tbc/spell=11170,Talent: Shatter; tree row 4
Mage,Frost,Talent,Shatter,12982,11170,Rank 2/5,,Increases the critical strike chance of all your spells against frozen targets by 20%.,Talent Passive,Data only,,,,,Data only,TALENT,https://www.wowhead.com/tbc/spell=12982,Talent: Shatter; tree row 4
Mage,Frost,Talent,Shatter,12983,11170,Rank 3/5,,Increases the critical strike chance of all your spells against frozen targets by 30%.,Talent Passive,Data only,,,,,Data only,TALENT,https://www.wowhead.com/tbc/spell=12983,Talent: Shatter; tree row 4
Mage,Frost,Talent,Shatter,12984,11170,Rank 4/5,,Increases the critical strike chance of all your spells against frozen targets by 40%.,Talent Passive,Data only,,,,,Data only,TALENT,https://www.wowhead.com/tbc/spell=12984,Talent: Shatter; tree row 4
Mage,Frost,Talent,Shatter,12985,11170,Rank 5/5,,Increases the critical strike chance of all your spells against frozen targets by 50%.,Talent Passive,Data only,,,,,Data only,TALENT,https://www.wowhead.com/tbc/spell=12985,Talent: Shatter; tree row 4
Mage,Frost,Talent Ability,Summon Water Elemental,31687,31687,Rank 1/1,,Summon a Water Elemental to fight for the caster for 45 sec.,Pet,Main,180,45,16% of base mana,,Cooldown,"DPS, MAJOR, PET_SUMMON, PET_SUMMON_TEMP, PVE",https://www.wowhead.com/tbc/spell=31687,Talent-required | Talent: Summon Water Elemental
Mage,Frost,Talent,Winter's Chill,11180,11180,Rank 1/5,,"Gives your Frost damage spells a 20% chance to apply the Winter's Chill effect, which increases the chance a Frost spell will critically hit the target by 2% for 15 sec. Stacks up to 5 times.",Talent Passive,Data only,,15,,,Data only,TALENT,https://www.wowhead.com/tbc/spell=11180,Talent: Winter's Chill; tree row 6
Mage,Frost,Talent,Winter's Chill,28592,11180,Rank 2/5,,"Gives your Frost damage spells a 40% chance to apply the Winter's Chill effect, which increases the chance a Frost spell will critically hit the target by 2% for 15 sec. Stacks up to 5 times.",Talent Passive,Data only,,15,,,Data only,TALENT,https://www.wowhead.com/tbc/spell=28592,Talent: Winter's Chill; tree row 6
Mage,Frost,Talent,Winter's Chill,28593,11180,Rank 3/5,,"Gives your Frost damage spells a 60% chance to apply the Winter's Chill effect, which increases the chance a Frost spell will critically hit the target by 2% for 15 sec. Stacks up to 5 times.",Talent Passive,Data only,,15,,,Data only,TALENT,https://www.wowhead.com/tbc/spell=28593,Talent: Winter's Chill; tree row 6
Mage,Frost,Talent,Winter's Chill,28594,11180,Rank 4/5,,"Gives your Frost damage spells a 80% chance to apply the Winter's Chill effect, which increases the chance a Frost spell will critically hit the target by 2% for 15 sec. Stacks up to 5 times.",Talent Passive,Data only,,15,,,Data only,TALENT,https://www.wowhead.com/tbc/spell=28594,Talent: Winter's Chill; tree row 6
Mage,Frost,Talent,Winter's Chill,28595,11180,Rank 5/5,,"Gives your Frost damage spells a 100% chance to apply the Winter's Chill effect, which increases the chance a Frost spell will critically hit the target by 2% for 15 sec. Stacks up to 5 times.",Talent Passive,Data only,,15,,,Data only,TALENT,https://www.wowhead.com/tbc/spell=28595,Talent: Winter's Chill; tree row 6
Mage,"Frost, Arcane",Ability,Frostbolt,116,116,Rank 1,4,"Launches a bolt of frost at the enemy, causing 
20 to 
22 Frost damage and slowing movement speed by 40% for 5 sec.",Offensive,Main,0,5,25 Mana,,Cooldown,"DPS, FILLER, PVE_PVP",https://www.wowhead.com/tbc/spell=116,
Mage,"Frost, Arcane",Ability,Frostbolt,205,116,Rank 2,8,"Launches a bolt of frost at the enemy, causing 
33 to 
38 Frost damage and slowing movement speed by 40% for 6 sec.",Offensive,Main,0,6,35 Mana,,Cooldown,"DPS, FILLER, PVE_PVP",https://www.wowhead.com/tbc/spell=205,
Mage,"Frost, Arcane",Ability,Frostbolt,837,116,Rank 3,14,"Launches a bolt of frost at the enemy, causing 
54 to 
61 Frost damage and slowing movement speed by 40% for 6 sec.",Offensive,Main,0,6,50 Mana,,Cooldown,"DPS, FILLER, PVE_PVP",https://www.wowhead.com/tbc/spell=837,
Mage,"Frost, Arcane",Ability,Frostbolt,7322,116,Rank 4,20,"Launches a bolt of frost at the enemy, causing 
78 to 
87 Frost damage and slowing movement speed by 40% for 7 sec.",Offensive,Main,0,7,65 Mana,,Cooldown,"DPS, FILLER, PVE_PVP",https://www.wowhead.com/tbc/spell=7322,
Mage,"Frost, Arcane",Ability,Frostbolt,8406,116,Rank 5,26,"Launches a bolt of frost at the enemy, causing 
132 to 
144 Frost damage and slowing movement speed by 40% for 7 sec.",Offensive,Main,0,7,100 Mana,,Cooldown,"DPS, FILLER, PVE_PVP",https://www.wowhead.com/tbc/spell=8406,
Mage,"Frost, Arcane",Ability,Frostbolt,8407,116,Rank 6,32,"Launches a bolt of frost at the enemy, causing 
180 to 
197 Frost damage and slowing movement speed by 40% for 8 sec.",Offensive,Main,0,8,130 Mana,,Cooldown,"DPS, FILLER, PVE_PVP",https://www.wowhead.com/tbc/spell=8407,
Mage,"Frost, Arcane",Ability,Frostbolt,8408,116,Rank 7,38,"Launches a bolt of frost at the enemy, causing 
235 to 
255 Frost damage and slowing movement speed by 40% for 8 sec.",Offensive,Main,0,8,160 Mana,,Cooldown,"DPS, FILLER, PVE_PVP",https://www.wowhead.com/tbc/spell=8408,
Mage,"Frost, Arcane",Ability,Frostbolt,10179,116,Rank 8,44,"Launches a bolt of frost at the enemy, causing 
301 to 
326 Frost damage and slowing movement speed by 40% for 9 sec.",Offensive,Main,0,9,195 Mana,,Cooldown,"DPS, FILLER, PVE_PVP",https://www.wowhead.com/tbc/spell=10179,
Mage,"Frost, Arcane",Ability,Frostbolt,10180,116,Rank 9,50,"Launches a bolt of frost at the enemy, causing 
363 to 
394 Frost damage and slowing movement speed by 40% for 9 sec.",Offensive,Main,0,9,225 Mana,,Cooldown,"DPS, FILLER, PVE_PVP",https://www.wowhead.com/tbc/spell=10180,
Mage,"Frost, Arcane",Ability,Frostbolt,10181,116,Rank 10,56,"Launches a bolt of frost at the enemy, causing 
440 to 
475 Frost damage and slowing movement speed by 40% for 9 sec.",Offensive,Main,0,9,260 Mana,,Cooldown,"DPS, FILLER, PVE_PVP",https://www.wowhead.com/tbc/spell=10181,
Mage,"Frost, Arcane",Ability,Frostbolt,25304,116,Rank 11,60,"Launches a bolt of frost at the enemy, causing 
527 to 
568 Frost damage and slowing movement speed by 40% for 9 sec.",Offensive,Main,0,9,290 Mana,,Cooldown,"DPS, FILLER, PVE_PVP",https://www.wowhead.com/tbc/spell=25304,
Mage,"Frost, Arcane",Ability,Frostbolt,27071,116,Rank 12,63,"Launches a bolt of frost at the enemy, causing 
548 to 
591 Frost damage and slowing movement speed by 40% for 9 sec.",Offensive,Main,0,9,300 Mana,,Cooldown,"DPS, FILLER, PVE_PVP",https://www.wowhead.com/tbc/spell=27071,
Mage,"Frost, Arcane",Ability,Frostbolt,27072,116,Rank 13,69,"Launches a bolt of frost at the enemy, causing 
600 to 
647 Frost damage and slowing movement speed by 40% for 9 sec.",Offensive,Main,0,9,330 Mana,,Cooldown,"DPS, FILLER, PVE_PVP",https://www.wowhead.com/tbc/spell=27072,
Mage,"Frost, Arcane",Ability,Frostbolt,38697,116,Rank 14,70,"Launches a bolt of frost at the enemy, causing 
630 to 
680 Frost damage and slowing movement speed by 40% for 9 sec.",Offensive,Main,0,9,345 Mana,,Cooldown,"DPS, FILLER, PVE_PVP",https://www.wowhead.com/tbc/spell=38697,
Paladin,Class-wide / Shared,Ability,Avenging Wrath,31884,31884,,70,"Increases all damage caused by 30% for 20 sec. Causes Forebearance, preventing the use of Divine Shield, Divine Protection, Blessing of Protection again for 1 min.",Offensive,Main,180,20,8% of base mana,25771,Cooldown + aura,"DPS, HAS_BUFF, MAJOR, PVE_PVP",https://www.wowhead.com/tbc/spell=31884,
Paladin,Class-wide / Shared,Ability,Blessing of Freedom,1044,1044,,18,"Places a Blessing on the friendly target, granting immunity to movement impairing effects for 10 sec. Players may only have one Blessing on them per Paladin at any one time.",Defensive,Utility,25,10,8% of base mana,,Cooldown + aura,"CC_BREAK, DEFENSIVE, HAS_BUFF, IMPORTANT_EXTERNAL, MINOR",https://www.wowhead.com/tbc/spell=1044,
Paladin,Class-wide / Shared,Ability,Blessing of Light,19977,19977,Rank 1,40,"Places a Blessing on the friendly target, increasing the effects of Holy Light spells used on the target by up to 210 and the effects of Flash of Light spells used on the target by up to 60. Lasts 10 min. Players may only have one Blessing on them per Paladin at any one time.",Healing,Utility,0,600,85 Mana,,Cooldown,"BUFF, HEAL, LONG_BUFF",https://www.wowhead.com/tbc/spell=19977,
Paladin,Class-wide / Shared,Ability,Blessing of Light,19978,19977,Rank 2,50,"Places a Blessing on the friendly target, increasing the effects of Holy Light spells used on the target by up to 300 and the effects of Flash of Light spells used on the target by up to 85. Lasts 10 min. Players may only have one Blessing on them per Paladin at any one time.",Healing,Utility,0,600,110 Mana,,Cooldown,"BUFF, HEAL, LONG_BUFF",https://www.wowhead.com/tbc/spell=19978,
Paladin,Class-wide / Shared,Ability,Blessing of Light,19979,19977,Rank 3,60,"Places a Blessing on the friendly target, increasing the effects of Holy Light spells used on the target by up to 400 and the effects of Flash of Light spells used on the target by up to 115. Lasts 10 min. Players may only have one Blessing on them per Paladin at any one time.",Healing,Utility,0,600,135 Mana,,Cooldown,"BUFF, HEAL, LONG_BUFF",https://www.wowhead.com/tbc/spell=19979,
Paladin,Class-wide / Shared,Ability,Blessing of Light,27144,19977,Rank 4,69,"Places a Blessing on the friendly target, increasing the effects of Holy Light spells used on the target by up to 580 and the effects of Flash of Light spells used on the target by up to 185. Lasts 10 min. Players may only have one Blessing on them per Paladin at any one time.",Healing,Utility,0,600,180 Mana,,Cooldown,"BUFF, HEAL, LONG_BUFF",https://www.wowhead.com/tbc/spell=27144,
Paladin,Class-wide / Shared,Ability,Blessing of Might,19740,19740,Rank 1,4,"Places a Blessing on the friendly target, increasing attack power by 20 for 10 min. Players may only have one Blessing on them per Paladin at any one time.",Utility,Utility,0,600,20 Mana,,Cooldown,"BUFF, LONG_BUFF, UTILITY",https://www.wowhead.com/tbc/spell=19740,
Paladin,Class-wide / Shared,Ability,Blessing of Might,19834,19740,Rank 2,12,"Places a Blessing on the friendly target, increasing attack power by 35 for 10 min. Players may only have one Blessing on them per Paladin at any one time.",Utility,Utility,0,600,30 Mana,,Cooldown,"BUFF, LONG_BUFF, UTILITY",https://www.wowhead.com/tbc/spell=19834,
Paladin,Class-wide / Shared,Ability,Blessing of Might,19835,19740,Rank 3,22,"Places a Blessing on the friendly target, increasing attack power by 55 for 10 min. Players may only have one Blessing on them per Paladin at any one time.",Utility,Utility,0,600,45 Mana,,Cooldown,"BUFF, LONG_BUFF, UTILITY",https://www.wowhead.com/tbc/spell=19835,
Paladin,Class-wide / Shared,Ability,Blessing of Might,19836,19740,Rank 4,32,"Places a Blessing on the friendly target, increasing attack power by 85 for 10 min. Players may only have one Blessing on them per Paladin at any one time.",Utility,Utility,0,600,60 Mana,,Cooldown,"BUFF, LONG_BUFF, UTILITY",https://www.wowhead.com/tbc/spell=19836,
Paladin,Class-wide / Shared,Ability,Blessing of Might,19837,19740,Rank 5,42,"Places a Blessing on the friendly target, increasing attack power by 115 for 10 min. Players may only have one Blessing on them per Paladin at any one time.",Utility,Utility,0,600,85 Mana,,Cooldown,"BUFF, LONG_BUFF, UTILITY",https://www.wowhead.com/tbc/spell=19837,
Paladin,Class-wide / Shared,Ability,Blessing of Might,19838,19740,Rank 6,52,"Places a Blessing on the friendly target, increasing attack power by 155 for 10 min. Players may only have one Blessing on them per Paladin at any one time.",Utility,Utility,0,600,110 Mana,,Cooldown,"BUFF, LONG_BUFF, UTILITY",https://www.wowhead.com/tbc/spell=19838,
Paladin,Class-wide / Shared,Ability,Blessing of Might,25291,19740,Rank 7,60,"Places a Blessing on the friendly target, increasing attack power by 185 for 10 min. Players may only have one Blessing on them per Paladin at any one time.",Utility,Utility,0,600,130 Mana,,Cooldown,"BUFF, LONG_BUFF, UTILITY",https://www.wowhead.com/tbc/spell=25291,
Paladin,Class-wide / Shared,Ability,Blessing of Might,27140,19740,Rank 8,70,"Places a Blessing on the friendly target, increasing attack power by 220 for 10 min. Players may only have one Blessing on them per Paladin at any one time.",Utility,Utility,0,600,145 Mana,,Cooldown,"BUFF, LONG_BUFF, UTILITY",https://www.wowhead.com/tbc/spell=27140,
Paladin,Class-wide / Shared,Ability,Blessing of Protection,1022,1022,Rank 1,10,"A targeted party member is protected from all physical attacks for 6 sec, but during that time they cannot attack or use physical abilities. Players may only have one Blessing on them per Paladin at any one time. Once protected, the target cannot be made invulnerable by Divine Shield, Divine Protection or Blessing of Protection again for 1 min.",Defensive,Utility,300,10,25 Mana,25771,Cooldown + aura,"EXTERNAL_DEFENSIVE, HAS_BUFF, IMMUNITY, IMPORTANT_EXTERNAL, MAJOR",https://www.wowhead.com/tbc/spell=1022,
Paladin,Class-wide / Shared,Ability,Blessing of Protection,5599,1022,Rank 2,24,"A targeted party member is protected from all physical attacks for 8 sec, but during that time they cannot attack or use physical abilities. Players may only have one Blessing on them per Paladin at any one time. Once protected, the target cannot be made invulnerable by Divine Shield, Divine Protection or Blessing of Protection again for 1 min.",Defensive,Utility,300,10,45 Mana,25771,Cooldown + aura,"EXTERNAL_DEFENSIVE, HAS_BUFF, IMMUNITY, IMPORTANT_EXTERNAL, MAJOR",https://www.wowhead.com/tbc/spell=5599,
Paladin,Class-wide / Shared,Ability,Blessing of Protection,10278,1022,Rank 3,38,"A targeted party member is protected from all physical attacks for 10 sec, but during that time they cannot attack or use physical abilities. Players may only have one Blessing on them per Paladin at any one time. Once protected, the target cannot be made invulnerable by Divine Shield, Divine Protection or Blessing of Protection again for 1 min.",Defensive,Utility,300,10,6% of base mana,25771,Cooldown + aura,"EXTERNAL_DEFENSIVE, HAS_BUFF, IMMUNITY, IMPORTANT_EXTERNAL, MAJOR",https://www.wowhead.com/tbc/spell=10278,
Paladin,Class-wide / Shared,Ability,Blessing of Sacrifice,6940,6940,Rank 1,46,"Places a Blessing on the party member, transfering 45 damage taken per hit to the caster. Lasts 30 sec. Players may only have one Blessing on them per Paladin at any one time.",Defensive,Utility,30,30,80 Mana,,Cooldown + aura,"EXTERNAL_DEFENSIVE, HAS_BUFF, IMPORTANT_EXTERNAL, MINOR",https://www.wowhead.com/tbc/spell=6940,
Paladin,Class-wide / Shared,Ability,Blessing of Sacrifice,20729,6940,Rank 2,54,"Places a Blessing on the party member, transfering 55 damage taken per hit to the caster. Lasts 30 sec. Players may only have one Blessing on them per Paladin at any one time.",Defensive,Utility,30,30,100 Mana,,Cooldown + aura,"EXTERNAL_DEFENSIVE, HAS_BUFF, IMPORTANT_EXTERNAL, MINOR",https://www.wowhead.com/tbc/spell=20729,
Paladin,Class-wide / Shared,Ability,Blessing of Salvation,1038,1038,,26,"Places a Blessing on the party member, reducing the amount of all threat generated by 30% for 10 min. Players may only have one Blessing on them per Paladin at any one time.",Utility,Utility,0,600,6% of base mana,,Cooldown,"BUFF, LONG_BUFF, UTILITY",https://www.wowhead.com/tbc/spell=1038,
Paladin,Class-wide / Shared,Ability,Blessing of Wisdom,19742,19742,Rank 1,14,"Places a Blessing on the friendly target, restoring 10 mana every 5 seconds for 10 min. Players may only have one Blessing on them per Paladin at any one time.",Utility,Utility,0,600,30 Mana,,Cooldown,"BUFF, LONG_BUFF, RESOURCE, UTILITY",https://www.wowhead.com/tbc/spell=19742,
Paladin,Class-wide / Shared,Ability,Blessing of Wisdom,19850,19742,Rank 2,24,"Places a Blessing on the friendly target, restoring 15 mana every 5 seconds for 10 min. Players may only have one Blessing on them per Paladin at any one time.",Utility,Utility,0,600,45 Mana,,Cooldown,"BUFF, LONG_BUFF, RESOURCE, UTILITY",https://www.wowhead.com/tbc/spell=19850,
Paladin,Class-wide / Shared,Ability,Blessing of Wisdom,19852,19742,Rank 3,34,"Places a Blessing on the friendly target, restoring 20 mana every 5 seconds for 10 min. Players may only have one Blessing on them per Paladin at any one time.",Utility,Utility,0,600,65 Mana,,Cooldown,"BUFF, LONG_BUFF, RESOURCE, UTILITY",https://www.wowhead.com/tbc/spell=19852,
Paladin,Class-wide / Shared,Ability,Blessing of Wisdom,19853,19742,Rank 4,44,"Places a Blessing on the friendly target, restoring 25 mana every 5 seconds for 10 min. Players may only have one Blessing on them per Paladin at any one time.",Utility,Utility,0,600,90 Mana,,Cooldown,"BUFF, LONG_BUFF, RESOURCE, UTILITY",https://www.wowhead.com/tbc/spell=19853,
Paladin,Class-wide / Shared,Ability,Blessing of Wisdom,19854,19742,Rank 5,54,"Places a Blessing on the friendly target, restoring 30 mana every 5 seconds for 10 min. Players may only have one Blessing on them per Paladin at any one time.",Utility,Utility,0,600,115 Mana,,Cooldown,"BUFF, LONG_BUFF, RESOURCE, UTILITY",https://www.wowhead.com/tbc/spell=19854,
Paladin,Class-wide / Shared,Ability,Blessing of Wisdom,25290,19742,Rank 6,60,"Places a Blessing on the friendly target, restoring 33 mana every 5 seconds for 10 min. Players may only have one Blessing on them per Paladin at any one time.",Utility,Utility,0,600,125 Mana,,Cooldown,"BUFF, LONG_BUFF, RESOURCE, UTILITY",https://www.wowhead.com/tbc/spell=25290,
Paladin,Class-wide / Shared,Ability,Blessing of Wisdom,27142,19742,Rank 7,65,"Places a Blessing on the friendly target, restoring 41 mana every 5 seconds for 10 min. Players may only have one Blessing on them per Paladin at any one time.",Utility,Utility,0,600,150 Mana,,Cooldown,"BUFF, LONG_BUFF, RESOURCE, UTILITY",https://www.wowhead.com/tbc/spell=27142,
Paladin,Class-wide / Shared,Ability,Cleanse,4987,4987,,42,"Cleanses a friendly target, removing 1 poison effect, 1 disease effect, and 1 magic effect.",Utility,Utility,0,,6% of base mana,,Cooldown,"DISPEL_DISEASE, DISPEL_MAGIC, DISPEL_POISON, FILLER",https://www.wowhead.com/tbc/spell=4987,
Paladin,Class-wide / Shared,Ability,Concentration Aura,19746,19746,,22,Gives a 35% chance of ignoring spell interruption when damaged to all party members within 30 yards. Players may only have one Aura on them per Paladin at any one time.,Utility,Utility,0,,,,Cooldown,"BUFF, LONG_BUFF, UTILITY",https://www.wowhead.com/tbc/spell=19746,
Paladin,Class-wide / Shared,Ability,Devotion Aura,465,465,Rank 1,1,Gives 55 additional armor to party members within 30 yards. Players may only have one Aura on them per Paladin at any one time.,Ability,Data only,0,,,,Cooldown,"BUFF, LONG_BUFF, RAID_DEFENSIVE",https://www.wowhead.com/tbc/spell=465,
Paladin,Class-wide / Shared,Ability,Devotion Aura,643,465,Rank 2,20,Gives 275 additional armor to party members within 30 yards. Players may only have one Aura on them per Paladin at any one time.,Ability,Data only,0,,,,Cooldown,"BUFF, LONG_BUFF, RAID_DEFENSIVE",https://www.wowhead.com/tbc/spell=643,
Paladin,Class-wide / Shared,Ability,Devotion Aura,1032,465,Rank 3,40,Gives 505 additional armor to party members within 30 yards. Players may only have one Aura on them per Paladin at any one time.,Ability,Data only,0,,,,Cooldown,"BUFF, LONG_BUFF, RAID_DEFENSIVE",https://www.wowhead.com/tbc/spell=1032,
Paladin,Class-wide / Shared,Ability,Devotion Aura,10290,465,Rank 4,10,Gives 160 additional armor to party members within 30 yards. Players may only have one Aura on them per Paladin at any one time.,Ability,Data only,0,,,,Cooldown,"BUFF, LONG_BUFF, RAID_DEFENSIVE",https://www.wowhead.com/tbc/spell=10290,
Paladin,Class-wide / Shared,Ability,Devotion Aura,10291,465,Rank 5,30,Gives 390 additional armor to party members within 30 yards. Players may only have one Aura on them per Paladin at any one time.,Ability,Data only,0,,,,Cooldown,"BUFF, LONG_BUFF, RAID_DEFENSIVE",https://www.wowhead.com/tbc/spell=10291,
Paladin,Class-wide / Shared,Ability,Devotion Aura,10292,465,Rank 6,50,Gives 620 additional armor to party members within 30 yards. Players may only have one Aura on them per Paladin at any one time.,Ability,Data only,0,,,,Cooldown,"BUFF, LONG_BUFF, RAID_DEFENSIVE",https://www.wowhead.com/tbc/spell=10292,
Paladin,Class-wide / Shared,Ability,Devotion Aura,10293,465,Rank 7,60,Gives 735 additional armor to party members within 30 yards. Players may only have one Aura on them per Paladin at any one time.,Ability,Data only,0,,,,Cooldown,"BUFF, LONG_BUFF, RAID_DEFENSIVE",https://www.wowhead.com/tbc/spell=10293,
Paladin,Class-wide / Shared,Ability,Devotion Aura,27149,465,Rank 8,70,Gives 861 additional armor to party members within 30 yards. Players may only have one Aura on them per Paladin at any one time.,Ability,Data only,0,,,,Cooldown,"BUFF, LONG_BUFF, RAID_DEFENSIVE",https://www.wowhead.com/tbc/spell=27149,
Paladin,Class-wide / Shared,Ability,Divine Intervention,19752,19752,,30,"The paladin sacrifices 
himself
to remove the targeted party member from harms way. Enemies will stop attacking the protected party member, who will be immune to all harmful attacks but cannot take any action for 3 min.",Defensive,Utility,3600,180,,19753,Cooldown + aura,"DEFENSIVE, HAS_BUFF, IMPORTANT_EXTERNAL, MAJOR, UTILITY",https://www.wowhead.com/tbc/spell=19752,
Paladin,Class-wide / Shared,Ability,Divine Protection,498,498,Rank 1,6,"You are protected from all physical attacks and spells for 6 sec, but during that time you cannot attack or use physical abilities yourself. Once protected, the target cannot be made invulnerable by Divine Shield, Divine Protection or Blessing of Protection again for 1 min.",Defensive,Utility,300,8,15 Mana,25771,Cooldown + aura,"DEFENSIVE, HAS_BUFF, IMMUNITY, MAJOR",https://www.wowhead.com/tbc/spell=498,
Paladin,Class-wide / Shared,Ability,Divine Protection,5573,498,Rank 2,18,"You are protected from all physical attacks and spells for 8 sec, but during that time you cannot attack or use physical abilities yourself. Once protected, the target cannot be made invulnerable by Divine Shield, Divine Protection or Blessing of Protection again for 1 min.",Defensive,Utility,300,8,35 Mana,25771,Cooldown + aura,"DEFENSIVE, HAS_BUFF, IMMUNITY, MAJOR",https://www.wowhead.com/tbc/spell=5573,
Paladin,Class-wide / Shared,Ability,Divine Shield,642,642,Rank 1,34,"Protects the paladin from all damage and spells for 10 sec, but increases the time between your attacks by 100%. Once protected, the target cannot be made invulnerable by Divine Shield, Divine Protection, Blessing of Protection again or use Avenging Wrath for 1 min.",Defensive,Utility,300,12,75 Mana,25771,Cooldown + aura,"DEFENSIVE, HAS_BUFF, IMMUNITY, MAJOR",https://www.wowhead.com/tbc/spell=642,
Paladin,Class-wide / Shared,Ability,Divine Shield,1020,642,Rank 2,50,"Protects the paladin from all damage and spells for 12 sec, but increases the time between your attacks by 100%. Once protected, the target cannot be made invulnerable by Divine Shield, Divine Protection, Blessing of Protection again or use Avenging Wrath for 1 min.",Defensive,Utility,300,12,110 Mana,25771,Cooldown + aura,"DEFENSIVE, HAS_BUFF, IMMUNITY, MAJOR",https://www.wowhead.com/tbc/spell=1020,
Paladin,Class-wide / Shared,Ability,Exorcism,879,879,Rank 1,20,"Causes 
90 to 
102 Holy damage to an Undead or Demon target.",Offensive,Main,15,,70 Mana,,Cooldown,"DPS, MINOR, PVE",https://www.wowhead.com/tbc/spell=879,
Paladin,Class-wide / Shared,Ability,Exorcism,5614,879,Rank 2,28,"Causes 
160 to 
180 Holy damage to an Undead or Demon target.",Offensive,Main,15,,115 Mana,,Cooldown,"DPS, MINOR, PVE",https://www.wowhead.com/tbc/spell=5614,
Paladin,Class-wide / Shared,Ability,Exorcism,5615,879,Rank 3,36,"Causes 
227 to 
255 Holy damage to an Undead or Demon target.",Offensive,Main,15,,155 Mana,,Cooldown,"DPS, MINOR, PVE",https://www.wowhead.com/tbc/spell=5615,
Paladin,Class-wide / Shared,Ability,Exorcism,10312,879,Rank 4,44,"Causes 
316 to 
354 Holy damage to an Undead or Demon target.",Offensive,Main,15,,200 Mana,,Cooldown,"DPS, MINOR, PVE",https://www.wowhead.com/tbc/spell=10312,
Paladin,Class-wide / Shared,Ability,Exorcism,10313,879,Rank 5,52,"Causes 
407 to 
453 Holy damage to an Undead or Demon target.",Offensive,Main,15,,240 Mana,,Cooldown,"DPS, MINOR, PVE",https://www.wowhead.com/tbc/spell=10313,
Paladin,Class-wide / Shared,Ability,Exorcism,10314,879,Rank 6,60,"Causes 
521 to 
579 Holy damage to an Undead or Demon target.",Offensive,Main,15,,295 Mana,,Cooldown,"DPS, MINOR, PVE",https://www.wowhead.com/tbc/spell=10314,
Paladin,Class-wide / Shared,Ability,Exorcism,27138,879,Rank 7,68,"Causes 
626 to 
698 Holy damage to an Undead or Demon target.",Offensive,Main,15,,340 Mana,,Cooldown,"DPS, MINOR, PVE",https://www.wowhead.com/tbc/spell=27138,
Paladin,Class-wide / Shared,Ability,Exorcism,33632,879,Rank 8,20,Inflicts Holy damage to an undead or demon enemy.,Offensive,Main,15,,85 Mana,,Cooldown,"DPS, MINOR, PVE",https://www.wowhead.com/tbc/spell=33632,
Paladin,Class-wide / Shared,Ability,Fire Resistance Aura,19891,19891,Rank 1,36,Gives 30 additional Fire resistance to all party members within 30 yards. Players may only have one Aura on them per Paladin at any one time.,Ability,Data only,0,,,,Cooldown,"BUFF, LONG_BUFF, RAID_DEFENSIVE",https://www.wowhead.com/tbc/spell=19891,
Paladin,Class-wide / Shared,Ability,Fire Resistance Aura,19899,19891,Rank 2,48,Gives 45 additional Fire resistance to all party members within 30 yards. Players may only have one Aura on them per Paladin at any one time.,Ability,Data only,0,,,,Cooldown,"BUFF, LONG_BUFF, RAID_DEFENSIVE",https://www.wowhead.com/tbc/spell=19899,
Paladin,Class-wide / Shared,Ability,Fire Resistance Aura,19900,19891,Rank 3,60,Gives 60 additional Fire resistance to all party members within 30 yards. Players may only have one Aura on them per Paladin at any one time.,Ability,Data only,0,,,,Cooldown,"BUFF, LONG_BUFF, RAID_DEFENSIVE",https://www.wowhead.com/tbc/spell=19900,
Paladin,Class-wide / Shared,Ability,Fire Resistance Aura,27153,19891,Rank 4,70,Gives 70 additional Fire resistance to all party members within 30 yards. Players may only have one Aura on them per Paladin at any one time.,Ability,Data only,0,,,,Cooldown,"BUFF, LONG_BUFF, RAID_DEFENSIVE",https://www.wowhead.com/tbc/spell=27153,
Paladin,Class-wide / Shared,Ability,Frost Resistance Aura,19888,19888,Rank 1,32,Gives 30 additional Frost resistance to all party members within 30 yards. Players may only have one Aura on them per Paladin at any one time.,Ability,Data only,0,,,,Cooldown,"BUFF, LONG_BUFF, RAID_DEFENSIVE",https://www.wowhead.com/tbc/spell=19888,
Paladin,Class-wide / Shared,Ability,Frost Resistance Aura,19897,19888,Rank 2,44,Gives 45 additional Frost resistance to all party members within 30 yards. Players may only have one Aura on them per Paladin at any one time.,Ability,Data only,0,,,,Cooldown,"BUFF, LONG_BUFF, RAID_DEFENSIVE",https://www.wowhead.com/tbc/spell=19897,
Paladin,Class-wide / Shared,Ability,Frost Resistance Aura,19898,19888,Rank 3,56,Gives 60 additional Frost resistance to all party members within 30 yards. Players may only have one Aura on them per Paladin at any one time.,Ability,Data only,0,,,,Cooldown,"BUFF, LONG_BUFF, RAID_DEFENSIVE",https://www.wowhead.com/tbc/spell=19898,
Paladin,Class-wide / Shared,Ability,Frost Resistance Aura,27152,19888,Rank 4,68,Gives 70 additional Frost resistance to all party members within 30 yards. Players may only have one Aura on them per Paladin at any one time.,Ability,Data only,0,,,,Cooldown,"BUFF, LONG_BUFF, RAID_DEFENSIVE",https://www.wowhead.com/tbc/spell=27152,
Paladin,Class-wide / Shared,Ability,Greater Blessing of Light,25890,25890,Rank 1,60,"Gives all members of the raid or group that share the same class with the target the Greater Blessing of Light, increasing the effects of Holy Light spells used on the target by up to 400 and the effects of Flash of Light spells used on the target by up to 115. Lasts 30 min. Players may only have one Blessing on them per Paladin at any one time.",Healing,Utility,0,1800,260 Mana,,Cooldown,"BUFF, HEAL, LONG_BUFF",https://www.wowhead.com/tbc/spell=25890,
Paladin,Class-wide / Shared,Ability,Greater Blessing of Light,27145,25890,Rank 2,69,"Gives all members of the raid or group that share the same class with the target the Greater Blessing of Light, increasing the effects of Holy Light spells used on the target by up to 580 and the effects of Flash of Light spells used on the target by up to 185. Lasts 30 min. Players may only have one Blessing on them per Paladin at any one time.",Healing,Utility,0,1800,360 Mana,,Cooldown,"BUFF, HEAL, LONG_BUFF",https://www.wowhead.com/tbc/spell=27145,
Paladin,Class-wide / Shared,Ability,Greater Blessing of Might,25782,25782,Rank 1,52,"Gives all members of the raid or group that share the same class with the target the Greater Blessing of Might, increasing attack power by 155 for 30 min. Players may only have one Blessing on them per Paladin at any one time.",Utility,Utility,0,1800,220 Mana,,Cooldown,"BUFF, LONG_BUFF, UTILITY",https://www.wowhead.com/tbc/spell=25782,
Paladin,Class-wide / Shared,Ability,Greater Blessing of Might,25916,25782,Rank 2,60,"Gives all members of the raid or group that share the same class with the target the Greater Blessing of Might, increasing attack power by 185 for 30 min. Players may only have one Blessing on them per Paladin at any one time.",Utility,Utility,0,1800,260 Mana,,Cooldown,"BUFF, LONG_BUFF, UTILITY",https://www.wowhead.com/tbc/spell=25916,
Paladin,Class-wide / Shared,Ability,Greater Blessing of Might,27141,25782,Rank 3,70,"Gives all members of the raid or group that share the same class with the target the Greater Blessing of Might, increasing attack power by 220 for 30 min. Players may only have one Blessing on them per Paladin at any one time.",Utility,Utility,0,1800,295 Mana,,Cooldown,"BUFF, LONG_BUFF, UTILITY",https://www.wowhead.com/tbc/spell=27141,
Paladin,Class-wide / Shared,Ability,Greater Blessing of Salvation,25895,25895,,60,"Gives all members of the raid or group that share the same class with the target the Greater Blessing of Salvation, reducing the amount of all threat generated by 30% for 30 min. Players may only have one Blessing on them per Paladin at any one time.",Utility,Utility,0,1800,13% of base mana,,Cooldown,"BUFF, LONG_BUFF, UTILITY",https://www.wowhead.com/tbc/spell=25895,
Paladin,Class-wide / Shared,Ability,Greater Blessing of Wisdom,25894,25894,Rank 1,54,"Gives all members of the raid or group that share the same class with the target the Greater Blessing of Wisdom, restoring 30 mana every 5 seconds for 30 min. Players may only have one Blessing on them per Paladin at any one time.",Utility,Utility,0,1800,230 Mana,,Cooldown,"BUFF, LONG_BUFF, RESOURCE, UTILITY",https://www.wowhead.com/tbc/spell=25894,
Paladin,Class-wide / Shared,Ability,Greater Blessing of Wisdom,25918,25894,Rank 2,60,"Gives all members of the raid or group that share the same class with the target the Greater Blessing of Wisdom, restoring 33 mana every 5 seconds for 30 min. Players may only have one Blessing on them per Paladin at any one time.",Utility,Utility,0,1800,250 Mana,,Cooldown,"BUFF, LONG_BUFF, RESOURCE, UTILITY",https://www.wowhead.com/tbc/spell=25918,
Paladin,Class-wide / Shared,Ability,Greater Blessing of Wisdom,27143,25894,Rank 3,65,"Gives all members of the raid or group that share the same class with the target the Greater Blessing of Wisdom, restoring 41 mana every 5 seconds for 30 min. Players may only have one Blessing on them per Paladin at any one time.",Utility,Utility,0,1800,310 Mana,,Cooldown,"BUFF, LONG_BUFF, RESOURCE, UTILITY",https://www.wowhead.com/tbc/spell=27143,
Paladin,Class-wide / Shared,Ability,Hammer of Justice,853,853,Rank 1,8,Stuns the target for 3 sec.,Crowd Control,Utility,60,6,30 Mana,,Cooldown,CC_HARD,https://www.wowhead.com/tbc/spell=853,
Paladin,Class-wide / Shared,Ability,Hammer of Justice,5588,853,Rank 2,24,Stuns the target for 4 sec.,Crowd Control,Utility,60,6,50 Mana,,Cooldown,CC_HARD,https://www.wowhead.com/tbc/spell=5588,
Paladin,Class-wide / Shared,Ability,Hammer of Justice,5589,853,Rank 3,40,Stuns the target for 5 sec.,Crowd Control,Utility,60,6,75 Mana,,Cooldown,CC_HARD,https://www.wowhead.com/tbc/spell=5589,
Paladin,Class-wide / Shared,Ability,Hammer of Justice,10308,853,Rank 4,54,Stuns the target for 6 sec.,Crowd Control,Utility,60,6,100 Mana,,Cooldown,CC_HARD,https://www.wowhead.com/tbc/spell=10308,
Paladin,Class-wide / Shared,Ability,Holy Wrath,2812,2812,Rank 1,50,"Sends bolts of holy power in all directions, causing 
368 to 
435 Holy damage to all Undead and Demon targets within 20 yds.",Offensive,Main,60,,550 Mana,,Cooldown,"AOE, DPS",https://www.wowhead.com/tbc/spell=2812,
Paladin,Class-wide / Shared,Ability,Holy Wrath,10318,2812,Rank 2,60,"Sends bolts of holy power in all directions, causing 
497 to 
584 Holy damage to all Undead and Demon targets within 20 yds.",Offensive,Main,60,,685 Mana,,Cooldown,"AOE, DPS",https://www.wowhead.com/tbc/spell=10318,
Paladin,Class-wide / Shared,Ability,Holy Wrath,27139,2812,Rank 3,69,"Sends bolts of holy power in all directions, causing 
637 to 
748 Holy damage to all Undead and Demon targets within 20 yds.",Offensive,Main,60,,825 Mana,,Cooldown,"AOE, DPS",https://www.wowhead.com/tbc/spell=27139,
Paladin,Class-wide / Shared,Ability,Lay on Hands,633,633,Rank 1,10,Heals a friendly target for an amount equal to the Paladin's maximum health. Drains all of the Paladin's remaining mana when used.,Defensive,Utility,3600,,,,Cooldown,"EXTERNAL_DEFENSIVE, HEAL, HEAL_SINGLE, MAJOR",https://www.wowhead.com/tbc/spell=633,
Paladin,Class-wide / Shared,Ability,Lay on Hands,2800,633,Rank 2,30,Heals a friendly target for an amount equal to the Paladin's maximum health and restores 250 of their mana. Drains all of the Paladin's remaining mana when used.,Defensive,Utility,3600,,,,Cooldown,"EXTERNAL_DEFENSIVE, HEAL, HEAL_SINGLE, MAJOR",https://www.wowhead.com/tbc/spell=2800,
Paladin,Class-wide / Shared,Ability,Lay on Hands,10310,633,Rank 3,50,Heals a friendly target for an amount equal to the Paladin's maximum health and restores 550 of their mana. Drains all of the Paladin's remaining mana when used.,Defensive,Utility,3600,,,,Cooldown,"EXTERNAL_DEFENSIVE, HEAL, HEAL_SINGLE, MAJOR",https://www.wowhead.com/tbc/spell=10310,
Paladin,Class-wide / Shared,Ability,Lay on Hands,27154,633,Rank 4,69,Heals a friendly target for an amount equal to the Paladin's maximum health and restores 900 of their mana. Drains all of the Paladin's remaining mana when used.,Defensive,Utility,3600,,,,Cooldown,"EXTERNAL_DEFENSIVE, HEAL, HEAL_SINGLE, MAJOR",https://www.wowhead.com/tbc/spell=27154,
Paladin,Class-wide / Shared,Ability,Purify,1152,1152,,8,"Purifies the friendly target, removing 1 disease effect and 1 poison effect.",Utility,Utility,0,,6% of base mana,,Cooldown,"DISPEL_DISEASE, DISPEL_POISON, FILLER",https://www.wowhead.com/tbc/spell=1152,
Paladin,Class-wide / Shared,Ability,Retribution Aura,7294,7294,Rank 1,16,Causes 5 Holy damage to any creature that strikes a party member within 30 yards. Players may only have one Aura on them per Paladin at any one time.,Offensive,Main,0,,,,Cooldown,"BUFF, DPS, LONG_BUFF",https://www.wowhead.com/tbc/spell=7294,
Paladin,Class-wide / Shared,Ability,Retribution Aura,10298,7294,Rank 2,26,Causes 8 Holy damage to any creature that strikes a party member within 30 yards. Players may only have one Aura on them per Paladin at any one time.,Offensive,Main,0,,,,Cooldown,"BUFF, DPS, LONG_BUFF",https://www.wowhead.com/tbc/spell=10298,
Paladin,Class-wide / Shared,Ability,Retribution Aura,10299,7294,Rank 3,36,Causes 12 Holy damage to any creature that strikes a party member within 30 yards. Players may only have one Aura on them per Paladin at any one time.,Offensive,Main,0,,,,Cooldown,"BUFF, DPS, LONG_BUFF",https://www.wowhead.com/tbc/spell=10299,
Paladin,Class-wide / Shared,Ability,Retribution Aura,10300,7294,Rank 4,46,Causes 16 Holy damage to any creature that strikes a party member within 30 yards. Players may only have one Aura on them per Paladin at any one time.,Offensive,Main,0,,,,Cooldown,"BUFF, DPS, LONG_BUFF",https://www.wowhead.com/tbc/spell=10300,
Paladin,Class-wide / Shared,Ability,Retribution Aura,10301,7294,Rank 5,56,Causes 20 Holy damage to any creature that strikes a party member within 30 yards. Players may only have one Aura on them per Paladin at any one time.,Offensive,Main,0,,,,Cooldown,"BUFF, DPS, LONG_BUFF",https://www.wowhead.com/tbc/spell=10301,
Paladin,Class-wide / Shared,Ability,Retribution Aura,27150,7294,Rank 6,66,Causes 26 Holy damage to any creature that strikes a party member within 30 yards. Players may only have one Aura on them per Paladin at any one time.,Offensive,Main,0,,,,Cooldown,"BUFF, DPS, LONG_BUFF",https://www.wowhead.com/tbc/spell=27150,
Paladin,Class-wide / Shared,Ability,Seal of Justice,20164,20164,Rank 1,22,"Fills the Paladin with the spirit of justice for 30 sec, giving each melee attack a chance to stun for 2 sec. Only one Seal can be active on the Paladin at any one time.
Unleashing this Seal's energy will judge an enemy for 20 sec, preventing them from fleeing. Your melee strikes will refresh the spell's duration. Only one Judgement per Paladin can be active at any one time.",Crowd Control,Utility,0,30,10% of base mana,,Cooldown,"BUFF, CC_HARD, UTILITY",https://www.wowhead.com/tbc/spell=20164,
Paladin,Class-wide / Shared,Ability,Seal of Justice,31895,20164,Rank 2,48,"Fills the Paladin with the spirit of justice for 30 sec, giving each melee attack a chance to stun for 2 sec. Only one Seal can be active on the Paladin at any one time.
Unleashing this Seal's energy will judge an enemy for 20 sec, preventing them from fleeing and limiting their movement speed. Your melee strikes will refresh the spell's duration. Only one Judgement per Paladin can be active at any one time.",Crowd Control,Utility,0,30,10% of base mana,,Cooldown,"BUFF, CC_HARD, UTILITY",https://www.wowhead.com/tbc/spell=31895,
Paladin,Class-wide / Shared,Ability,Seal of Light,20165,20165,Rank 1,30,"Fills the Paladin with divine light for 30 sec, giving each melee attack a chance to heal the Paladin for 39. Only one Seal can be active on the Paladin at any one time.
Unleashing this Seal's energy will judge an enemy for 20 sec, granting melee attacks made against the judged enemy a chance of healing the attacker for 25. Your melee strikes will refresh the spell's duration. Only one Judgement per Paladin can be active at any one time.",Healing,Utility,0,30,110 Mana,,Cooldown + aura,"BUFF, HEAL, MAINTENANCE",https://www.wowhead.com/tbc/spell=20165,
Paladin,Class-wide / Shared,Ability,Seal of Light,20347,20165,Rank 2,40,"Fills the Paladin with divine light for 30 sec, giving each melee attack a chance to heal the Paladin for 53. Only one Seal can be active on the Paladin at any one time.
Unleashing this Seal's energy will judge an enemy for 20 sec, granting melee attacks made against the judged enemy a chance of healing the attacker for 34. Your melee strikes will refresh the spell's duration. Only one Judgement per Paladin can be active at any one time.",Healing,Utility,0,30,140 Mana,,Cooldown + aura,"BUFF, HEAL, MAINTENANCE",https://www.wowhead.com/tbc/spell=20347,
Paladin,Class-wide / Shared,Ability,Seal of Light,20348,20165,Rank 3,50,"Fills the Paladin with divine light for 30 sec, giving each melee attack a chance to heal the Paladin for 76. Only one Seal can be active on the Paladin at any one time.
Unleashing this Seal's energy will judge an enemy for 20 sec, granting melee attacks made against the judged enemy a chance of healing the attacker for 49. Your melee strikes will refresh the spell's duration. Only one Judgement per Paladin can be active at any one time.",Healing,Utility,0,30,180 Mana,,Cooldown + aura,"BUFF, HEAL, MAINTENANCE",https://www.wowhead.com/tbc/spell=20348,
Paladin,Class-wide / Shared,Ability,Seal of Light,20349,20165,Rank 4,60,"Fills the Paladin with divine light for 30 sec, giving each melee attack a chance to heal the Paladin for 94. Only one Seal can be active on the Paladin at any one time.
Unleashing this Seal's energy will judge an enemy for 20 sec, granting melee attacks made against the judged enemy a chance of healing the attacker for 61. Your melee strikes will refresh the spell's duration. Only one Judgement per Paladin can be active at any one time.",Healing,Utility,0,30,210 Mana,,Cooldown + aura,"BUFF, HEAL, MAINTENANCE",https://www.wowhead.com/tbc/spell=20349,
Paladin,Class-wide / Shared,Ability,Seal of Light,27160,20165,Rank 5,69,"Fills the Paladin with divine light for 30 sec, giving each melee attack a chance to heal the Paladin for 133. Only one Seal can be active on the Paladin at any one time.
Unleashing this Seal's energy will judge an enemy for 20 sec, granting melee attacks made against the judged enemy a chance of healing the attacker for 95. Your melee strikes will refresh the spell's duration. Only one Judgement per Paladin can be active at any one time.",Healing,Utility,0,30,280 Mana,,Cooldown + aura,"BUFF, HEAL, MAINTENANCE",https://www.wowhead.com/tbc/spell=27160,
Paladin,Class-wide / Shared,Ability,Seal of Righteousness,20154,20154,Rank 1,1,"Fills the Paladin with holy spirit for 30 sec, granting each melee attack an additional [1.2 * (
216 * 1.2 * 1.03 * Mainhand weapon max base speed / 100) + 0.03 * (Mainhand weapon max damage + Mainhand weapon min damage) / 2 + 1] Holy damage. Only one Seal can be active on the Paladin at any one time.",Offensive,Main,0,30,20 Mana,,Cooldown + aura,"BUFF, DPS, MAINTENANCE",https://www.wowhead.com/tbc/spell=20154,
Paladin,Class-wide / Shared,Ability,Seal of Righteousness,20287,20154,Rank 2,10,"Fills the Paladin with holy spirit for 30 sec, granting each melee attack an additional [1.2 * (
318 * 1.2 * 1.03 * Mainhand weapon max base speed / 100) + 0.03 * (Mainhand weapon max damage + Mainhand weapon min damage) / 2 + 1] Holy damage. Only one Seal can be active on the Paladin at any one time.
Unleashing this Seal's energy will cause 
36 to 
39 Holy damage to an enemy.",Offensive,Main,0,30,40 Mana,,Cooldown + aura,"BUFF, DPS, MAINTENANCE",https://www.wowhead.com/tbc/spell=20287,
Paladin,Class-wide / Shared,Ability,Seal of Righteousness,20288,20154,Rank 3,18,"Fills the Paladin with holy spirit for 30 sec, granting each melee attack an additional [1.2 * (
490 * 1.2 * 1.03 * Mainhand weapon max base speed / 100) + 0.03 * (Mainhand weapon max damage + Mainhand weapon min damage) / 2 + 1] Holy damage. Only one Seal can be active on the Paladin at any one time.
Unleashing this Seal's energy will cause 
53 to 
58 Holy damage to an enemy.",Offensive,Main,0,30,60 Mana,,Cooldown + aura,"BUFF, DPS, MAINTENANCE",https://www.wowhead.com/tbc/spell=20288,
Paladin,Class-wide / Shared,Ability,Seal of Righteousness,20289,20154,Rank 4,26,"Fills the Paladin with holy spirit for 30 sec, granting each melee attack an additional [1.2 * (
727 * 1.2 * 1.03 * Mainhand weapon max base speed / 100) + 0.03 * (Mainhand weapon max damage + Mainhand weapon min damage) / 2 + 1] Holy damage. Only one Seal can be active on the Paladin at any one time.
Unleashing this Seal's energy will cause 
73 to 
80 Holy damage to an enemy.",Offensive,Main,0,30,90 Mana,,Cooldown + aura,"BUFF, DPS, MAINTENANCE",https://www.wowhead.com/tbc/spell=20289,
Paladin,Class-wide / Shared,Ability,Seal of Righteousness,20290,20154,Rank 5,34,"Fills the Paladin with holy spirit for 30 sec, granting each melee attack an additional [1.2 * (
1007 * 1.2 * 1.03 * Mainhand weapon max base speed / 100) + 0.03 * (Mainhand weapon max damage + Mainhand weapon min damage) / 2 + 1] Holy damage. Only one Seal can be active on the Paladin at any one time.
Unleashing this Seal's energy will cause 
96 to 
105 Holy damage to an enemy.",Offensive,Main,0,30,120 Mana,,Cooldown + aura,"BUFF, DPS, MAINTENANCE",https://www.wowhead.com/tbc/spell=20290,
Paladin,Class-wide / Shared,Ability,Seal of Righteousness,20291,20154,Rank 6,42,"Fills the Paladin with holy spirit for 30 sec, granting each melee attack an additional [1.2 * (
1328 * 1.2 * 1.03 * Mainhand weapon max base speed / 100) + 0.03 * (Mainhand weapon max damage + Mainhand weapon min damage) / 2 + 1] Holy damage. Only one Seal can be active on the Paladin at any one time.
Unleashing this Seal's energy will cause 
124 to 
135 Holy damage to an enemy.",Offensive,Main,0,30,140 Mana,,Cooldown + aura,"BUFF, DPS, MAINTENANCE",https://www.wowhead.com/tbc/spell=20291,
Paladin,Class-wide / Shared,Ability,Seal of Righteousness,20292,20154,Rank 7,50,"Fills the Paladin with holy spirit for 30 sec, granting each melee attack an additional [1.2 * (
1689 * 1.2 * 1.03 * Mainhand weapon max base speed / 100) + 0.03 * (Mainhand weapon max damage + Mainhand weapon min damage) / 2 + 1] Holy damage. Only one Seal can be active on the Paladin at any one time.
Unleashing this Seal's energy will cause 
155 to 
168 Holy damage to an enemy.",Offensive,Main,0,30,170 Mana,,Cooldown + aura,"BUFF, DPS, MAINTENANCE",https://www.wowhead.com/tbc/spell=20292,
Paladin,Class-wide / Shared,Ability,Seal of Righteousness,20293,20154,Rank 8,58,"Fills the Paladin with holy spirit for 30 sec, granting each melee attack an additional [1.2 * (
2068 * 1.2 * 1.03 * Mainhand weapon max base speed / 100) + 0.03 * (Mainhand weapon max damage + Mainhand weapon min damage) / 2 + 1] Holy damage. Only one Seal can be active on the Paladin at any one time.
Unleashing this Seal's energy will cause 
186 to 
203 Holy damage to an enemy.",Offensive,Main,0,30,200 Mana,,Cooldown + aura,"BUFF, DPS, MAINTENANCE",https://www.wowhead.com/tbc/spell=20293,
Paladin,Class-wide / Shared,Ability,Seal of Righteousness,27155,20154,Rank 9,66,"Fills the Paladin with holy spirit for 30 sec, granting each melee attack an additional [1.2 * (
2324 * 1.2 * 1.03 * Mainhand weapon max base speed / 100) + 0.03 * (Mainhand weapon max damage + Mainhand weapon min damage) / 2 + 1] Holy damage. Only one Seal can be active on the Paladin at any one time.
Unleashing this Seal's energy will cause 
225 to 
246 Holy damage to an enemy.",Offensive,Main,0,30,260 Mana,,Cooldown + aura,"BUFF, DPS, MAINTENANCE",https://www.wowhead.com/tbc/spell=27155,
Paladin,Class-wide / Shared,Ability,Seal of Vengeance,31801,31801,,64,"Fills the Paladin with holy power, granting each melee attack a chance to cause 150 Holy damage over 15 sec. This effect can stack up to 5 times. Only one Seal can be active on the Paladin at any one time. Lasts 30 sec.
Unleashing this Seal's energy will judge an enemy, instantly causing 120 Holy damage per application of Holy Vengeance.",Offensive,Main,0,30,250 Mana,,Cooldown + aura,"BUFF, DPS, MAINTENANCE",https://www.wowhead.com/tbc/spell=31801,
Paladin,Class-wide / Shared,Ability,Seal of Wisdom,20166,20166,Rank 1,38,"Fills the Paladin with divine wisdom for 30 sec, giving each melee attack a chance to restore 50 of the Paladin's mana. Only one Seal can be active on the Paladin at any one time.
Unleashing this Seal's energy will judge an enemy for 20 sec, granting attacks and spells used against the judged enemy a chance to restore 33 mana to the attacker. Your melee strikes will refresh the spell's duration. Only one Judgement per Paladin can be active at any one time.",Resource,Main,0,30,135 Mana,,Cooldown + aura,"BUFF, MAINTENANCE, RESOURCE",https://www.wowhead.com/tbc/spell=20166,
Paladin,Class-wide / Shared,Ability,Seal of Wisdom,20356,20166,Rank 2,48,"Fills the Paladin with divine wisdom for 30 sec, giving each melee attack a chance to restore 71 of the Paladin's mana. Only one Seal can be active on the Paladin at any one time.
Unleashing this Seal's energy will judge an enemy for 20 sec, granting attacks and spells used against the judged enemy a chance to restore 46 mana to the attacker. Your melee strikes will refresh the spell's duration. Only one Judgement per Paladin can be active at any one time.",Resource,Main,0,30,170 Mana,,Cooldown + aura,"BUFF, MAINTENANCE, RESOURCE",https://www.wowhead.com/tbc/spell=20356,
Paladin,Class-wide / Shared,Ability,Seal of Wisdom,20357,20166,Rank 3,58,"Fills the Paladin with divine wisdom for 30 sec, giving each melee attack a chance to restore 90 of the Paladin's mana. Only one Seal can be active on the Paladin at any one time.
Unleashing this Seal's energy will judge an enemy for 20 sec, granting attacks and spells used against the judged enemy a chance to restore 59 mana to the attacker. Your melee strikes will refresh the spell's duration. Only one Judgement per Paladin can be active at any one time.",Resource,Main,0,30,200 Mana,,Cooldown + aura,"BUFF, MAINTENANCE, RESOURCE",https://www.wowhead.com/tbc/spell=20357,
Paladin,Class-wide / Shared,Ability,Seal of Wisdom,27166,20166,Rank 4,67,"Fills the Paladin with divine wisdom for 30 sec, giving each melee attack a chance to restore 121 of the Paladin's mana. Only one Seal can be active on the Paladin at any one time.
Unleashing this Seal's energy will judge an enemy for 20 sec, granting attacks and spells used against the judged enemy a chance to restore 74 mana to the attacker. Your melee strikes will refresh the spell's duration. Only one Judgement per Paladin can be active at any one time.",Resource,Main,0,30,270 Mana,,Cooldown + aura,"BUFF, MAINTENANCE, RESOURCE",https://www.wowhead.com/tbc/spell=27166,
Paladin,Class-wide / Shared,Ability,Seal of the Crusader,20162,21082,Rank 1,12,"Fills the Paladin with the spirit of a crusader for 30 sec, granting 
68 melee attack power. The Paladin also attacks 40% faster, but deals less damage with each attack. Only one Seal can be active on the Paladin at any one time.
Unleashing this Seal's energy will judge an enemy for 20 sec, increasing Holy damage taken by up to 35. Your melee strikes will refresh the spell's duration. Only one Judgement per Paladin can be active at any one time.",Offensive,Main,0,30,40 Mana,,Cooldown + aura,"BUFF, DPS, MAINTENANCE",https://www.wowhead.com/tbc/spell=20162,
Paladin,Class-wide / Shared,Ability,Seal of the Crusader,20305,21082,Rank 2,22,"Fills the Paladin with the spirit of a crusader for 30 sec, granting 
122 melee attack power. The Paladin also attacks 40% faster, but deals less damage with each attack. Only one Seal can be active on the Paladin at any one time.
Unleashing this Seal's energy will judge an enemy for 20 sec, increasing Holy damage taken by up to 58. Your melee strikes will refresh the spell's duration. Only one Judgement per Paladin can be active at any one time.",Offensive,Main,0,30,65 Mana,,Cooldown + aura,"BUFF, DPS, MAINTENANCE",https://www.wowhead.com/tbc/spell=20305,
Paladin,Class-wide / Shared,Ability,Seal of the Crusader,20306,21082,Rank 3,32,"Fills the Paladin with the spirit of a crusader for 30 sec, granting 
183 melee attack power. The Paladin also attacks 40% faster, but deals less damage with each attack. Only one Seal can be active on the Paladin at any one time.
Unleashing this Seal's energy will judge an enemy for 20 sec, increasing Holy damage taken by up to 92. Your melee strikes will refresh the spell's duration. Only one Judgement per Paladin can be active at any one time.",Offensive,Main,0,30,90 Mana,,Cooldown + aura,"BUFF, DPS, MAINTENANCE",https://www.wowhead.com/tbc/spell=20306,
Paladin,Class-wide / Shared,Ability,Seal of the Crusader,20307,21082,Rank 4,42,"Fills the Paladin with the spirit of a crusader for 30 sec, granting 
272 melee attack power. The Paladin also attacks 40% faster, but deals less damage with each attack. Only one Seal can be active on the Paladin at any one time.
Unleashing this Seal's energy will judge an enemy for 20 sec, increasing Holy damage taken by up to 127. Your melee strikes will refresh the spell's duration. Only one Judgement per Paladin can be active at any one time.",Offensive,Main,0,30,125 Mana,,Cooldown + aura,"BUFF, DPS, MAINTENANCE",https://www.wowhead.com/tbc/spell=20307,
Paladin,Class-wide / Shared,Ability,Seal of the Crusader,20308,21082,Rank 5,52,"Fills the Paladin with the spirit of a crusader for 30 sec, granting 
372 melee attack power. The Paladin also attacks 40% faster, but deals less damage with each attack. Only one Seal can be active on the Paladin at any one time.
Unleashing this Seal's energy will judge an enemy for 20 sec, increasing Holy damage taken by up to 161. Your melee strikes will refresh the spell's duration. Only one Judgement per Paladin can be active at any one time.",Offensive,Main,0,30,160 Mana,,Cooldown + aura,"BUFF, DPS, MAINTENANCE",https://www.wowhead.com/tbc/spell=20308,
Paladin,Class-wide / Shared,Ability,Seal of the Crusader,21082,21082,Rank 6,6,"Fills the Paladin with the spirit of a crusader for 30 sec, granting 
41 melee attack power. The Paladin also attacks 40% faster, but deals less damage with each attack. Only one Seal can be active on the Paladin at any one time.
Unleashing this Seal's energy will judge an enemy for 20 sec, increasing Holy damage taken by up to 23. Your melee strikes will refresh the spell's duration. Only one Judgement per Paladin can be active at any one time.",Offensive,Main,0,30,25 Mana,,Cooldown + aura,"BUFF, DPS, MAINTENANCE",https://www.wowhead.com/tbc/spell=21082,
Paladin,Class-wide / Shared,Ability,Seal of the Crusader,27158,21082,Rank 7,61,"Fills the Paladin with the spirit of a crusader for 30 sec, granting 
495 melee attack power. The Paladin also attacks 40% faster, but deals less damage with each attack. Only one Seal can be active on the Paladin at any one time.
Unleashing this Seal's energy will judge an enemy for 20 sec, increasing Holy damage taken by up to 219. Your melee strikes will refresh the spell's duration. Only one Judgement per Paladin can be active at any one time.",Offensive,Main,0,30,210 Mana,,Cooldown + aura,"BUFF, DPS, MAINTENANCE",https://www.wowhead.com/tbc/spell=27158,
Paladin,Class-wide / Shared,Ability,Shadow Resistance Aura,19876,19876,Rank 1,28,Gives 30 additional Shadow resistance to all party members within 30 yards. Players may only have one Aura on them per Paladin at any one time.,Ability,Data only,0,,,,Cooldown,"BUFF, LONG_BUFF, RAID_DEFENSIVE",https://www.wowhead.com/tbc/spell=19876,
Paladin,Class-wide / Shared,Ability,Shadow Resistance Aura,19895,19876,Rank 2,40,Gives 45 additional Shadow resistance to all party members within 30 yards. Players may only have one Aura on them per Paladin at any one time.,Ability,Data only,0,,,,Cooldown,"BUFF, LONG_BUFF, RAID_DEFENSIVE",https://www.wowhead.com/tbc/spell=19895,
Paladin,Class-wide / Shared,Ability,Shadow Resistance Aura,19896,19876,Rank 3,52,Gives 60 additional Shadow resistance to all party members within 30 yards. Players may only have one Aura on them per Paladin at any one time.,Ability,Data only,0,,,,Cooldown,"BUFF, LONG_BUFF, RAID_DEFENSIVE",https://www.wowhead.com/tbc/spell=19896,
Paladin,Class-wide / Shared,Ability,Shadow Resistance Aura,27151,19876,Rank 4,63,Gives 70 additional Shadow resistance to all party members within 30 yards. Players may only have one Aura on them per Paladin at any one time.,Ability,Data only,0,,,,Cooldown,"BUFF, LONG_BUFF, RAID_DEFENSIVE",https://www.wowhead.com/tbc/spell=27151,
Paladin,Class-wide / Shared,Ability,Turn Evil,10326,2878,Rank 3,52,The targeted undead or demon enemy will be compelled to flee for up to 20 sec. Damage caused may interrupt the effect. Only one target can be turned at a time.,Crowd Control,Utility,30,20,75 Mana,,Cooldown,"CC_HARD, FEAR",https://www.wowhead.com/tbc/spell=10326,
Paladin,Class-wide / Shared,Ability,Turn Undead,2878,2878,Rank 1,24,The targeted undead enemy will be compelled to flee for up to 10 sec. Damage caused may interrupt the effect. Only one target can be turned at a time.,Crowd Control,Utility,30,20,35 Mana,,Cooldown,"CC_HARD, FEAR",https://www.wowhead.com/tbc/spell=2878,
Paladin,Class-wide / Shared,Ability,Turn Undead,5627,2878,Rank 2,38,The targeted undead enemy will be compelled to flee for up to 15 sec. Damage caused may interrupt the effect. Only one target can be turned at a time.,Crowd Control,Utility,30,20,50 Mana,,Cooldown,"CC_HARD, FEAR",https://www.wowhead.com/tbc/spell=5627,
Paladin,Class-wide / Shared,Talent Ability,Greater Blessing of Kings,25898,25898,,60,"Gives all members of the raid or group that share the same class with the target the Greater Blessing of Kings, increasing total stats by 10% for 30 min. Players may only have one Blessing on them per Paladin at any one time.",Utility,Utility,0,1800,12% of base mana,,Cooldown,"BUFF, LONG_BUFF, UTILITY",https://www.wowhead.com/tbc/spell=25898,Talent-required
Paladin,Holy,Ability,Flash of Light,19750,19750,Rank 1,20,"Heals a friendly target for 
67 to 
77.",Healing,Utility,0,,35 Mana,,Cooldown,"FILLER, HEAL, HEAL_SINGLE, PVE_PVP",https://www.wowhead.com/tbc/spell=19750,
Paladin,Holy,Ability,Flash of Light,19939,19750,Rank 2,26,"Heals a friendly target for 
102 to 
117.",Healing,Utility,0,,50 Mana,,Cooldown,"FILLER, HEAL, HEAL_SINGLE, PVE_PVP",https://www.wowhead.com/tbc/spell=19939,
Paladin,Holy,Ability,Flash of Light,19940,19750,Rank 3,34,"Heals a friendly target for 
153 to 
171.",Healing,Utility,0,,70 Mana,,Cooldown,"FILLER, HEAL, HEAL_SINGLE, PVE_PVP",https://www.wowhead.com/tbc/spell=19940,
Paladin,Holy,Ability,Flash of Light,19941,19750,Rank 4,42,"Heals a friendly target for 
206 to 
231.",Healing,Utility,0,,90 Mana,,Cooldown,"FILLER, HEAL, HEAL_SINGLE, PVE_PVP",https://www.wowhead.com/tbc/spell=19941,
Paladin,Holy,Ability,Flash of Light,19942,19750,Rank 5,50,"Heals a friendly target for 
278 to 
310.",Healing,Utility,0,,115 Mana,,Cooldown,"FILLER, HEAL, HEAL_SINGLE, PVE_PVP",https://www.wowhead.com/tbc/spell=19942,
Paladin,Holy,Ability,Flash of Light,19943,19750,Rank 6,58,"Heals a friendly target for 
356 to 
396.",Healing,Utility,0,,140 Mana,,Cooldown,"FILLER, HEAL, HEAL_SINGLE, PVE_PVP",https://www.wowhead.com/tbc/spell=19943,
Paladin,Holy,Ability,Flash of Light,27137,19750,Rank 7,66,"Heals a friendly target for 
458 to 
513.",Healing,Utility,0,,180 Mana,,Cooldown,"FILLER, HEAL, HEAL_SINGLE, PVE_PVP",https://www.wowhead.com/tbc/spell=27137,
Paladin,Holy,Ability,Holy Light,635,635,Rank 1,1,"Heals a friendly target for 
42 to 
51.",Healing,Utility,0,,35 Mana,,Cooldown,"FILLER, HEAL, HEAL_SINGLE, PVE",https://www.wowhead.com/tbc/spell=635,
Paladin,Holy,Ability,Holy Light,639,635,Rank 2,6,"Heals a friendly target for 
81 to 
96.",Healing,Utility,0,,60 Mana,,Cooldown,"FILLER, HEAL, HEAL_SINGLE, PVE",https://www.wowhead.com/tbc/spell=639,
Paladin,Holy,Ability,Holy Light,647,635,Rank 3,14,"Heals a friendly target for 
167 to 
196.",Healing,Utility,0,,110 Mana,,Cooldown,"FILLER, HEAL, HEAL_SINGLE, PVE",https://www.wowhead.com/tbc/spell=647,
Paladin,Holy,Ability,Holy Light,1026,635,Rank 4,22,"Heals a friendly target for 
322 to 
368.",Healing,Utility,0,,190 Mana,,Cooldown,"FILLER, HEAL, HEAL_SINGLE, PVE",https://www.wowhead.com/tbc/spell=1026,
Paladin,Holy,Ability,Holy Light,1042,635,Rank 5,30,"Heals a friendly target for 
506 to 
569.",Healing,Utility,0,,275 Mana,,Cooldown,"FILLER, HEAL, HEAL_SINGLE, PVE",https://www.wowhead.com/tbc/spell=1042,
Paladin,Holy,Ability,Holy Light,3472,635,Rank 6,38,"Heals a friendly target for 
717 to 
799.",Healing,Utility,0,,365 Mana,,Cooldown,"FILLER, HEAL, HEAL_SINGLE, PVE",https://www.wowhead.com/tbc/spell=3472,
Paladin,Holy,Ability,Holy Light,10328,635,Rank 7,46,"Heals a friendly target for 
968 to 
1076.",Healing,Utility,0,,465 Mana,,Cooldown,"FILLER, HEAL, HEAL_SINGLE, PVE",https://www.wowhead.com/tbc/spell=10328,
Paladin,Holy,Ability,Holy Light,10329,635,Rank 8,54,"Heals a friendly target for 
1272 to 
1414.",Healing,Utility,0,,580 Mana,,Cooldown,"FILLER, HEAL, HEAL_SINGLE, PVE",https://www.wowhead.com/tbc/spell=10329,
Paladin,Holy,Ability,Holy Light,25292,635,Rank 9,60,"Heals a friendly target for 
1619 to 
1799.",Healing,Utility,0,,660 Mana,,Cooldown,"FILLER, HEAL, HEAL_SINGLE, PVE",https://www.wowhead.com/tbc/spell=25292,
Paladin,Holy,Ability,Holy Light,27135,635,Rank 10,62,"Heals a friendly target for 
1773 to 
1971.",Healing,Utility,0,,710 Mana,,Cooldown,"FILLER, HEAL, HEAL_SINGLE, PVE",https://www.wowhead.com/tbc/spell=27135,
Paladin,Holy,Ability,Holy Light,27136,635,Rank 11,70,"Heals a friendly target for 
2196 to 
2446.",Healing,Utility,0,,840 Mana,,Cooldown,"FILLER, HEAL, HEAL_SINGLE, PVE",https://www.wowhead.com/tbc/spell=27136,
Paladin,Holy,Talent,Aura Mastery,31821,31821,Rank 1/1,,Increases the radius of your Auras to 40 yards.,Talent Passive,Data only,,,,,Data only,TALENT,https://www.wowhead.com/tbc/spell=31821,Talent: Aura Mastery; tree row 3
Paladin,Holy,Talent,Blessed Life,31828,31828,Rank 1/3,,All attacks against you have a 4% chance to cause half damage.,Talent Passive,Data only,,,,,Data only,TALENT,https://www.wowhead.com/tbc/spell=31828,Talent: Blessed Life; tree row 7
Paladin,Holy,Talent,Blessed Life,31829,31828,Rank 2/3,,All attacks against you have a 7% chance to cause half damage.,Talent Passive,Data only,,,,,Data only,TALENT,https://www.wowhead.com/tbc/spell=31829,Talent: Blessed Life; tree row 7
Paladin,Holy,Talent,Blessed Life,31830,31828,Rank 3/3,,All attacks against you have a 10% chance to cause half damage.,Talent Passive,Data only,,,,,Data only,TALENT,https://www.wowhead.com/tbc/spell=31830,Talent: Blessed Life; tree row 7
Paladin,Holy,Talent Ability,Divine Favor,20216,20216,Rank 1/1,,"When activated, gives your next Flash of Light, Holy Light, or Holy Shock spell a 100% critical effect chance.",Healing,Utility,120,,3% of base mana,,Cooldown + aura,"HAS_BUFF, HEAL, MAJOR",https://www.wowhead.com/tbc/spell=20216,Talent-required | Talent: Divine Favor
Paladin,Holy,Talent Ability,Divine Illumination,31842,31842,Rank 1/1,,Reduces the mana cost of all spells by 50% for 15 sec.,Healing,Utility,180,15,,,Cooldown + aura,"HAS_BUFF, HEAL, MAJOR, PVE, RESOURCE",https://www.wowhead.com/tbc/spell=31842,Talent-required | Talent: Divine Illumination
Paladin,Holy,Talent,Divine Intellect,20257,20257,Rank 1/5,,Increases your total Intellect by 2%.,Talent Passive,Data only,,,,,Data only,TALENT,https://www.wowhead.com/tbc/spell=20257,Talent: Divine Intellect; tree row 1
Paladin,Holy,Talent,Divine Intellect,20258,20257,Rank 2/5,,Increases your total Intellect by 4%.,Talent Passive,Data only,,,,,Data only,TALENT,https://www.wowhead.com/tbc/spell=20258,Talent: Divine Intellect; tree row 1
Paladin,Holy,Talent,Divine Intellect,20259,20257,Rank 3/5,,Increases your total Intellect by 6%.,Talent Passive,Data only,,,,,Data only,TALENT,https://www.wowhead.com/tbc/spell=20259,Talent: Divine Intellect; tree row 1
Paladin,Holy,Talent,Divine Intellect,20260,20257,Rank 4/5,,Increases your total Intellect by 8%.,Talent Passive,Data only,,,,,Data only,TALENT,https://www.wowhead.com/tbc/spell=20260,Talent: Divine Intellect; tree row 1
Paladin,Holy,Talent,Divine Intellect,20261,20257,Rank 5/5,,Increases your total Intellect by 10%.,Talent Passive,Data only,,,,,Data only,TALENT,https://www.wowhead.com/tbc/spell=20261,Talent: Divine Intellect; tree row 1
Paladin,Holy,Talent,Divine Strength,20262,20262,Rank 1/5,,Increases your total Strength by 2%.,Talent Passive,Data only,,,,,Data only,TALENT,https://www.wowhead.com/tbc/spell=20262,Talent: Divine Strength; tree row 1
Paladin,Holy,Talent,Divine Strength,20263,20262,Rank 2/5,,Increases your total Strength by 4%.,Talent Passive,Data only,,,,,Data only,TALENT,https://www.wowhead.com/tbc/spell=20263,Talent: Divine Strength; tree row 1
Paladin,Holy,Talent,Divine Strength,20264,20262,Rank 3/5,,Increases your total Strength by 6%.,Talent Passive,Data only,,,,,Data only,TALENT,https://www.wowhead.com/tbc/spell=20264,Talent: Divine Strength; tree row 1
Paladin,Holy,Talent,Divine Strength,20265,20262,Rank 4/5,,Increases your total Strength by 8%.,Talent Passive,Data only,,,,,Data only,TALENT,https://www.wowhead.com/tbc/spell=20265,Talent: Divine Strength; tree row 1
Paladin,Holy,Talent,Divine Strength,20266,20262,Rank 5/5,,Increases your total Strength by 10%.,Talent Passive,Data only,,,,,Data only,TALENT,https://www.wowhead.com/tbc/spell=20266,Talent: Divine Strength; tree row 1
Paladin,Holy,Talent,Healing Light,20237,20237,Rank 1/3,,Increases the amount healed by your Holy Light and Flash of Light spells by 4%.,Talent Passive,Data only,,,,,Data only,TALENT,https://www.wowhead.com/tbc/spell=20237,Talent: Healing Light; tree row 3
Paladin,Holy,Talent,Healing Light,20238,20237,Rank 2/3,,Increases the amount healed by your Holy Light and Flash of Light spells by 8%.,Talent Passive,Data only,,,,,Data only,TALENT,https://www.wowhead.com/tbc/spell=20238,Talent: Healing Light; tree row 3
Paladin,Holy,Talent,Healing Light,20239,20237,Rank 3/3,,Increases the amount healed by your Holy Light and Flash of Light spells by 12%.,Talent Passive,Data only,,,,,Data only,TALENT,https://www.wowhead.com/tbc/spell=20239,Talent: Healing Light; tree row 3
Paladin,Holy,Talent,Holy Guidance,31837,31837,Rank 1/5,,Increases your spell damage and healing by 7% of your total Intellect.,Talent Passive,Data only,,,,,Data only,TALENT,https://www.wowhead.com/tbc/spell=31837,Talent: Holy Guidance; tree row 8
Paladin,Holy,Talent,Holy Guidance,31838,31837,Rank 2/5,,Increases your spell damage and healing by 14% of your total Intellect.,Talent Passive,Data only,,,,,Data only,TALENT,https://www.wowhead.com/tbc/spell=31838,Talent: Holy Guidance; tree row 8
Paladin,Holy,Talent,Holy Guidance,31839,31837,Rank 3/5,,Increases your spell damage and healing by 21% of your total Intellect.,Talent Passive,Data only,,,,,Data only,TALENT,https://www.wowhead.com/tbc/spell=31839,Talent: Holy Guidance; tree row 8
Paladin,Holy,Talent,Holy Guidance,31840,31837,Rank 4/5,,Increases your spell damage and healing by 28% of your total Intellect.,Talent Passive,Data only,,,,,Data only,TALENT,https://www.wowhead.com/tbc/spell=31840,Talent: Holy Guidance; tree row 8
Paladin,Holy,Talent,Holy Guidance,31841,31837,Rank 5/5,,Increases your spell damage and healing by 35% of your total Intellect.,Talent Passive,Data only,,,,,Data only,TALENT,https://www.wowhead.com/tbc/spell=31841,Talent: Holy Guidance; tree row 8
Paladin,Holy,Talent,Holy Power,5923,5923,Rank 1/5,,Increases the critical effect chance of your Holy spells by 1%.,Talent Passive,Data only,,,,,Data only,TALENT,https://www.wowhead.com/tbc/spell=5923,Talent: Holy Power; tree row 6
Paladin,Holy,Talent,Holy Power,5924,5923,Rank 2/5,,Increases the critical effect chance of your Holy spells by 2%.,Talent Passive,Data only,,,,,Data only,TALENT,https://www.wowhead.com/tbc/spell=5924,Talent: Holy Power; tree row 6
Paladin,Holy,Talent,Holy Power,5925,5923,Rank 3/5,,Increases the critical effect chance of your Holy spells by 3%.,Talent Passive,Data only,,,,,Data only,TALENT,https://www.wowhead.com/tbc/spell=5925,Talent: Holy Power; tree row 6
Paladin,Holy,Talent,Holy Power,5926,5923,Rank 4/5,,Increases the critical effect chance of your Holy spells by 4%.,Talent Passive,Data only,,,,,Data only,TALENT,https://www.wowhead.com/tbc/spell=5926,Talent: Holy Power; tree row 6
Paladin,Holy,Talent,Holy Power,25829,5923,Rank 5/5,,Increases the critical effect chance of your Holy spells by 5%.,Talent Passive,Data only,,,,,Data only,TALENT,https://www.wowhead.com/tbc/spell=25829,Talent: Holy Power; tree row 6
Paladin,Holy,Talent Ability,Holy Shock,20473,20473,Rank 1/1,,"Blasts the target with Holy energy, causing 277 to 299 Holy damage to an enemy, or 351 to 379 healing to an ally.",Healing,Utility,15,,335 Mana,,Cooldown,"HEAL, HEAL_SINGLE, PVE_PVP, ROTATIONAL",https://www.wowhead.com/tbc/spell=20473,Talent-required | Talent: Holy Shock
Paladin,Holy,Talent Ability,Holy Shock,20929,20473,Rank 2,48,"Blasts the target with Holy energy, causing 379 to 409 Holy damage to an enemy, or 480 to 518 healing to an ally.",Healing,Utility,15,,410 Mana,,Cooldown,"HEAL, HEAL_SINGLE, PVE_PVP, ROTATIONAL",https://www.wowhead.com/tbc/spell=20929,Talent-required
Paladin,Holy,Talent Ability,Holy Shock,20930,20473,Rank 3,56,"Blasts the target with Holy energy, causing 496 to 536 Holy damage to an enemy, or 628 to 680 healing to an ally.",Healing,Utility,15,,485 Mana,,Cooldown,"HEAL, HEAL_SINGLE, PVE_PVP, ROTATIONAL",https://www.wowhead.com/tbc/spell=20930,Talent-required
Paladin,Holy,Talent Ability,Holy Shock,27174,20473,Rank 4,64,"Blasts the target with Holy energy, causing 614 to 664 Holy damage to an enemy, or 777 to 841 healing to an ally.",Healing,Utility,15,,575 Mana,,Cooldown,"HEAL, HEAL_SINGLE, PVE_PVP, ROTATIONAL",https://www.wowhead.com/tbc/spell=27174,Talent-required
Paladin,Holy,Talent Ability,Holy Shock,33072,20473,Rank 5,70,"Blasts the target with Holy energy, causing 721 to 779 Holy damage to an enemy, or 913 to 987 healing to an ally.",Healing,Utility,15,,650 Mana,,Cooldown,"HEAL, HEAL_SINGLE, PVE_PVP, ROTATIONAL",https://www.wowhead.com/tbc/spell=33072,Talent-required
Paladin,Holy,Talent,Illumination,20210,20210,Rank 1/5,,"After getting a critical effect from your Flash of Light, Holy Light, or Holy Shock heal spell, gives you a 20% chance to gain mana equal to 60% of the base cost of the spell.",Talent Passive,Data only,,,,,Data only,TALENT,https://www.wowhead.com/tbc/spell=20210,Talent: Illumination; tree row 4
Paladin,Holy,Talent,Illumination,20212,20210,Rank 2/5,,"After getting a critical effect from your Flash of Light, Holy Light, or Holy Shock heal spell, gives you a 40% chance to gain mana equal to 60% of the base cost of the spell.",Talent Passive,Data only,,,,,Data only,TALENT,https://www.wowhead.com/tbc/spell=20212,Talent: Illumination; tree row 4
Paladin,Holy,Talent,Illumination,20213,20210,Rank 3/5,,"After getting a critical effect from your Flash of Light, Holy Light, or Holy Shock heal spell, gives you a 60% chance to gain mana equal to 60% of the base cost of the spell.",Talent Passive,Data only,,,,,Data only,TALENT,https://www.wowhead.com/tbc/spell=20213,Talent: Illumination; tree row 4
Paladin,Holy,Talent,Illumination,20214,20210,Rank 4/5,,"After getting a critical effect from your Flash of Light, Holy Light, or Holy Shock heal spell, gives you a 80% chance to gain mana equal to 60% of the base cost of the spell.",Talent Passive,Data only,,,,,Data only,TALENT,https://www.wowhead.com/tbc/spell=20214,Talent: Illumination; tree row 4
Paladin,Holy,Talent,Illumination,20215,20210,Rank 5/5,,"After getting a critical effect from your Flash of Light, Holy Light, or Holy Shock heal spell, gives you a 100% chance to gain mana equal to 60% of the base cost of the spell.",Talent Passive,Data only,,,,,Data only,TALENT,https://www.wowhead.com/tbc/spell=20215,Talent: Illumination; tree row 4
Paladin,Holy,Talent,Improved Blessing of Wisdom,20244,20244,Rank 1/2,,Increases the effect of your Blessing of Wisdom spell by 10%.,Talent Passive,Data only,,,,,Data only,TALENT,https://www.wowhead.com/tbc/spell=20244,Talent: Improved Blessing of Wisdom; tree row 4
Paladin,Holy,Talent,Improved Blessing of Wisdom,20245,20244,Rank 2/2,,Increases the effect of your Blessing of Wisdom spell by 20%.,Talent Passive,Data only,,,,,Data only,TALENT,https://www.wowhead.com/tbc/spell=20245,Talent: Improved Blessing of Wisdom; tree row 4
Paladin,Holy,Talent,Improved Lay on Hands,20234,20234,Rank 1/2,,"Gives the target of your Lay on Hands spell a 15% bonus to their armor value from items for 2 min. In addition, the cooldown for your Lay on Hands spell is reduced by 10 min.",Talent Passive,Data only,,120,,,Data only,TALENT,https://www.wowhead.com/tbc/spell=20234,Talent: Improved Lay on Hands; tree row 3
Paladin,Holy,Talent,Improved Lay on Hands,20235,20234,Rank 2/2,,"Gives the target of your Lay on Hands spell a 30% bonus to their armor value from items for 2 min. In addition, the cooldown for your Lay on Hands spell is reduced by 20 min.",Talent Passive,Data only,,120,,,Data only,TALENT,https://www.wowhead.com/tbc/spell=20235,Talent: Improved Lay on Hands; tree row 3
Paladin,Holy,Talent,Improved Seal of Righteousness,20224,20224,Rank 1/5,,Increases the damage done by your Seal of Righteousness and Judgement of Righteousness by 3%.,Talent Passive,Data only,,,,,Data only,TALENT,https://www.wowhead.com/tbc/spell=20224,Talent: Improved Seal of Righteousness; tree row 2
Paladin,Holy,Talent,Improved Seal of Righteousness,20225,20224,Rank 2/5,,Increases the damage done by your Seal of Righteousness and Judgement of Righteousness by 6%.,Talent Passive,Data only,,,,,Data only,TALENT,https://www.wowhead.com/tbc/spell=20225,Talent: Improved Seal of Righteousness; tree row 2
Paladin,Holy,Talent,Improved Seal of Righteousness,20330,20224,Rank 3/5,,Increases the damage done by your Seal of Righteousness and Judgement of Righteousness by 9%.,Talent Passive,Data only,,,,,Data only,TALENT,https://www.wowhead.com/tbc/spell=20330,Talent: Improved Seal of Righteousness; tree row 2
Paladin,Holy,Talent,Improved Seal of Righteousness,20331,20224,Rank 4/5,,Increases the damage done by your Seal of Righteousness and Judgement of Righteousness by 12%.,Talent Passive,Data only,,,,,Data only,TALENT,https://www.wowhead.com/tbc/spell=20331,Talent: Improved Seal of Righteousness; tree row 2
Paladin,Holy,Talent,Improved Seal of Righteousness,20332,20224,Rank 5/5,,Increases the damage done by your Seal of Righteousness and Judgement of Righteousness by 15%.,Talent Passive,Data only,,,,,Data only,TALENT,https://www.wowhead.com/tbc/spell=20332,Talent: Improved Seal of Righteousness; tree row 2
Paladin,Holy,Talent,Light's Grace,31833,31833,Rank 1/3,,Gives your Holy Light spell a 33% chance to reduce the cast time of your next Holy Light spell by 0.5 sec. This effect lasts 15 sec.,Talent Passive,Data only,,15,,,Data only,TALENT,https://www.wowhead.com/tbc/spell=31833,Talent: Light's Grace; tree row 7
Paladin,Holy,Talent,Light's Grace,31835,31833,Rank 2/3,,Gives your Holy Light spell a 66% chance to reduce the cast time of your next Holy Light spell by 0.5 sec. This effect lasts 15 sec.,Talent Passive,Data only,,15,,,Data only,TALENT,https://www.wowhead.com/tbc/spell=31835,Talent: Light's Grace; tree row 7
Paladin,Holy,Talent,Light's Grace,31836,31833,Rank 3/3,,Gives your Holy Light spell a 100% chance to reduce the cast time of your next Holy Light spell by 0.5 sec. This effect lasts 15 sec.,Talent Passive,Data only,,15,,,Data only,TALENT,https://www.wowhead.com/tbc/spell=31836,Talent: Light's Grace; tree row 7
Paladin,Holy,Talent,Pure of Heart,31822,31822,Rank 1/3,,Increases your resistance to Curse and Disease effects by 5%.,Talent Passive,Data only,,,,,Data only,TALENT,https://www.wowhead.com/tbc/spell=31822,Talent: Pure of Heart; tree row 5
Paladin,Holy,Talent,Pure of Heart,31823,31822,Rank 2/3,,Increases your resistance to Curse and Disease effects by 10%.,Talent Passive,Data only,,,,,Data only,TALENT,https://www.wowhead.com/tbc/spell=31823,Talent: Pure of Heart; tree row 5
Paladin,Holy,Talent,Pure of Heart,31824,31822,Rank 3/3,,Increases your resistance to Curse and Disease effects by 15%.,Talent Passive,Data only,,,,,Data only,TALENT,https://www.wowhead.com/tbc/spell=31824,Talent: Pure of Heart; tree row 5
Paladin,Holy,Talent,Purifying Power,31825,31825,Rank 1/2,,"Reduces the mana cost of your Cleanse, Purify and Consecration spells by 5% and increases the critical strike chance of your Exorcism and Holy Wrath spells by 10%.",Talent Passive,Data only,,,,,Data only,TALENT,https://www.wowhead.com/tbc/spell=31825,Talent: Purifying Power; tree row 6
Paladin,Holy,Talent,Purifying Power,31826,31825,Rank 2/2,,"Reduces the mana cost of your Cleanse, Purify and Consecration spells by 10% and increases the critical strike chance of your Exorcism and Holy Wrath spells by 20%.",Talent Passive,Data only,,,,,Data only,TALENT,https://www.wowhead.com/tbc/spell=31826,Talent: Purifying Power; tree row 6
Paladin,Holy,Talent,Sanctified Light,20359,20359,Rank 1/3,,Increases the critical effect chance of your Holy Light spell by 2%.,Talent Passive,Data only,,,,,Data only,TALENT,https://www.wowhead.com/tbc/spell=20359,Talent: Sanctified Light; tree row 5
Paladin,Holy,Talent,Sanctified Light,20360,20359,Rank 2/3,,Increases the critical effect chance of your Holy Light spell by 4%.,Talent Passive,Data only,,,,,Data only,TALENT,https://www.wowhead.com/tbc/spell=20360,Talent: Sanctified Light; tree row 5
Paladin,Holy,Talent,Sanctified Light,20361,20359,Rank 3/3,,Increases the critical effect chance of your Holy Light spell by 6%.,Talent Passive,Data only,,,,,Data only,TALENT,https://www.wowhead.com/tbc/spell=20361,Talent: Sanctified Light; tree row 5
Paladin,Holy,Talent,Spiritual Focus,20205,20205,Rank 1/5,,Gives your Flash of Light and Holy Light spells a 14% chance to not lose casting time when you take damage.,Talent Passive,Data only,,,,,Data only,TALENT,https://www.wowhead.com/tbc/spell=20205,Talent: Spiritual Focus; tree row 2
Paladin,Holy,Talent,Spiritual Focus,20206,20205,Rank 2/5,,Gives your Flash of Light and Holy Light spells a 28% chance to not lose casting time when you take damage.,Talent Passive,Data only,,,,,Data only,TALENT,https://www.wowhead.com/tbc/spell=20206,Talent: Spiritual Focus; tree row 2
Paladin,Holy,Talent,Spiritual Focus,20207,20205,Rank 3/5,,Gives your Flash of Light and Holy Light spells a 42% chance to not lose casting time when you take damage.,Talent Passive,Data only,,,,,Data only,TALENT,https://www.wowhead.com/tbc/spell=20207,Talent: Spiritual Focus; tree row 2
Paladin,Holy,Talent,Spiritual Focus,20208,20205,Rank 5/5,,Gives your Flash of Light and Holy Light spells a 70% chance to not lose casting time when you take damage.,Talent Passive,Data only,,,,,Data only,TALENT,https://www.wowhead.com/tbc/spell=20208,Talent: Spiritual Focus; tree row 2
Paladin,Holy,Talent,Spiritual Focus,20209,20205,Rank 4/5,,Gives your Flash of Light and Holy Light spells a 56% chance to not lose casting time when you take damage.,Talent Passive,Data only,,,,,Data only,TALENT,https://www.wowhead.com/tbc/spell=20209,Talent: Spiritual Focus; tree row 2
Paladin,Holy,Talent,Unyielding Faith,9453,9453,Rank 1/2,,Increases your chance to resist Fear and Disorient effects by an additional 5%.,Talent Passive,Data only,,,,,Data only,TALENT,https://www.wowhead.com/tbc/spell=9453,Talent: Unyielding Faith; tree row 3
Paladin,Holy,Talent,Unyielding Faith,25836,9453,Rank 2/2,,Increases your chance to resist Fear and Disorient effects by an additional 10%.,Talent Passive,Data only,,,,,Data only,TALENT,https://www.wowhead.com/tbc/spell=25836,Talent: Unyielding Faith; tree row 3
Paladin,Protection,Ability,Righteous Defense,31789,31789,,14,"Come to the defense of a friendly target, commanding up to 3 enemies attacking the target to attack the Paladin instead.",Utility,Utility,15,3,4% of base mana,,Cooldown,TAUNT,https://www.wowhead.com/tbc/spell=31789,
Paladin,Protection,Ability,Righteous Fury,25780,25780,,16,Increases the threat generated by your Holy spells by 60%. Lasts 30 min.,Defensive,Utility,0,1800,24% of base mana,,Cooldown,"BUFF, DEFENSIVE, LONG_BUFF",https://www.wowhead.com/tbc/spell=25780,
Paladin,Protection,Talent,Anticipation,20096,20096,Rank 1/5,,Increases your Defense skill by 4.,Talent Passive,Data only,,,,,Data only,TALENT,https://www.wowhead.com/tbc/spell=20096,Talent: Anticipation; tree row 3
Paladin,Protection,Talent,Anticipation,20097,20096,Rank 2/5,,Increases your Defense skill by 8.,Talent Passive,Data only,,,,,Data only,TALENT,https://www.wowhead.com/tbc/spell=20097,Talent: Anticipation; tree row 3
Paladin,Protection,Talent,Anticipation,20098,20096,Rank 3/5,,Increases your Defense skill by 12.,Talent Passive,Data only,,,,,Data only,TALENT,https://www.wowhead.com/tbc/spell=20098,Talent: Anticipation; tree row 3
Paladin,Protection,Talent,Anticipation,20099,20096,Rank 4/5,,Increases your Defense skill by 16.,Talent Passive,Data only,,,,,Data only,TALENT,https://www.wowhead.com/tbc/spell=20099,Talent: Anticipation; tree row 3
Paladin,Protection,Talent,Anticipation,20100,20096,Rank 5/5,,Increases your Defense skill by 20.,Talent Passive,Data only,,,,,Data only,TALENT,https://www.wowhead.com/tbc/spell=20100,Talent: Anticipation; tree row 3
Paladin,Protection,Talent,Ardent Defender,31850,31850,Rank 1/5,,"When you have less than 35% health, all damage taken is reduced by 6%.",Talent Passive,Data only,,,,,Data only,TALENT,https://www.wowhead.com/tbc/spell=31850,Talent: Ardent Defender; tree row 7
Paladin,Protection,Talent,Ardent Defender,31851,31850,Rank 2/5,,"When you have less than 35% health, all damage taken is reduced by 12%.",Talent Passive,Data only,,,,,Data only,TALENT,https://www.wowhead.com/tbc/spell=31851,Talent: Ardent Defender; tree row 7
Paladin,Protection,Talent,Ardent Defender,31852,31850,Rank 3/5,,"When you have less than 35% health, all damage taken is reduced by 18%.",Talent Passive,Data only,,,,,Data only,TALENT,https://www.wowhead.com/tbc/spell=31852,Talent: Ardent Defender; tree row 7
Paladin,Protection,Talent,Ardent Defender,31853,31850,Rank 4/5,,"When you have less than 35% health, all damage taken is reduced by 24%.",Talent Passive,Data only,,,,,Data only,TALENT,https://www.wowhead.com/tbc/spell=31853,Talent: Ardent Defender; tree row 7
Paladin,Protection,Talent,Ardent Defender,31854,31850,Rank 5/5,,"When you have less than 35% health, all damage taken is reduced by 30%.",Talent Passive,Data only,,,,,Data only,TALENT,https://www.wowhead.com/tbc/spell=31854,Talent: Ardent Defender; tree row 7
Paladin,Protection,Talent Ability,Avenger's Shield,31935,31935,Rank 1/1,,"Hurls a holy shield at the enemy, dealing 270 to 330 Holy damage, Dazing them and then jumping to additional nearby enemies. Affects 3 total targets. Lasts 6 sec.",Crowd Control,Utility,30,6,500 Mana,,Cooldown,"CC_SOFT, PVE, ROTATIONAL, TANK",https://www.wowhead.com/tbc/spell=31935,Talent-required | Talent: Avenger's Shield
Paladin,Protection,Talent Ability,Blessing of Kings,20217,20217,Rank 1/1,,"Places a Blessing on the friendly target, increasing total stats by 10% for 10 min. Players may only have one Blessing on them per Paladin at any one time.",Utility,Utility,0,600,6% of base mana,,Cooldown,"BUFF, LONG_BUFF, UTILITY",https://www.wowhead.com/tbc/spell=20217,Talent-required | Talent: Blessing of Kings
Paladin,Protection,Talent Ability,Blessing of Sanctuary,20911,20911,Rank 1/1,,"Places a Blessing on the friendly target, reducing damage dealt from all sources by up to 10 for 10 min. In addition, when the target blocks a melee attack the attacker will take 14 Holy damage. Players may only have one Blessing on them per Paladin at any one time.",Defensive,Utility,0,600,60 Mana,,Cooldown,"BUFF, EXTERNAL_DEFENSIVE, LONG_BUFF",https://www.wowhead.com/tbc/spell=20911,Talent-required | Talent: Blessing of Sanctuary
Paladin,Protection,Talent Ability,Blessing of Sanctuary,20912,20911,Rank 2,40,"Places a Blessing on the friendly target, reducing damage dealt from all sources by up to 14 for 10 min. In addition, when the target blocks a melee attack the attacker will take 21 Holy damage. Players may only have one Blessing on them per Paladin at any one time.",Defensive,Utility,0,600,85 Mana,,Cooldown,"BUFF, EXTERNAL_DEFENSIVE, LONG_BUFF",https://www.wowhead.com/tbc/spell=20912,Talent-required
Paladin,Protection,Talent Ability,Blessing of Sanctuary,20913,20911,Rank 3,50,"Places a Blessing on the friendly target, reducing damage dealt from all sources by up to 19 for 10 min. In addition, when the target blocks a melee attack the attacker will take 28 Holy damage. Players may only have one Blessing on them per Paladin at any one time.",Defensive,Utility,0,600,110 Mana,,Cooldown,"BUFF, EXTERNAL_DEFENSIVE, LONG_BUFF",https://www.wowhead.com/tbc/spell=20913,Talent-required
Paladin,Protection,Talent Ability,Blessing of Sanctuary,20914,20911,Rank 4,60,"Places a Blessing on the friendly target, reducing damage dealt from all sources by up to 24 for 10 min. In addition, when the target blocks a melee attack the attacker will take 35 Holy damage. Players may only have one Blessing on them per Paladin at any one time.",Defensive,Utility,0,600,135 Mana,,Cooldown,"BUFF, EXTERNAL_DEFENSIVE, LONG_BUFF",https://www.wowhead.com/tbc/spell=20914,Talent-required
Paladin,Protection,Talent Ability,Blessing of Sanctuary,27168,20911,Rank 5,70,"Places a Blessing on the friendly target, reducing damage dealt from all sources by up to 80 for 10 min. In addition, when the target blocks a melee attack the attacker will take 46 Holy damage. Players may only have one Blessing on them per Paladin at any one time.",Defensive,Utility,0,600,180 Mana,,Cooldown,"BUFF, EXTERNAL_DEFENSIVE, LONG_BUFF",https://www.wowhead.com/tbc/spell=27168,Talent-required
Paladin,Protection,Talent,Combat Expertise,31858,31858,Rank 1/5,,Increases your expertise by 1 and your total Stamina by 2%.,Talent Passive,Data only,,,,,Data only,TALENT,https://www.wowhead.com/tbc/spell=31858,Talent: Combat Expertise; tree row 8
Paladin,Protection,Talent,Combat Expertise,31859,31858,Rank 2/5,,Increases your expertise by 2 and your total Stamina by 4%.,Talent Passive,Data only,,,,,Data only,TALENT,https://www.wowhead.com/tbc/spell=31859,Talent: Combat Expertise; tree row 8
Paladin,Protection,Talent,Combat Expertise,31860,31858,Rank 3/5,,Increases your expertise by 3 and your total Stamina by 6%.,Talent Passive,Data only,,,,,Data only,TALENT,https://www.wowhead.com/tbc/spell=31860,Talent: Combat Expertise; tree row 8
Paladin,Protection,Talent,Combat Expertise,31861,31858,Rank 4/5,,Increases your expertise by 4 and your total Stamina by 8%.,Talent Passive,Data only,,,,,Data only,TALENT,https://www.wowhead.com/tbc/spell=31861,Talent: Combat Expertise; tree row 8
Paladin,Protection,Talent,Combat Expertise,31862,31858,Rank 5/5,,Increases your expertise by 5 and your total Stamina by 10%.,Talent Passive,Data only,,,,,Data only,TALENT,https://www.wowhead.com/tbc/spell=31862,Talent: Combat Expertise; tree row 8
Paladin,Protection,Talent Ability,Greater Blessing of Sanctuary,25899,25899,Rank 1,60,"Gives all members of the raid or group that share the same class with the target the Greater Blessing of Sanctuary, reducing damage dealt from all sources by up to 24 for 30 min. In addition, when the target blocks a melee attack the attacker will take 35 Holy damage. Players may only have one Blessing on them per Paladin at any one time.",Defensive,Utility,0,1800,270 Mana,,Cooldown,"BUFF, EXTERNAL_DEFENSIVE, LONG_BUFF",https://www.wowhead.com/tbc/spell=25899,Talent-required
Paladin,Protection,Talent Ability,Greater Blessing of Sanctuary,27169,25899,Rank 2,70,"Gives all members of the raid or group that share the same class with the target the Greater Blessing of Sanctuary, reducing damage dealt from all sources by up to 80 for 30 min. In addition, when the target blocks a melee attack the attacker will take 46 Holy damage. Players may only have one Blessing on them per Paladin at any one time.",Defensive,Utility,0,1800,360 Mana,,Cooldown,"BUFF, EXTERNAL_DEFENSIVE, LONG_BUFF",https://www.wowhead.com/tbc/spell=27169,Talent-required
Paladin,Protection,Talent,Guardian's Favor,20174,20174,Rank 1/2,,Reduces the cooldown of your Blessing of Protection by 60 sec and increases the duration of your Blessing of Freedom by 2 sec.,Talent Passive,Data only,,,,,Data only,TALENT,https://www.wowhead.com/tbc/spell=20174,Talent: Guardian's Favor; tree row 2
Paladin,Protection,Talent,Guardian's Favor,20175,20174,Rank 2/2,,Reduces the cooldown of your Blessing of Protection by 120 sec and increases the duration of your Blessing of Freedom by 4 sec.,Talent Passive,Data only,,,,,Data only,TALENT,https://www.wowhead.com/tbc/spell=20175,Talent: Guardian's Favor; tree row 2
Paladin,Protection,Talent Ability,Holy Shield,20925,20925,Rank 1/1,,Increases chance to block by 30% for 10 sec and deals 59 Holy damage for each attack blocked while active. Damage caused by Holy Shield causes 35% additional threat. Each block expends a charge. 4 charges.,Defensive,Utility,10,10,135 Mana,,Cooldown + aura,"DEFENSIVE, HAS_BUFF, PVE, ROTATIONAL, TANK",https://www.wowhead.com/tbc/spell=20925,Talent-required | Talent: Holy Shield
Paladin,Protection,Talent Ability,Holy Shield,20927,20925,Rank 2,50,Increases chance to block by 30% for 10 sec and deals 86 Holy damage for each attack blocked while active. Damage caused by Holy Shield causes 35% additional threat. Each block expends a charge. 4 charges.,Defensive,Utility,10,10,175 Mana,,Cooldown + aura,"DEFENSIVE, HAS_BUFF, PVE, ROTATIONAL, TANK",https://www.wowhead.com/tbc/spell=20927,Talent-required
Paladin,Protection,Talent Ability,Holy Shield,20928,20925,Rank 3,60,Increases chance to block by 30% for 10 sec and deals 117 Holy damage for each attack blocked while active. Damage caused by Holy Shield causes 35% additional threat. Each block expends a charge. 4 charges.,Defensive,Utility,10,10,215 Mana,,Cooldown + aura,"DEFENSIVE, HAS_BUFF, PVE, ROTATIONAL, TANK",https://www.wowhead.com/tbc/spell=20928,Talent-required
Paladin,Protection,Talent Ability,Holy Shield,27179,20925,Rank 4,70,Increases chance to block by 30% for 10 sec and deals 155 Holy damage for each attack blocked while active. Damage caused by Holy Shield causes 35% additional threat. Each block expends a charge. 4 charges.,Defensive,Utility,10,10,280 Mana,,Cooldown + aura,"DEFENSIVE, HAS_BUFF, PVE, ROTATIONAL, TANK",https://www.wowhead.com/tbc/spell=27179,Talent-required
Paladin,Protection,Talent,Improved Concentration Aura,20254,20254,Rank 1/3,,Increases the effect of your Concentration Aura by an additional 5% and reduces the duration of any Silence or Interrupt effect used against an affected group member by 10%. The duration reduction does not stack with any other effects.,Talent Passive,Data only,,,,,Data only,TALENT,https://www.wowhead.com/tbc/spell=20254,Talent: Improved Concentration Aura; tree row 4
Paladin,Protection,Talent,Improved Concentration Aura,20255,20254,Rank 2/3,,Increases the effect of your Concentration Aura by an additional 10% and reduces the duration of any Silence or Interrupt effect used against an affected group member by 20%. The duration reduction does not stack with any other effects.,Talent Passive,Data only,,,,,Data only,TALENT,https://www.wowhead.com/tbc/spell=20255,Talent: Improved Concentration Aura; tree row 4
Paladin,Protection,Talent,Improved Concentration Aura,20256,20254,Rank 3/3,,Increases the effect of your Concentration Aura by an additional 15% and reduces the duration of any Silence or Interrupt effect used against an affected group member by 30%. The duration reduction does not stack with any other effects.,Talent Passive,Data only,,,,,Data only,TALENT,https://www.wowhead.com/tbc/spell=20256,Talent: Improved Concentration Aura; tree row 4
Paladin,Protection,Talent,Improved Devotion Aura,20138,20138,Rank 1/5,,Increases the armor bonus of your Devotion Aura by 8%.,Talent Passive,Data only,,,,,Data only,TALENT,https://www.wowhead.com/tbc/spell=20138,Talent: Improved Devotion Aura; tree row 1
Paladin,Protection,Talent,Improved Devotion Aura,20139,20138,Rank 2/5,,Increases the armor bonus of your Devotion Aura by 16%.,Talent Passive,Data only,,,,,Data only,TALENT,https://www.wowhead.com/tbc/spell=20139,Talent: Improved Devotion Aura; tree row 1
Paladin,Protection,Talent,Improved Devotion Aura,20140,20138,Rank 3/5,,Increases the armor bonus of your Devotion Aura by 24%.,Talent Passive,Data only,,,,,Data only,TALENT,https://www.wowhead.com/tbc/spell=20140,Talent: Improved Devotion Aura; tree row 1
Paladin,Protection,Talent,Improved Devotion Aura,20141,20138,Rank 4/5,,Increases the armor bonus of your Devotion Aura by 32%.,Talent Passive,Data only,,,,,Data only,TALENT,https://www.wowhead.com/tbc/spell=20141,Talent: Improved Devotion Aura; tree row 1
Paladin,Protection,Talent,Improved Devotion Aura,20142,20138,Rank 5/5,,Increases the armor bonus of your Devotion Aura by 40%.,Talent Passive,Data only,,,,,Data only,TALENT,https://www.wowhead.com/tbc/spell=20142,Talent: Improved Devotion Aura; tree row 1
Paladin,Protection,Talent,Improved Hammer of Justice,20487,20487,Rank 1/3,,Decreases the cooldown of your Hammer of Justice spell by 5 sec.,Talent Passive,Data only,,,,,Data only,TALENT,https://www.wowhead.com/tbc/spell=20487,Talent: Improved Hammer of Justice; tree row 4
Paladin,Protection,Talent,Improved Hammer of Justice,20488,20487,Rank 2/3,,Decreases the cooldown of your Hammer of Justice spell by 10 sec.,Talent Passive,Data only,,,,,Data only,TALENT,https://www.wowhead.com/tbc/spell=20488,Talent: Improved Hammer of Justice; tree row 4
Paladin,Protection,Talent,Improved Hammer of Justice,20489,20487,Rank 3/3,,Decreases the cooldown of your Hammer of Justice spell by 15 sec.,Talent Passive,Data only,,,,,Data only,TALENT,https://www.wowhead.com/tbc/spell=20489,Talent: Improved Hammer of Justice; tree row 4
Paladin,Protection,Talent,Improved Holy Shield,41021,41021,Rank 1/2,,Increases damage caused by your Holy Shield by 10% and increases the number of charges of your Holy Shield by 2.,Talent Passive,Data only,,,,,Data only,TALENT,https://www.wowhead.com/tbc/spell=41021,Talent: Improved Holy Shield; tree row 7
Paladin,Protection,Talent,Improved Holy Shield,41026,41021,Rank 2/2,,Increases damage caused by your Holy Shield by 20% and increases the number of charges of your Holy Shield by 4.,Talent Passive,Data only,,,,,Data only,TALENT,https://www.wowhead.com/tbc/spell=41026,Talent: Improved Holy Shield; tree row 7
Paladin,Protection,Talent,Improved Righteous Fury,20468,20468,Rank 1/3,,"While Righteous Fury is active, all damage taken is reduced by 2% and increases the amount of threat generated by your Righteous Fury spell by 16%.",Talent Passive,Data only,,,,,Data only,TALENT,https://www.wowhead.com/tbc/spell=20468,Talent: Improved Righteous Fury; tree row 3
Paladin,Protection,Talent,Improved Righteous Fury,20469,20468,Rank 2/3,,"While Righteous Fury is active, all damage taken is reduced by 4% and increases the amount of threat generated by your Righteous Fury spell by 33%.",Talent Passive,Data only,,,,,Data only,TALENT,https://www.wowhead.com/tbc/spell=20469,Talent: Improved Righteous Fury; tree row 3
Paladin,Protection,Talent,Improved Righteous Fury,20470,20468,Rank 3/3,,"While Righteous Fury is active, all damage taken is reduced by 6% and increases the amount of threat generated by your Righteous Fury spell by 50%.",Talent Passive,Data only,,,,,Data only,TALENT,https://www.wowhead.com/tbc/spell=20470,Talent: Improved Righteous Fury; tree row 3
Paladin,Protection,Talent,One-Handed Weapon Specialization,20196,20196,Rank 1/5,,Increases all damage you deal when a one-handed melee weapon is equipped by 1%.,Talent Passive,Data only,,,,,Data only,TALENT,https://www.wowhead.com/tbc/spell=20196,Talent: One-Handed Weapon Specialization; tree row 6
Paladin,Protection,Talent,One-Handed Weapon Specialization,20197,20196,Rank 2/5,,Increases all damage you deal when a one-handed melee weapon is equipped by 2%.,Talent Passive,Data only,,,,,Data only,TALENT,https://www.wowhead.com/tbc/spell=20197,Talent: One-Handed Weapon Specialization; tree row 6
Paladin,Protection,Talent,One-Handed Weapon Specialization,20198,20196,Rank 3/5,,Increases all damage you deal when a one-handed melee weapon is equipped by 3%.,Talent Passive,Data only,,,,,Data only,TALENT,https://www.wowhead.com/tbc/spell=20198,Talent: One-Handed Weapon Specialization; tree row 6
Paladin,Protection,Talent,One-Handed Weapon Specialization,20199,20196,Rank 4/5,,Increases all damage you deal when a one-handed melee weapon is equipped by 4%.,Talent Passive,Data only,,,,,Data only,TALENT,https://www.wowhead.com/tbc/spell=20199,Talent: One-Handed Weapon Specialization; tree row 6
Paladin,Protection,Talent,One-Handed Weapon Specialization,20200,20196,Rank 5/5,,Increases all damage you deal when a one-handed melee weapon is equipped by 5%.,Talent Passive,Data only,,,,,Data only,TALENT,https://www.wowhead.com/tbc/spell=20200,Talent: One-Handed Weapon Specialization; tree row 6
Paladin,Protection,Talent,Precision,20189,20189,Rank 1/3,,Increases your chance to hit with melee weapons and spells by 1%.,Talent Passive,Data only,,,,,Data only,TALENT,https://www.wowhead.com/tbc/spell=20189,Talent: Precision; tree row 2
Paladin,Protection,Talent,Precision,20192,20189,Rank 2/3,,Increases your chance to hit with melee weapons and spells by 2%.,Talent Passive,Data only,,,,,Data only,TALENT,https://www.wowhead.com/tbc/spell=20192,Talent: Precision; tree row 2
Paladin,Protection,Talent,Precision,20193,20189,Rank 3/3,,Increases your chance to hit with melee weapons and spells by 3%.,Talent Passive,Data only,,,,,Data only,TALENT,https://www.wowhead.com/tbc/spell=20193,Talent: Precision; tree row 2
Paladin,Protection,Talent,Reckoning,20177,20177,Rank 1/5,,Gives you a 2% chance after being hit by any damaging attack that the next 4 weapon swings within 8 sec will generate an additional attack.,Talent Passive,Data only,,,,,Data only,TALENT,https://www.wowhead.com/tbc/spell=20177,Talent: Reckoning; tree row 5
Paladin,Protection,Talent,Reckoning,20179,20177,Rank 2/5,,Gives you a 4% chance after being hit by any damaging attack that the next 4 weapon swings within 8 sec will generate an additional attack.,Talent Passive,Data only,,,,,Data only,TALENT,https://www.wowhead.com/tbc/spell=20179,Talent: Reckoning; tree row 5
Paladin,Protection,Talent,Reckoning,20180,20177,Rank 4/5,,Gives you a 8% chance after being hit by any damaging attack that the next 4 weapon swings within 8 sec will generate an additional attack.,Talent Passive,Data only,,,,,Data only,TALENT,https://www.wowhead.com/tbc/spell=20180,Talent: Reckoning; tree row 5
Paladin,Protection,Talent,Reckoning,20181,20177,Rank 3/5,,Gives you a 6% chance after being hit by any damaging attack that the next 4 weapon swings within 8 sec will generate an additional attack.,Talent Passive,Data only,,,,,Data only,TALENT,https://www.wowhead.com/tbc/spell=20181,Talent: Reckoning; tree row 5
Paladin,Protection,Talent,Reckoning,20182,20177,Rank 5/5,,Gives you a 10% chance after being hit by any damaging attack that the next 4 weapon swings within 8 sec will generate an additional attack.,Talent Passive,Data only,,,,,Data only,TALENT,https://www.wowhead.com/tbc/spell=20182,Talent: Reckoning; tree row 5
Paladin,Protection,Talent,Redoubt,20127,20127,Rank 1/5,,Damaging melee and ranged attacks against you have a 10% chance to increase your chance to block by 6%. Lasts 10 sec or 5 blocks.,Talent Passive,Data only,,10,,,Data only,TALENT,https://www.wowhead.com/tbc/spell=20127,Talent: Redoubt; tree row 1
Paladin,Protection,Talent,Redoubt,20130,20127,Rank 2/5,,Damaging melee and ranged attacks against you have a 10% chance to increase your chance to block by 12%. Lasts 10 sec or 5 blocks.,Talent Passive,Data only,,10,,,Data only,TALENT,https://www.wowhead.com/tbc/spell=20130,Talent: Redoubt; tree row 1
Paladin,Protection,Talent,Redoubt,20135,20127,Rank 3/5,,Damaging melee and ranged attacks against you have a 10% chance to increase your chance to block by 18%. Lasts 10 sec or 5 blocks.,Talent Passive,Data only,,10,,,Data only,TALENT,https://www.wowhead.com/tbc/spell=20135,Talent: Redoubt; tree row 1
Paladin,Protection,Talent,Redoubt,20136,20127,Rank 4/5,,Damaging melee and ranged attacks against you have a 10% chance to increase your chance to block by 24%. Lasts 10 sec or 5 blocks.,Talent Passive,Data only,,10,,,Data only,TALENT,https://www.wowhead.com/tbc/spell=20136,Talent: Redoubt; tree row 1
Paladin,Protection,Talent,Redoubt,20137,20127,Rank 5/5,,Damaging melee and ranged attacks against you have a 10% chance to increase your chance to block by 30%. Lasts 10 sec or 5 blocks.,Talent Passive,Data only,,10,,,Data only,TALENT,https://www.wowhead.com/tbc/spell=20137,Talent: Redoubt; tree row 1
Paladin,Protection,Talent,Sacred Duty,31848,31848,Rank 1/2,,"Increases your total Stamina by 3%, reduces the cooldown of your Divine Shield spell by 30 sec and reduces the attack speed penalty by 50%.",Talent Passive,Data only,,,,,Data only,TALENT,https://www.wowhead.com/tbc/spell=31848,Talent: Sacred Duty; tree row 6
Paladin,Protection,Talent,Sacred Duty,31849,31848,Rank 2/2,,"Increases your total Stamina by 6%, reduces the cooldown of your Divine Shield spell by 60 sec and reduces the attack speed penalty by 100%.",Talent Passive,Data only,,,,,Data only,TALENT,https://www.wowhead.com/tbc/spell=31849,Talent: Sacred Duty; tree row 6
Paladin,Protection,Talent,Shield Specialization,20148,20148,Rank 1/3,,Increases the amount of damage absorbed by your shield by 10%.,Talent Passive,Data only,,,,,Data only,TALENT,https://www.wowhead.com/tbc/spell=20148,Talent: Shield Specialization; tree row 3
Paladin,Protection,Talent,Shield Specialization,20149,20148,Rank 2/3,,Increases the amount of damage absorbed by your shield by 20%.,Talent Passive,Data only,,,,,Data only,TALENT,https://www.wowhead.com/tbc/spell=20149,Talent: Shield Specialization; tree row 3
Paladin,Protection,Talent,Shield Specialization,20150,20148,Rank 3/3,,Increases the amount of damage absorbed by your shield by 30%.,Talent Passive,Data only,,,,,Data only,TALENT,https://www.wowhead.com/tbc/spell=20150,Talent: Shield Specialization; tree row 3
Paladin,Protection,Talent,Spell Warding,31846,31846,Rank 1/2,,All spell damage taken is reduced by 2%.,Talent Passive,Data only,,,,,Data only,TALENT,https://www.wowhead.com/tbc/spell=31846,Talent: Spell Warding; tree row 5
Paladin,Protection,Talent,Spell Warding,31847,31846,Rank 2/2,,All spell damage taken is reduced by 4%.,Talent Passive,Data only,,,,,Data only,TALENT,https://www.wowhead.com/tbc/spell=31847,Talent: Spell Warding; tree row 5
Paladin,Protection,Talent,Stoicism,31844,31844,Rank 1/2,,Increases your resistance to Stun effects by an additional 5% and reduces the chance your spells will be dispelled by an additional 15%.,Talent Passive,Data only,,,,,Data only,TALENT,https://www.wowhead.com/tbc/spell=31844,Talent: Stoicism; tree row 4
Paladin,Protection,Talent,Stoicism,31845,31844,Rank 2/2,,Increases your resistance to Stun effects by an additional 10% and reduces the chance your spells will be dispelled by an additional 30%.,Talent Passive,Data only,,,,,Data only,TALENT,https://www.wowhead.com/tbc/spell=31845,Talent: Stoicism; tree row 4
Paladin,Protection,Talent,Toughness,20143,20143,Rank 1/5,,Increases your armor value from items by 2%.,Talent Passive,Data only,,,,,Data only,TALENT,https://www.wowhead.com/tbc/spell=20143,Talent: Toughness; tree row 2
Paladin,Protection,Talent,Toughness,20144,20143,Rank 2/5,,Increases your armor value from items by 4%.,Talent Passive,Data only,,,,,Data only,TALENT,https://www.wowhead.com/tbc/spell=20144,Talent: Toughness; tree row 2
Paladin,Protection,Talent,Toughness,20145,20143,Rank 3/5,,Increases your armor value from items by 6%.,Talent Passive,Data only,,,,,Data only,TALENT,https://www.wowhead.com/tbc/spell=20145,Talent: Toughness; tree row 2
Paladin,Protection,Talent,Toughness,20146,20143,Rank 4/5,,Increases your armor value from items by 8%.,Talent Passive,Data only,,,,,Data only,TALENT,https://www.wowhead.com/tbc/spell=20146,Talent: Toughness; tree row 2
Paladin,Protection,Talent,Toughness,20147,20143,Rank 5/5,,Increases your armor value from items by 10%.,Talent Passive,Data only,,,,,Data only,TALENT,https://www.wowhead.com/tbc/spell=20147,Talent: Toughness; tree row 2
Paladin,Retribution,Ability,Hammer of Wrath,24239,24275,Rank 1,60,"Hurls a hammer that strikes an enemy for 
519 to 
572 Holy damage. Only usable on enemies that have 20% or less health.",Offensive,Main,6,,340 Mana,,Cooldown,"DPS, FINISHER, PVE_PVP, REACTIVE, ROTATIONAL",https://www.wowhead.com/tbc/spell=24239,
Paladin,Retribution,Ability,Hammer of Wrath,24274,24275,Rank 2,52,"Hurls a hammer that strikes an enemy for 
412 to 
455 Holy damage. Only usable on enemies that have 20% or less health.",Offensive,Main,6,,290 Mana,,Cooldown,"DPS, FINISHER, PVE_PVP, REACTIVE, ROTATIONAL",https://www.wowhead.com/tbc/spell=24274,
Paladin,Retribution,Ability,Hammer of Wrath,24275,24275,Rank 3,44,"Hurls a hammer that strikes an enemy for 
316 to 
348 Holy damage. Only usable on enemies that have 20% or less health.",Offensive,Main,6,,235 Mana,,Cooldown,"DPS, FINISHER, PVE_PVP, REACTIVE, ROTATIONAL",https://www.wowhead.com/tbc/spell=24275,
Paladin,Retribution,Ability,Hammer of Wrath,27180,24275,Rank 4,68,"Hurls a hammer that strikes an enemy for 
672 to 
742 Holy damage. Only usable on enemies that have 20% or less health.",Offensive,Main,6,,440 Mana,,Cooldown,"DPS, FINISHER, PVE_PVP, REACTIVE, ROTATIONAL",https://www.wowhead.com/tbc/spell=27180,
Paladin,Retribution,Ability,Hammer of Wrath,32772,24275,Rank 5,,Hurls a hammer that strikes an enemy for 1313 to 1687 Holy damage. Only usable on enemies that have 20% or less health.,Offensive,Main,6,,300 Mana,,Cooldown,"DPS, FINISHER, PVE_PVP, REACTIVE, ROTATIONAL",https://www.wowhead.com/tbc/spell=32772,
Paladin,Retribution,Talent,Benediction,20101,20101,Rank 1/5,,Reduces the mana cost of your Judgement and Seal spells by 3%.,Talent Passive,Data only,,,,,Data only,TALENT,https://www.wowhead.com/tbc/spell=20101,Talent: Benediction; tree row 1
Paladin,Retribution,Talent,Benediction,20102,20101,Rank 2/5,,Reduces the mana cost of your Judgement and Seal spells by 6%.,Talent Passive,Data only,,,,,Data only,TALENT,https://www.wowhead.com/tbc/spell=20102,Talent: Benediction; tree row 1
Paladin,Retribution,Talent,Benediction,20103,20101,Rank 3/5,,Reduces the mana cost of your Judgement and Seal spells by 9%.,Talent Passive,Data only,,,,,Data only,TALENT,https://www.wowhead.com/tbc/spell=20103,Talent: Benediction; tree row 1
Paladin,Retribution,Talent,Benediction,20104,20101,Rank 4/5,,Reduces the mana cost of your Judgement and Seal spells by 12%.,Talent Passive,Data only,,,,,Data only,TALENT,https://www.wowhead.com/tbc/spell=20104,Talent: Benediction; tree row 1
Paladin,Retribution,Talent,Benediction,20105,20101,Rank 5/5,,Reduces the mana cost of your Judgement and Seal spells by 15%.,Talent Passive,Data only,,,,,Data only,TALENT,https://www.wowhead.com/tbc/spell=20105,Talent: Benediction; tree row 1
Paladin,Retribution,Talent,Conviction,20117,20117,Rank 1/5,,Increases your chance to get a critical strike with melee weapons by 1%.,Talent Passive,Data only,,,,,Data only,TALENT,https://www.wowhead.com/tbc/spell=20117,Talent: Conviction; tree row 3
Paladin,Retribution,Talent,Conviction,20118,20117,Rank 2/5,,Increases your chance to get a critical strike with melee weapons by 2%.,Talent Passive,Data only,,,,,Data only,TALENT,https://www.wowhead.com/tbc/spell=20118,Talent: Conviction; tree row 3
Paladin,Retribution,Talent,Conviction,20119,20117,Rank 3/5,,Increases your chance to get a critical strike with melee weapons by 3%.,Talent Passive,Data only,,,,,Data only,TALENT,https://www.wowhead.com/tbc/spell=20119,Talent: Conviction; tree row 3
Paladin,Retribution,Talent,Conviction,20120,20117,Rank 4/5,,Increases your chance to get a critical strike with melee weapons by 4%.,Talent Passive,Data only,,,,,Data only,TALENT,https://www.wowhead.com/tbc/spell=20120,Talent: Conviction; tree row 3
Paladin,Retribution,Talent,Conviction,20121,20117,Rank 5/5,,Increases your chance to get a critical strike with melee weapons by 5%.,Talent Passive,Data only,,,,,Data only,TALENT,https://www.wowhead.com/tbc/spell=20121,Talent: Conviction; tree row 3
Paladin,Retribution,Talent,Crusade,31866,31866,Rank 1/3,,"Increases all damage caused against Humanoids, Demons, Undead and Elementals by 1%.",Talent Passive,Data only,,,,,Data only,TALENT,https://www.wowhead.com/tbc/spell=31866,Talent: Crusade; tree row 4
Paladin,Retribution,Talent,Crusade,31867,31866,Rank 2/3,,"Increases all damage caused against Humanoids, Demons, Undead and Elementals by 2%.",Talent Passive,Data only,,,,,Data only,TALENT,https://www.wowhead.com/tbc/spell=31867,Talent: Crusade; tree row 4
Paladin,Retribution,Talent,Crusade,31868,31866,Rank 3/3,,"Increases all damage caused against Humanoids, Demons, Undead and Elementals by 3%.",Talent Passive,Data only,,,,,Data only,TALENT,https://www.wowhead.com/tbc/spell=31868,Talent: Crusade; tree row 4
Paladin,Retribution,Talent Ability,Crusader Strike,35395,35395,Rank 1/1,,An instant strike that causes 110% weapon damage and refreshes all Judgements on the target.,Offensive,Main,6,,8% of base mana,,Cooldown,"DPS, PVE_PVP, ROTATIONAL",https://www.wowhead.com/tbc/spell=35395,Talent-required | Talent: Crusader Strike
Paladin,Retribution,Talent,Deflection,20060,20060,Rank 1/5,,Increases your Parry chance by 1%.,Talent Passive,Data only,,,,,Data only,TALENT,https://www.wowhead.com/tbc/spell=20060,Talent: Deflection; tree row 2
Paladin,Retribution,Talent,Deflection,20061,20060,Rank 2/5,,Increases your Parry chance by 2%.,Talent Passive,Data only,,,,,Data only,TALENT,https://www.wowhead.com/tbc/spell=20061,Talent: Deflection; tree row 2
Paladin,Retribution,Talent,Deflection,20062,20060,Rank 3/5,,Increases your Parry chance by 3%.,Talent Passive,Data only,,,,,Data only,TALENT,https://www.wowhead.com/tbc/spell=20062,Talent: Deflection; tree row 2
Paladin,Retribution,Talent,Deflection,20063,20060,Rank 4/5,,Increases your Parry chance by 4%.,Talent Passive,Data only,,,,,Data only,TALENT,https://www.wowhead.com/tbc/spell=20063,Talent: Deflection; tree row 2
Paladin,Retribution,Talent,Deflection,20064,20060,Rank 5/5,,Increases your Parry chance by 5%.,Talent Passive,Data only,,,,,Data only,TALENT,https://www.wowhead.com/tbc/spell=20064,Talent: Deflection; tree row 2
Paladin,Retribution,Talent,Divine Purpose,31871,31871,Rank 1/3,,Melee and ranged critical strikes against you cause 4% less damage.,Talent Passive,Data only,,,,,Data only,TALENT,https://www.wowhead.com/tbc/spell=31871,Talent: Divine Purpose; tree row 7
Paladin,Retribution,Talent,Divine Purpose,31872,31871,Rank 2/3,,Melee and ranged critical strikes against you cause 7% less damage.,Talent Passive,Data only,,,,,Data only,TALENT,https://www.wowhead.com/tbc/spell=31872,Talent: Divine Purpose; tree row 7
Paladin,Retribution,Talent,Divine Purpose,31873,31871,Rank 3/3,,Melee and ranged critical strikes against you cause 10% less damage.,Talent Passive,Data only,,,,,Data only,TALENT,https://www.wowhead.com/tbc/spell=31873,Talent: Divine Purpose; tree row 7
Paladin,Retribution,Talent,Eye for an Eye,9799,9799,Rank 1/2,,All spell criticals against you cause 15% of the damage taken to the caster as well. The damage caused by Eye for an Eye will not exceed 50% of the Paladin's total health.,Talent Passive,Data only,,,,,Data only,TALENT,https://www.wowhead.com/tbc/spell=9799,Talent: Eye for an Eye; tree row 4
Paladin,Retribution,Talent,Eye for an Eye,25988,9799,Rank 2/2,,All spell criticals against you cause 30% of the damage taken to the caster as well. The damage caused by Eye for an Eye will not exceed 50% of the Paladin's total health.,Talent Passive,Data only,,,,,Data only,TALENT,https://www.wowhead.com/tbc/spell=25988,Talent: Eye for an Eye; tree row 4
Paladin,Retribution,Talent,Fanaticism,31879,31879,Rank 1/5,,Increases the critical strike chance of all Judgements capable of a critical hit by 3% and reduces threat caused by all actions by 6% except when under the effects of Righteous Fury.,Talent Passive,Data only,,,,,Data only,TALENT,https://www.wowhead.com/tbc/spell=31879,Talent: Fanaticism; tree row 8
Paladin,Retribution,Talent,Fanaticism,31880,31879,Rank 2/5,,Increases the critical strike chance of all Judgements capable of a critical hit by 6% and reduces threat caused by all actions by 12% except when under the effects of Righteous Fury.,Talent Passive,Data only,,,,,Data only,TALENT,https://www.wowhead.com/tbc/spell=31880,Talent: Fanaticism; tree row 8
Paladin,Retribution,Talent,Fanaticism,31881,31879,Rank 3/5,,Increases the critical strike chance of all Judgements capable of a critical hit by 9% and reduces threat caused by all actions by 18% except when under the effects of Righteous Fury.,Talent Passive,Data only,,,,,Data only,TALENT,https://www.wowhead.com/tbc/spell=31881,Talent: Fanaticism; tree row 8
Paladin,Retribution,Talent,Fanaticism,31882,31879,Rank 4/5,,Increases the critical strike chance of all Judgements capable of a critical hit by 12% and reduces threat caused by all actions by 24% except when under the effects of Righteous Fury.,Talent Passive,Data only,,,,,Data only,TALENT,https://www.wowhead.com/tbc/spell=31882,Talent: Fanaticism; tree row 8
Paladin,Retribution,Talent,Fanaticism,31883,31879,Rank 5/5,,Increases the critical strike chance of all Judgements capable of a critical hit by 15% and reduces threat caused by all actions by 30% except when under the effects of Righteous Fury.,Talent Passive,Data only,,,,,Data only,TALENT,https://www.wowhead.com/tbc/spell=31883,Talent: Fanaticism; tree row 8
Paladin,Retribution,Talent,Improved Blessing of Might,20042,20042,Rank 1/5,,Increases the attack power bonus of your Blessing of Might by 4%.,Talent Passive,Data only,,,,,Data only,TALENT,https://www.wowhead.com/tbc/spell=20042,Talent: Improved Blessing of Might; tree row 1
Paladin,Retribution,Talent,Improved Blessing of Might,20045,20042,Rank 2/5,,Increases the attack power bonus of your Blessing of Might by 8%.,Talent Passive,Data only,,,,,Data only,TALENT,https://www.wowhead.com/tbc/spell=20045,Talent: Improved Blessing of Might; tree row 1
Paladin,Retribution,Talent,Improved Blessing of Might,20046,20042,Rank 3/5,,Increases the attack power bonus of your Blessing of Might by 12%.,Talent Passive,Data only,,,,,Data only,TALENT,https://www.wowhead.com/tbc/spell=20046,Talent: Improved Blessing of Might; tree row 1
Paladin,Retribution,Talent,Improved Blessing of Might,20047,20042,Rank 4/5,,Increases the attack power bonus of your Blessing of Might by 16%.,Talent Passive,Data only,,,,,Data only,TALENT,https://www.wowhead.com/tbc/spell=20047,Talent: Improved Blessing of Might; tree row 1
Paladin,Retribution,Talent,Improved Blessing of Might,20048,20042,Rank 5/5,,Increases the attack power bonus of your Blessing of Might by 20%.,Talent Passive,Data only,,,,,Data only,TALENT,https://www.wowhead.com/tbc/spell=20048,Talent: Improved Blessing of Might; tree row 1
Paladin,Retribution,Talent,Improved Judgement,25956,25956,Rank 1/2,,Decreases the cooldown of your Judgement spell by 1 sec.,Talent Passive,Data only,,,,,Data only,TALENT,https://www.wowhead.com/tbc/spell=25956,Talent: Improved Judgement; tree row 2
Paladin,Retribution,Talent,Improved Judgement,25957,25956,Rank 2/2,,Decreases the cooldown of your Judgement spell by 2 sec.,Talent Passive,Data only,,,,,Data only,TALENT,https://www.wowhead.com/tbc/spell=25957,Talent: Improved Judgement; tree row 2
Paladin,Retribution,Talent,Improved Retribution Aura,20091,20091,Rank 1/2,,Increases the damage done by your Retribution Aura by 25%.,Talent Passive,Data only,,,,,Data only,TALENT,https://www.wowhead.com/tbc/spell=20091,Talent: Improved Retribution Aura; tree row 4
Paladin,Retribution,Talent,Improved Retribution Aura,20092,20091,Rank 2/2,,Increases the damage done by your Retribution Aura by 50%.,Talent Passive,Data only,,,,,Data only,TALENT,https://www.wowhead.com/tbc/spell=20092,Talent: Improved Retribution Aura; tree row 4
Paladin,Retribution,Talent,Improved Sanctity Aura,31869,31869,Rank 1/2,,The amount of damage caused by targets affected by Sanctity Aura is increased by 1%.,Talent Passive,Data only,,,,,Data only,TALENT,https://www.wowhead.com/tbc/spell=31869,Talent: Improved Sanctity Aura; tree row 5
Paladin,Retribution,Talent,Improved Sanctity Aura,31870,31869,Rank 2/2,,The amount of damage caused by targets affected by Sanctity Aura is increased by 2%.,Talent Passive,Data only,,,,,Data only,TALENT,https://www.wowhead.com/tbc/spell=31870,Talent: Improved Sanctity Aura; tree row 5
Paladin,Retribution,Talent,Improved Seal of the Crusader,20335,20335,Rank 1/3,,"In addition to the normal effect, your Judgement of the Crusader spell will also increase the critical strike chance of all attacks made against that target by an additional 1%.",Talent Passive,Data only,,,,,Data only,TALENT,https://www.wowhead.com/tbc/spell=20335,Talent: Improved Seal of the Crusader; tree row 2
Paladin,Retribution,Talent,Improved Seal of the Crusader,20336,20335,Rank 2/3,,"In addition to the normal effect, your Judgement of the Crusader spell will also increase the critical strike chance of all attacks made against that target by an additional 2%.",Talent Passive,Data only,,,,,Data only,TALENT,https://www.wowhead.com/tbc/spell=20336,Talent: Improved Seal of the Crusader; tree row 2
Paladin,Retribution,Talent,Improved Seal of the Crusader,20337,20335,Rank 3/3,,"In addition to the normal effect, your Judgement of the Crusader spell will also increase the critical strike chance of all attacks made against that target by an additional 3%.",Talent Passive,Data only,,,,,Data only,TALENT,https://www.wowhead.com/tbc/spell=20337,Talent: Improved Seal of the Crusader; tree row 2
Paladin,Retribution,Talent,Pursuit of Justice,26022,26022,Rank 1/3,,Reduces the chance you'll be hit by spells by 1% and increases movement and mounted movement speed by 5%. This does not stack with other movement speed increasing effects.,Talent Passive,Data only,,,,,Data only,TALENT,https://www.wowhead.com/tbc/spell=26022,Talent: Pursuit of Justice; tree row 3
Paladin,Retribution,Talent,Pursuit of Justice,26023,26022,Rank 2/3,,Reduces the chance you'll be hit by spells by 2% and increases movement and mounted movement speed by 10%. This does not stack with other movement speed increasing effects.,Talent Passive,Data only,,,,,Data only,TALENT,https://www.wowhead.com/tbc/spell=26023,Talent: Pursuit of Justice; tree row 3
Paladin,Retribution,Talent,Pursuit of Justice,44414,26022,Rank 3/3,,Reduces the chance you'll be hit by spells by 3% and increases movement and mounted movement speed by 15%. This does not stack with other movement speed increasing effects.,Talent Passive,Data only,,,,,Data only,TALENT,https://www.wowhead.com/tbc/spell=44414,Talent: Pursuit of Justice; tree row 3
Paladin,Retribution,Talent Ability,Repentance,20066,20066,Rank 1/1,,"Puts the enemy target in a state of meditation, incapacitating them for up to 6 sec. Any damage caused will awaken the target. Only works against Humanoids.",Crowd Control,Utility,60,6,60 Mana,,Cooldown,"CC_HARD, DISORIENT",https://www.wowhead.com/tbc/spell=20066,Talent-required | Talent: Repentance
Paladin,Retribution,Talent,Sanctified Judgement,31876,31876,Rank 1/3,,Gives your Judgement spell a 33% chance to return 80% of the mana cost of the judged seal.,Talent Passive,Data only,,,,,Data only,TALENT,https://www.wowhead.com/tbc/spell=31876,Talent: Sanctified Judgement; tree row 6
Paladin,Retribution,Talent,Sanctified Judgement,31877,31876,Rank 2/3,,Gives your Judgement spell a 66% chance to return 80% of the mana cost of the judged seal.,Talent Passive,Data only,,,,,Data only,TALENT,https://www.wowhead.com/tbc/spell=31877,Talent: Sanctified Judgement; tree row 6
Paladin,Retribution,Talent,Sanctified Judgement,31878,31876,Rank 3/3,,Gives your Judgement spell a 100% chance to return 80% of the mana cost of the judged seal.,Talent Passive,Data only,,,,,Data only,TALENT,https://www.wowhead.com/tbc/spell=31878,Talent: Sanctified Judgement; tree row 6
Paladin,Retribution,Talent,Sanctified Seals,32043,32043,Rank 1/3,,Increases your chance to critically hit with all spells and melee attacks by 1% and reduces the chance your Seals will be dispelled by 33%.,Talent Passive,Data only,,,,,Data only,TALENT,https://www.wowhead.com/tbc/spell=32043,Talent: Sanctified Seals; tree row 7
Paladin,Retribution,Talent,Sanctified Seals,35396,32043,Rank 2/3,,Increases your chance to critically hit with all spells and melee attacks by 2% and reduces the chance your Seals will be dispelled by 66%.,Talent Passive,Data only,,,,,Data only,TALENT,https://www.wowhead.com/tbc/spell=35396,Talent: Sanctified Seals; tree row 7
Paladin,Retribution,Talent,Sanctified Seals,35397,32043,Rank 3/3,,Increases your chance to critically hit with all spells and melee attacks by 3% and reduces the chance your Seals will be dispelled by 100%.,Talent Passive,Data only,,,,,Data only,TALENT,https://www.wowhead.com/tbc/spell=35397,Talent: Sanctified Seals; tree row 7
Paladin,Retribution,Talent Ability,Sanctity Aura,20218,20218,Rank 1/1,,Increases Holy damage done by party members within 30 yards by 10%. Players may only have one Aura on them per Paladin at any one time.,Offensive,Main,0,,,,Cooldown,"BUFF, DPS, LONG_BUFF",https://www.wowhead.com/tbc/spell=20218,Talent-required | Talent: Sanctity Aura
Paladin,Retribution,Talent Ability,Seal of Command,20375,20375,Rank 1/1,,"Gives the Paladin a chance to deal additional Holy damage equal to 70% of normal weapon damage. Only one Seal can be active on the Paladin at any one time. Lasts 30 sec.
Unleashing this Seal's energy will judge an enemy, instantly causing 
68 to 
73 Holy damage, 
137 to 
146 if the target is stunned or incapacitated.",Offensive,Main,0,30,65 Mana,,Cooldown + aura,"BUFF, DPS, MAINTENANCE",https://www.wowhead.com/tbc/spell=20375,Talent-required | Talent: Seal of Command
Paladin,Retribution,Talent Ability,Seal of Command,20915,20375,Rank 2,30,"Gives the Paladin a chance to deal additional Holy damage equal to 70% of normal weapon damage. Only one Seal can be active on the Paladin at any one time. Lasts 30 sec.
Unleashing this Seal's energy will judge an enemy, instantly causing 
97 to 
105 Holy damage, 
194 to 
209 if the target is stunned or incapacitated.",Offensive,Main,0,30,110 Mana,,Cooldown + aura,"BUFF, DPS, MAINTENANCE",https://www.wowhead.com/tbc/spell=20915,Talent-required
Paladin,Retribution,Talent Ability,Seal of Command,20918,20375,Rank 3,40,"Gives the Paladin a chance to deal additional Holy damage equal to 70% of normal weapon damage. Only one Seal can be active on the Paladin at any one time. Lasts 30 sec.
Unleashing this Seal's energy will judge an enemy, instantly causing 
124 to 
135 Holy damage, 
248 to 
269 if the target is stunned or incapacitated.",Offensive,Main,0,30,140 Mana,,Cooldown + aura,"BUFF, DPS, MAINTENANCE",https://www.wowhead.com/tbc/spell=20918,Talent-required
Paladin,Retribution,Talent Ability,Seal of Command,20919,20375,Rank 4,50,"Gives the Paladin a chance to deal additional Holy damage equal to 70% of normal weapon damage. Only one Seal can be active on the Paladin at any one time. Lasts 30 sec.
Unleashing this Seal's energy will judge an enemy, instantly causing 
154 to 
168 Holy damage, 
309 to 
336 if the target is stunned or incapacitated.",Offensive,Main,0,30,180 Mana,,Cooldown + aura,"BUFF, DPS, MAINTENANCE",https://www.wowhead.com/tbc/spell=20919,Talent-required
Paladin,Retribution,Talent Ability,Seal of Command,20920,20375,Rank 5,60,"Gives the Paladin a chance to deal additional Holy damage equal to 70% of normal weapon damage. Only one Seal can be active on the Paladin at any one time. Lasts 30 sec.
Unleashing this Seal's energy will judge an enemy, instantly causing 
193 to 
211 Holy damage, 
387 to 
422 if the target is stunned or incapacitated.",Offensive,Main,0,30,210 Mana,,Cooldown + aura,"BUFF, DPS, MAINTENANCE",https://www.wowhead.com/tbc/spell=20920,Talent-required
Paladin,Retribution,Talent Ability,Seal of Command,27170,20375,Rank 6,70,"Gives the Paladin a chance to deal additional Holy damage equal to 70% of normal weapon damage. Only one Seal can be active on the Paladin at any one time. Lasts 30 sec.
Unleashing this Seal's energy will judge an enemy, instantly causing 
228 to 
252 Holy damage, 
456 to 
504 if the target is stunned or incapacitated.",Offensive,Main,0,30,280 Mana,,Cooldown + aura,"BUFF, DPS, MAINTENANCE",https://www.wowhead.com/tbc/spell=27170,Talent-required
Paladin,Retribution,Talent,Two-Handed Weapon Specialization,20111,20111,Rank 1/3,,Increases the damage you deal with two-handed melee weapons by 2%.,Talent Passive,Data only,,,,,Data only,TALENT,https://www.wowhead.com/tbc/spell=20111,Talent: Two-Handed Weapon Specialization; tree row 5
Paladin,Retribution,Talent,Two-Handed Weapon Specialization,20112,20111,Rank 2/3,,Increases the damage you deal with two-handed melee weapons by 4%.,Talent Passive,Data only,,,,,Data only,TALENT,https://www.wowhead.com/tbc/spell=20112,Talent: Two-Handed Weapon Specialization; tree row 5
Paladin,Retribution,Talent,Two-Handed Weapon Specialization,20113,20111,Rank 3/3,,Increases the damage you deal with two-handed melee weapons by 6%.,Talent Passive,Data only,,,,,Data only,TALENT,https://www.wowhead.com/tbc/spell=20113,Talent: Two-Handed Weapon Specialization; tree row 5
Paladin,Retribution,Talent,Vengeance,20049,20049,Rank 1/5,,"Gives you a 1% bonus to Physical and Holy damage you deal for 30 sec after dealing a critical strike from a weapon swing, spell, or ability. This effect stacks up to 3 times.",Talent Passive,Data only,,30,,,Data only,TALENT,https://www.wowhead.com/tbc/spell=20049,Talent: Vengeance; tree row 6
Paladin,Retribution,Talent,Vengeance,20056,20049,Rank 2/5,,"Gives you a 2% bonus to Physical and Holy damage you deal for 30 sec after dealing a critical strike from a weapon swing, spell, or ability. This effect stacks up to 3 times.",Talent Passive,Data only,,30,,,Data only,TALENT,https://www.wowhead.com/tbc/spell=20056,Talent: Vengeance; tree row 6
Paladin,Retribution,Talent,Vengeance,20057,20049,Rank 3/5,,"Gives you a 3% bonus to Physical and Holy damage you deal for 30 sec after dealing a critical strike from a weapon swing, spell, or ability. This effect stacks up to 3 times.",Talent Passive,Data only,,30,,,Data only,TALENT,https://www.wowhead.com/tbc/spell=20057,Talent: Vengeance; tree row 6
Paladin,Retribution,Talent,Vengeance,20058,20049,Rank 4/5,,"Gives you a 4% bonus to Physical and Holy damage you deal for 30 sec after dealing a critical strike from a weapon swing, spell, or ability. This effect stacks up to 3 times.",Talent Passive,Data only,,30,,,Data only,TALENT,https://www.wowhead.com/tbc/spell=20058,Talent: Vengeance; tree row 6
Paladin,Retribution,Talent,Vengeance,20059,20049,Rank 5/5,,"Gives you a 5% bonus to Physical and Holy damage you deal for 30 sec after dealing a critical strike from a weapon swing, spell, or ability. This effect stacks up to 3 times.",Talent Passive,Data only,,30,,,Data only,TALENT,https://www.wowhead.com/tbc/spell=20059,Talent: Vengeance; tree row 6
Paladin,Retribution,Talent,Vindication,9452,9452,Rank 1/3,,Gives the Paladin's damaging melee attacks a chance to reduce the target's attributes by 5% for 15 sec.,Talent Passive,Data only,,15,,,Data only,TALENT,https://www.wowhead.com/tbc/spell=9452,Talent: Vindication; tree row 3
Paladin,Retribution,Talent,Vindication,26016,9452,Rank 2/3,,Gives the Paladin's damaging melee attacks a chance to reduce the target's attributes by 10% for 15 sec.,Talent Passive,Data only,,15,,,Data only,TALENT,https://www.wowhead.com/tbc/spell=26016,Talent: Vindication; tree row 3
Paladin,Retribution,Talent,Vindication,26021,9452,Rank 3/3,,Gives the Paladin's damaging melee attacks a chance to reduce the target's attributes by 15% for 15 sec.,Talent Passive,Data only,,15,,,Data only,TALENT,https://www.wowhead.com/tbc/spell=26021,Talent: Vindication; tree row 3
Paladin,"Retribution, Protection",Ability,Judgement,20271,20271,,4,Unleashes the energy of a Seal spell upon an enemy. Refer to individual Seals for Judgement effect.,Offensive,Main,10,,5% of base mana,,Cooldown,"DPS, PVE_PVP, ROTATIONAL",https://www.wowhead.com/tbc/spell=20271,
Paladin,"Retribution, Protection",Ability,Seal of Blood,31892,31892,,64,"All melee attacks deal additional Holy damage equal to 35% of normal weapon damage, but the Paladin loses health equal to 10% of the total damage inflicted.
Unleashing this Seal's energy will judge an enemy, instantly causing 295 to 325 Holy damage at the cost of health equal to 33% of the damage caused.",Offensive,Main,0,30,210 Mana,,Cooldown + aura,"BUFF, DPS, MAINTENANCE, PVE",https://www.wowhead.com/tbc/spell=31892,
Paladin,"Retribution, Protection",Talent Ability,Consecration,20116,26573,Rank 1,30,"Consecrates the land beneath the Paladin, doing 120 Holy damage over 8 sec to enemies who enter the area.",Offensive,Main,8,8,205 Mana,,Cooldown,"AOE, DPS, PVE_PVP, ROTATIONAL, TIMED_EFFECT",https://www.wowhead.com/tbc/spell=20116,Talent-required
Paladin,"Retribution, Protection",Talent Ability,Consecration,20922,26573,Rank 2,40,"Consecrates the land beneath the Paladin, doing 192 Holy damage over 8 sec to enemies who enter the area.",Offensive,Main,8,8,290 Mana,,Cooldown,"AOE, DPS, PVE_PVP, ROTATIONAL, TIMED_EFFECT",https://www.wowhead.com/tbc/spell=20922,Talent-required
Paladin,"Retribution, Protection",Talent Ability,Consecration,20923,26573,Rank 3,50,"Consecrates the land beneath the Paladin, doing 280 Holy damage over 8 sec to enemies who enter the area.",Offensive,Main,8,8,390 Mana,,Cooldown,"AOE, DPS, PVE_PVP, ROTATIONAL, TIMED_EFFECT",https://www.wowhead.com/tbc/spell=20923,Talent-required
Paladin,"Retribution, Protection",Talent Ability,Consecration,20924,26573,Rank 4,60,"Consecrates the land beneath the Paladin, doing 384 Holy damage over 8 sec to enemies who enter the area.",Offensive,Main,8,8,505 Mana,,Cooldown,"AOE, DPS, PVE_PVP, ROTATIONAL, TIMED_EFFECT",https://www.wowhead.com/tbc/spell=20924,Talent-required
Paladin,"Retribution, Protection",Talent Ability,Consecration,26573,26573,Rank 5,20,"Consecrates the land beneath the Paladin, doing 64 Holy damage over 8 sec to enemies who enter the area.",Offensive,Main,8,8,120 Mana,,Cooldown,"AOE, DPS, PVE_PVP, ROTATIONAL, TIMED_EFFECT",https://www.wowhead.com/tbc/spell=26573,Talent-required
Paladin,"Retribution, Protection",Talent Ability,Consecration,27173,26573,Rank 6,70,"Consecrates the land beneath the Paladin, doing 512 Holy damage over 8 sec to enemies who enter the area.",Offensive,Main,8,8,660 Mana,,Cooldown,"AOE, DPS, PVE_PVP, ROTATIONAL, TIMED_EFFECT",https://www.wowhead.com/tbc/spell=27173,Talent-required
Priest,Class-wide / Shared,Ability,Abolish Disease,552,552,,32,"Attempts to cure 1 disease effect on the target, and 1 more disease effect every 5 seconds for 20 sec.",Utility,Utility,0,20,12% of base mana,,Cooldown,"DISPEL_DISEASE, FILLER",https://www.wowhead.com/tbc/spell=552,
Priest,Class-wide / Shared,Ability,Cure Disease,528,528,,14,Removes 1 disease from the friendly target.,Utility,Utility,0,,12% of base mana,,Cooldown,"DISPEL_DISEASE, FILLER",https://www.wowhead.com/tbc/spell=528,
Priest,Class-wide / Shared,Ability,Dispel Magic,527,527,Rank 1,18,"Dispels magic on the target, removing 1 harmful spell from a friend or 1 beneficial spell from an enemy.",Utility,Utility,0,,14% of base mana,,Cooldown,"DISPEL_MAGIC, FILLER, PURGE",https://www.wowhead.com/tbc/spell=527,
Priest,Class-wide / Shared,Ability,Dispel Magic,988,527,Rank 2,36,"Dispels magic on the target, removing 2 harmful spells from a friend or 2 beneficial spells from an enemy.",Utility,Utility,0,,14% of base mana,,Cooldown,"DISPEL_MAGIC, FILLER, PURGE",https://www.wowhead.com/tbc/spell=988,
Priest,Class-wide / Shared,Ability,Fade,586,586,Rank 1,8,"Fade out, discouraging enemies from attacking you for 10 sec.",Defensive,Utility,30,10,40 Mana,,Cooldown,"DEFENSIVE, MINOR, UTILITY",https://www.wowhead.com/tbc/spell=586,
Priest,Class-wide / Shared,Ability,Fade,9578,586,Rank 1,20,"Fade out, discouraging enemies from attacking you for 10 sec. More effective than Fade (Rank 1).",Defensive,Utility,30,10,75 Mana,,Cooldown,"DEFENSIVE, MINOR, UTILITY",https://www.wowhead.com/tbc/spell=9578,
Priest,Class-wide / Shared,Ability,Fade,9579,586,Rank 2,30,"Fade out, discouraging enemies from attacking you for 10 sec. More effective than Fade (Rank 2).",Defensive,Utility,30,10,125 Mana,,Cooldown,"DEFENSIVE, MINOR, UTILITY",https://www.wowhead.com/tbc/spell=9579,
Priest,Class-wide / Shared,Ability,Fade,9592,586,Rank 3,40,"Fade out, discouraging enemies from attacking you for 10 sec. More effective than Fade (Rank 3).",Defensive,Utility,30,10,175 Mana,,Cooldown,"DEFENSIVE, MINOR, UTILITY",https://www.wowhead.com/tbc/spell=9592,
Priest,Class-wide / Shared,Ability,Fade,10941,586,Rank 4,50,"Fade out, discouraging enemies from attacking you for 10 sec. More effective than Fade (Rank 4).",Defensive,Utility,30,10,225 Mana,,Cooldown,"DEFENSIVE, MINOR, UTILITY",https://www.wowhead.com/tbc/spell=10941,
Priest,Class-wide / Shared,Ability,Fade,10942,586,Rank 5,60,"Fade out, discouraging enemies from attacking you for 10 sec. More effective than Fade (Rank 5).",Defensive,Utility,30,10,275 Mana,,Cooldown,"DEFENSIVE, MINOR, UTILITY",https://www.wowhead.com/tbc/spell=10942,
Priest,Class-wide / Shared,Ability,Fade,25429,586,Rank 6,66,"Fade out, discouraging enemies from attacking you for 10 sec. More effective than Fade (Rank 6).",Defensive,Utility,30,10,330 Mana,,Cooldown,"DEFENSIVE, MINOR, UTILITY",https://www.wowhead.com/tbc/spell=25429,
Priest,Class-wide / Shared,Ability,Fear Ward,6346,6346,,20,"Wards the friendly target against Fear. The next Fear effect used against the target will fail, using up the ward. Lasts 3 min.",Defensive,Utility,180,180,3% of base mana,,Cooldown + aura,"CC_BREAK, CC_IMMUNITY, HAS_BUFF, IMPORTANT_EXTERNAL, LONG_BUFF",https://www.wowhead.com/tbc/spell=6346,
Priest,Class-wide / Shared,Ability,Holy Fire,14914,14914,Rank 1,20,"Consumes the enemy in Holy flames that cause 
84 to 
104 Holy damage and an additional 30 Holy damage over 10 sec.",Offensive,Main,10,,85 Mana,,Cooldown,"DPS, MINOR, PVE",https://www.wowhead.com/tbc/spell=14914,
Priest,Class-wide / Shared,Ability,Holy Fire,15261,14914,Rank 2,60,"Consumes the enemy in Holy flames that cause 
375 to 
470 Holy damage and an additional 145 Holy damage over 10 sec.",Offensive,Main,10,,255 Mana,,Cooldown,"DPS, MINOR, PVE",https://www.wowhead.com/tbc/spell=15261,
Priest,Class-wide / Shared,Ability,Holy Fire,15262,14914,Rank 3,24,"Consumes the enemy in Holy flames that cause 
106 to 
131 Holy damage and an additional 40 Holy damage over 10 sec.",Offensive,Main,10,,95 Mana,,Cooldown,"DPS, MINOR, PVE",https://www.wowhead.com/tbc/spell=15262,
Priest,Class-wide / Shared,Ability,Holy Fire,15263,14914,Rank 4,30,"Consumes the enemy in Holy flames that cause 
144 to 
178 Holy damage and an additional 55 Holy damage over 10 sec.",Offensive,Main,10,,125 Mana,,Cooldown,"DPS, MINOR, PVE",https://www.wowhead.com/tbc/spell=15263,
Priest,Class-wide / Shared,Ability,Holy Fire,15264,14914,Rank 5,36,"Consumes the enemy in Holy flames that cause 
178 to 
223 Holy damage and an additional 65 Holy damage over 10 sec.",Offensive,Main,10,,145 Mana,,Cooldown,"DPS, MINOR, PVE",https://www.wowhead.com/tbc/spell=15264,
Priest,Class-wide / Shared,Ability,Holy Fire,15265,14914,Rank 6,42,"Consumes the enemy in Holy flames that cause 
219 to 
273 Holy damage and an additional 85 Holy damage over 10 sec.",Offensive,Main,10,,170 Mana,,Cooldown,"DPS, MINOR, PVE",https://www.wowhead.com/tbc/spell=15265,
Priest,Class-wide / Shared,Ability,Holy Fire,15266,14914,Rank 7,48,"Consumes the enemy in Holy flames that cause 
271 to 
340 Holy damage and an additional 100 Holy damage over 10 sec.",Offensive,Main,10,,200 Mana,,Cooldown,"DPS, MINOR, PVE",https://www.wowhead.com/tbc/spell=15266,
Priest,Class-wide / Shared,Ability,Holy Fire,15267,14914,Rank 8,54,"Consumes the enemy in Holy flames that cause 
323 to 
406 Holy damage and an additional 125 Holy damage over 10 sec.",Offensive,Main,10,,230 Mana,,Cooldown,"DPS, MINOR, PVE",https://www.wowhead.com/tbc/spell=15267,
Priest,Class-wide / Shared,Ability,Holy Fire,25384,14914,Rank 9,66,"Consumes the enemy in Holy flames that cause 
426 to 
537 Holy damage and an additional 165 Holy damage over 10 sec.",Offensive,Main,10,,290 Mana,,Cooldown,"DPS, MINOR, PVE",https://www.wowhead.com/tbc/spell=25384,
Priest,Class-wide / Shared,Ability,Inner Fire,588,588,Rank 1,12,"A burst of Holy energy fills the caster, increasing armor by 315. Each melee or ranged damage hit against the priest will remove one charge. Lasts 10 min or until 20 charges are used.",Defensive,Utility,0,600,30 Mana,,Cooldown,"BUFF, DEFENSIVE, LONG_BUFF",https://www.wowhead.com/tbc/spell=588,
Priest,Class-wide / Shared,Ability,Inner Fire,602,588,Rank 2,30,"A burst of Holy energy fills the caster, increasing armor by 720. Each melee or ranged damage hit against the priest will remove one charge. Lasts 10 min or until 20 charges are used.",Defensive,Utility,0,600,105 Mana,,Cooldown,"BUFF, DEFENSIVE, LONG_BUFF",https://www.wowhead.com/tbc/spell=602,
Priest,Class-wide / Shared,Ability,Inner Fire,1006,588,Rank 3,40,"A burst of Holy energy fills the caster, increasing armor by 945. Each melee or ranged damage hit against the priest will remove one charge. Lasts 10 min or until 20 charges are used.",Defensive,Utility,0,600,165 Mana,,Cooldown,"BUFF, DEFENSIVE, LONG_BUFF",https://www.wowhead.com/tbc/spell=1006,
Priest,Class-wide / Shared,Ability,Inner Fire,7128,588,Rank 4,20,"A burst of Holy energy fills the caster, increasing armor by 495. Each melee or ranged damage hit against the priest will remove one charge. Lasts 10 min or until 20 charges are used.",Defensive,Utility,0,600,65 Mana,,Cooldown,"BUFF, DEFENSIVE, LONG_BUFF",https://www.wowhead.com/tbc/spell=7128,
Priest,Class-wide / Shared,Ability,Inner Fire,10951,588,Rank 5,50,"A burst of Holy energy fills the caster, increasing armor by 1170. Each melee or ranged damage hit against the priest will remove one charge. Lasts 10 min or until 20 charges are used.",Defensive,Utility,0,600,235 Mana,,Cooldown,"BUFF, DEFENSIVE, LONG_BUFF",https://www.wowhead.com/tbc/spell=10951,
Priest,Class-wide / Shared,Ability,Inner Fire,10952,588,Rank 6,60,"A burst of Holy energy fills the caster, increasing armor by 1395. Each melee or ranged damage hit against the priest will remove one charge. Lasts 10 min or until 20 charges are used.",Defensive,Utility,0,600,315 Mana,,Cooldown,"BUFF, DEFENSIVE, LONG_BUFF",https://www.wowhead.com/tbc/spell=10952,
Priest,Class-wide / Shared,Ability,Inner Fire,25431,588,Rank 7,69,"A burst of Holy energy fills the caster, increasing armor by 1580. Each melee or ranged damage hit against the priest will remove one charge. Lasts 10 min or until 20 charges are used.",Defensive,Utility,0,600,375 Mana,,Cooldown,"BUFF, DEFENSIVE, LONG_BUFF",https://www.wowhead.com/tbc/spell=25431,
Priest,Class-wide / Shared,Ability,Levitate,1706,1706,,34,"Allows the caster to levitate, floating a few feet above the ground. While levitating, you will fall at a reduced speed and travel over water. Any damage will cancel the effect. Lasts 2 min.",Mobility,Utility,0,120,100 Mana,,Cooldown,"MOVEMENT, OUT_OF_COMBAT, UTILITY",https://www.wowhead.com/tbc/spell=1706,
Priest,Class-wide / Shared,Ability,Mana Burn,8129,8129,Rank 1,24,"Destroy 
198 to 
211 mana from a target. For each mana destroyed in this way, the target takes 0.5 Shadow damage.",Utility,Utility,0,,95 Mana,,Cooldown,"FILLER, RESOURCE, UTILITY",https://www.wowhead.com/tbc/spell=8129,
Priest,Class-wide / Shared,Ability,Mana Burn,8131,8129,Rank 2,32,"Destroy 
315 to 
336 mana from a target. For each mana destroyed in this way, the target takes 0.5 Shadow damage.",Utility,Utility,0,,140 Mana,,Cooldown,"FILLER, RESOURCE, UTILITY",https://www.wowhead.com/tbc/spell=8131,
Priest,Class-wide / Shared,Ability,Mana Burn,10874,8129,Rank 3,40,"Destroy 
450 to 
476 mana from a target. For each mana destroyed in this way, the target takes 0.5 Shadow damage.",Utility,Utility,0,,185 Mana,,Cooldown,"FILLER, RESOURCE, UTILITY",https://www.wowhead.com/tbc/spell=10874,
Priest,Class-wide / Shared,Ability,Mana Burn,10875,8129,Rank 4,48,"Destroy 
585 to 
620 mana from a target. For each mana destroyed in this way, the target takes 0.5 Shadow damage.",Utility,Utility,0,,225 Mana,,Cooldown,"FILLER, RESOURCE, UTILITY",https://www.wowhead.com/tbc/spell=10875,
Priest,Class-wide / Shared,Ability,Mana Burn,10876,8129,Rank 5,56,"Destroy 
748 to 
791 mana from a target. For each mana destroyed in this way, the target takes 0.5 Shadow damage.",Utility,Utility,0,,270 Mana,,Cooldown,"FILLER, RESOURCE, UTILITY",https://www.wowhead.com/tbc/spell=10876,
Priest,Class-wide / Shared,Ability,Mana Burn,25379,8129,Rank 6,63,"Destroy 
887 to 
936 mana from a target. For each mana destroyed in this way, the target takes 0.5 Shadow damage.",Utility,Utility,0,,300 Mana,,Cooldown,"FILLER, RESOURCE, UTILITY",https://www.wowhead.com/tbc/spell=25379,
Priest,Class-wide / Shared,Ability,Mana Burn,25380,8129,Rank 7,70,"Destroy 
1021 to 
1079 mana from a target. For each mana destroyed in this way, the target takes 0.5 Shadow damage.",Utility,Utility,0,,355 Mana,,Cooldown,"FILLER, RESOURCE, UTILITY",https://www.wowhead.com/tbc/spell=25380,
Priest,Class-wide / Shared,Ability,Mind Control,605,605,Rank 1,30,"Controls a humanoid mind up to level 
44, but increases the time between its attacks by 25%. Lasts up to 1 min.",Crowd Control,Utility,0,60,350 Mana,,Cooldown,"CC_HARD, FILLER",https://www.wowhead.com/tbc/spell=605,
Priest,Class-wide / Shared,Ability,Mind Control,10911,605,Rank 2,44,"Controls a humanoid mind up to level 
59, but increases the time between attacks by 25%. Lasts up to 1 min.",Crowd Control,Utility,0,60,550 Mana,,Cooldown,"CC_HARD, FILLER",https://www.wowhead.com/tbc/spell=10911,
Priest,Class-wide / Shared,Ability,Mind Control,10912,605,Rank 3,58,"Controls a humanoid mind up to level 
74, but increases the time between attacks by 25%. Lasts up to 1 min.",Crowd Control,Utility,0,60,750 Mana,,Cooldown,"CC_HARD, FILLER",https://www.wowhead.com/tbc/spell=10912,
Priest,Class-wide / Shared,Ability,Power Word: Fortitude,1243,1243,Rank 1,1,"Power infuses the target, increasing their Stamina by 3 for 30 min.",Utility,Utility,0,1800,20 Mana,,Cooldown,"BUFF, LONG_BUFF, UTILITY",https://www.wowhead.com/tbc/spell=1243,
Priest,Class-wide / Shared,Ability,Power Word: Fortitude,1244,1243,Rank 2,12,"Power infuses the target, increasing their Stamina by 8 for 30 min.",Utility,Utility,0,1800,70 Mana,,Cooldown,"BUFF, LONG_BUFF, UTILITY",https://www.wowhead.com/tbc/spell=1244,
Priest,Class-wide / Shared,Ability,Power Word: Fortitude,1245,1243,Rank 3,24,"Power infuses the target, increasing their Stamina by 20 for 30 min.",Utility,Utility,0,1800,200 Mana,,Cooldown,"BUFF, LONG_BUFF, UTILITY",https://www.wowhead.com/tbc/spell=1245,
Priest,Class-wide / Shared,Ability,Power Word: Fortitude,2791,1243,Rank 4,36,"Power infuses the target, increasing their Stamina by 32 for 30 min.",Utility,Utility,0,1800,300 Mana,,Cooldown,"BUFF, LONG_BUFF, UTILITY",https://www.wowhead.com/tbc/spell=2791,
Priest,Class-wide / Shared,Ability,Power Word: Fortitude,10937,1243,Rank 5,48,"Power infuses the target, increasing their Stamina by 43 for 30 min.",Utility,Utility,0,1800,450 Mana,,Cooldown,"BUFF, LONG_BUFF, UTILITY",https://www.wowhead.com/tbc/spell=10937,
Priest,Class-wide / Shared,Ability,Power Word: Fortitude,10938,1243,Rank 6,60,"Power infuses the target, increasing their Stamina by 54 for 30 min.",Utility,Utility,0,1800,600 Mana,,Cooldown,"BUFF, LONG_BUFF, UTILITY",https://www.wowhead.com/tbc/spell=10938,
Priest,Class-wide / Shared,Ability,Power Word: Fortitude,25389,1243,Rank 7,70,Power infuses the target increasing their Stamina by 79 for 30 min.,Utility,Utility,0,1800,700 Mana,,Cooldown,"BUFF, LONG_BUFF, UTILITY",https://www.wowhead.com/tbc/spell=25389,
Priest,Class-wide / Shared,Ability,Prayer of Fortitude,21562,21562,Rank 1,48,"Power infuses the target's party, increasing their Stamina by 43 for 1 hour.",Utility,Utility,0,3600,1200 Mana,,Cooldown,"BUFF, LONG_BUFF, UTILITY",https://www.wowhead.com/tbc/spell=21562,
Priest,Class-wide / Shared,Ability,Prayer of Fortitude,21564,21562,Rank 2,60,"Power infuses the target's party, increasing their Stamina by 54 for 1 hour.",Utility,Utility,0,3600,1500 Mana,,Cooldown,"BUFF, LONG_BUFF, UTILITY",https://www.wowhead.com/tbc/spell=21564,
Priest,Class-wide / Shared,Ability,Prayer of Fortitude,25392,21562,Rank 3,70,"Power infuses the target's party, increasing their Stamina by 79 for 1 hour.",Utility,Utility,0,3600,1800 Mana,,Cooldown,"BUFF, LONG_BUFF, UTILITY",https://www.wowhead.com/tbc/spell=25392,
Priest,Class-wide / Shared,Ability,Prayer of Shadow Protection,27683,27683,Rank 1,56,"Power infuses the target's party, increasing their Shadow resistance by 60 for 20 min.",Utility,Utility,0,1200,1300 Mana,,Cooldown,"BUFF, LONG_BUFF, UTILITY",https://www.wowhead.com/tbc/spell=27683,
Priest,Class-wide / Shared,Ability,Prayer of Shadow Protection,39374,27683,Rank 2,70,"Power infuses the target's party, increasing their Shadow resistance by 70 for 20 min.",Utility,Utility,0,1200,1620 Mana,,Cooldown,"BUFF, LONG_BUFF, UTILITY",https://www.wowhead.com/tbc/spell=39374,
Priest,Class-wide / Shared,Ability,Psychic Scream,8122,8122,Rank 1,14,"The caster lets out a psychic scream, causing 2 enemies within 8 yards to flee for 8 sec. Damage caused may interrupt the effect.",Crowd Control,Utility,30,8,100 Mana,,Cooldown,"CC_HARD, FEAR",https://www.wowhead.com/tbc/spell=8122,
Priest,Class-wide / Shared,Ability,Psychic Scream,8124,8122,Rank 2,28,"The caster lets out a psychic scream, causing 3 enemies within 8 yards to flee for 8 sec. Damage caused may interrupt the effect.",Crowd Control,Utility,30,8,140 Mana,,Cooldown,"CC_HARD, FEAR",https://www.wowhead.com/tbc/spell=8124,
Priest,Class-wide / Shared,Ability,Psychic Scream,10888,8122,Rank 3,42,"The caster lets out a psychic scream, causing 4 enemies within 8 yards to flee for 8 sec. Damage caused may interrupt the effect.",Crowd Control,Utility,30,8,180 Mana,,Cooldown,"CC_HARD, FEAR",https://www.wowhead.com/tbc/spell=10888,
Priest,Class-wide / Shared,Ability,Psychic Scream,10890,8122,Rank 4,56,"The caster lets out a psychic scream, causing 5 enemies within 8 yards to flee for 8 sec. Damage caused may interrupt the effect.",Crowd Control,Utility,30,8,210 Mana,,Cooldown,"CC_HARD, FEAR",https://www.wowhead.com/tbc/spell=10890,
Priest,Class-wide / Shared,Ability,Psychic Scream,27610,8122,Rank 5,56,"The caster lets out a psychic scream, causing 5 enemies within 8 yards to flee for 5 sec. Damage caused may interrupt the effect.",Crowd Control,Utility,30,8,210 Mana,,Cooldown,"CC_HARD, FEAR",https://www.wowhead.com/tbc/spell=27610,
Priest,Class-wide / Shared,Ability,Resurrection,2006,2006,Rank 1,10,Brings a dead player back to life with 70 health and 135 mana. Cannot be cast when in combat.,Utility,Utility,0,,60% of base mana,,Cooldown,"OUT_OF_COMBAT, RESURRECT, UTILITY",https://www.wowhead.com/tbc/spell=2006,
Priest,Class-wide / Shared,Ability,Resurrection,2010,2006,Rank 2,22,Brings a dead player back to life with 160 health and 300 mana. Cannot be cast when in combat.,Utility,Utility,0,,60% of base mana,,Cooldown,"OUT_OF_COMBAT, RESURRECT, UTILITY",https://www.wowhead.com/tbc/spell=2010,
Priest,Class-wide / Shared,Ability,Resurrection,10880,2006,Rank 3,34,Brings a dead player back to life with 300 health and 520 mana. Cannot be cast when in combat.,Utility,Utility,0,,60% of base mana,,Cooldown,"OUT_OF_COMBAT, RESURRECT, UTILITY",https://www.wowhead.com/tbc/spell=10880,
Priest,Class-wide / Shared,Ability,Resurrection,10881,2006,Rank 4,46,Brings a dead player back to life with 500 health and 750 mana. Cannot be cast when in combat.,Utility,Utility,0,,60% of base mana,,Cooldown,"OUT_OF_COMBAT, RESURRECT, UTILITY",https://www.wowhead.com/tbc/spell=10881,
Priest,Class-wide / Shared,Ability,Resurrection,20770,2006,Rank 5,58,Brings a dead player back to life with 750 health and 1000 mana. Cannot be cast when in combat.,Utility,Utility,0,,60% of base mana,,Cooldown,"OUT_OF_COMBAT, RESURRECT, UTILITY",https://www.wowhead.com/tbc/spell=20770,
Priest,Class-wide / Shared,Ability,Resurrection,25435,2006,Rank 6,68,Brings a dead player back to life with 1100 health and 1150 mana. Cannot be cast when in combat.,Utility,Utility,0,,60% of base mana,,Cooldown,"OUT_OF_COMBAT, RESURRECT, UTILITY",https://www.wowhead.com/tbc/spell=25435,
Priest,Class-wide / Shared,Ability,Shackle Undead,9484,9484,Rank 1,20,"Shackles the target undead enemy for up to 30 sec. The shackled unit is unable to move, attack or cast spells. Any damage caused will release the target. Only one target can be shackled at a time.",Crowd Control,Utility,0,50,90 Mana,,Cooldown,"CC_HARD, FILLER",https://www.wowhead.com/tbc/spell=9484,
Priest,Class-wide / Shared,Ability,Shackle Undead,9485,9484,Rank 2,40,"Shackles the target undead enemy for up to 40 sec. The shackled unit is unable to move, attack or cast spells. Any damage caused will release the target. Only one target can be shackled at a time.",Crowd Control,Utility,0,50,120 Mana,,Cooldown,"CC_HARD, FILLER",https://www.wowhead.com/tbc/spell=9485,
Priest,Class-wide / Shared,Ability,Shackle Undead,10955,9484,Rank 3,60,"Shackles the target undead enemy for up to 50 sec. The shackled unit is unable to move, attack or cast spells. Any damage caused will release the target. Only one target can be shackled at a time.",Crowd Control,Utility,0,50,150 Mana,,Cooldown,"CC_HARD, FILLER",https://www.wowhead.com/tbc/spell=10955,
Priest,Class-wide / Shared,Ability,Shadow Protection,976,976,Rank 1,30,Increases the target's resistance to Shadow spells by 30 for 10 min.,Utility,Utility,0,600,250 Mana,,Cooldown,"BUFF, LONG_BUFF, UTILITY",https://www.wowhead.com/tbc/spell=976,
Priest,Class-wide / Shared,Ability,Shadow Protection,10957,976,Rank 2,42,Increases the target's resistance to Shadow spells by 45 for 10 min.,Utility,Utility,0,600,450 Mana,,Cooldown,"BUFF, LONG_BUFF, UTILITY",https://www.wowhead.com/tbc/spell=10957,
Priest,Class-wide / Shared,Ability,Shadow Protection,10958,976,Rank 3,56,Increases the target's resistance to Shadow spells by 60 for 10 min.,Utility,Utility,0,600,650 Mana,,Cooldown,"BUFF, LONG_BUFF, UTILITY",https://www.wowhead.com/tbc/spell=10958,
Priest,Class-wide / Shared,Ability,Shadow Protection,25433,976,Rank 4,68,Increases the target's resistance to Shadow spells by 70 for 10 min.,Utility,Utility,0,600,810 Mana,,Cooldown,"BUFF, LONG_BUFF, UTILITY",https://www.wowhead.com/tbc/spell=25433,
Priest,Class-wide / Shared,Ability,Shadowfiend,34433,34433,,66,Creates a shadowy fiend to attack the target. Caster receives mana when the Shadowfiend deals damage. Lasts 15 sec.,Resource,Main,300,15,6% of base mana,,Cooldown,"DPS, MAJOR, PET_SUMMON, PET_SUMMON_TEMP, PVE, RESOURCE",https://www.wowhead.com/tbc/spell=34433,
Priest,Discipline,Talent,Absolution,33167,33167,Rank 1/3,,"Reduces the mana cost of your Dispel Magic, Cure Disease, Abolish Disease and Mass Dispel spells by 5%.",Talent Passive,Data only,,,,,Data only,TALENT,https://www.wowhead.com/tbc/spell=33167,Talent: Absolution; tree row 3
Priest,Discipline,Talent,Absolution,33171,33167,Rank 2/3,,"Reduces the mana cost of your Dispel Magic, Cure Disease, Abolish Disease and Mass Dispel spells by 10%.",Talent Passive,Data only,,,,,Data only,TALENT,https://www.wowhead.com/tbc/spell=33171,Talent: Absolution; tree row 3
Priest,Discipline,Talent,Absolution,33172,33167,Rank 3/3,,"Reduces the mana cost of your Dispel Magic, Cure Disease, Abolish Disease and Mass Dispel spells by 15%.",Talent Passive,Data only,,,,,Data only,TALENT,https://www.wowhead.com/tbc/spell=33172,Talent: Absolution; tree row 3
Priest,Discipline,Talent Ability,Divine Spirit,14752,14752,Rank 1/1,,"Holy power infuses the target, increasing their Spirit by 17 for 30 min.",Utility,Utility,0,1800,250 Mana,,Cooldown,"BUFF, LONG_BUFF, UTILITY",https://www.wowhead.com/tbc/spell=14752,Talent-required | Talent: Divine Spirit
Priest,Discipline,Talent Ability,Divine Spirit,14818,14752,Rank 2,40,"Holy power infuses the target, increasing their Spirit by 23 for 30 min.",Utility,Utility,0,1800,350 Mana,,Cooldown,"BUFF, LONG_BUFF, UTILITY",https://www.wowhead.com/tbc/spell=14818,Talent-required
Priest,Discipline,Talent Ability,Divine Spirit,14819,14752,Rank 3,50,"Holy power infuses the target, increasing their Spirit by 33 for 30 min.",Utility,Utility,0,1800,450 Mana,,Cooldown,"BUFF, LONG_BUFF, UTILITY",https://www.wowhead.com/tbc/spell=14819,Talent-required
Priest,Discipline,Talent Ability,Divine Spirit,25312,14752,Rank 4,70,"Holy power infuses the target, increasing their Spirit by 50 for 30 min.",Utility,Utility,0,1800,680 Mana,,Cooldown,"BUFF, LONG_BUFF, UTILITY",https://www.wowhead.com/tbc/spell=25312,Talent-required
Priest,Discipline,Talent Ability,Divine Spirit,27841,14752,Rank 5,60,"Holy power infuses the target, increasing their Spirit by 40 for 30 min.",Utility,Utility,0,1800,555 Mana,,Cooldown,"BUFF, LONG_BUFF, UTILITY",https://www.wowhead.com/tbc/spell=27841,Talent-required
Priest,Discipline,Talent,Enlightenment,34908,34908,Rank 1/5,,"Increases your total Stamina, Intellect and Spirit by 1%.",Talent Passive,Data only,,,,,Data only,TALENT,https://www.wowhead.com/tbc/spell=34908,Talent: Enlightenment; tree row 8
Priest,Discipline,Talent,Enlightenment,34909,34908,Rank 2/5,,"Increases your total Stamina, Intellect and Spirit by 2%.",Talent Passive,Data only,,,,,Data only,TALENT,https://www.wowhead.com/tbc/spell=34909,Talent: Enlightenment; tree row 8
Priest,Discipline,Talent,Enlightenment,34910,34908,Rank 3/5,,"Increases your total Stamina, Intellect and Spirit by 3%.",Talent Passive,Data only,,,,,Data only,TALENT,https://www.wowhead.com/tbc/spell=34910,Talent: Enlightenment; tree row 8
Priest,Discipline,Talent,Enlightenment,34911,34908,Rank 4/5,,"Increases your total Stamina, Intellect and Spirit by 4%.",Talent Passive,Data only,,,,,Data only,TALENT,https://www.wowhead.com/tbc/spell=34911,Talent: Enlightenment; tree row 8
Priest,Discipline,Talent,Enlightenment,34912,34908,Rank 5/5,,"Increases your total Stamina, Intellect and Spirit by 5%.",Talent Passive,Data only,,,,,Data only,TALENT,https://www.wowhead.com/tbc/spell=34912,Talent: Enlightenment; tree row 8
Priest,Discipline,Talent,Focused Power,33186,33186,Rank 1/2,,"Your Smite, Mind Blast and Mass Dispel spells have an additional 2% chance to hit. In addition, your Mass Dispel cast time is reduced by 0.5 sec.",Talent Passive,Data only,,,,,Data only,TALENT,https://www.wowhead.com/tbc/spell=33186,Talent: Focused Power; tree row 6
Priest,Discipline,Talent,Focused Power,33190,33186,Rank 2/2,,"Your Smite, Mind Blast and Mass Dispel spells have an additional 4% chance to hit. In addition, your Mass Dispel cast time is reduced by 1 sec.",Talent Passive,Data only,,,,,Data only,TALENT,https://www.wowhead.com/tbc/spell=33190,Talent: Focused Power; tree row 6
Priest,Discipline,Talent,Focused Will,45234,45234,Rank 1/3,,"After taking a critical hit you gain the Focused Will effect, reducing all damage taken by 2% and increasing healing effects on you by 4%. Stacks up to 3 times. Lasts 8 sec.",Talent Passive,Data only,,8,,,Data only,TALENT,https://www.wowhead.com/tbc/spell=45234,Talent: Focused Will; tree row 7
Priest,Discipline,Talent,Focused Will,45243,45234,Rank 2/3,,"After taking a critical hit you gain the Focused Will effect, reducing all damage taken by 3% and increasing healing effects on you by 7%. Stacks up to 3 times. Lasts 8 sec.",Talent Passive,Data only,,8,,,Data only,TALENT,https://www.wowhead.com/tbc/spell=45243,Talent: Focused Will; tree row 7
Priest,Discipline,Talent,Focused Will,45244,45234,Rank 3/3,,"After taking a critical hit you gain the Focused Will effect, reducing all damage taken by 4% and increasing healing effects on you by 10%. Stacks up to 3 times. Lasts 8 sec.",Talent Passive,Data only,,8,,,Data only,TALENT,https://www.wowhead.com/tbc/spell=45244,Talent: Focused Will; tree row 7
Priest,Discipline,Talent,Force of Will,18544,18544,Rank 1/5,,Increases your spell damage by 1% and the critical strike chance of your offensive spells by 1%.,Talent Passive,Data only,,,,,Data only,TALENT,https://www.wowhead.com/tbc/spell=18544,Talent: Force of Will; tree row 6
Priest,Discipline,Talent,Force of Will,18547,18544,Rank 2/5,,Increases your spell damage by 2% and the critical strike chance of your offensive spells by 2%.,Talent Passive,Data only,,,,,Data only,TALENT,https://www.wowhead.com/tbc/spell=18547,Talent: Force of Will; tree row 6
Priest,Discipline,Talent,Force of Will,18548,18544,Rank 3/5,,Increases your spell damage by 3% and the critical strike chance of your offensive spells by 3%.,Talent Passive,Data only,,,,,Data only,TALENT,https://www.wowhead.com/tbc/spell=18548,Talent: Force of Will; tree row 6
Priest,Discipline,Talent,Force of Will,18549,18544,Rank 4/5,,Increases your spell damage by 4% and the critical strike chance of your offensive spells by 4%.,Talent Passive,Data only,,,,,Data only,TALENT,https://www.wowhead.com/tbc/spell=18549,Talent: Force of Will; tree row 6
Priest,Discipline,Talent,Force of Will,18550,18544,Rank 5/5,,Increases your spell damage by 5% and the critical strike chance of your offensive spells by 5%.,Talent Passive,Data only,,,,,Data only,TALENT,https://www.wowhead.com/tbc/spell=18550,Talent: Force of Will; tree row 6
Priest,Discipline,Talent,Improved Divine Spirit,33174,33174,Rank 1/2,,Your Divine Spirit and Prayer of Spirit spells also increase the target's spell damage and healing by an amount equal to 5% of their total Spirit.,Talent Passive,Data only,,,,,Data only,TALENT,https://www.wowhead.com/tbc/spell=33174,Talent: Improved Divine Spirit; tree row 5
Priest,Discipline,Talent,Improved Divine Spirit,33182,33174,Rank 2/2,,Your Divine Spirit and Prayer of Spirit spells also increase the target's spell damage and healing by an amount equal to 10% of their total Spirit.,Talent Passive,Data only,,,,,Data only,TALENT,https://www.wowhead.com/tbc/spell=33182,Talent: Improved Divine Spirit; tree row 5
Priest,Discipline,Talent,Improved Inner Fire,14747,14747,Rank 1/3,,Increases the armor bonus of your Inner Fire spell by 10%.,Talent Passive,Data only,,,,,Data only,TALENT,https://www.wowhead.com/tbc/spell=14747,Talent: Improved Inner Fire; tree row 4
Priest,Discipline,Talent,Improved Inner Fire,14770,14747,Rank 2/3,,Increases the armor bonus of your Inner Fire spell by 20%.,Talent Passive,Data only,,,,,Data only,TALENT,https://www.wowhead.com/tbc/spell=14770,Talent: Improved Inner Fire; tree row 4
Priest,Discipline,Talent,Improved Inner Fire,14771,14747,Rank 3/3,,Increases the armor bonus of your Inner Fire spell by 30%.,Talent Passive,Data only,,,,,Data only,TALENT,https://www.wowhead.com/tbc/spell=14771,Talent: Improved Inner Fire; tree row 4
Priest,Discipline,Talent,Improved Mana Burn,14750,14750,Rank 1/2,,Reduces the casting time of your Mana Burn spell by 0.5 sec.,Talent Passive,Data only,,,,,Data only,TALENT,https://www.wowhead.com/tbc/spell=14750,Talent: Improved Mana Burn; tree row 4
Priest,Discipline,Talent,Improved Mana Burn,14772,14750,Rank 2/2,,Reduces the casting time of your Mana Burn spell by 1 sec.,Talent Passive,Data only,,,,,Data only,TALENT,https://www.wowhead.com/tbc/spell=14772,Talent: Improved Mana Burn; tree row 4
Priest,Discipline,Talent,Improved Power Word: Fortitude,14749,14749,Rank 1/2,,Increases the effect of your Power Word: Fortitude and Prayer of Fortitude spells by 15%.,Talent Passive,Data only,,,,,Data only,TALENT,https://www.wowhead.com/tbc/spell=14749,Talent: Improved Power Word: Fortitude; tree row 2
Priest,Discipline,Talent,Improved Power Word: Fortitude,14767,14749,Rank 2/2,,Increases the effect of your Power Word: Fortitude and Prayer of Fortitude spells by 30%.,Talent Passive,Data only,,,,,Data only,TALENT,https://www.wowhead.com/tbc/spell=14767,Talent: Improved Power Word: Fortitude; tree row 2
Priest,Discipline,Talent,Improved Power Word: Shield,14748,14748,Rank 1/3,,Increases the damage absorbed by your Power Word: Shield by 5%.,Talent Passive,Data only,,,,,Data only,TALENT,https://www.wowhead.com/tbc/spell=14748,Talent: Improved Power Word: Shield; tree row 2
Priest,Discipline,Talent,Improved Power Word: Shield,14768,14748,Rank 2/3,,Increases the damage absorbed by your Power Word: Shield by 10%.,Talent Passive,Data only,,,,,Data only,TALENT,https://www.wowhead.com/tbc/spell=14768,Talent: Improved Power Word: Shield; tree row 2
Priest,Discipline,Talent,Improved Power Word: Shield,14769,14748,Rank 3/3,,Increases the damage absorbed by your Power Word: Shield by 15%.,Talent Passive,Data only,,,,,Data only,TALENT,https://www.wowhead.com/tbc/spell=14769,Talent: Improved Power Word: Shield; tree row 2
Priest,Discipline,Talent Ability,Inner Focus,14751,14751,Rank 1/1,,"When activated, reduces the mana cost of your next spell by 100% and increases its critical effect chance by 25% if it is capable of a critical effect.",Healing,Utility,180,0,,,Cooldown + aura,"HAS_BUFF, HEAL, MAJOR, RESOURCE",https://www.wowhead.com/tbc/spell=14751,Talent-required | Talent: Inner Focus
Priest,Discipline,Talent,Martyrdom,14531,14531,Rank 1/2,,Gives you a 50% chance to gain the Focused Casting effect that lasts for 6 sec after being the victim of a melee or ranged critical strike. The Focused Casting effect prevents you from losing casting time when taking damage while casting Priest spells and increases resistance to Interrupt effects by 10%.,Talent Passive,Data only,,6,,,Data only,TALENT,https://www.wowhead.com/tbc/spell=14531,Talent: Martyrdom; tree row 2
Priest,Discipline,Talent,Martyrdom,14774,14531,Rank 2/2,,Gives you a 100% chance to gain the Focused Casting effect that lasts for 6 sec after being the victim of a melee or ranged critical strike. The Focused Casting effect prevents you from losing casting time when taking damage while casting Priest spells and increases resistance to Interrupt effects by 20%.,Talent Passive,Data only,,6,,,Data only,TALENT,https://www.wowhead.com/tbc/spell=14774,Talent: Martyrdom; tree row 2
Priest,Discipline,Talent,Meditation,14521,14521,Rank 1/3,,Allows 10% of your mana regeneration to continue while casting.,Talent Passive,Data only,,,,,Data only,TALENT,https://www.wowhead.com/tbc/spell=14521,Talent: Meditation; tree row 3
Priest,Discipline,Talent,Meditation,14776,14521,Rank 2/3,,Allows 20% of your mana regeneration to continue while casting.,Talent Passive,Data only,,,,,Data only,TALENT,https://www.wowhead.com/tbc/spell=14776,Talent: Meditation; tree row 3
Priest,Discipline,Talent,Meditation,14777,14521,Rank 3/3,,Allows 30% of your mana regeneration to continue while casting.,Talent Passive,Data only,,,,,Data only,TALENT,https://www.wowhead.com/tbc/spell=14777,Talent: Meditation; tree row 3
Priest,Discipline,Talent,Mental Agility,14520,14520,Rank 1/5,,Reduces the mana cost of your instant cast spells by 2%.,Talent Passive,Data only,,,,,Data only,TALENT,https://www.wowhead.com/tbc/spell=14520,Talent: Mental Agility; tree row 4
Priest,Discipline,Talent,Mental Agility,14780,14520,Rank 2/5,,Reduces the mana cost of your instant cast spells by 4%.,Talent Passive,Data only,,,,,Data only,TALENT,https://www.wowhead.com/tbc/spell=14780,Talent: Mental Agility; tree row 4
Priest,Discipline,Talent,Mental Agility,14781,14520,Rank 3/5,,Reduces the mana cost of your instant cast spells by 6%.,Talent Passive,Data only,,,,,Data only,TALENT,https://www.wowhead.com/tbc/spell=14781,Talent: Mental Agility; tree row 4
Priest,Discipline,Talent,Mental Agility,14782,14520,Rank 4/5,,Reduces the mana cost of your instant cast spells by 8%.,Talent Passive,Data only,,,,,Data only,TALENT,https://www.wowhead.com/tbc/spell=14782,Talent: Mental Agility; tree row 4
Priest,Discipline,Talent,Mental Agility,14783,14520,Rank 5/5,,Reduces the mana cost of your instant cast spells by 10%.,Talent Passive,Data only,,,,,Data only,TALENT,https://www.wowhead.com/tbc/spell=14783,Talent: Mental Agility; tree row 4
Priest,Discipline,Talent,Mental Strength,18551,18551,Rank 1/5,,Increases your maximum mana by 2%.,Talent Passive,Data only,,,,,Data only,TALENT,https://www.wowhead.com/tbc/spell=18551,Talent: Mental Strength; tree row 5
Priest,Discipline,Talent,Mental Strength,18552,18551,Rank 2/5,,Increases your maximum mana by 4%.,Talent Passive,Data only,,,,,Data only,TALENT,https://www.wowhead.com/tbc/spell=18552,Talent: Mental Strength; tree row 5
Priest,Discipline,Talent,Mental Strength,18553,18551,Rank 3/5,,Increases your maximum mana by 6%.,Talent Passive,Data only,,,,,Data only,TALENT,https://www.wowhead.com/tbc/spell=18553,Talent: Mental Strength; tree row 5
Priest,Discipline,Talent,Mental Strength,18554,18551,Rank 4/5,,Increases your maximum mana by 8%.,Talent Passive,Data only,,,,,Data only,TALENT,https://www.wowhead.com/tbc/spell=18554,Talent: Mental Strength; tree row 5
Priest,Discipline,Talent,Mental Strength,18555,18551,Rank 5/5,,Increases your maximum mana by 10%.,Talent Passive,Data only,,,,,Data only,TALENT,https://www.wowhead.com/tbc/spell=18555,Talent: Mental Strength; tree row 5
Priest,Discipline,Talent Ability,Pain Suppression,33206,33206,Rank 1/1,,"Instantly reduces a friendly target's threat by 5%, reduces all damage taken by 40% and increases resistance to Dispel mechanics by 65% for 8 sec.",Defensive,Utility,120,8,8% of base mana,,Cooldown + aura,"EXTERNAL_DEFENSIVE, HAS_BUFF, IMPORTANT_EXTERNAL, MAJOR, PVE_PVP",https://www.wowhead.com/tbc/spell=33206,Talent-required | Talent: Pain Suppression
Priest,Discipline,Talent Ability,Power Infusion,10060,10060,Rank 1/1,,"Infuses the target with power, increasing spell casting speed by 20% and reducing the mana cost of all spells by 20%. Lasts 15 sec.",Healing,Utility,180,15,16% of base mana,,Cooldown + aura,"DPS, HAS_BUFF, HEAL, IMPORTANT_EXTERNAL, MAJOR",https://www.wowhead.com/tbc/spell=10060,Talent-required | Talent: Power Infusion
Priest,Discipline,Talent Ability,Prayer of Spirit,27681,27681,,60,"Power infuses the target's party, increasing their Spirit by 40 for 1 hour.",Utility,Utility,0,3600,1500 Mana,,Cooldown,"BUFF, LONG_BUFF, UTILITY",https://www.wowhead.com/tbc/spell=27681,Talent-required
Priest,Discipline,Talent,Reflective Shield,33201,33201,Rank 1/5,,Causes 10% of the damage absorbed by your Power Word: Shield to reflect back at the attacker. This damage causes no threat.,Talent Passive,Data only,,,,,Data only,TALENT,https://www.wowhead.com/tbc/spell=33201,Talent: Reflective Shield; tree row 7
Priest,Discipline,Talent,Reflective Shield,33202,33201,Rank 2/5,,Causes 20% of the damage absorbed by your Power Word: Shield to reflect back at the attacker. This damage causes no threat.,Talent Passive,Data only,,,,,Data only,TALENT,https://www.wowhead.com/tbc/spell=33202,Talent: Reflective Shield; tree row 7
Priest,Discipline,Talent,Reflective Shield,33203,33201,Rank 3/5,,Causes 30% of the damage absorbed by your Power Word: Shield to reflect back at the attacker. This damage causes no threat.,Talent Passive,Data only,,,,,Data only,TALENT,https://www.wowhead.com/tbc/spell=33203,Talent: Reflective Shield; tree row 7
Priest,Discipline,Talent,Reflective Shield,33204,33201,Rank 4/5,,Causes 40% of the damage absorbed by your Power Word: Shield to reflect back at the attacker. This damage causes no threat.,Talent Passive,Data only,,,,,Data only,TALENT,https://www.wowhead.com/tbc/spell=33204,Talent: Reflective Shield; tree row 7
Priest,Discipline,Talent,Reflective Shield,33205,33201,Rank 5/5,,Causes 50% of the damage absorbed by your Power Word: Shield to reflect back at the attacker. This damage causes no threat.,Talent Passive,Data only,,,,,Data only,TALENT,https://www.wowhead.com/tbc/spell=33205,Talent: Reflective Shield; tree row 7
Priest,Discipline,Talent,Silent Resolve,14523,14523,Rank 1/5,,Reduces the threat generated by your Holy and Discipline spells by 4% and reduces the chance your spells will be dispelled by 4%.,Talent Passive,Data only,,,,,Data only,TALENT,https://www.wowhead.com/tbc/spell=14523,Talent: Silent Resolve; tree row 2
Priest,Discipline,Talent,Silent Resolve,14784,14523,Rank 2/5,,Reduces the threat generated by your Holy and Discipline spells by 8% and reduces the chance your spells will be dispelled by 8%.,Talent Passive,Data only,,,,,Data only,TALENT,https://www.wowhead.com/tbc/spell=14784,Talent: Silent Resolve; tree row 2
Priest,Discipline,Talent,Silent Resolve,14785,14523,Rank 3/5,,Reduces the threat generated by your Holy and Discipline spells by 12% and reduces the chance your spells will be dispelled by 12%.,Talent Passive,Data only,,,,,Data only,TALENT,https://www.wowhead.com/tbc/spell=14785,Talent: Silent Resolve; tree row 2
Priest,Discipline,Talent,Silent Resolve,14786,14523,Rank 4/5,,Reduces the threat generated by your Holy and Discipline spells by 16% and reduces the chance your spells will be dispelled by 16%.,Talent Passive,Data only,,,,,Data only,TALENT,https://www.wowhead.com/tbc/spell=14786,Talent: Silent Resolve; tree row 2
Priest,Discipline,Talent,Silent Resolve,14787,14523,Rank 5/5,,Reduces the threat generated by your Holy and Discipline spells by 20% and reduces the chance your spells will be dispelled by 20%.,Talent Passive,Data only,,,,,Data only,TALENT,https://www.wowhead.com/tbc/spell=14787,Talent: Silent Resolve; tree row 2
Priest,Discipline,Talent,Unbreakable Will,14522,14522,Rank 1/5,,"Increases your chance to resist Stun, Fear, and Silence effects by an additional 3%.",Talent Passive,Data only,,,,,Data only,TALENT,https://www.wowhead.com/tbc/spell=14522,Talent: Unbreakable Will; tree row 1
Priest,Discipline,Talent,Unbreakable Will,14788,14522,Rank 2/5,,"Increases your chance to resist Stun, Fear, and Silence effects by an additional 6%.",Talent Passive,Data only,,,,,Data only,TALENT,https://www.wowhead.com/tbc/spell=14788,Talent: Unbreakable Will; tree row 1
Priest,Discipline,Talent,Unbreakable Will,14789,14522,Rank 3/5,,"Increases your chance to resist Stun, Fear, and Silence effects by an additional 9%.",Talent Passive,Data only,,,,,Data only,TALENT,https://www.wowhead.com/tbc/spell=14789,Talent: Unbreakable Will; tree row 1
Priest,Discipline,Talent,Unbreakable Will,14790,14522,Rank 4/5,,"Increases your chance to resist Stun, Fear, and Silence effects by an additional 12%.",Talent Passive,Data only,,,,,Data only,TALENT,https://www.wowhead.com/tbc/spell=14790,Talent: Unbreakable Will; tree row 1
Priest,Discipline,Talent,Unbreakable Will,14791,14522,Rank 5/5,,"Increases your chance to resist Stun, Fear, and Silence effects by an additional 15%.",Talent Passive,Data only,,,,,Data only,TALENT,https://www.wowhead.com/tbc/spell=14791,Talent: Unbreakable Will; tree row 1
Priest,Discipline,Talent,Wand Specialization,14524,14524,Rank 1/5,,Increases your damage with Wands by 5%.,Talent Passive,Data only,,,,,Data only,TALENT,https://www.wowhead.com/tbc/spell=14524,Talent: Wand Specialization; tree row 1
Priest,Discipline,Talent,Wand Specialization,14525,14524,Rank 2/5,,Increases your damage with Wands by 10%.,Talent Passive,Data only,,,,,Data only,TALENT,https://www.wowhead.com/tbc/spell=14525,Talent: Wand Specialization; tree row 1
Priest,Discipline,Talent,Wand Specialization,14526,14524,Rank 3/5,,Increases your damage with Wands by 15%.,Talent Passive,Data only,,,,,Data only,TALENT,https://www.wowhead.com/tbc/spell=14526,Talent: Wand Specialization; tree row 1
Priest,Discipline,Talent,Wand Specialization,14527,14524,Rank 4/5,,Increases your damage with Wands by 20%.,Talent Passive,Data only,,,,,Data only,TALENT,https://www.wowhead.com/tbc/spell=14527,Talent: Wand Specialization; tree row 1
Priest,Discipline,Talent,Wand Specialization,14528,14524,Rank 5/5,,Increases your damage with Wands by 25%.,Talent Passive,Data only,,,,,Data only,TALENT,https://www.wowhead.com/tbc/spell=14528,Talent: Wand Specialization; tree row 1
Priest,"Discipline, Holy",Ability,Flash Heal,2061,2061,Rank 1,20,"Heals a friendly target for 
202 to 
247.",Healing,Utility,0,,125 Mana,,Cooldown,"FILLER, HEAL, HEAL_SINGLE, PVE_PVP",https://www.wowhead.com/tbc/spell=2061,
Priest,"Discipline, Holy",Ability,Flash Heal,9472,2061,Rank 2,26,"Heals a friendly target for 
269 to 
325.",Healing,Utility,0,,155 Mana,,Cooldown,"FILLER, HEAL, HEAL_SINGLE, PVE_PVP",https://www.wowhead.com/tbc/spell=9472,
Priest,"Discipline, Holy",Ability,Flash Heal,9473,2061,Rank 3,32,"Heals a friendly target for 
339 to 
406.",Healing,Utility,0,,185 Mana,,Cooldown,"FILLER, HEAL, HEAL_SINGLE, PVE_PVP",https://www.wowhead.com/tbc/spell=9473,
Priest,"Discipline, Holy",Ability,Flash Heal,9474,2061,Rank 4,38,"Heals a friendly target for 
414 to 
492.",Healing,Utility,0,,215 Mana,,Cooldown,"FILLER, HEAL, HEAL_SINGLE, PVE_PVP",https://www.wowhead.com/tbc/spell=9474,
Priest,"Discipline, Holy",Ability,Flash Heal,10915,2061,Rank 5,44,"Heals a friendly target for 
534 to 
633.",Healing,Utility,0,,265 Mana,,Cooldown,"FILLER, HEAL, HEAL_SINGLE, PVE_PVP",https://www.wowhead.com/tbc/spell=10915,
Priest,"Discipline, Holy",Ability,Flash Heal,10916,2061,Rank 6,50,"Heals a friendly target for 
662 to 
783.",Healing,Utility,0,,315 Mana,,Cooldown,"FILLER, HEAL, HEAL_SINGLE, PVE_PVP",https://www.wowhead.com/tbc/spell=10916,
Priest,"Discipline, Holy",Ability,Flash Heal,10917,2061,Rank 7,56,"Heals a friendly target for 
833 to 
979.",Healing,Utility,0,,380 Mana,,Cooldown,"FILLER, HEAL, HEAL_SINGLE, PVE_PVP",https://www.wowhead.com/tbc/spell=10917,
Priest,"Discipline, Holy",Ability,Flash Heal,25233,2061,Rank 8,61,"Heals a friendly target for 
931 to 
1078.",Healing,Utility,0,,400 Mana,,Cooldown,"FILLER, HEAL, HEAL_SINGLE, PVE_PVP",https://www.wowhead.com/tbc/spell=25233,
Priest,"Discipline, Holy",Ability,Flash Heal,25235,2061,Rank 9,67,"Heals a friendly target for 
1116 to 
1295.",Healing,Utility,0,,470 Mana,,Cooldown,"FILLER, HEAL, HEAL_SINGLE, PVE_PVP",https://www.wowhead.com/tbc/spell=25235,
Priest,"Discipline, Holy",Ability,Greater Heal,2060,2060,Rank 1,40,"A slow casting spell that heals a single target for 
924 to 
1039.",Healing,Utility,0,,370 Mana,,Cooldown,"FILLER, HEAL, HEAL_SINGLE, PVE",https://www.wowhead.com/tbc/spell=2060,
Priest,"Discipline, Holy",Ability,Greater Heal,10963,2060,Rank 2,46,"A slow casting spell that heals a single target for 
1178 to 
1318.",Healing,Utility,0,,455 Mana,,Cooldown,"FILLER, HEAL, HEAL_SINGLE, PVE",https://www.wowhead.com/tbc/spell=10963,
Priest,"Discipline, Holy",Ability,Greater Heal,10964,2060,Rank 3,52,"A slow casting spell that heals a single target for 
1470 to 
1642.",Healing,Utility,0,,545 Mana,,Cooldown,"FILLER, HEAL, HEAL_SINGLE, PVE",https://www.wowhead.com/tbc/spell=10964,
Priest,"Discipline, Holy",Ability,Greater Heal,10965,2060,Rank 4,58,"A slow casting spell that heals a single target for 
1835 to 
2044.",Healing,Utility,0,,655 Mana,,Cooldown,"FILLER, HEAL, HEAL_SINGLE, PVE",https://www.wowhead.com/tbc/spell=10965,
Priest,"Discipline, Holy",Ability,Greater Heal,25210,2060,Rank 5,63,"A slow casting spell that heals a single target for 
2107 to 
2444.",Healing,Utility,0,,750 Mana,,Cooldown,"FILLER, HEAL, HEAL_SINGLE, PVE",https://www.wowhead.com/tbc/spell=25210,
Priest,"Discipline, Holy",Ability,Greater Heal,25213,2060,Rank 6,68,"A slow casting spell that heals a single target for 
2414 to 
2803.",Healing,Utility,0,,825 Mana,,Cooldown,"FILLER, HEAL, HEAL_SINGLE, PVE",https://www.wowhead.com/tbc/spell=25213,
Priest,"Discipline, Holy",Ability,Greater Heal,25314,2060,Rank 7,60,"A slow casting spell that heals a single target for 
2006 to 
2235.",Healing,Utility,0,,710 Mana,,Cooldown,"FILLER, HEAL, HEAL_SINGLE, PVE",https://www.wowhead.com/tbc/spell=25314,
Priest,"Discipline, Holy",Ability,Heal,2054,2054,Rank 1,16,"Heal your target for 
307 to 
353.",Healing,Utility,0,,155 Mana,,Cooldown,"FILLER, HEAL_SINGLE",https://www.wowhead.com/tbc/spell=2054,
Priest,"Discipline, Holy",Ability,Heal,2055,2054,Rank 2,22,"Heal your target for 
445 to 
507.",Healing,Utility,0,,205 Mana,,Cooldown,"FILLER, HEAL_SINGLE",https://www.wowhead.com/tbc/spell=2055,
Priest,"Discipline, Holy",Ability,Heal,6063,2054,Rank 3,28,"Heal your target for 
586 to 
662.",Healing,Utility,0,,255 Mana,,Cooldown,"FILLER, HEAL_SINGLE",https://www.wowhead.com/tbc/spell=6063,
Priest,"Discipline, Holy",Ability,Heal,6064,2054,Rank 4,34,"Heal your target for 
734 to 
827.",Healing,Utility,0,,305 Mana,,Cooldown,"FILLER, HEAL_SINGLE",https://www.wowhead.com/tbc/spell=6064,
Priest,"Discipline, Holy",Ability,Lesser Heal,2050,2050,Rank 1,1,"Heal your target for 
47 to 
58.",Healing,Utility,0,,30 Mana,,Cooldown,"FILLER, HEAL_SINGLE",https://www.wowhead.com/tbc/spell=2050,
Priest,"Discipline, Holy",Ability,Lesser Heal,2052,2050,Rank 2,4,"Heal your target for 
76 to 
91.",Healing,Utility,0,,45 Mana,,Cooldown,"FILLER, HEAL_SINGLE",https://www.wowhead.com/tbc/spell=2052,
Priest,"Discipline, Holy",Ability,Lesser Heal,2053,2050,Rank 3,10,"Heal your target for 
143 to 
165.",Healing,Utility,0,,75 Mana,,Cooldown,"FILLER, HEAL_SINGLE",https://www.wowhead.com/tbc/spell=2053,
Priest,"Discipline, Holy",Ability,Power Word: Shield,17,17,Rank 1,6,"Draws on the soul of the party member to shield them, absorbing 
48 damage. Lasts 30 sec. While the shield holds, spellcasting will not be interrupted by damage. Once shielded, the target cannot be shielded again for 15 sec.",Defensive,Utility,4,30,45 Mana,6788,Cooldown + aura,"EXTERNAL_DEFENSIVE, HAS_BUFF, HEAL, HEAL_SINGLE, ROTATIONAL",https://www.wowhead.com/tbc/spell=17,
Priest,"Discipline, Holy",Ability,Power Word: Shield,592,17,Rank 2,12,"Draws on the soul of the party member to shield them, absorbing 
94 damage. Lasts 30 sec. While the shield holds, spellcasting will not be interrupted by damage. Once shielded, the target cannot be shielded again for 15 sec.",Defensive,Utility,4,30,80 Mana,6788,Cooldown + aura,"EXTERNAL_DEFENSIVE, HAS_BUFF, HEAL, HEAL_SINGLE, ROTATIONAL",https://www.wowhead.com/tbc/spell=592,
Priest,"Discipline, Holy",Ability,Power Word: Shield,600,17,Rank 3,18,"Draws on the soul of the party member to shield them, absorbing 
166 damage. Lasts 30 sec. While the shield holds, spellcasting will not be interrupted by damage. Once shielded, the target cannot be shielded again for 15 sec.",Defensive,Utility,4,30,130 Mana,6788,Cooldown + aura,"EXTERNAL_DEFENSIVE, HAS_BUFF, HEAL, HEAL_SINGLE, ROTATIONAL",https://www.wowhead.com/tbc/spell=600,
Priest,"Discipline, Holy",Ability,Power Word: Shield,3747,17,Rank 4,24,"Draws on the soul of the party member to shield them, absorbing 
244 damage. Lasts 30 sec. While the shield holds, spellcasting will not be interrupted by damage. Once shielded, the target cannot be shielded again for 15 sec.",Defensive,Utility,4,30,175 Mana,6788,Cooldown + aura,"EXTERNAL_DEFENSIVE, HAS_BUFF, HEAL, HEAL_SINGLE, ROTATIONAL",https://www.wowhead.com/tbc/spell=3747,
Priest,"Discipline, Holy",Ability,Power Word: Shield,6065,17,Rank 5,30,"Draws on the soul of the party member to shield them, absorbing 
313 damage. Lasts 30 sec. While the shield holds, spellcasting will not be interrupted by damage. Once shielded, the target cannot be shielded again for 15 sec.",Defensive,Utility,4,30,210 Mana,6788,Cooldown + aura,"EXTERNAL_DEFENSIVE, HAS_BUFF, HEAL, HEAL_SINGLE, ROTATIONAL",https://www.wowhead.com/tbc/spell=6065,
Priest,"Discipline, Holy",Ability,Power Word: Shield,6066,17,Rank 6,36,"Draws on the soul of the party member to shield them, absorbing 
394 damage. Lasts 30 sec. While the shield holds, spellcasting will not be interrupted by damage. Once shielded, the target cannot be shielded again for 15 sec.",Defensive,Utility,4,30,250 Mana,6788,Cooldown + aura,"EXTERNAL_DEFENSIVE, HAS_BUFF, HEAL, HEAL_SINGLE, ROTATIONAL",https://www.wowhead.com/tbc/spell=6066,
Priest,"Discipline, Holy",Ability,Power Word: Shield,10898,17,Rank 7,42,"Draws on the soul of the party member to shield them, absorbing 
499 damage. Lasts 30 sec. While the shield holds, spellcasting will not be interrupted by damage. Once shielded, the target cannot be shielded again for 15 sec.",Defensive,Utility,4,30,300 Mana,6788,Cooldown + aura,"EXTERNAL_DEFENSIVE, HAS_BUFF, HEAL, HEAL_SINGLE, ROTATIONAL",https://www.wowhead.com/tbc/spell=10898,
Priest,"Discipline, Holy",Ability,Power Word: Shield,10899,17,Rank 8,48,"Draws on the soul of the party member to shield them, absorbing 
622 damage. Lasts 30 sec. While the shield holds, spellcasting will not be interrupted by damage. Once shielded, the target cannot be shielded again for 15 sec.",Defensive,Utility,4,30,355 Mana,6788,Cooldown + aura,"EXTERNAL_DEFENSIVE, HAS_BUFF, HEAL, HEAL_SINGLE, ROTATIONAL",https://www.wowhead.com/tbc/spell=10899,
Priest,"Discipline, Holy",Ability,Power Word: Shield,10900,17,Rank 9,54,"Draws on the soul of the party member to shield them, absorbing 
783 damage. Lasts 30 sec. While the shield holds, spellcasting will not be interrupted by damage. Once shielded, the target cannot be shielded again for 15 sec.",Defensive,Utility,4,30,425 Mana,6788,Cooldown + aura,"EXTERNAL_DEFENSIVE, HAS_BUFF, HEAL, HEAL_SINGLE, ROTATIONAL",https://www.wowhead.com/tbc/spell=10900,
Priest,"Discipline, Holy",Ability,Power Word: Shield,10901,17,Rank 10,60,"Draws on the soul of the party member to shield them, absorbing 
964 damage. Lasts 30 sec. While the shield holds, spellcasting will not be interrupted by damage. Once shielded, the target cannot be shielded again for 15 sec.",Defensive,Utility,4,30,500 Mana,6788,Cooldown + aura,"EXTERNAL_DEFENSIVE, HAS_BUFF, HEAL, HEAL_SINGLE, ROTATIONAL",https://www.wowhead.com/tbc/spell=10901,
Priest,"Discipline, Holy",Ability,Power Word: Shield,25217,17,Rank 11,65,"Draws on the soul of the party member to shield them, absorbing 
1144 damage. Lasts 30 sec. While the shield holds, spellcasting will not be interrupted by damage. Once shielded, the target cannot be shielded again for 15 sec.",Defensive,Utility,4,30,540 Mana,6788,Cooldown + aura,"EXTERNAL_DEFENSIVE, HAS_BUFF, HEAL, HEAL_SINGLE, ROTATIONAL",https://www.wowhead.com/tbc/spell=25217,
Priest,"Discipline, Holy",Ability,Power Word: Shield,25218,17,Rank 12,70,"Draws on the soul of the party member to shield them, absorbing 
1265 damage. Lasts 30 sec. While the shield holds, spellcasting will not be interrupted by damage. Once shielded, the target cannot be shielded again for 15 sec.",Defensive,Utility,4,30,600 Mana,6788,Cooldown + aura,"EXTERNAL_DEFENSIVE, HAS_BUFF, HEAL, HEAL_SINGLE, ROTATIONAL",https://www.wowhead.com/tbc/spell=25218,
Priest,"Discipline, Holy",Ability,Prayer of Healing,596,596,Rank 1,30,"A powerful prayer heals party members within 30 yards for 
312 to 
333.",Healing,Utility,0,,410 Mana,,Cooldown,"AOE, FILLER, HEAL, HEAL_AOE, PVE",https://www.wowhead.com/tbc/spell=596,
Priest,"Discipline, Holy",Ability,Prayer of Healing,996,596,Rank 2,40,"A powerful prayer heals party members within 30 yards for 
458 to 
487.",Healing,Utility,0,,560 Mana,,Cooldown,"AOE, FILLER, HEAL, HEAL_AOE, PVE",https://www.wowhead.com/tbc/spell=996,
Priest,"Discipline, Holy",Ability,Prayer of Healing,10960,596,Rank 3,50,"A powerful prayer heals party members within 30 yards for 
675 to 
713.",Healing,Utility,0,,770 Mana,,Cooldown,"AOE, FILLER, HEAL, HEAL_AOE, PVE",https://www.wowhead.com/tbc/spell=10960,
Priest,"Discipline, Holy",Ability,Prayer of Healing,10961,596,Rank 4,60,"A powerful prayer heals party members within 30 yards for 
960 to 
1013.",Healing,Utility,0,,1030 Mana,,Cooldown,"AOE, FILLER, HEAL, HEAL_AOE, PVE",https://www.wowhead.com/tbc/spell=10961,
Priest,"Discipline, Holy",Ability,Prayer of Healing,25308,596,Rank 5,68,"A powerful prayer heals party members within 30 yards for 
1251 to 
1322.",Healing,Utility,0,,1255 Mana,,Cooldown,"AOE, FILLER, HEAL, HEAL_AOE, PVE",https://www.wowhead.com/tbc/spell=25308,
Priest,"Discipline, Holy",Ability,Prayer of Healing,25316,596,Rank 6,60,"A powerful prayer heals party members within 30 yards for 
1019 to 
1076.",Healing,Utility,0,,1070 Mana,,Cooldown,"AOE, FILLER, HEAL, HEAL_AOE, PVE",https://www.wowhead.com/tbc/spell=25316,
Priest,"Discipline, Holy",Ability,Smite,585,585,Rank 1,1,"Smite an enemy for 
15 to 
20 Holy damage.",Offensive,Main,0,,20 Mana,,Cooldown,"DPS, FILLER, PVE",https://www.wowhead.com/tbc/spell=585,
Priest,"Discipline, Holy",Ability,Smite,591,585,Rank 2,6,"Smite an enemy for 
28 to 
34 Holy damage.",Offensive,Main,0,,30 Mana,,Cooldown,"DPS, FILLER, PVE",https://www.wowhead.com/tbc/spell=591,
Priest,"Discipline, Holy",Ability,Smite,598,585,Rank 3,14,"Smite an enemy for 
58 to 
67 Holy damage.",Offensive,Main,0,,60 Mana,,Cooldown,"DPS, FILLER, PVE",https://www.wowhead.com/tbc/spell=598,
Priest,"Discipline, Holy",Ability,Smite,984,585,Rank 4,22,"Smite an enemy for 
97 to 
112 Holy damage.",Offensive,Main,0,,95 Mana,,Cooldown,"DPS, FILLER, PVE",https://www.wowhead.com/tbc/spell=984,
Priest,"Discipline, Holy",Ability,Smite,1004,585,Rank 5,30,"Smite an enemy for 
158 to 
178 Holy damage.",Offensive,Main,0,,140 Mana,,Cooldown,"DPS, FILLER, PVE",https://www.wowhead.com/tbc/spell=1004,
Priest,"Discipline, Holy",Ability,Smite,6060,585,Rank 6,38,"Smite an enemy for 
222 to 
250 Holy damage.",Offensive,Main,0,,185 Mana,,Cooldown,"DPS, FILLER, PVE",https://www.wowhead.com/tbc/spell=6060,
Priest,"Discipline, Holy",Ability,Smite,10933,585,Rank 7,46,"Smite an enemy for 
298 to 
335 Holy damage.",Offensive,Main,0,,230 Mana,,Cooldown,"DPS, FILLER, PVE",https://www.wowhead.com/tbc/spell=10933,
Priest,"Discipline, Holy",Ability,Smite,10934,585,Rank 8,54,"Smite an enemy for 
384 to 
429 Holy damage.",Offensive,Main,0,,280 Mana,,Cooldown,"DPS, FILLER, PVE",https://www.wowhead.com/tbc/spell=10934,
Priest,"Discipline, Holy",Ability,Smite,25363,585,Rank 9,61,"Smite an enemy for 
422 to 
470 Holy damage.",Offensive,Main,0,,300 Mana,,Cooldown,"DPS, FILLER, PVE",https://www.wowhead.com/tbc/spell=25363,
Priest,"Discipline, Holy",Ability,Smite,25364,585,Rank 10,69,"Smite an enemy for 
549 to 
616 Holy damage.",Offensive,Main,0,,385 Mana,,Cooldown,"DPS, FILLER, PVE",https://www.wowhead.com/tbc/spell=25364,
Priest,"Discipline, Holy",Talent Ability,Holy Nova,15430,15237,Rank 2,28,"Causes an explosion of holy light around the caster, causing 
52 to 
61 Holy damage to all enemy targets within 10 yards and healing all party members within 10 yards for 
89 to 
101. These effects cause no threat.",Healing,Utility,0,,290 Mana,,Cooldown,"AOE, FILLER, HEAL, HEAL_AOE",https://www.wowhead.com/tbc/spell=15430,Talent-required
Priest,"Discipline, Holy",Talent Ability,Holy Nova,15431,15237,Rank 3,36,"Causes an explosion of holy light around the caster, causing 
79 to 
92 Holy damage to all enemy targets within 10 yards and healing all party members within 10 yards for 
124 to 
143. These effects cause no threat.",Healing,Utility,0,,400 Mana,,Cooldown,"AOE, FILLER, HEAL, HEAL_AOE",https://www.wowhead.com/tbc/spell=15431,Talent-required
Priest,"Discipline, Holy",Talent Ability,Holy Nova,27799,15237,Rank 4,44,"Causes an explosion of holy light around the caster, causing 
110 to 
127 Holy damage to all enemy targets within 10 yards and healing all party members within 10 yards for 
165 to 
192. These effects cause no threat.",Healing,Utility,0,,520 Mana,,Cooldown,"AOE, FILLER, HEAL, HEAL_AOE",https://www.wowhead.com/tbc/spell=27799,Talent-required
Priest,"Discipline, Holy",Talent Ability,Holy Nova,27800,15237,Rank 5,52,"Causes an explosion of holy light around the caster, causing 
146 to 
168 Holy damage to all enemy targets within 10 yards and healing all party members within 10 yards for 
239 to 
276. These effects cause no threat.",Healing,Utility,0,,635 Mana,,Cooldown,"AOE, FILLER, HEAL, HEAL_AOE",https://www.wowhead.com/tbc/spell=27800,Talent-required
Priest,"Discipline, Holy",Talent Ability,Holy Nova,27801,15237,Rank 6,60,"Causes an explosion of holy light around the caster, causing 
188 to 
217 Holy damage to all enemy targets within 10 yards and healing all party members within 10 yards for 
307 to 
356. These effects cause no threat.",Healing,Utility,0,,750 Mana,,Cooldown,"AOE, FILLER, HEAL, HEAL_AOE",https://www.wowhead.com/tbc/spell=27801,Talent-required
Priest,Holy,Talent,Blessed Recovery,27811,27811,Rank 1/3,,"After being struck by a melee or ranged critical hit, heal 8% of the damage taken over 6 sec.",Talent Passive,Data only,,,,,Data only,TALENT,https://www.wowhead.com/tbc/spell=27811,Talent: Blessed Recovery; tree row 3
Priest,Holy,Talent,Blessed Recovery,27815,27811,Rank 2/3,,"After being struck by a melee or ranged critical hit, heal 16% of the damage taken over 6 sec.",Talent Passive,Data only,,,,,Data only,TALENT,https://www.wowhead.com/tbc/spell=27815,Talent: Blessed Recovery; tree row 3
Priest,Holy,Talent,Blessed Recovery,27816,27811,Rank 3/3,,"After being struck by a melee or ranged critical hit, heal 25% of the damage taken over 6 sec.",Talent Passive,Data only,,,,,Data only,TALENT,https://www.wowhead.com/tbc/spell=27816,Talent: Blessed Recovery; tree row 3
Priest,Holy,Talent,Blessed Resilience,33142,33142,Rank 1/3,,Critical hits made against you have a 20% chance to prevent you from being critically hit again for 6 sec.,Talent Passive,Data only,,6,,,Data only,TALENT,https://www.wowhead.com/tbc/spell=33142,Talent: Blessed Resilience; tree row 7
Priest,Holy,Talent,Blessed Resilience,33145,33142,Rank 2/3,,Critical hits made against you have a 40% chance to prevent you from being critically hit again for 6 sec.,Talent Passive,Data only,,6,,,Data only,TALENT,https://www.wowhead.com/tbc/spell=33145,Talent: Blessed Resilience; tree row 7
Priest,Holy,Talent,Blessed Resilience,33146,33142,Rank 3/3,,Critical hits made against you have a 60% chance to prevent you from being critically hit again for 6 sec.,Talent Passive,Data only,,6,,,Data only,TALENT,https://www.wowhead.com/tbc/spell=33146,Talent: Blessed Resilience; tree row 7
Priest,Holy,Talent Ability,Circle of Healing,34861,34861,Rank 1/1,,"Heals friendly target and that target's party members within 15 yards of the target for 
250 to 
274.",Healing,Utility,0,,300 Mana,,Cooldown,"FILLER, HEAL, HEAL_AOE, PVE",https://www.wowhead.com/tbc/spell=34861,Talent-required | Talent: Circle of Healing
Priest,Holy,Talent Ability,Circle of Healing,34863,34861,Rank 2,56,"Heals friendly target and that target's party members within 15 yards of the target for 
292 to 
323.",Healing,Utility,0,,337 Mana,,Cooldown,"FILLER, HEAL, HEAL_AOE, PVE",https://www.wowhead.com/tbc/spell=34863,Talent-required
Priest,Holy,Talent Ability,Circle of Healing,34864,34861,Rank 3,60,"Heals friendly target and that target's party members within 15 yards of the target for 
332 to 
367.",Healing,Utility,0,,375 Mana,,Cooldown,"FILLER, HEAL, HEAL_AOE, PVE",https://www.wowhead.com/tbc/spell=34864,Talent-required
Priest,Holy,Talent Ability,Circle of Healing,34865,34861,Rank 4,65,"Heals friendly target and that target's party members within 15 yards of the target for 
376 to 
415.",Healing,Utility,0,,412 Mana,,Cooldown,"FILLER, HEAL, HEAL_AOE, PVE",https://www.wowhead.com/tbc/spell=34865,Talent-required
Priest,Holy,Talent Ability,Circle of Healing,34866,34861,Rank 5,70,"Heals friendly target and that target's party members within 15 yards of the target for 
409 to 
451.",Healing,Utility,0,,450 Mana,,Cooldown,"FILLER, HEAL, HEAL_AOE, PVE",https://www.wowhead.com/tbc/spell=34866,Talent-required
Priest,Holy,Talent,Divine Fury,18530,18530,Rank 1/5,,"Reduces the casting time of your Smite, Holy Fire, Heal and Greater Heal spells by 0.1 sec.",Talent Passive,Data only,,,,,Data only,TALENT,https://www.wowhead.com/tbc/spell=18530,Talent: Divine Fury; tree row 2
Priest,Holy,Talent,Divine Fury,18531,18530,Rank 2/5,,"Reduces the casting time of your Smite, Holy Fire, Heal and Greater Heal spells by 0.2 sec.",Talent Passive,Data only,,,,,Data only,TALENT,https://www.wowhead.com/tbc/spell=18531,Talent: Divine Fury; tree row 2
Priest,Holy,Talent,Divine Fury,18533,18530,Rank 3/5,,"Reduces the casting time of your Smite, Holy Fire, Heal and Greater Heal spells by 0.3 sec.",Talent Passive,Data only,,,,,Data only,TALENT,https://www.wowhead.com/tbc/spell=18533,Talent: Divine Fury; tree row 2
Priest,Holy,Talent,Divine Fury,18534,18530,Rank 4/5,,"Reduces the casting time of your Smite, Holy Fire, Heal and Greater Heal spells by 0.4 sec.",Talent Passive,Data only,,,,,Data only,TALENT,https://www.wowhead.com/tbc/spell=18534,Talent: Divine Fury; tree row 2
Priest,Holy,Talent,Divine Fury,18535,18530,Rank 5/5,,"Reduces the casting time of your Smite, Holy Fire, Heal and Greater Heal spells by 0.5 sec.",Talent Passive,Data only,,,,,Data only,TALENT,https://www.wowhead.com/tbc/spell=18535,Talent: Divine Fury; tree row 2
Priest,Holy,Talent,Empowered Healing,33158,33158,Rank 1/5,,Your Greater Heal spell gains an additional 4% and your Flash Heal and Binding Heal gain an additional 2% of your bonus healing effects.,Talent Passive,Data only,,,,,Data only,TALENT,https://www.wowhead.com/tbc/spell=33158,Talent: Empowered Healing; tree row 8
Priest,Holy,Talent,Empowered Healing,33159,33158,Rank 2/5,,Your Greater Heal spell gains an additional 8% and your Flash Heal and Binding Heal gain an additional 4% of your bonus healing effects.,Talent Passive,Data only,,,,,Data only,TALENT,https://www.wowhead.com/tbc/spell=33159,Talent: Empowered Healing; tree row 8
Priest,Holy,Talent,Empowered Healing,33160,33158,Rank 3/5,,Your Greater Heal spell gains an additional 12% and your Flash Heal and Binding Heal gain an additional 6% of your bonus healing effects.,Talent Passive,Data only,,,,,Data only,TALENT,https://www.wowhead.com/tbc/spell=33160,Talent: Empowered Healing; tree row 8
Priest,Holy,Talent,Empowered Healing,33161,33158,Rank 4/5,,Your Greater Heal spell gains an additional 16% and your Flash Heal and Binding Heal gain an additional 8% of your bonus healing effects.,Talent Passive,Data only,,,,,Data only,TALENT,https://www.wowhead.com/tbc/spell=33161,Talent: Empowered Healing; tree row 8
Priest,Holy,Talent,Empowered Healing,33162,33158,Rank 5/5,,Your Greater Heal spell gains an additional 20% and your Flash Heal and Binding Heal gain an additional 10% of your bonus healing effects.,Talent Passive,Data only,,,,,Data only,TALENT,https://www.wowhead.com/tbc/spell=33162,Talent: Empowered Healing; tree row 8
Priest,Holy,Talent,Healing Focus,14913,14913,Rank 1/2,,Gives you a 35% chance to avoid interruption caused by damage while casting any healing spell.,Talent Passive,Data only,,,,,Data only,TALENT,https://www.wowhead.com/tbc/spell=14913,Talent: Healing Focus; tree row 1
Priest,Holy,Talent,Healing Focus,15012,14913,Rank 2/2,,Gives you a 70% chance to avoid interruption caused by damage while casting any healing spell.,Talent Passive,Data only,,,,,Data only,TALENT,https://www.wowhead.com/tbc/spell=15012,Talent: Healing Focus; tree row 1
Priest,Holy,Talent,Healing Prayers,14911,14911,Rank 1/2,,Reduces the mana cost of your Prayer of Healing and Prayer of Mending spell by 10%.,Talent Passive,Data only,,,,,Data only,TALENT,https://www.wowhead.com/tbc/spell=14911,Talent: Healing Prayers; tree row 5
Priest,Holy,Talent,Healing Prayers,15018,14911,Rank 2/2,,Reduces the mana cost of your Prayer of Healing and Prayer of Mending spell by 20%.,Talent Passive,Data only,,,,,Data only,TALENT,https://www.wowhead.com/tbc/spell=15018,Talent: Healing Prayers; tree row 5
Priest,Holy,Talent,Holy Concentration,34753,34753,Rank 1/3,,"Gives you a 2% chance to enter a Clearcasting state after casting any Flash Heal, Binding Heal, or Greater Heal spell. The Clearcasting state reduces the mana cost of your next Flash Heal, Binding Heal, or Greater Heal spell by 100%.",Talent Passive,Data only,,,,,Data only,TALENT,https://www.wowhead.com/tbc/spell=34753,Talent: Holy Concentration; tree row 7
Priest,Holy,Talent,Holy Concentration,34859,34753,Rank 2/3,,"Gives you a 4% chance to enter a Clearcasting state after casting any Flash Heal, Binding Heal, or Greater Heal spell. The Clearcasting state reduces the mana cost of your next Flash Heal, Binding Heal, or Greater Heal spell by 100%.",Talent Passive,Data only,,,,,Data only,TALENT,https://www.wowhead.com/tbc/spell=34859,Talent: Holy Concentration; tree row 7
Priest,Holy,Talent,Holy Concentration,34860,34753,Rank 3/3,,"Gives you a 6% chance to enter a Clearcasting state after casting any Flash Heal, Binding Heal, or Greater Heal spell. The Clearcasting state reduces the mana cost of your next Flash Heal, Binding Heal, or Greater Heal spell by 100%.",Talent Passive,Data only,,,,,Data only,TALENT,https://www.wowhead.com/tbc/spell=34860,Talent: Holy Concentration; tree row 7
Priest,Holy,Talent Ability,Holy Nova,15237,15237,Rank 1/1,,"Causes an explosion of holy light around the caster, causing 
29 to 
34 Holy damage to all enemy targets within 10 yards and healing all party members within 10 yards for 
54 to 
63. These effects cause no threat.",Healing,Utility,0,,185 Mana,,Cooldown,"AOE, FILLER, HEAL, HEAL_AOE",https://www.wowhead.com/tbc/spell=15237,Talent-required | Talent: Holy Nova
Priest,Holy,Talent,Holy Reach,27789,27789,Rank 1/2,,"Increases the range of your Smite and Holy Fire spells and the radius of your Prayer of Healing, Holy Nova and Circle of Healing spells by 10%.",Talent Passive,Data only,,,,,Data only,TALENT,https://www.wowhead.com/tbc/spell=27789,Talent: Holy Reach; tree row 4
Priest,Holy,Talent,Holy Reach,27790,27789,Rank 2/2,,"Increases the range of your Smite and Holy Fire spells and the radius of your Prayer of Healing, Holy Nova and Circle of Healing spells by 20%.",Talent Passive,Data only,,,,,Data only,TALENT,https://www.wowhead.com/tbc/spell=27790,Talent: Holy Reach; tree row 4
Priest,Holy,Talent,Holy Specialization,14889,14889,Rank 1/5,,Increases the critical effect chance of your Holy spells by 1%.,Talent Passive,Data only,,,,,Data only,TALENT,https://www.wowhead.com/tbc/spell=14889,Talent: Holy Specialization; tree row 1
Priest,Holy,Talent,Holy Specialization,15008,14889,Rank 2/5,,Increases the critical effect chance of your Holy spells by 2%.,Talent Passive,Data only,,,,,Data only,TALENT,https://www.wowhead.com/tbc/spell=15008,Talent: Holy Specialization; tree row 1
Priest,Holy,Talent,Holy Specialization,15009,14889,Rank 3/5,,Increases the critical effect chance of your Holy spells by 3%.,Talent Passive,Data only,,,,,Data only,TALENT,https://www.wowhead.com/tbc/spell=15009,Talent: Holy Specialization; tree row 1
Priest,Holy,Talent,Holy Specialization,15010,14889,Rank 4/5,,Increases the critical effect chance of your Holy spells by 4%.,Talent Passive,Data only,,,,,Data only,TALENT,https://www.wowhead.com/tbc/spell=15010,Talent: Holy Specialization; tree row 1
Priest,Holy,Talent,Holy Specialization,15011,14889,Rank 5/5,,Increases the critical effect chance of your Holy spells by 5%.,Talent Passive,Data only,,,,,Data only,TALENT,https://www.wowhead.com/tbc/spell=15011,Talent: Holy Specialization; tree row 1
Priest,Holy,Talent,Improved Healing,14912,14912,Rank 1/3,,"Reduces the mana cost of your Lesser Heal, Heal, and Greater Heal spells by 5%.",Talent Passive,Data only,,,,,Data only,TALENT,https://www.wowhead.com/tbc/spell=14912,Talent: Improved Healing; tree row 4
Priest,Holy,Talent,Improved Healing,15013,14912,Rank 2/3,,"Reduces the mana cost of your Lesser Heal, Heal, and Greater Heal spells by 10%.",Talent Passive,Data only,,,,,Data only,TALENT,https://www.wowhead.com/tbc/spell=15013,Talent: Improved Healing; tree row 4
Priest,Holy,Talent,Improved Healing,15014,14912,Rank 3/3,,"Reduces the mana cost of your Lesser Heal, Heal, and Greater Heal spells by 15%.",Talent Passive,Data only,,,,,Data only,TALENT,https://www.wowhead.com/tbc/spell=15014,Talent: Improved Healing; tree row 4
Priest,Holy,Talent,Improved Renew,14908,14908,Rank 1/3,,Increases the amount healed by your Renew spell by 5%.,Talent Passive,Data only,,,,,Data only,TALENT,https://www.wowhead.com/tbc/spell=14908,Talent: Improved Renew; tree row 1
Priest,Holy,Talent,Improved Renew,15020,14908,Rank 2/3,,Increases the amount healed by your Renew spell by 10%.,Talent Passive,Data only,,,,,Data only,TALENT,https://www.wowhead.com/tbc/spell=15020,Talent: Improved Renew; tree row 1
Priest,Holy,Talent,Improved Renew,17191,14908,Rank 3/3,,Increases the amount healed by your Renew spell by 15%.,Talent Passive,Data only,,,,,Data only,TALENT,https://www.wowhead.com/tbc/spell=17191,Talent: Improved Renew; tree row 1
Priest,Holy,Talent,Inspiration,14892,14892,Rank 1/3,,"Increases your target's armor by 8% for 15 sec after getting a critical effect from your Flash Heal, Heal, Greater Heal, Binding Heal, Prayer of Healing, or Circle of Healing spell.",Talent Passive,Data only,,15,,,Data only,TALENT,https://www.wowhead.com/tbc/spell=14892,Talent: Inspiration; tree row 3
Priest,Holy,Talent,Inspiration,15362,14892,Rank 2/3,,"Increases your target's armor by 16% for 15 sec after getting a critical effect from your Flash Heal, Heal, Greater Heal, Binding Heal, Prayer of Healing, or Circle of Healing spell.",Talent Passive,Data only,,15,,,Data only,TALENT,https://www.wowhead.com/tbc/spell=15362,Talent: Inspiration; tree row 3
Priest,Holy,Talent,Inspiration,15363,14892,Rank 3/3,,"Increases your target's armor by 25% for 15 sec after getting a critical effect from your Flash Heal, Heal, Greater Heal, Binding Heal, Prayer of Healing, or Circle of Healing spell.",Talent Passive,Data only,,15,,,Data only,TALENT,https://www.wowhead.com/tbc/spell=15363,Talent: Inspiration; tree row 3
Priest,Holy,Talent Ability,Lightwell,724,724,Rank 1/1,,Creates a Holy Lightwell. Members of your raid or party can click the Lightwell to restore 801 health over 6 sec. Any damage taken will cancel the effect. Lightwell lasts for 3 min or 5 charges.,Healing,Utility,360,180,225 Mana,,Cooldown,"HEAL, HEAL_AOE, RAID_DEFENSIVE",https://www.wowhead.com/tbc/spell=724,Talent-required | Talent: Lightwell
Priest,Holy,Talent Ability,Lightwell,27870,724,Rank 2,50,Creates a Holy Lightwell. Members of your raid or party can click the Lightwell to restore 1164 health over 6 sec. Any damage taken will cancel the effect. Lightwell lasts for 3 min or 5 charges.,Healing,Utility,360,180,295 Mana,,Cooldown,"HEAL, HEAL_AOE, RAID_DEFENSIVE",https://www.wowhead.com/tbc/spell=27870,Talent-required
Priest,Holy,Talent Ability,Lightwell,27871,724,Rank 3,60,Creates a Holy Lightwell. Members of your raid or party can click the Lightwell to restore 1599 health over 6 sec. Any damage taken will cancel the effect. Lightwell lasts for 3 min or 5 charges.,Healing,Utility,360,180,365 Mana,,Cooldown,"HEAL, HEAL_AOE, RAID_DEFENSIVE",https://www.wowhead.com/tbc/spell=27871,Talent-required
Priest,Holy,Talent Ability,Lightwell,28275,724,Rank 4,70,Creates a Holy Lightwell. Members of your raid or party can click the Lightwell to restore 2361 health over 6 sec. Any damage taken will cancel the effect. Lightwell lasts for 3 min or 5 charges.,Healing,Utility,360,180,445 Mana,,Cooldown,"HEAL, HEAL_AOE, RAID_DEFENSIVE",https://www.wowhead.com/tbc/spell=28275,Talent-required
Priest,Holy,Talent,Searing Light,14909,14909,Rank 1/2,,Increases the damage of your Smite and Holy Fire spells by 5%.,Talent Passive,Data only,,,,,Data only,TALENT,https://www.wowhead.com/tbc/spell=14909,Talent: Searing Light; tree row 4
Priest,Holy,Talent,Searing Light,15017,14909,Rank 2/2,,Increases the damage of your Smite and Holy Fire spells by 10%.,Talent Passive,Data only,,,,,Data only,TALENT,https://www.wowhead.com/tbc/spell=15017,Talent: Searing Light; tree row 4
Priest,Holy,Talent,Spell Warding,27900,27900,Rank 1/5,,Reduces all spell damage taken by 2%.,Talent Passive,Data only,,,,,Data only,TALENT,https://www.wowhead.com/tbc/spell=27900,Talent: Spell Warding; tree row 2
Priest,Holy,Talent,Spell Warding,27901,27900,Rank 2/5,,Reduces all spell damage taken by 4%.,Talent Passive,Data only,,,,,Data only,TALENT,https://www.wowhead.com/tbc/spell=27901,Talent: Spell Warding; tree row 2
Priest,Holy,Talent,Spell Warding,27902,27900,Rank 3/5,,Reduces all spell damage taken by 6%.,Talent Passive,Data only,,,,,Data only,TALENT,https://www.wowhead.com/tbc/spell=27902,Talent: Spell Warding; tree row 2
Priest,Holy,Talent,Spell Warding,27903,27900,Rank 4/5,,Reduces all spell damage taken by 8%.,Talent Passive,Data only,,,,,Data only,TALENT,https://www.wowhead.com/tbc/spell=27903,Talent: Spell Warding; tree row 2
Priest,Holy,Talent,Spell Warding,27904,27900,Rank 5/5,,Reduces all spell damage taken by 10%.,Talent Passive,Data only,,,,,Data only,TALENT,https://www.wowhead.com/tbc/spell=27904,Talent: Spell Warding; tree row 2
Priest,Holy,Talent,Spirit of Redemption,20711,20711,Rank 1/1,,"Increases total Spirit by 5% and upon death, the priest becomes the Spirit of Redemption for 15 sec. The Spirit of Redemption cannot move, attack, be attacked or targeted by any spells or effects. While in this form the priest can cast any healing spell free of cost. When the effect ends, the priest dies.",Talent Passive,Data only,,15,,,Data only,TALENT,https://www.wowhead.com/tbc/spell=20711,Talent: Spirit of Redemption; tree row 5
Priest,Holy,Talent,Spiritual Guidance,14901,14901,Rank 1/5,,Increases spell damage and healing by up to 5% of your total Spirit.,Talent Passive,Data only,,,,,Data only,TALENT,https://www.wowhead.com/tbc/spell=14901,Talent: Spiritual Guidance; tree row 5
Priest,Holy,Talent,Spiritual Guidance,15028,14901,Rank 2/5,,Increases spell damage and healing by up to 10% of your total Spirit.,Talent Passive,Data only,,,,,Data only,TALENT,https://www.wowhead.com/tbc/spell=15028,Talent: Spiritual Guidance; tree row 5
Priest,Holy,Talent,Spiritual Guidance,15029,14901,Rank 3/5,,Increases spell damage and healing by up to 15% of your total Spirit.,Talent Passive,Data only,,,,,Data only,TALENT,https://www.wowhead.com/tbc/spell=15029,Talent: Spiritual Guidance; tree row 5
Priest,Holy,Talent,Spiritual Guidance,15030,14901,Rank 4/5,,Increases spell damage and healing by up to 20% of your total Spirit.,Talent Passive,Data only,,,,,Data only,TALENT,https://www.wowhead.com/tbc/spell=15030,Talent: Spiritual Guidance; tree row 5
Priest,Holy,Talent,Spiritual Guidance,15031,14901,Rank 5/5,,Increases spell damage and healing by up to 25% of your total Spirit.,Talent Passive,Data only,,,,,Data only,TALENT,https://www.wowhead.com/tbc/spell=15031,Talent: Spiritual Guidance; tree row 5
Priest,Holy,Talent,Spiritual Healing,14898,14898,Rank 1/5,,Increases the amount healed by your healing spells by 2%.,Talent Passive,Data only,,,,,Data only,TALENT,https://www.wowhead.com/tbc/spell=14898,Talent: Spiritual Healing; tree row 6
Priest,Holy,Talent,Spiritual Healing,15349,14898,Rank 2/5,,Increases the amount healed by your healing spells by 4%.,Talent Passive,Data only,,,,,Data only,TALENT,https://www.wowhead.com/tbc/spell=15349,Talent: Spiritual Healing; tree row 6
Priest,Holy,Talent,Spiritual Healing,15354,14898,Rank 3/5,,Increases the amount healed by your healing spells by 6%.,Talent Passive,Data only,,,,,Data only,TALENT,https://www.wowhead.com/tbc/spell=15354,Talent: Spiritual Healing; tree row 6
Priest,Holy,Talent,Spiritual Healing,15355,14898,Rank 4/5,,Increases the amount healed by your healing spells by 8%.,Talent Passive,Data only,,,,,Data only,TALENT,https://www.wowhead.com/tbc/spell=15355,Talent: Spiritual Healing; tree row 6
Priest,Holy,Talent,Spiritual Healing,15356,14898,Rank 5/5,,Increases the amount healed by your healing spells by 10%.,Talent Passive,Data only,,,,,Data only,TALENT,https://www.wowhead.com/tbc/spell=15356,Talent: Spiritual Healing; tree row 6
Priest,Holy,Talent,Surge of Light,33150,33150,Rank 1/2,,"Your spell criticals have a 25% chance to cause your next Smite spell to be instant cast, cost no mana but be incapable of a critical hit. This effect lasts 10 sec.",Talent Passive,Data only,,10,,,Data only,TALENT,https://www.wowhead.com/tbc/spell=33150,Talent: Surge of Light; tree row 6
Priest,Holy,Talent,Surge of Light,33154,33150,Rank 2/2,,"Your spell criticals have a 50% chance to cause your next Smite spell to be instant cast, cost no mana but be incapable of a critical hit. This effect lasts 10 sec.",Talent Passive,Data only,,10,,,Data only,TALENT,https://www.wowhead.com/tbc/spell=33154,Talent: Surge of Light; tree row 6
Priest,"Holy, Discipline",Ability,Binding Heal,32546,32546,,64,"Heals a friendly target and the caster for 
1053 to 
1350. Low threat.",Healing,Utility,0,,705 Mana,,Cooldown,"FILLER, HEAL, HEAL_SINGLE, PVE_PVP",https://www.wowhead.com/tbc/spell=32546,
Priest,"Holy, Discipline",Ability,Prayer of Mending,33076,33076,,68,"Places a spell on the target that heals them for 800 the next time they take damage. When the heal occurs, Prayer of Mending jumps to a raid member within 20 yards. Jumps up to 5 times and lasts 30 sec after each jump. This spell can only be placed on one target at a time.",Healing,Utility,10,30,390 Mana,41635,Cooldown + aura,"HEAL, HEAL_SINGLE, PVE_PVP, ROTATIONAL",https://www.wowhead.com/tbc/spell=33076,
Priest,"Holy, Discipline",Ability,Renew,139,139,Rank 1,8,Heals the target for 45 over 15 sec.,Healing,Utility,0,15,30 Mana,,Cooldown,"HEAL, HEAL_SINGLE, HOT, PVE_PVP, ROTATIONAL",https://www.wowhead.com/tbc/spell=139,
Priest,"Holy, Discipline",Ability,Renew,6074,139,Rank 2,14,Heals the target for 100 over 15 sec.,Healing,Utility,0,15,65 Mana,,Cooldown,"HEAL, HEAL_SINGLE, HOT, PVE_PVP, ROTATIONAL",https://www.wowhead.com/tbc/spell=6074,
Priest,"Holy, Discipline",Ability,Renew,6075,139,Rank 3,20,Heals the target for 175 over 15 sec.,Healing,Utility,0,15,105 Mana,,Cooldown,"HEAL, HEAL_SINGLE, HOT, PVE_PVP, ROTATIONAL",https://www.wowhead.com/tbc/spell=6075,
Priest,"Holy, Discipline",Ability,Renew,6076,139,Rank 4,26,Heals the target for 245 over 15 sec.,Healing,Utility,0,15,140 Mana,,Cooldown,"HEAL, HEAL_SINGLE, HOT, PVE_PVP, ROTATIONAL",https://www.wowhead.com/tbc/spell=6076,
Priest,"Holy, Discipline",Ability,Renew,6077,139,Rank 5,32,Heals the target for 315 over 15 sec.,Healing,Utility,0,15,170 Mana,,Cooldown,"HEAL, HEAL_SINGLE, HOT, PVE_PVP, ROTATIONAL",https://www.wowhead.com/tbc/spell=6077,
Priest,"Holy, Discipline",Ability,Renew,6078,139,Rank 6,38,Heals the target for 400 over 15 sec.,Healing,Utility,0,15,205 Mana,,Cooldown,"HEAL, HEAL_SINGLE, HOT, PVE_PVP, ROTATIONAL",https://www.wowhead.com/tbc/spell=6078,
Priest,"Holy, Discipline",Ability,Renew,10927,139,Rank 7,44,Heals the target for 510 over 15 sec.,Healing,Utility,0,15,250 Mana,,Cooldown,"HEAL, HEAL_SINGLE, HOT, PVE_PVP, ROTATIONAL",https://www.wowhead.com/tbc/spell=10927,
Priest,"Holy, Discipline",Ability,Renew,10928,139,Rank 8,50,Heals the target for 650 over 15 sec.,Healing,Utility,0,15,305 Mana,,Cooldown,"HEAL, HEAL_SINGLE, HOT, PVE_PVP, ROTATIONAL",https://www.wowhead.com/tbc/spell=10928,
Priest,"Holy, Discipline",Ability,Renew,10929,139,Rank 9,56,Heals the target for 810 over 15 sec.,Healing,Utility,0,15,365 Mana,,Cooldown,"HEAL, HEAL_SINGLE, HOT, PVE_PVP, ROTATIONAL",https://www.wowhead.com/tbc/spell=10929,
Priest,"Holy, Discipline",Ability,Renew,25221,139,Rank 10,65,Heals the target for 1010 over 15 sec.,Healing,Utility,0,15,430 Mana,,Cooldown,"HEAL, HEAL_SINGLE, HOT, PVE_PVP, ROTATIONAL",https://www.wowhead.com/tbc/spell=25221,
Priest,"Holy, Discipline",Ability,Renew,25222,139,Rank 11,70,Heals the target for 1110 over 15 sec.,Healing,Utility,0,15,450 Mana,,Cooldown,"HEAL, HEAL_SINGLE, HOT, PVE_PVP, ROTATIONAL",https://www.wowhead.com/tbc/spell=25222,
Priest,"Holy, Discipline",Ability,Renew,25315,139,Rank 12,60,Heals the target for 970 over 15 sec.,Healing,Utility,0,15,410 Mana,,Cooldown,"HEAL, HEAL_SINGLE, HOT, PVE_PVP, ROTATIONAL",https://www.wowhead.com/tbc/spell=25315,
Priest,Shadow,Ability,Mind Blast,8092,8092,Rank 1,10,"Blasts the target for 
42 to 
46 Shadow damage.",Offensive,Main,8,,50 Mana,,Cooldown,"DPS, PVE_PVP, ROTATIONAL",https://www.wowhead.com/tbc/spell=8092,
Priest,Shadow,Ability,Mind Blast,8102,8092,Rank 2,16,"Blasts the target for 
76 to 
83 Shadow damage.",Offensive,Main,8,,80 Mana,,Cooldown,"DPS, PVE_PVP, ROTATIONAL",https://www.wowhead.com/tbc/spell=8102,
Priest,Shadow,Ability,Mind Blast,8103,8092,Rank 3,22,"Blasts the target for 
117 to 
126 Shadow damage.",Offensive,Main,8,,110 Mana,,Cooldown,"DPS, PVE_PVP, ROTATIONAL",https://www.wowhead.com/tbc/spell=8103,
Priest,Shadow,Ability,Mind Blast,8104,8092,Rank 4,28,"Blasts the target for 
174 to 
184 Shadow damage.",Offensive,Main,8,,150 Mana,,Cooldown,"DPS, PVE_PVP, ROTATIONAL",https://www.wowhead.com/tbc/spell=8104,
Priest,Shadow,Ability,Mind Blast,8105,8092,Rank 5,34,"Blasts the target for 
225 to 
239 Shadow damage.",Offensive,Main,8,,185 Mana,,Cooldown,"DPS, PVE_PVP, ROTATIONAL",https://www.wowhead.com/tbc/spell=8105,
Priest,Shadow,Ability,Mind Blast,8106,8092,Rank 6,40,"Blasts the target for 
288 to 
307 Shadow damage.",Offensive,Main,8,,225 Mana,,Cooldown,"DPS, PVE_PVP, ROTATIONAL",https://www.wowhead.com/tbc/spell=8106,
Priest,Shadow,Ability,Mind Blast,10945,8092,Rank 7,46,"Blasts the target for 
356 to 
377 Shadow damage.",Offensive,Main,8,,265 Mana,,Cooldown,"DPS, PVE_PVP, ROTATIONAL",https://www.wowhead.com/tbc/spell=10945,
Priest,Shadow,Ability,Mind Blast,10946,8092,Rank 8,52,"Blasts the target for 
437 to 
461 Shadow damage.",Offensive,Main,8,,310 Mana,,Cooldown,"DPS, PVE_PVP, ROTATIONAL",https://www.wowhead.com/tbc/spell=10946,
Priest,Shadow,Ability,Mind Blast,10947,8092,Rank 9,58,"Blasts the target for 
516 to 
544 Shadow damage.",Offensive,Main,8,,350 Mana,,Cooldown,"DPS, PVE_PVP, ROTATIONAL",https://www.wowhead.com/tbc/spell=10947,
Priest,Shadow,Ability,Mind Blast,25372,8092,Rank 10,63,"Blasts the target for 
571 to 
602 Shadow damage.",Offensive,Main,8,,380 Mana,,Cooldown,"DPS, PVE_PVP, ROTATIONAL",https://www.wowhead.com/tbc/spell=25372,
Priest,Shadow,Ability,Mind Blast,25375,8092,Rank 11,69,"Blasts the target for 
711 to 
752 Shadow damage.",Offensive,Main,8,,450 Mana,,Cooldown,"DPS, PVE_PVP, ROTATIONAL",https://www.wowhead.com/tbc/spell=25375,
Priest,Shadow,Ability,Shadow Word: Death,32379,32996,Rank 1,62,"A word of dark binding that inflicts 450 to 522 Shadow damage to the target. If the target is not killed by Shadow Word: Death, the caster takes damage equal to the damage inflicted upon the target.",Offensive,Main,12,,243 Mana,,Cooldown,"DPS, PVE_PVP, ROTATIONAL",https://www.wowhead.com/tbc/spell=32379,
Priest,Shadow,Ability,Shadow Word: Death,32996,32996,Rank 2,70,"A word of dark binding that inflicts 572 to 664 Shadow damage to the target. If the target is not killed by Shadow Word: Death, the caster takes damage equal to the damage inflicted upon the target.",Offensive,Main,12,,309 Mana,,Cooldown,"DPS, PVE_PVP, ROTATIONAL",https://www.wowhead.com/tbc/spell=32996,
Priest,Shadow,Ability,Shadow Word: Pain,589,589,Rank 1,4,A word of darkness that causes 30 Shadow damage over 18 sec.,Offensive,Main,0,18,25 Mana,,Cooldown,"DEBUFF, DPS, PVE_PVP, ROTATIONAL",https://www.wowhead.com/tbc/spell=589,
Priest,Shadow,Ability,Shadow Word: Pain,594,589,Rank 2,10,A word of darkness that causes 66 Shadow damage over 18 sec.,Offensive,Main,0,18,50 Mana,,Cooldown,"DEBUFF, DPS, PVE_PVP, ROTATIONAL",https://www.wowhead.com/tbc/spell=594,
Priest,Shadow,Ability,Shadow Word: Pain,970,589,Rank 3,18,A word of darkness that causes 132 Shadow damage over 18 sec.,Offensive,Main,0,18,95 Mana,,Cooldown,"DEBUFF, DPS, PVE_PVP, ROTATIONAL",https://www.wowhead.com/tbc/spell=970,
Priest,Shadow,Ability,Shadow Word: Pain,992,589,Rank 4,26,A word of darkness that causes 234 Shadow damage over 18 sec.,Offensive,Main,0,18,155 Mana,,Cooldown,"DEBUFF, DPS, PVE_PVP, ROTATIONAL",https://www.wowhead.com/tbc/spell=992,
Priest,Shadow,Ability,Shadow Word: Pain,2767,589,Rank 5,34,A word of darkness that causes 366 Shadow damage over 18 sec.,Offensive,Main,0,18,230 Mana,,Cooldown,"DEBUFF, DPS, PVE_PVP, ROTATIONAL",https://www.wowhead.com/tbc/spell=2767,
Priest,Shadow,Ability,Shadow Word: Pain,10892,589,Rank 6,42,A word of darkness that causes 510 Shadow damage over 18 sec.,Offensive,Main,0,18,305 Mana,,Cooldown,"DEBUFF, DPS, PVE_PVP, ROTATIONAL",https://www.wowhead.com/tbc/spell=10892,
Priest,Shadow,Ability,Shadow Word: Pain,10893,589,Rank 7,50,A word of darkness that causes 672 Shadow damage over 18 sec.,Offensive,Main,0,18,385 Mana,,Cooldown,"DEBUFF, DPS, PVE_PVP, ROTATIONAL",https://www.wowhead.com/tbc/spell=10893,
Priest,Shadow,Ability,Shadow Word: Pain,10894,589,Rank 8,58,A word of darkness that causes 852 Shadow damage over 18 sec.,Offensive,Main,0,18,470 Mana,,Cooldown,"DEBUFF, DPS, PVE_PVP, ROTATIONAL",https://www.wowhead.com/tbc/spell=10894,
Priest,Shadow,Ability,Shadow Word: Pain,25367,589,Rank 9,65,A word of darkness that causes 1002 Shadow damage over 18 sec.,Offensive,Main,0,18,510 Mana,,Cooldown,"DEBUFF, DPS, PVE_PVP, ROTATIONAL",https://www.wowhead.com/tbc/spell=25367,
Priest,Shadow,Ability,Shadow Word: Pain,25368,589,Rank 10,70,A word of darkness that causes 1236 Shadow damage over 18 sec.,Offensive,Main,0,18,575 Mana,,Cooldown,"DEBUFF, DPS, PVE_PVP, ROTATIONAL",https://www.wowhead.com/tbc/spell=25368,
Priest,Shadow,Talent,Blackout,15268,15268,Rank 1/5,,Gives your Shadow damage spells a 2% chance to stun the target for 3 sec.,Talent Passive,Data only,,3,,,Data only,TALENT,https://www.wowhead.com/tbc/spell=15268,Talent: Blackout; tree row 1
Priest,Shadow,Talent,Blackout,15323,15268,Rank 2/5,,Gives your Shadow damage spells a 4% chance to stun the target for 3 sec.,Talent Passive,Data only,,3,,,Data only,TALENT,https://www.wowhead.com/tbc/spell=15323,Talent: Blackout; tree row 1
Priest,Shadow,Talent,Blackout,15324,15268,Rank 3/5,,Gives your Shadow damage spells a 6% chance to stun the target for 3 sec.,Talent Passive,Data only,,3,,,Data only,TALENT,https://www.wowhead.com/tbc/spell=15324,Talent: Blackout; tree row 1
Priest,Shadow,Talent,Blackout,15325,15268,Rank 4/5,,Gives your Shadow damage spells a 8% chance to stun the target for 3 sec.,Talent Passive,Data only,,3,,,Data only,TALENT,https://www.wowhead.com/tbc/spell=15325,Talent: Blackout; tree row 1
Priest,Shadow,Talent,Blackout,15326,15268,Rank 5/5,,Gives your Shadow damage spells a 10% chance to stun the target for 3 sec.,Talent Passive,Data only,,3,,,Data only,TALENT,https://www.wowhead.com/tbc/spell=15326,Talent: Blackout; tree row 1
Priest,Shadow,Talent,Darkness,15259,15259,Rank 1/5,,Increases your Shadow spell damage by 2%.,Talent Passive,Data only,,,,,Data only,TALENT,https://www.wowhead.com/tbc/spell=15259,Talent: Darkness; tree row 6
Priest,Shadow,Talent,Darkness,15307,15259,Rank 2/5,,Increases your Shadow spell damage by 4%.,Talent Passive,Data only,,,,,Data only,TALENT,https://www.wowhead.com/tbc/spell=15307,Talent: Darkness; tree row 6
Priest,Shadow,Talent,Darkness,15308,15259,Rank 3/5,,Increases your Shadow spell damage by 6%.,Talent Passive,Data only,,,,,Data only,TALENT,https://www.wowhead.com/tbc/spell=15308,Talent: Darkness; tree row 6
Priest,Shadow,Talent,Darkness,15309,15259,Rank 4/5,,Increases your Shadow spell damage by 8%.,Talent Passive,Data only,,,,,Data only,TALENT,https://www.wowhead.com/tbc/spell=15309,Talent: Darkness; tree row 6
Priest,Shadow,Talent,Darkness,15310,15259,Rank 5/5,,Increases your Shadow spell damage by 10%.,Talent Passive,Data only,,,,,Data only,TALENT,https://www.wowhead.com/tbc/spell=15310,Talent: Darkness; tree row 6
Priest,Shadow,Talent,Focused Mind,33213,33213,Rank 1/3,,"Reduces the mana cost of your Mind Blast, Mind Control and Mind Flay spells by 5%.",Talent Passive,Data only,,,,,Data only,TALENT,https://www.wowhead.com/tbc/spell=33213,Talent: Focused Mind; tree row 5
Priest,Shadow,Talent,Focused Mind,33214,33213,Rank 2/3,,"Reduces the mana cost of your Mind Blast, Mind Control and Mind Flay spells by 10%.",Talent Passive,Data only,,,,,Data only,TALENT,https://www.wowhead.com/tbc/spell=33214,Talent: Focused Mind; tree row 5
Priest,Shadow,Talent,Focused Mind,33215,33213,Rank 3/3,,"Reduces the mana cost of your Mind Blast, Mind Control and Mind Flay spells by 15%.",Talent Passive,Data only,,,,,Data only,TALENT,https://www.wowhead.com/tbc/spell=33215,Talent: Focused Mind; tree row 5
Priest,Shadow,Talent,Improved Fade,15274,15274,Rank 1/2,,Decreases the cooldown of your Fade ability by 3 sec.,Talent Passive,Data only,,,,,Data only,TALENT,https://www.wowhead.com/tbc/spell=15274,Talent: Improved Fade; tree row 4
Priest,Shadow,Talent,Improved Fade,15311,15274,Rank 2/2,,Decreases the cooldown of your Fade ability by 6 sec.,Talent Passive,Data only,,,,,Data only,TALENT,https://www.wowhead.com/tbc/spell=15311,Talent: Improved Fade; tree row 4
Priest,Shadow,Talent,Improved Mind Blast,15273,15273,Rank 1/5,,Reduces the cooldown of your Mind Blast spell by 0.5 sec.,Talent Passive,Data only,,,,,Data only,TALENT,https://www.wowhead.com/tbc/spell=15273,Talent: Improved Mind Blast; tree row 3
Priest,Shadow,Talent,Improved Mind Blast,15312,15273,Rank 2/5,,Reduces the cooldown of your Mind Blast spell by 1 sec.,Talent Passive,Data only,,,,,Data only,TALENT,https://www.wowhead.com/tbc/spell=15312,Talent: Improved Mind Blast; tree row 3
Priest,Shadow,Talent,Improved Mind Blast,15313,15273,Rank 3/5,,Reduces the cooldown of your Mind Blast spell by 1.5 sec.,Talent Passive,Data only,,,,,Data only,TALENT,https://www.wowhead.com/tbc/spell=15313,Talent: Improved Mind Blast; tree row 3
Priest,Shadow,Talent,Improved Mind Blast,15314,15273,Rank 4/5,,Reduces the cooldown of your Mind Blast spell by 2 sec.,Talent Passive,Data only,,,,,Data only,TALENT,https://www.wowhead.com/tbc/spell=15314,Talent: Improved Mind Blast; tree row 3
Priest,Shadow,Talent,Improved Mind Blast,15316,15273,Rank 5/5,,Reduces the cooldown of your Mind Blast spell by 2.5 sec.,Talent Passive,Data only,,,,,Data only,TALENT,https://www.wowhead.com/tbc/spell=15316,Talent: Improved Mind Blast; tree row 3
Priest,Shadow,Talent,Improved Psychic Scream,15392,15392,Rank 1/2,,Reduces the cooldown of your Psychic Scream spell by 2 sec.,Talent Passive,Data only,,,,,Data only,TALENT,https://www.wowhead.com/tbc/spell=15392,Talent: Improved Psychic Scream; tree row 3
Priest,Shadow,Talent,Improved Psychic Scream,15448,15392,Rank 2/2,,Reduces the cooldown of your Psychic Scream spell by 4 sec.,Talent Passive,Data only,,,,,Data only,TALENT,https://www.wowhead.com/tbc/spell=15448,Talent: Improved Psychic Scream; tree row 3
Priest,Shadow,Talent,Improved Shadow Word: Pain,15275,15275,Rank 1/2,,Increases the duration of your Shadow Word: Pain spell by 3 sec.,Talent Passive,Data only,,,,,Data only,TALENT,https://www.wowhead.com/tbc/spell=15275,Talent: Improved Shadow Word: Pain; tree row 2
Priest,Shadow,Talent,Improved Shadow Word: Pain,15317,15275,Rank 2/2,,Increases the duration of your Shadow Word: Pain spell by 6 sec.,Talent Passive,Data only,,,,,Data only,TALENT,https://www.wowhead.com/tbc/spell=15317,Talent: Improved Shadow Word: Pain; tree row 2
Priest,Shadow,Talent,Improved Vampiric Embrace,27839,27839,Rank 1/2,,Increases the percentage healed by Vampiric Embrace by an additional 5%.,Talent Passive,Data only,,,,,Data only,TALENT,https://www.wowhead.com/tbc/spell=27839,Talent: Improved Vampiric Embrace; tree row 5
Priest,Shadow,Talent,Improved Vampiric Embrace,27840,27839,Rank 2/2,,Increases the percentage healed by Vampiric Embrace by an additional 10%.,Talent Passive,Data only,,,,,Data only,TALENT,https://www.wowhead.com/tbc/spell=27840,Talent: Improved Vampiric Embrace; tree row 5
Priest,Shadow,Talent Ability,Mind Flay,15407,15407,Rank 1/1,,"Assault the target's mind with Shadow energy, causing 75 Shadow damage over 3 sec and slowing their movement speed by 50%.",Crowd Control,Utility,0,3,45 Mana,,Cooldown,"CC_SOFT, DPS, PVE_PVP, ROTATIONAL",https://www.wowhead.com/tbc/spell=15407,Talent-required | Talent: Mind Flay
Priest,Shadow,Talent Ability,Mind Flay,17311,15407,Rank 2,28,"Assault the target's mind with Shadow energy, causing 126 Shadow damage over 3 sec and slowing their movement speed by 50%.",Crowd Control,Utility,0,3,70 Mana,,Cooldown,"CC_SOFT, DPS, PVE_PVP, ROTATIONAL",https://www.wowhead.com/tbc/spell=17311,Talent-required
Priest,Shadow,Talent Ability,Mind Flay,17312,15407,Rank 3,36,"Assault the target's mind with Shadow energy, causing 186 Shadow damage over 3 sec and slowing their movement speed by 50%.",Crowd Control,Utility,0,3,100 Mana,,Cooldown,"CC_SOFT, DPS, PVE_PVP, ROTATIONAL",https://www.wowhead.com/tbc/spell=17312,Talent-required
Priest,Shadow,Talent Ability,Mind Flay,17313,15407,Rank 4,44,"Assault the target's mind with Shadow energy, causing 261 Shadow damage over 3 sec and slowing their movement speed by 50%.",Crowd Control,Utility,0,3,135 Mana,,Cooldown,"CC_SOFT, DPS, PVE_PVP, ROTATIONAL",https://www.wowhead.com/tbc/spell=17313,Talent-required
Priest,Shadow,Talent Ability,Mind Flay,17314,15407,Rank 5,52,"Assault the target's mind with Shadow energy, causing 330 Shadow damage over 3 sec and slowing their movement speed by 50%.",Crowd Control,Utility,0,3,165 Mana,,Cooldown,"CC_SOFT, DPS, PVE_PVP, ROTATIONAL",https://www.wowhead.com/tbc/spell=17314,Talent-required
Priest,Shadow,Talent Ability,Mind Flay,18807,15407,Rank 6,60,"Assault the target's mind with Shadow energy, causing 426 Shadow damage over 3 sec and slowing their movement speed by 50%.",Crowd Control,Utility,0,3,205 Mana,,Cooldown,"CC_SOFT, DPS, PVE_PVP, ROTATIONAL",https://www.wowhead.com/tbc/spell=18807,Talent-required
Priest,Shadow,Talent Ability,Mind Flay,25387,15407,Rank 7,68,"Assault the target's mind with Shadow energy, causing 528 Shadow damage over 3 sec and slowing the target to 50% of their movement speed.",Crowd Control,Utility,0,3,230 Mana,,Cooldown,"CC_SOFT, DPS, PVE_PVP, ROTATIONAL",https://www.wowhead.com/tbc/spell=25387,Talent-required
Priest,Shadow,Talent,Misery,33191,33191,Rank 1/5,,"Your Shadow Word: Pain, Mind Flay and Vampiric Touch spells also cause the target to take an additional 1% spell damage.",Talent Passive,Data only,,,,,Data only,TALENT,https://www.wowhead.com/tbc/spell=33191,Talent: Misery; tree row 8
Priest,Shadow,Talent,Misery,33192,33191,Rank 2/5,,"Your Shadow Word: Pain, Mind Flay and Vampiric Touch spells also cause the target to take an additional 2% spell damage.",Talent Passive,Data only,,,,,Data only,TALENT,https://www.wowhead.com/tbc/spell=33192,Talent: Misery; tree row 8
Priest,Shadow,Talent,Misery,33193,33191,Rank 3/5,,"Your Shadow Word: Pain, Mind Flay and Vampiric Touch spells also cause the target to take an additional 3% spell damage.",Talent Passive,Data only,,,,,Data only,TALENT,https://www.wowhead.com/tbc/spell=33193,Talent: Misery; tree row 8
Priest,Shadow,Talent,Misery,33194,33191,Rank 4/5,,"Your Shadow Word: Pain, Mind Flay and Vampiric Touch spells also cause the target to take an additional 4% spell damage.",Talent Passive,Data only,,,,,Data only,TALENT,https://www.wowhead.com/tbc/spell=33194,Talent: Misery; tree row 8
Priest,Shadow,Talent,Misery,33195,33191,Rank 5/5,,"Your Shadow Word: Pain, Mind Flay and Vampiric Touch spells also cause the target to take an additional 5% spell damage.",Talent Passive,Data only,,,,,Data only,TALENT,https://www.wowhead.com/tbc/spell=33195,Talent: Misery; tree row 8
Priest,Shadow,Talent,Shadow Affinity,15272,15318,Rank 2/3,,Reduces the threat generated by your Shadow spells by 16%.,Talent Passive,Data only,,,,,Data only,TALENT,https://www.wowhead.com/tbc/spell=15272,Talent: Shadow Affinity; tree row 2
Priest,Shadow,Talent,Shadow Affinity,15318,15318,Rank 1/3,,Reduces the threat generated by your Shadow spells by 8%.,Talent Passive,Data only,,,,,Data only,TALENT,https://www.wowhead.com/tbc/spell=15318,Talent: Shadow Affinity; tree row 2
Priest,Shadow,Talent,Shadow Affinity,15320,15318,Rank 3/3,,Reduces the threat generated by your Shadow spells by 25%.,Talent Passive,Data only,,,,,Data only,TALENT,https://www.wowhead.com/tbc/spell=15320,Talent: Shadow Affinity; tree row 2
Priest,Shadow,Talent,Shadow Focus,15260,15260,Rank 1/5,,Reduces your target's chance to resist your Shadow spells by 2%.,Talent Passive,Data only,,,,,Data only,TALENT,https://www.wowhead.com/tbc/spell=15260,Talent: Shadow Focus; tree row 2
Priest,Shadow,Talent,Shadow Focus,15327,15260,Rank 2/5,,Reduces your target's chance to resist your Shadow spells by 4%.,Talent Passive,Data only,,,,,Data only,TALENT,https://www.wowhead.com/tbc/spell=15327,Talent: Shadow Focus; tree row 2
Priest,Shadow,Talent,Shadow Focus,15328,15260,Rank 3/5,,Reduces your target's chance to resist your Shadow spells by 6%.,Talent Passive,Data only,,,,,Data only,TALENT,https://www.wowhead.com/tbc/spell=15328,Talent: Shadow Focus; tree row 2
Priest,Shadow,Talent,Shadow Focus,15329,15260,Rank 4/5,,Reduces your target's chance to resist your Shadow spells by 8%.,Talent Passive,Data only,,,,,Data only,TALENT,https://www.wowhead.com/tbc/spell=15329,Talent: Shadow Focus; tree row 2
Priest,Shadow,Talent,Shadow Focus,15330,15260,Rank 5/5,,Reduces your target's chance to resist your Shadow spells by 10%.,Talent Passive,Data only,,,,,Data only,TALENT,https://www.wowhead.com/tbc/spell=15330,Talent: Shadow Focus; tree row 2
Priest,Shadow,Talent,Shadow Power,33221,33221,Rank 1/5,,Increases the critical strike chance of your Mind Blast and Shadow Word: Death spells by 3%.,Talent Passive,Data only,,,,,Data only,TALENT,https://www.wowhead.com/tbc/spell=33221,Talent: Shadow Power; tree row 7
Priest,Shadow,Talent,Shadow Power,33222,33221,Rank 2/5,,Increases the critical strike chance of your Mind Blast and Shadow Word: Death spells by 6%.,Talent Passive,Data only,,,,,Data only,TALENT,https://www.wowhead.com/tbc/spell=33222,Talent: Shadow Power; tree row 7
Priest,Shadow,Talent,Shadow Power,33223,33221,Rank 3/5,,Increases the critical strike chance of your Mind Blast and Shadow Word: Death spells by 9%.,Talent Passive,Data only,,,,,Data only,TALENT,https://www.wowhead.com/tbc/spell=33223,Talent: Shadow Power; tree row 7
Priest,Shadow,Talent,Shadow Power,33224,33221,Rank 4/5,,Increases the critical strike chance of your Mind Blast and Shadow Word: Death spells by 12%.,Talent Passive,Data only,,,,,Data only,TALENT,https://www.wowhead.com/tbc/spell=33224,Talent: Shadow Power; tree row 7
Priest,Shadow,Talent,Shadow Power,33225,33221,Rank 5/5,,Increases the critical strike chance of your Mind Blast and Shadow Word: Death spells by 15%.,Talent Passive,Data only,,,,,Data only,TALENT,https://www.wowhead.com/tbc/spell=33225,Talent: Shadow Power; tree row 7
Priest,Shadow,Talent,Shadow Reach,17322,17322,Rank 1/2,,Increases the range of your offensive Shadow spells by 10%.,Talent Passive,Data only,,,,,Data only,TALENT,https://www.wowhead.com/tbc/spell=17322,Talent: Shadow Reach; tree row 4
Priest,Shadow,Talent,Shadow Reach,17323,17322,Rank 2/2,,Increases the range of your offensive Shadow spells by 20%.,Talent Passive,Data only,,,,,Data only,TALENT,https://www.wowhead.com/tbc/spell=17323,Talent: Shadow Reach; tree row 4
Priest,Shadow,Talent,Shadow Resilience,14910,14910,Rank 1/2,,Reduces the chance you'll be critically hit by all spells by 2%.,Talent Passive,Data only,,,,,Data only,TALENT,https://www.wowhead.com/tbc/spell=14910,Talent: Shadow Resilience; tree row 6
Priest,Shadow,Talent,Shadow Resilience,33371,14910,Rank 2/2,,Reduces the chance you'll be critically hit by all spells by 4%.,Talent Passive,Data only,,,,,Data only,TALENT,https://www.wowhead.com/tbc/spell=33371,Talent: Shadow Resilience; tree row 6
Priest,Shadow,Talent,Shadow Weaving,15257,15257,Rank 1/5,,Your Shadow damage spells have a 20% chance to cause your target to be vulnerable to Shadow damage. This vulnerability increases the Shadow damage dealt to your target by 2% and lasts 15 sec. Stacks up to 5 times.,Talent Passive,Data only,,15,,,Data only,TALENT,https://www.wowhead.com/tbc/spell=15257,Talent: Shadow Weaving; tree row 4
Priest,Shadow,Talent,Shadow Weaving,15331,15257,Rank 2/5,,Your Shadow damage spells have a 40% chance to cause your target to be vulnerable to Shadow damage. This vulnerability increases the Shadow damage dealt to your target by 2% and lasts 15 sec. Stacks up to 5 times.,Talent Passive,Data only,,15,,,Data only,TALENT,https://www.wowhead.com/tbc/spell=15331,Talent: Shadow Weaving; tree row 4
Priest,Shadow,Talent,Shadow Weaving,15332,15257,Rank 3/5,,Your Shadow damage spells have a 60% chance to cause your target to be vulnerable to Shadow damage. This vulnerability increases the Shadow damage dealt to your target by 2% and lasts 15 sec. Stacks up to 5 times.,Talent Passive,Data only,,15,,,Data only,TALENT,https://www.wowhead.com/tbc/spell=15332,Talent: Shadow Weaving; tree row 4
Priest,Shadow,Talent,Shadow Weaving,15333,15257,Rank 4/5,,Your Shadow damage spells have a 80% chance to cause your target to be vulnerable to Shadow damage. This vulnerability increases the Shadow damage dealt to your target by 2% and lasts 15 sec. Stacks up to 5 times.,Talent Passive,Data only,,15,,,Data only,TALENT,https://www.wowhead.com/tbc/spell=15333,Talent: Shadow Weaving; tree row 4
Priest,Shadow,Talent,Shadow Weaving,15334,15257,Rank 5/5,,Your Shadow damage spells have a 100% chance to cause your target to be vulnerable to Shadow damage. This vulnerability increases the Shadow damage dealt to your target by 2% and lasts 15 sec. Stacks up to 5 times.,Talent Passive,Data only,,15,,,Data only,TALENT,https://www.wowhead.com/tbc/spell=15334,Talent: Shadow Weaving; tree row 4
Priest,Shadow,Talent Ability,Shadowform,15473,15473,Rank 1/1,,"Assume a Shadowform, increasing your Shadow damage by 15% and reducing Physical damage done to you by 15%. However, you may not cast Holy spells while in this form.",Form,Utility,1.5,,32% of base mana,,Cooldown,"DPS, MAJOR, SHAPESHIFT",https://www.wowhead.com/tbc/spell=15473,Talent-required | Talent: Shadowform
Priest,Shadow,Talent Ability,Silence,15487,15487,Rank 1/1,,"Silences the target, preventing them from casting spells for 5 sec.",Interrupt,Utility,45,5,225 Mana,,Cooldown,"INTERRUPT, SILENCE",https://www.wowhead.com/tbc/spell=15487,Talent-required | Talent: Silence
Priest,Shadow,Talent,Spirit Tap,15270,15270,Rank 1/5,,"Gives you a 20% chance to gain a 100% bonus to your Spirit after killing a target that yields experience or honor. For the duration, your mana will regenerate at a 50% rate while casting. Lasts 15 sec.",Talent Passive,Data only,,15,,,Data only,TALENT,https://www.wowhead.com/tbc/spell=15270,Talent: Spirit Tap; tree row 1
Priest,Shadow,Talent,Spirit Tap,15335,15270,Rank 2/5,,"Gives you a 40% chance to gain a 100% bonus to your Spirit after killing a target that yields experience or honor. For the duration, your mana will regenerate at a 50% rate while casting. Lasts 15 sec.",Talent Passive,Data only,,15,,,Data only,TALENT,https://www.wowhead.com/tbc/spell=15335,Talent: Spirit Tap; tree row 1
Priest,Shadow,Talent,Spirit Tap,15336,15270,Rank 3/5,,"Gives you a 60% chance to gain a 100% bonus to your Spirit after killing a target that yields experience or honor. For the duration, your mana will regenerate at a 50% rate while casting. Lasts 15 sec.",Talent Passive,Data only,,15,,,Data only,TALENT,https://www.wowhead.com/tbc/spell=15336,Talent: Spirit Tap; tree row 1
Priest,Shadow,Talent,Spirit Tap,15337,15270,Rank 4/5,,"Gives you a 80% chance to gain a 100% bonus to your Spirit after killing a target that yields experience or honor. For the duration, your mana will regenerate at a 50% rate while casting. Lasts 15 sec.",Talent Passive,Data only,,15,,,Data only,TALENT,https://www.wowhead.com/tbc/spell=15337,Talent: Spirit Tap; tree row 1
Priest,Shadow,Talent,Spirit Tap,15338,15270,Rank 5/5,,"Gives you a 100% chance to gain a 100% bonus to your Spirit after killing a target that yields experience or honor. For the duration, your mana will regenerate at a 50% rate while casting. Lasts 15 sec.",Talent Passive,Data only,,15,,,Data only,TALENT,https://www.wowhead.com/tbc/spell=15338,Talent: Spirit Tap; tree row 1
Priest,Shadow,Talent Ability,Vampiric Embrace,15286,15286,Rank 1/1,,Afflicts your target with Shadow energy that causes all party members to be healed for 15% of any Shadow spell damage you deal for 1 min.,Offensive,Main,10,60,2% of base mana,,Cooldown + aura,"DPS, HAS_DEBUFF, MAINTENANCE",https://www.wowhead.com/tbc/spell=15286,Talent-required | Talent: Vampiric Embrace
Priest,Shadow,Talent Ability,Vampiric Touch,34914,34914,Rank 1/1,,Causes 450 Shadow damage over 15 sec to your target and causes all party members to gain mana equal to 5% of any Shadow spell damage you deal.,Resource,Main,0,15,325 Mana,,Cooldown,"DEBUFF, DPS, PVE, RESOURCE, ROTATIONAL",https://www.wowhead.com/tbc/spell=34914,Talent-required | Talent: Vampiric Touch
Priest,Shadow,Talent Ability,Vampiric Touch,34916,34914,Rank 2,60,Causes 600 Shadow damage over 15 sec to your target and causes all party members to gain mana equal to 5% of any Shadow spell damage you deal.,Resource,Main,0,15,400 Mana,,Cooldown,"DEBUFF, DPS, PVE, RESOURCE, ROTATIONAL",https://www.wowhead.com/tbc/spell=34916,Talent-required
Priest,Shadow,Talent Ability,Vampiric Touch,34917,34914,Rank 3,70,Causes 650 Shadow damage over 15 sec to your target and causes all party members to gain mana equal to 5% of any Shadow spell damage you deal.,Resource,Main,0,15,425 Mana,,Cooldown,"DEBUFF, DPS, PVE, RESOURCE, ROTATIONAL",https://www.wowhead.com/tbc/spell=34917,Talent-required
Rogue,Assassination,Talent Ability,Cold Blood,14177,14177,Rank 1/1,,"When activated, increases the critical strike chance of your next offensive ability by 100%.",Offensive,Main,180,,,,Cooldown + aura,"DPS, HAS_BUFF, MAJOR",https://www.wowhead.com/tbc/spell=14177,Talent-required | Talent: Cold Blood
Rogue,Assassination,Talent,Deadened Nerves,31380,31380,Rank 1/5,,Decreases all physical damage taken by 1%.,Talent Passive,Data only,,,,,Data only,TALENT,https://www.wowhead.com/tbc/spell=31380,Talent: Deadened Nerves; tree row 7
Rogue,Assassination,Talent,Deadened Nerves,31382,31380,Rank 2/5,,Decreases all physical damage taken by 2%.,Talent Passive,Data only,,,,,Data only,TALENT,https://www.wowhead.com/tbc/spell=31382,Talent: Deadened Nerves; tree row 7
Rogue,Assassination,Talent,Deadened Nerves,31383,31380,Rank 3/5,,Decreases all physical damage taken by 3%.,Talent Passive,Data only,,,,,Data only,TALENT,https://www.wowhead.com/tbc/spell=31383,Talent: Deadened Nerves; tree row 7
Rogue,Assassination,Talent,Deadened Nerves,31384,31380,Rank 4/5,,Decreases all physical damage taken by 4%.,Talent Passive,Data only,,,,,Data only,TALENT,https://www.wowhead.com/tbc/spell=31384,Talent: Deadened Nerves; tree row 7
Rogue,Assassination,Talent,Deadened Nerves,31385,31380,Rank 5/5,,Decreases all physical damage taken by 5%.,Talent Passive,Data only,,,,,Data only,TALENT,https://www.wowhead.com/tbc/spell=31385,Talent: Deadened Nerves; tree row 7
Rogue,Assassination,Talent,Find Weakness,31233,31233,Rank 1/5,,Your finishing moves increase the damage of all your offensive abilities by 2% for 10 sec.,Talent Passive,Data only,,10,,,Data only,TALENT,https://www.wowhead.com/tbc/spell=31233,Talent: Find Weakness; tree row 8
Rogue,Assassination,Talent,Find Weakness,31239,31233,Rank 2/5,,Your finishing moves increase the damage of all your offensive abilities by 4% for 10 sec.,Talent Passive,Data only,,10,,,Data only,TALENT,https://www.wowhead.com/tbc/spell=31239,Talent: Find Weakness; tree row 8
Rogue,Assassination,Talent,Find Weakness,31240,31233,Rank 3/5,,Your finishing moves increase the damage of all your offensive abilities by 6% for 10 sec.,Talent Passive,Data only,,10,,,Data only,TALENT,https://www.wowhead.com/tbc/spell=31240,Talent: Find Weakness; tree row 8
Rogue,Assassination,Talent,Find Weakness,31241,31233,Rank 4/5,,Your finishing moves increase the damage of all your offensive abilities by 8% for 10 sec.,Talent Passive,Data only,,10,,,Data only,TALENT,https://www.wowhead.com/tbc/spell=31241,Talent: Find Weakness; tree row 8
Rogue,Assassination,Talent,Find Weakness,31242,31233,Rank 5/5,,Your finishing moves increase the damage of all your offensive abilities by 10% for 10 sec.,Talent Passive,Data only,,10,,,Data only,TALENT,https://www.wowhead.com/tbc/spell=31242,Talent: Find Weakness; tree row 8
Rogue,Assassination,Talent,Fleet Footed,31208,31208,Rank 1/2,,Increases your chance to resist movement impairing effects by 5% and increases your movement speed by 8%. This does not stack with other movement speed increasing effects.,Talent Passive,Data only,,,,,Data only,TALENT,https://www.wowhead.com/tbc/spell=31208,Talent: Fleet Footed; tree row 5
Rogue,Assassination,Talent,Fleet Footed,31209,31208,Rank 2/2,,Increases your chance to resist movement impairing effects by 10% and increases your movement speed by 15%. This does not stack with other movement speed increasing effects.,Talent Passive,Data only,,,,,Data only,TALENT,https://www.wowhead.com/tbc/spell=31209,Talent: Fleet Footed; tree row 5
Rogue,Assassination,Talent,Improved Eviscerate,14162,14162,Rank 1/3,,Increases the damage done by your Eviscerate ability by 5%.,Talent Passive,Data only,,,,,Data only,TALENT,https://www.wowhead.com/tbc/spell=14162,Talent: Improved Eviscerate; tree row 1
Rogue,Assassination,Talent,Improved Eviscerate,14163,14162,Rank 2/3,,Increases the damage done by your Eviscerate ability by 10%.,Talent Passive,Data only,,,,,Data only,TALENT,https://www.wowhead.com/tbc/spell=14163,Talent: Improved Eviscerate; tree row 1
Rogue,Assassination,Talent,Improved Eviscerate,14164,14162,Rank 3/3,,Increases the damage done by your Eviscerate ability by 15%.,Talent Passive,Data only,,,,,Data only,TALENT,https://www.wowhead.com/tbc/spell=14164,Talent: Improved Eviscerate; tree row 1
Rogue,Assassination,Talent,Improved Expose Armor,14168,14168,Rank 1/2,,Increases the armor reduced by your Expose Armor ability by 25%.,Talent Passive,Data only,,,,,Data only,TALENT,https://www.wowhead.com/tbc/spell=14168,Talent: Improved Expose Armor; tree row 3
Rogue,Assassination,Talent,Improved Expose Armor,14169,14168,Rank 2/2,,Increases the armor reduced by your Expose Armor ability by 50%.,Talent Passive,Data only,,,,,Data only,TALENT,https://www.wowhead.com/tbc/spell=14169,Talent: Improved Expose Armor; tree row 3
Rogue,Assassination,Talent,Improved Kidney Shot,14174,14174,Rank 1/3,,"While affected by your Kidney Shot ability, the target receives an additional 3% damage from all sources.",Talent Passive,Data only,,,,,Data only,TALENT,https://www.wowhead.com/tbc/spell=14174,Talent: Improved Kidney Shot; tree row 5
Rogue,Assassination,Talent,Improved Kidney Shot,14175,14174,Rank 2/3,,"While affected by your Kidney Shot ability, the target receives an additional 6% damage from all sources.",Talent Passive,Data only,,,,,Data only,TALENT,https://www.wowhead.com/tbc/spell=14175,Talent: Improved Kidney Shot; tree row 5
Rogue,Assassination,Talent,Improved Kidney Shot,14176,14174,Rank 3/3,,"While affected by your Kidney Shot ability, the target receives an additional 9% damage from all sources.",Talent Passive,Data only,,,,,Data only,TALENT,https://www.wowhead.com/tbc/spell=14176,Talent: Improved Kidney Shot; tree row 5
Rogue,Assassination,Talent,Improved Poisons,14113,14113,Rank 1/5,,Increases the chance to apply poisons to your target by 2%.,Talent Passive,Data only,,,,,Data only,TALENT,https://www.wowhead.com/tbc/spell=14113,Talent: Improved Poisons; tree row 4
Rogue,Assassination,Talent,Improved Poisons,14114,14113,Rank 2/5,,Increases the chance to apply poisons to your target by 4%.,Talent Passive,Data only,,,,,Data only,TALENT,https://www.wowhead.com/tbc/spell=14114,Talent: Improved Poisons; tree row 4
Rogue,Assassination,Talent,Improved Poisons,14115,14113,Rank 3/5,,Increases the chance to apply poisons to your target by 6%.,Talent Passive,Data only,,,,,Data only,TALENT,https://www.wowhead.com/tbc/spell=14115,Talent: Improved Poisons; tree row 4
Rogue,Assassination,Talent,Improved Poisons,14116,14113,Rank 4/5,,Increases the chance to apply poisons to your target by 8%.,Talent Passive,Data only,,,,,Data only,TALENT,https://www.wowhead.com/tbc/spell=14116,Talent: Improved Poisons; tree row 4
Rogue,Assassination,Talent,Improved Poisons,14117,14113,Rank 5/5,,Increases the chance to apply poisons to your target by 10%.,Talent Passive,Data only,,,,,Data only,TALENT,https://www.wowhead.com/tbc/spell=14117,Talent: Improved Poisons; tree row 4
Rogue,Assassination,Talent,Lethality,14128,14128,Rank 1/5,,"Increases the critical strike damage bonus of your Sinister Strike, Gouge, Backstab, Ghostly Strike, Mutilate, Shiv, and Hemorrhage abilities by 6%.",Talent Passive,Data only,,,,,Data only,TALENT,https://www.wowhead.com/tbc/spell=14128,Talent: Lethality; tree row 3
Rogue,Assassination,Talent,Lethality,14132,14128,Rank 2/5,,"Increases the critical strike damage bonus of your Sinister Strike, Gouge, Backstab, Ghostly Strike, Mutilate, Shiv, and Hemorrhage abilities by 12%.",Talent Passive,Data only,,,,,Data only,TALENT,https://www.wowhead.com/tbc/spell=14132,Talent: Lethality; tree row 3
Rogue,Assassination,Talent,Lethality,14135,14128,Rank 3/5,,"Increases the critical strike damage bonus of your Sinister Strike, Gouge, Backstab, Ghostly Strike, Mutilate, Shiv, and Hemorrhage abilities by 18%.",Talent Passive,Data only,,,,,Data only,TALENT,https://www.wowhead.com/tbc/spell=14135,Talent: Lethality; tree row 3
Rogue,Assassination,Talent,Lethality,14136,14128,Rank 4/5,,"Increases the critical strike damage bonus of your Sinister Strike, Gouge, Backstab, Ghostly Strike, Mutilate, Shiv, and Hemorrhage abilities by 24%.",Talent Passive,Data only,,,,,Data only,TALENT,https://www.wowhead.com/tbc/spell=14136,Talent: Lethality; tree row 3
Rogue,Assassination,Talent,Lethality,14137,14128,Rank 5/5,,"Increases the critical strike damage bonus of your Sinister Strike, Gouge, Backstab, Ghostly Strike, Mutilate, Shiv, and Hemorrhage abilities by 30%.",Talent Passive,Data only,,,,,Data only,TALENT,https://www.wowhead.com/tbc/spell=14137,Talent: Lethality; tree row 3
Rogue,Assassination,Talent,Malice,14138,14138,Rank 1/5,,Increases your critical strike chance by 1%.,Talent Passive,Data only,,,,,Data only,TALENT,https://www.wowhead.com/tbc/spell=14138,Talent: Malice; tree row 1
Rogue,Assassination,Talent,Malice,14139,14138,Rank 2/5,,Increases your critical strike chance by 2%.,Talent Passive,Data only,,,,,Data only,TALENT,https://www.wowhead.com/tbc/spell=14139,Talent: Malice; tree row 1
Rogue,Assassination,Talent,Malice,14140,14138,Rank 3/5,,Increases your critical strike chance by 3%.,Talent Passive,Data only,,,,,Data only,TALENT,https://www.wowhead.com/tbc/spell=14140,Talent: Malice; tree row 1
Rogue,Assassination,Talent,Malice,14141,14138,Rank 4/5,,Increases your critical strike chance by 4%.,Talent Passive,Data only,,,,,Data only,TALENT,https://www.wowhead.com/tbc/spell=14141,Talent: Malice; tree row 1
Rogue,Assassination,Talent,Malice,14142,14138,Rank 5/5,,Increases your critical strike chance by 5%.,Talent Passive,Data only,,,,,Data only,TALENT,https://www.wowhead.com/tbc/spell=14142,Talent: Malice; tree row 1
Rogue,Assassination,Talent,Master Poisoner,31226,31226,Rank 1/2,,Reduces the chance your poisons will be resisted by 5% and increases your chance to resist Poison effects by an additional 15%.,Talent Passive,Data only,,,,,Data only,TALENT,https://www.wowhead.com/tbc/spell=31226,Talent: Master Poisoner; tree row 6
Rogue,Assassination,Talent,Master Poisoner,31227,31226,Rank 2/2,,Reduces the chance your poisons will be resisted by 10% and increases your chance to resist Poison effects by an additional 30%.,Talent Passive,Data only,,,,,Data only,TALENT,https://www.wowhead.com/tbc/spell=31227,Talent: Master Poisoner; tree row 6
Rogue,Assassination,Talent,Murder,14158,14158,Rank 1/2,,"Increases all damage caused against Humanoid, Giant, Beast and Dragonkin targets by 1%.",Talent Passive,Data only,,,,,Data only,TALENT,https://www.wowhead.com/tbc/spell=14158,Talent: Murder; tree row 2
Rogue,Assassination,Talent,Murder,14159,14158,Rank 2/2,,"Increases all damage caused against Humanoid, Giant, Beast and Dragonkin targets by 2%.",Talent Passive,Data only,,,,,Data only,TALENT,https://www.wowhead.com/tbc/spell=14159,Talent: Murder; tree row 2
Rogue,Assassination,Talent Ability,Mutilate,1329,1329,Rank 1/1,,Instantly attacks with both weapons for an additional 44 with each weapon. Damage is increased by 50% against Poisoned targets. Must be behind the target. Awards 2 combo points.,Offensive,Main,0,,60 Energy,,Cooldown,"DPS, PVE, ROTATIONAL",https://www.wowhead.com/tbc/spell=1329,Talent-required | Talent: Mutilate
Rogue,Assassination,Talent,Puncturing Wounds,13733,13733,Rank 1/3,,"Increases the critical strike chance of your Backstab ability by 10%, and the critical strike chance of your Mutilate ability by 5%.",Talent Passive,Data only,,,,,Data only,TALENT,https://www.wowhead.com/tbc/spell=13733,Talent: Puncturing Wounds; tree row 2
Rogue,Assassination,Talent,Puncturing Wounds,13865,13733,Rank 2/3,,"Increases the critical strike chance of your Backstab ability by 20%, and the critical strike chance of your Mutilate ability by 10%.",Talent Passive,Data only,,,,,Data only,TALENT,https://www.wowhead.com/tbc/spell=13865,Talent: Puncturing Wounds; tree row 2
Rogue,Assassination,Talent,Puncturing Wounds,13866,13733,Rank 3/3,,"Increases the critical strike chance of your Backstab ability by 30%, and the critical strike chance of your Mutilate ability by 15%.",Talent Passive,Data only,,,,,Data only,TALENT,https://www.wowhead.com/tbc/spell=13866,Talent: Puncturing Wounds; tree row 2
Rogue,Assassination,Talent,Quick Recovery,31244,31244,Rank 1/2,,"All healing effects on you are increased by 10%. In addition, your finishing moves cost 40% less Energy when they fail to hit.",Talent Passive,Data only,,,,,Data only,TALENT,https://www.wowhead.com/tbc/spell=31244,Talent: Quick Recovery; tree row 5
Rogue,Assassination,Talent,Quick Recovery,31245,31244,Rank 2/2,,"All healing effects on you are increased by 20%. In addition, your finishing moves cost 80% less Energy when they fail to hit.",Talent Passive,Data only,,,,,Data only,TALENT,https://www.wowhead.com/tbc/spell=31245,Talent: Quick Recovery; tree row 5
Rogue,Assassination,Talent,Relentless Strikes,14179,14179,Rank 1/1,,Your finishing moves have a 20% chance per combo point to restore 25 energy.,Talent Passive,Data only,,,,,Data only,TALENT,https://www.wowhead.com/tbc/spell=14179,Talent: Relentless Strikes; tree row 3
Rogue,Assassination,Talent,Remorseless Attacks,14144,14144,Rank 1/2,,"After killing an opponent that yields experience or honor, gives you a 20% increased critical strike chance on your next Sinister Strike, Hemorrhage, Backstab, Mutilate, Ambush, or Ghostly Strike. Lasts 20 sec.",Talent Passive,Data only,,20,,,Data only,TALENT,https://www.wowhead.com/tbc/spell=14144,Talent: Remorseless Attacks; tree row 1
Rogue,Assassination,Talent,Remorseless Attacks,14148,14144,Rank 2/2,,"After killing an opponent that yields experience or honor, gives you a 40% increased critical strike chance on your next Sinister Strike, Hemorrhage, Backstab, Mutilate, Ambush, or Ghostly Strike. Lasts 20 sec.",Talent Passive,Data only,,20,,,Data only,TALENT,https://www.wowhead.com/tbc/spell=14148,Talent: Remorseless Attacks; tree row 1
Rogue,Assassination,Talent,Ruthlessness,14156,14156,Rank 1/3,,Gives your melee finishing moves a 20% chance to add a combo point to your target.,Talent Passive,Data only,,,,,Data only,TALENT,https://www.wowhead.com/tbc/spell=14156,Talent: Ruthlessness; tree row 2
Rogue,Assassination,Talent,Ruthlessness,14160,14156,Rank 2/3,,Gives your melee finishing moves a 40% chance to add a combo point to your target.,Talent Passive,Data only,,,,,Data only,TALENT,https://www.wowhead.com/tbc/spell=14160,Talent: Ruthlessness; tree row 2
Rogue,Assassination,Talent,Ruthlessness,14161,14156,Rank 3/3,,Gives your melee finishing moves a 60% chance to add a combo point to your target.,Talent Passive,Data only,,,,,Data only,TALENT,https://www.wowhead.com/tbc/spell=14161,Talent: Ruthlessness; tree row 2
Rogue,Assassination,Talent,Seal Fate,14186,14186,Rank 1/5,,Your critical strikes from abilities that add combo points have a 20% chance to add an additional combo point.,Talent Passive,Data only,,,,,Data only,TALENT,https://www.wowhead.com/tbc/spell=14186,Talent: Seal Fate; tree row 6
Rogue,Assassination,Talent,Seal Fate,14190,14186,Rank 2/5,,Your critical strikes from abilities that add combo points have a 40% chance to add an additional combo point.,Talent Passive,Data only,,,,,Data only,TALENT,https://www.wowhead.com/tbc/spell=14190,Talent: Seal Fate; tree row 6
Rogue,Assassination,Talent,Seal Fate,14193,14186,Rank 3/5,,Your critical strikes from abilities that add combo points have a 60% chance to add an additional combo point.,Talent Passive,Data only,,,,,Data only,TALENT,https://www.wowhead.com/tbc/spell=14193,Talent: Seal Fate; tree row 6
Rogue,Assassination,Talent,Seal Fate,14194,14186,Rank 4/5,,Your critical strikes from abilities that add combo points have a 80% chance to add an additional combo point.,Talent Passive,Data only,,,,,Data only,TALENT,https://www.wowhead.com/tbc/spell=14194,Talent: Seal Fate; tree row 6
Rogue,Assassination,Talent,Seal Fate,14195,14186,Rank 5/5,,Your critical strikes from abilities that add combo points have a 100% chance to add an additional combo point.,Talent Passive,Data only,,,,,Data only,TALENT,https://www.wowhead.com/tbc/spell=14195,Talent: Seal Fate; tree row 6
Rogue,Assassination,Talent,Vigor,14983,14983,Rank 1/1,,Increases your maximum Energy by 10.,Talent Passive,Data only,,,,,Data only,TALENT,https://www.wowhead.com/tbc/spell=14983,Talent: Vigor; tree row 7
Rogue,Assassination,Talent,Vile Poisons,16513,16513,Rank 1/5,,Increases the damage dealt by your poisons and Envenom ability by 4% and gives your poisons an additional 8% chance to resist dispel effects.,Talent Passive,Data only,,,,,Data only,TALENT,https://www.wowhead.com/tbc/spell=16513,Talent: Vile Poisons; tree row 4
Rogue,Assassination,Talent,Vile Poisons,16514,16513,Rank 2/5,,Increases the damage dealt by your poisons and Envenom ability by 8% and gives your poisons an additional 16% chance to resist dispel effects.,Talent Passive,Data only,,,,,Data only,TALENT,https://www.wowhead.com/tbc/spell=16514,Talent: Vile Poisons; tree row 4
Rogue,Assassination,Talent,Vile Poisons,16515,16513,Rank 3/5,,Increases the damage dealt by your poisons and Envenom ability by 12% and gives your poisons an additional 24% chance to resist dispel effects.,Talent Passive,Data only,,,,,Data only,TALENT,https://www.wowhead.com/tbc/spell=16515,Talent: Vile Poisons; tree row 4
Rogue,Assassination,Talent,Vile Poisons,16719,16513,Rank 4/5,,Increases the damage dealt by your poisons and Envenom ability by 16% and gives your poisons an additional 32% chance to resist dispel effects.,Talent Passive,Data only,,,,,Data only,TALENT,https://www.wowhead.com/tbc/spell=16719,Talent: Vile Poisons; tree row 4
Rogue,Assassination,Talent,Vile Poisons,16720,16513,Rank 5/5,,Increases the damage dealt by your poisons and Envenom ability by 20% and gives your poisons an additional 40% chance to resist dispel effects.,Talent Passive,Data only,,,,,Data only,TALENT,https://www.wowhead.com/tbc/spell=16720,Talent: Vile Poisons; tree row 4
Rogue,"Assassination, Subtlety",Ability,Backstab,53,53,Rank 1,4,"Backstab the target, causing 150% weapon damage plus 15 to the target. Must be behind the target. Requires a dagger in the main hand. Awards 1 combo point.",Offensive,Main,0,,60 Energy,,Cooldown,"DPS, PVE_PVP, ROTATIONAL",https://www.wowhead.com/tbc/spell=53,
Rogue,"Assassination, Subtlety",Ability,Backstab,2589,53,Rank 2,12,"Backstab the target, causing 150% weapon damage plus 30 to the target. Must be behind the target. Requires a dagger in the main hand. Awards 1 combo point.",Offensive,Main,0,,60 Energy,,Cooldown,"DPS, PVE_PVP, ROTATIONAL",https://www.wowhead.com/tbc/spell=2589,
Rogue,"Assassination, Subtlety",Ability,Backstab,2590,53,Rank 3,20,"Backstab the target, causing 150% weapon damage plus 48 to the target. Must be behind the target. Requires a dagger in the main hand. Awards 1 combo point.",Offensive,Main,0,,60 Energy,,Cooldown,"DPS, PVE_PVP, ROTATIONAL",https://www.wowhead.com/tbc/spell=2590,
Rogue,"Assassination, Subtlety",Ability,Backstab,2591,53,Rank 4,28,"Backstab the target, causing 150% weapon damage plus 69 to the target. Must be behind the target. Requires a dagger in the main hand. Awards 1 combo point.",Offensive,Main,0,,60 Energy,,Cooldown,"DPS, PVE_PVP, ROTATIONAL",https://www.wowhead.com/tbc/spell=2591,
Rogue,"Assassination, Subtlety",Ability,Backstab,8721,53,Rank 5,36,"Backstab the target, causing 150% weapon damage plus 90 to the target. Must be behind the target. Requires a dagger in the main hand. Awards 1 combo point.",Offensive,Main,0,,60 Energy,,Cooldown,"DPS, PVE_PVP, ROTATIONAL",https://www.wowhead.com/tbc/spell=8721,
Rogue,"Assassination, Subtlety",Ability,Backstab,11279,53,Rank 6,44,"Backstab the target, causing 150% weapon damage plus 135 to the target. Must be behind the target. Requires a dagger in the main hand. Awards 1 combo point.",Offensive,Main,0,,60 Energy,,Cooldown,"DPS, PVE_PVP, ROTATIONAL",https://www.wowhead.com/tbc/spell=11279,
Rogue,"Assassination, Subtlety",Ability,Backstab,11280,53,Rank 7,52,"Backstab the target, causing 150% weapon damage plus 165 to the target. Must be behind the target. Requires a dagger in the main hand. Awards 1 combo point.",Offensive,Main,0,,60 Energy,,Cooldown,"DPS, PVE_PVP, ROTATIONAL",https://www.wowhead.com/tbc/spell=11280,
Rogue,"Assassination, Subtlety",Ability,Backstab,11281,53,Rank 8,60,"Backstab the target, causing 150% weapon damage plus 210 to the target. Must be behind the target. Requires a dagger in the main hand. Awards 1 combo point.",Offensive,Main,0,,60 Energy,,Cooldown,"DPS, PVE_PVP, ROTATIONAL",https://www.wowhead.com/tbc/spell=11281,
Rogue,"Assassination, Subtlety",Ability,Backstab,25300,53,Rank 9,60,"Backstab the target, causing 150% weapon damage plus 225 to the target. Must be behind the target. Requires a dagger in the main hand. Awards 1 combo point.",Offensive,Main,0,,60 Energy,,Cooldown,"DPS, PVE_PVP, ROTATIONAL",https://www.wowhead.com/tbc/spell=25300,
Rogue,"Assassination, Subtlety",Ability,Backstab,26863,53,Rank 10,68,"Backstab the target, causing 150% weapon damage plus 255 to the target. Must be behind the target. Requires a dagger in the main hand. Awards 1 combo point.",Offensive,Main,0,,60 Energy,,Cooldown,"DPS, PVE_PVP, ROTATIONAL",https://www.wowhead.com/tbc/spell=26863,
Rogue,Class-wide / Shared,Ability,Blind,2094,2094,,34,"Blinds the target, causing it to wander disoriented for up to 10 sec. Any damage caused will remove the effect.",Crowd Control,Utility,180,10,30 Energy,,Cooldown,"CC_HARD, DISORIENT",https://www.wowhead.com/tbc/spell=2094,
Rogue,Class-wide / Shared,Ability,Cheap Shot,1833,1833,,26,Stuns the target for 4 sec. Must be stealthed. Awards 2 combo points.,Crowd Control,Utility,0,4,60 Energy,,Cooldown,CC_HARD,https://www.wowhead.com/tbc/spell=1833,
Rogue,Class-wide / Shared,Ability,Cloak of Shadows,31224,31224,,66,Instantly removes all existing harmful spell effects and increases your chance to resist all spells by 90% for 5 sec. Does not remove effects that prevent you from using Cloak of Shadows.,Defensive,Utility,60,5,,,Cooldown + aura,"DEFENSIVE, HAS_BUFF, IMMUNITY, MAJOR",https://www.wowhead.com/tbc/spell=31224,
Rogue,Class-wide / Shared,Ability,Crippling Poison,3408,3408,Rank 1,20,"Coats a weapon with poison that lasts for 1 hour.
Each strike has a 30% chance of poisoning the enemy, slowing their movement speed by 50% for 12 sec.",Crowd Control,Utility,0,1800,,,Cooldown,"BUFF, CC_SOFT, LONG_BUFF, SITUATIONAL, UTILITY",https://www.wowhead.com/tbc/spell=3408,
Rogue,Class-wide / Shared,Ability,Crippling Poison,3409,3409,Rank 1,20,,Crowd Control,Utility,,12,,,Aura,"CC_SOFT, DEBUFF",https://www.wowhead.com/tbc/spell=3409,
Rogue,Class-wide / Shared,Ability,Crippling Poison,11201,3409,Rank 2,50,,Crowd Control,Utility,,12,,,Aura,"CC_SOFT, DEBUFF",https://www.wowhead.com/tbc/spell=11201,
Rogue,Class-wide / Shared,Ability,Crippling Poison,11202,3408,Rank 2,50,"Coats a weapon with poison that lasts for 1 hour.
Each strike has a 30% chance of poisoning the enemy, slowing their movement speed by 70% for 12 sec.",Crowd Control,Utility,0,1800,,,Cooldown,"BUFF, CC_SOFT, LONG_BUFF, SITUATIONAL, UTILITY",https://www.wowhead.com/tbc/spell=11202,
Rogue,Class-wide / Shared,Ability,Deadly Poison,2823,2823,Rank 1,30,"Coats a weapon with poison that lasts for 1 hour.
Each strike has a 30% chance of poisoning the enemy for 36 Nature damage over 12 sec. Stacks up to 5 times on a single target.",Offensive,Main,0,1800,,,Cooldown,"BUFF, DPS, LONG_BUFF",https://www.wowhead.com/tbc/spell=2823,
Rogue,Class-wide / Shared,Ability,Deadly Poison II,2824,2823,Rank 2,38,"Coats a weapon with poison that lasts for 1 hour.
Each strike has a 30% chance of poisoning the enemy for 52 Nature damage over 12 sec. Stacks up to 5 times on a single target.",Offensive,Main,0,1800,,,Cooldown,"BUFF, DPS, LONG_BUFF",https://www.wowhead.com/tbc/spell=2824,
Rogue,Class-wide / Shared,Ability,Deadly Poison III,11355,2823,Rank 3,46,"Coats a weapon with poison that lasts for 1 hour.
Each strike has a 30% chance of poisoning the enemy for 80 Nature damage over 12 sec. Stacks up to 5 times on a single target.",Offensive,Main,0,1800,,,Cooldown,"BUFF, DPS, LONG_BUFF",https://www.wowhead.com/tbc/spell=11355,
Rogue,Class-wide / Shared,Ability,Deadly Poison IV,11356,2823,Rank 4,54,"Coats a weapon with poison that lasts for 1 hour.
Each strike has a 30% chance of poisoning the enemy for 108 Nature damage over 12 sec. Stacks up to 5 times on a single target.",Offensive,Main,0,1800,,,Cooldown,"BUFF, DPS, LONG_BUFF",https://www.wowhead.com/tbc/spell=11356,
Rogue,Class-wide / Shared,Ability,Deadly Poison V,25347,2823,Rank 5,60,"Coats a weapon with poison that lasts for 1 hour.
Each strike has a 30% chance of poisoning the enemy for 136 Nature damage over 12 sec. Stacks up to 5 times on a single target.",Offensive,Main,0,1800,,,Cooldown,"BUFF, DPS, LONG_BUFF",https://www.wowhead.com/tbc/spell=25347,
Rogue,Class-wide / Shared,Ability,Deadly Poison VI,26967,2823,Rank 6,62,"Coats a weapon with poison that lasts for 1 hour.
Each strike has a 30% chance of poisoning the enemy for 144 Nature damage over 12 sec. Stacks up to 5 times on a single target.",Offensive,Main,0,1800,,,Cooldown,"BUFF, DPS, LONG_BUFF",https://www.wowhead.com/tbc/spell=26967,
Rogue,Class-wide / Shared,Ability,Deadly Poison VII,27186,2823,Rank 7,70,"Coats a weapon with poison that lasts for 1 hour.
Each strike has a 30% chance of poisoning the enemy for 180 Nature damage over 12 sec. Stacks up to 5 times on a single target.",Offensive,Main,0,1800,,,Cooldown,"BUFF, DPS, LONG_BUFF",https://www.wowhead.com/tbc/spell=27186,
Rogue,Class-wide / Shared,Ability,Distract,1725,1725,,22,"Throws a distraction, attracting the attention of all nearby monsters for 10 seconds. Does not break stealth.",Utility,Utility,30,10,30 Energy,,Cooldown,"TIMED_EFFECT, UTILITY",https://www.wowhead.com/tbc/spell=1725,
Rogue,Class-wide / Shared,Ability,Evasion,5277,5277,Rank 1,8,The rogue's dodge chance will increase by 50% for 15 sec.,Defensive,Utility,300,15,,,Cooldown + aura,"DEFENSIVE, HAS_BUFF, MAJOR",https://www.wowhead.com/tbc/spell=5277,
Rogue,Class-wide / Shared,Ability,Evasion,26669,5277,Rank 2,50,Increases the rogue's dodge chance by 50% and reduces the chance ranged attacks hit the rogue by 25%. Lasts 15 sec.,Defensive,Utility,300,15,,,Cooldown + aura,"DEFENSIVE, HAS_BUFF, MAJOR",https://www.wowhead.com/tbc/spell=26669,
Rogue,Class-wide / Shared,Ability,Eviscerate,2098,2098,Rank 1,1,"Finishing move that causes damage per combo point:
1 point : (1 + 5 + Attack Power * 0.03)-(5 + 5 + Attack Power * 0.03) damage
2 points: [1 + (10) + Attack Power * 0.06]-[5 + (10) + Attack Power * 0.06] damage
3 points: [1 + (15) + Attack Power * 0.09]-[5 + (15) + Attack Power * 0.09] damage
4 points: [1 + (20) + Attack Power * 0.12]-[5 + (20) + Attack Power * 0.12] damage
5 points: [1 + (25) + Attack Power * 0.15]-[5 + (25) + Attack Power * 0.15] damage",Offensive,Main,0,,35 Energy,,Cooldown,"DPS, FINISHER, PVE_PVP, ROTATIONAL",https://www.wowhead.com/tbc/spell=2098,
Rogue,Class-wide / Shared,Ability,Eviscerate,6760,2098,Rank 2,8,"Finishing move that causes damage per combo point:
1 point : (3 + 11 + Attack Power * 0.03)-(11 + 11 + Attack Power * 0.03) damage
2 points: [3 + (22) + Attack Power * 0.06]-[11 + (22) + Attack Power * 0.06] damage
3 points: [3 + (33) + Attack Power * 0.09]-[11 + (33) + Attack Power * 0.09] damage
4 points: [3 + (44) + Attack Power * 0.12]-[11 + (44) + Attack Power * 0.12] damage
5 points: [3 + (55) + Attack Power * 0.15]-[11 + (55) + Attack Power * 0.15] damage",Offensive,Main,0,,35 Energy,,Cooldown,"DPS, FINISHER, PVE_PVP, ROTATIONAL",https://www.wowhead.com/tbc/spell=6760,
Rogue,Class-wide / Shared,Ability,Eviscerate,6761,2098,Rank 3,16,"Finishing move that causes damage per combo point:
1 point : (6 + 19 + Attack Power * 0.03)-(20 + 19 + Attack Power * 0.03) damage
2 points: [6 + (38) + Attack Power * 0.06]-[20 + (38) + Attack Power * 0.06] damage
3 points: [6 + (57) + Attack Power * 0.09]-[20 + (57) + Attack Power * 0.09] damage
4 points: [6 + (76) + Attack Power * 0.12]-[20 + (76) + Attack Power * 0.12] damage
5 points: [6 + (95) + Attack Power * 0.15]-[20 + (95) + Attack Power * 0.15] damage",Offensive,Main,0,,35 Energy,,Cooldown,"DPS, FINISHER, PVE_PVP, ROTATIONAL",https://www.wowhead.com/tbc/spell=6761,
Rogue,Class-wide / Shared,Ability,Eviscerate,6762,2098,Rank 4,24,"Finishing move that causes damage per combo point:
1 point : (10 + 31 + Attack Power * 0.03)-(30 + 31 + Attack Power * 0.03) damage
2 points: [10 + (62) + Attack Power * 0.06]-[30 + (62) + Attack Power * 0.06] damage
3 points: [10 + (93) + Attack Power * 0.09]-[30 + (93) + Attack Power * 0.09] damage
4 points: [10 + (124) + Attack Power * 0.12]-[30 + (124) + Attack Power * 0.12] damage
5 points: [10 + (155) + Attack Power * 0.15]-[30 + (155) + Attack Power * 0.15] damage",Offensive,Main,0,,35 Energy,,Cooldown,"DPS, FINISHER, PVE_PVP, ROTATIONAL",https://www.wowhead.com/tbc/spell=6762,
Rogue,Class-wide / Shared,Ability,Eviscerate,8623,2098,Rank 5,32,"Finishing move that causes damage per combo point:
1 point : (15 + 45 + Attack Power * 0.03)-(45 + 45 + Attack Power * 0.03) damage
2 points: [15 + (90) + Attack Power * 0.06]-[45 + (90) + Attack Power * 0.06] damage
3 points: [15 + (135) + Attack Power * 0.09]-[45 + (135) + Attack Power * 0.09] damage
4 points: [15 + (180) + Attack Power * 0.12]-[45 + (180) + Attack Power * 0.12] damage
5 points: [15 + (225) + Attack Power * 0.15]-[45 + (225) + Attack Power * 0.15] damage",Offensive,Main,0,,35 Energy,,Cooldown,"DPS, FINISHER, PVE_PVP, ROTATIONAL",https://www.wowhead.com/tbc/spell=8623,
Rogue,Class-wide / Shared,Ability,Eviscerate,8624,2098,Rank 6,40,"Finishing move that causes damage per combo point:
1 point : (22 + 71 + Attack Power * 0.03)-(66 + 71 + Attack Power * 0.03) damage
2 points: [22 + (142) + Attack Power * 0.06]-[66 + (142) + Attack Power * 0.06] damage
3 points: [22 + (213) + Attack Power * 0.09]-[66 + (213) + Attack Power * 0.09] damage
4 points: [22 + (284) + Attack Power * 0.12]-[66 + (284) + Attack Power * 0.12] damage
5 points: [22 + (355) + Attack Power * 0.15]-[66 + (355) + Attack Power * 0.15] damage",Offensive,Main,0,,35 Energy,,Cooldown,"DPS, FINISHER, PVE_PVP, ROTATIONAL",https://www.wowhead.com/tbc/spell=8624,
Rogue,Class-wide / Shared,Ability,Eviscerate,11299,2098,Rank 7,48,"Finishing move that causes damage per combo point:
1 point : (34 + 110 + Attack Power * 0.03)-(102 + 110 + Attack Power * 0.03) damage
2 points: [34 + (220) + Attack Power * 0.06]-[102 + (220) + Attack Power * 0.06] damage
3 points: [34 + (330) + Attack Power * 0.09]-[102 + (330) + Attack Power * 0.09] damage
4 points: [34 + (440) + Attack Power * 0.12]-[102 + (440) + Attack Power * 0.12] damage
5 points: [34 + (550) + Attack Power * 0.15]-[102 + (550) + Attack Power * 0.15] damage",Offensive,Main,0,,35 Energy,,Cooldown,"DPS, FINISHER, PVE_PVP, ROTATIONAL",https://www.wowhead.com/tbc/spell=11299,
Rogue,Class-wide / Shared,Ability,Eviscerate,11300,2098,Rank 8,56,"Finishing move that causes damage per combo point:
1 point : (48 + 151 + Attack Power * 0.03)-(144 + 151 + Attack Power * 0.03) damage
2 points: [48 + (302) + Attack Power * 0.06]-[144 + (302) + Attack Power * 0.06] damage
3 points: [48 + (453) + Attack Power * 0.09]-[144 + (453) + Attack Power * 0.09] damage
4 points: [48 + (604) + Attack Power * 0.12]-[144 + (604) + Attack Power * 0.12] damage
5 points: [48 + (755) + Attack Power * 0.15]-[144 + (755) + Attack Power * 0.15] damage",Offensive,Main,0,,35 Energy,,Cooldown,"DPS, FINISHER, PVE_PVP, ROTATIONAL",https://www.wowhead.com/tbc/spell=11300,
Rogue,Class-wide / Shared,Ability,Eviscerate,26865,2098,Rank 9,64,"Finishing move that causes damage per combo point:
1 point : (60 + 185 + Attack Power * 0.03)-(180 + 185 + Attack Power * 0.03) damage
2 points: [60 + (370) + Attack Power * 0.06]-[180 + (370) + Attack Power * 0.06] damage
3 points: [60 + (555) + Attack Power * 0.09]-[180 + (555) + Attack Power * 0.09] damage
4 points: [60 + (740) + Attack Power * 0.12]-[180 + (740) + Attack Power * 0.12] damage
5 points: [60 + (925) + Attack Power * 0.15]-[180 + (925) + Attack Power * 0.15] damage",Offensive,Main,0,,35 Energy,,Cooldown,"DPS, FINISHER, PVE_PVP, ROTATIONAL",https://www.wowhead.com/tbc/spell=26865,
Rogue,Class-wide / Shared,Ability,Eviscerate,31016,2098,Rank 10,60,"Finishing move that causes damage per combo point:
1 point : (54 + 170 + Attack Power * 0.03)-(162 + 170 + Attack Power * 0.03) damage
2 points: [54 + (340) + Attack Power * 0.06]-[162 + (340) + Attack Power * 0.06] damage
3 points: [54 + (510) + Attack Power * 0.09]-[162 + (510) + Attack Power * 0.09] damage
4 points: [54 + (680) + Attack Power * 0.12]-[162 + (680) + Attack Power * 0.12] damage
5 points: [54 + (850) + Attack Power * 0.15]-[162 + (850) + Attack Power * 0.15] damage",Offensive,Main,0,,35 Energy,,Cooldown,"DPS, FINISHER, PVE_PVP, ROTATIONAL",https://www.wowhead.com/tbc/spell=31016,
Rogue,Class-wide / Shared,Ability,Expose Armor,8647,8647,Rank 1,14,"Finishing move that exposes the target for 30 sec, reducing armor per combo point:
1 point : 80 armor
2 points: 160 armor
3 points: 240 armor
4 points: 320 armor
5 points: 400 armor",Offensive,Main,0,30,25 Energy,,Cooldown + aura,"DEBUFF, DPS, FINISHER, MAINTENANCE, PVE",https://www.wowhead.com/tbc/spell=8647,
Rogue,Class-wide / Shared,Ability,Expose Armor,8649,8647,Rank 2,26,"Finishing move that exposes the target for 30 sec, reducing armor per combo point:
1 point : 145 armor
2 points: 290 armor
3 points: 435 armor
4 points: 580 armor
5 points: 725 armor",Offensive,Main,0,30,25 Energy,,Cooldown + aura,"DEBUFF, DPS, FINISHER, MAINTENANCE, PVE",https://www.wowhead.com/tbc/spell=8649,
Rogue,Class-wide / Shared,Ability,Expose Armor,8650,8647,Rank 3,36,"Finishing move that exposes the target for 30 sec, reducing armor per combo point:
1 point : 210 armor
2 points: 420 armor
3 points: 630 armor
4 points: 840 armor
5 points: 1050 armor",Offensive,Main,0,30,25 Energy,,Cooldown + aura,"DEBUFF, DPS, FINISHER, MAINTENANCE, PVE",https://www.wowhead.com/tbc/spell=8650,
Rogue,Class-wide / Shared,Ability,Expose Armor,11197,8647,Rank 4,46,"Finishing move that exposes the target for 30 sec, reducing armor per combo point:
1 point : 275 armor
2 points: 550 armor
3 points: 825 armor
4 points: 1100 armor
5 points: 1375 armor",Offensive,Main,0,30,25 Energy,,Cooldown + aura,"DEBUFF, DPS, FINISHER, MAINTENANCE, PVE",https://www.wowhead.com/tbc/spell=11197,
Rogue,Class-wide / Shared,Ability,Expose Armor,11198,8647,Rank 5,56,"Finishing move that exposes the target for 30 sec, reducing armor per combo point:
1 point : 340 armor
2 points: 680 armor
3 points: 1020 armor
4 points: 1360 armor
5 points: 1700 armor",Offensive,Main,0,30,25 Energy,,Cooldown + aura,"DEBUFF, DPS, FINISHER, MAINTENANCE, PVE",https://www.wowhead.com/tbc/spell=11198,
Rogue,Class-wide / Shared,Ability,Expose Armor,26866,8647,Rank 6,66,"Finishing move that exposes the target for 30 sec, reducing armor per combo point:
1 point : 410 armor
2 points: 820 armor
3 points: 1230 armor
4 points: 1640 armor
5 points: 2050 armor",Offensive,Main,0,30,25 Energy,,Cooldown + aura,"DEBUFF, DPS, FINISHER, MAINTENANCE, PVE",https://www.wowhead.com/tbc/spell=26866,
Rogue,Class-wide / Shared,Ability,Feint,1966,1966,Rank 1,16,"Performs a feint, causing no damage but lowering your threat by a small amount, making the enemy less likely to attack you.",Utility,Utility,10,,20 Energy,,Cooldown,UTILITY,https://www.wowhead.com/tbc/spell=1966,
Rogue,Class-wide / Shared,Ability,Feint,6768,1966,Rank 2,28,"Performs a feint, causing no damage but lowering your threat by a medium amount, making the enemy less likely to attack you.",Utility,Utility,10,,20 Energy,,Cooldown,UTILITY,https://www.wowhead.com/tbc/spell=6768,
Rogue,Class-wide / Shared,Ability,Feint,8637,1966,Rank 3,40,"Performs a feint, causing no damage but lowering your threat by a large amount, making the enemy less likely to attack you.",Utility,Utility,10,,20 Energy,,Cooldown,UTILITY,https://www.wowhead.com/tbc/spell=8637,
Rogue,Class-wide / Shared,Ability,Feint,11303,1966,Rank 4,52,"Performs a feint, causing no damage but lowering your threat by a large amount, making the enemy less likely to attack you.",Utility,Utility,10,,20 Energy,,Cooldown,UTILITY,https://www.wowhead.com/tbc/spell=11303,
Rogue,Class-wide / Shared,Ability,Feint,25302,1966,Rank 5,60,"Performs a feint, causing no damage but lowering your threat by a large amount, making the enemy less likely to attack you.",Utility,Utility,10,,20 Energy,,Cooldown,UTILITY,https://www.wowhead.com/tbc/spell=25302,
Rogue,Class-wide / Shared,Ability,Feint,27448,1966,Rank 6,64,"Performs a feint, causing no damage but lowering your threat by a large amount, making the enemy less likely to attack you.",Utility,Utility,10,,20 Energy,,Cooldown,UTILITY,https://www.wowhead.com/tbc/spell=27448,
Rogue,Class-wide / Shared,Ability,Gouge,1776,1776,Rank 1,6,"Causes 10 damage, incapacitating the opponent for 4 sec, and turns off your attack. Target must be facing you. Any damage caused will revive the target. Awards 1 combo point.",Crowd Control,Utility,10,4,45 Energy,,Cooldown,"CC_HARD, DISORIENT",https://www.wowhead.com/tbc/spell=1776,
Rogue,Class-wide / Shared,Ability,Gouge,1777,1776,Rank 2,18,"Causes 20 damage, incapacitating the opponent for 4 sec, and turns off your attack. Target must be facing you. Any damage caused will revive the target. Awards 1 combo point.",Crowd Control,Utility,10,4,45 Energy,,Cooldown,"CC_HARD, DISORIENT",https://www.wowhead.com/tbc/spell=1777,
Rogue,Class-wide / Shared,Ability,Gouge,8629,1776,Rank 3,32,"Causes 32 damage, incapacitating the opponent for 4 sec, and turns off your attack. Target must be facing you. Any damage caused will revive the target. Awards 1 combo point.",Crowd Control,Utility,10,4,45 Energy,,Cooldown,"CC_HARD, DISORIENT",https://www.wowhead.com/tbc/spell=8629,
Rogue,Class-wide / Shared,Ability,Gouge,11285,1776,Rank 4,46,"Causes 55 damage, incapacitating the opponent for 4 sec, and turns off your attack. Target must be facing you. Any damage caused will revive the target. Awards 1 combo point.",Crowd Control,Utility,10,4,45 Energy,,Cooldown,"CC_HARD, DISORIENT",https://www.wowhead.com/tbc/spell=11285,
Rogue,Class-wide / Shared,Ability,Gouge,11286,1776,Rank 5,60,"Causes 75 damage, incapacitating the opponent for 4 sec, and turns off your attack. Target must be facing you. Any damage caused will revive the target. Awards 1 combo point.",Crowd Control,Utility,10,4,45 Energy,,Cooldown,"CC_HARD, DISORIENT",https://www.wowhead.com/tbc/spell=11286,
Rogue,Class-wide / Shared,Ability,Gouge,38764,1776,Rank 6,67,"Causes 105 damage, incapacitating the opponent for 4 sec, and turns off your attack. Target must be facing you. Any damage caused will revive the target. Awards 1 combo point.",Crowd Control,Utility,10,4,45 Energy,,Cooldown,"CC_HARD, DISORIENT",https://www.wowhead.com/tbc/spell=38764,
Rogue,Class-wide / Shared,Ability,Instant Poison,8679,8679,Rank 1,20,"Coats a weapon with poison that lasts for 1 hour.
Each strike has a 20% chance of poisoning the enemy which instantly inflicts 19 to 25 Nature damage.",Offensive,Main,0,1800,,,Cooldown,"BUFF, DPS, LONG_BUFF",https://www.wowhead.com/tbc/spell=8679,
Rogue,Class-wide / Shared,Ability,Instant Poison II,8686,8679,Rank 2,28,"Coats a weapon with poison that lasts for 1 hour.
Each strike has a 20% chance of poisoning the enemy which instantly inflicts 30 to 38 Nature damage.",Offensive,Main,0,1800,,,Cooldown,"BUFF, DPS, LONG_BUFF",https://www.wowhead.com/tbc/spell=8686,
Rogue,Class-wide / Shared,Ability,Instant Poison III,8688,8679,Rank 3,36,"Coats a weapon with poison that lasts for 1 hour.
Each strike has a 20% chance of poisoning the enemy which instantly inflicts 44 to 56 Nature damage.",Offensive,Main,0,1800,,,Cooldown,"BUFF, DPS, LONG_BUFF",https://www.wowhead.com/tbc/spell=8688,
Rogue,Class-wide / Shared,Ability,Instant Poison IV,11338,8679,Rank 4,44,"Coats a weapon with poison that lasts for 1 hour.
Each strike has a 20% chance of poisoning the enemy which instantly inflicts 67 to 85 Nature damage.",Offensive,Main,0,1800,,,Cooldown,"BUFF, DPS, LONG_BUFF",https://www.wowhead.com/tbc/spell=11338,
Rogue,Class-wide / Shared,Ability,Instant Poison V,11339,8679,Rank 5,52,"Coats a weapon with poison that lasts for 1 hour.
Each strike has a 20% chance of poisoning the enemy which instantly inflicts 92 to 118 Nature damage.",Offensive,Main,0,1800,,,Cooldown,"BUFF, DPS, LONG_BUFF",https://www.wowhead.com/tbc/spell=11339,
Rogue,Class-wide / Shared,Ability,Instant Poison VI,11340,8679,Rank 6,60,"Coats a weapon with poison that lasts for 1 hour.
Each strike has a 20% chance of poisoning the enemy which instantly inflicts 112 to 148 Nature damage.",Offensive,Main,0,1800,,,Cooldown,"BUFF, DPS, LONG_BUFF",https://www.wowhead.com/tbc/spell=11340,
Rogue,Class-wide / Shared,Ability,Instant Poison VII,26890,8679,Rank 7,68,Coats a weapon with poison that lasts for 1 hour.Each strike has a 20% chance of poisoning the enemy which instantly inflicts 19 to 25 Nature damage.,Offensive,Main,0,1800,,,Cooldown,"BUFF, DPS, LONG_BUFF",https://www.wowhead.com/tbc/spell=26890,
Rogue,Class-wide / Shared,Ability,Kick,1766,1766,Rank 1,12,A quick kick that injures a single foe for 15 damage. It also interrupts spellcasting and prevents any spell in that school from being cast for 5 sec.,Interrupt,Utility,10,5,25 Energy,,Cooldown,INTERRUPT,https://www.wowhead.com/tbc/spell=1766,
Rogue,Class-wide / Shared,Ability,Kick,1767,1766,Rank 2,26,A quick kick that injures a single foe for 30 damage. It also interrupts spellcasting and prevents any spell in that school from being cast for 5 sec.,Interrupt,Utility,10,5,25 Energy,,Cooldown,INTERRUPT,https://www.wowhead.com/tbc/spell=1767,
Rogue,Class-wide / Shared,Ability,Kick,1768,1766,Rank 3,42,A quick kick that injures a single foe for 45 damage. It also interrupts spellcasting and prevents any spell in that school from being cast for 5 sec.,Interrupt,Utility,10,5,25 Energy,,Cooldown,INTERRUPT,https://www.wowhead.com/tbc/spell=1768,
Rogue,Class-wide / Shared,Ability,Kick,1769,1766,Rank 4,58,A quick kick that injures a single foe for 80 damage. It also interrupts spellcasting and prevents any spell in that school from being cast for 5 sec.,Interrupt,Utility,10,5,25 Energy,,Cooldown,INTERRUPT,https://www.wowhead.com/tbc/spell=1769,
Rogue,Class-wide / Shared,Ability,Kick,38768,1766,Rank 5,69,A quick kick that injures a single foe for 110 damage. It also interrupts spellcasting and prevents any spell in that school from being cast for 5 sec.,Interrupt,Utility,10,5,25 Energy,,Cooldown,INTERRUPT,https://www.wowhead.com/tbc/spell=38768,
Rogue,Class-wide / Shared,Ability,Kidney Shot,408,408,Rank 1,30,"Finishing move that stuns the target. Lasts longer per combo point:
1 point : 1 second
2 points: 2 seconds
3 points: 3 seconds
4 points: 4 seconds
5 points: 5 seconds",Crowd Control,Utility,20,6,25 Energy,,Cooldown,"CC_HARD, FINISHER",https://www.wowhead.com/tbc/spell=408,
Rogue,Class-wide / Shared,Ability,Kidney Shot,8643,408,Rank 2,50,"Finishing move that stuns the target. Lasts longer per combo point:
1 point : 2 seconds
2 points: 3 seconds
3 points: 4 seconds
4 points: 5 seconds
5 points: 6 seconds",Crowd Control,Utility,20,6,25 Energy,,Cooldown,"CC_HARD, FINISHER",https://www.wowhead.com/tbc/spell=8643,
Rogue,Class-wide / Shared,Ability,Mind-numbing Poison,5761,5761,Rank 1,24,"Coats a weapon with poison that lasts for 1 hour.
Each strike has a 20% chance of poisoning the enemy, increasing their casting time by 40% for 10 sec.",Utility,Utility,0,1800,,,Cooldown,"BUFF, LONG_BUFF, SITUATIONAL, UTILITY",https://www.wowhead.com/tbc/spell=5761,
Rogue,Class-wide / Shared,Ability,Mind-numbing Poison II,8694,5761,Rank 2,38,"Coats a weapon with poison that lasts for 1 hour.
Each strike has a 20% chance of poisoning the enemy, increasing their casting time by 50% for 12 sec.",Utility,Utility,0,1800,,,Cooldown,"BUFF, LONG_BUFF, SITUATIONAL, UTILITY",https://www.wowhead.com/tbc/spell=8694,
Rogue,Class-wide / Shared,Ability,Mind-numbing Poison III,11400,5761,Rank 3,52,"Coats a weapon with poison that lasts for 1 hour.
Each strike has a 20% chance of poisoning the enemy, increasing their casting time by 60% for 14 sec.",Utility,Utility,0,1800,,,Cooldown,"BUFF, LONG_BUFF, SITUATIONAL, UTILITY",https://www.wowhead.com/tbc/spell=11400,
Rogue,Class-wide / Shared,Ability,Rupture,1943,1943,Rank 1,20,"Finishing move that causes damage over time, increased by your attack power. Lasts longer per combo point:
1 point : 40 damage over 8 secs
2 points: 60 damage over 10 secs
3 points: 84 damage over 12 secs
4 points: 112 damage over 14 secs
5 points: 144 damage over 16 secs",Offensive,Main,0,22,25 Energy,,Cooldown,"DEBUFF, DPS, FINISHER, PVE, ROTATIONAL",https://www.wowhead.com/tbc/spell=1943,
Rogue,Class-wide / Shared,Ability,Rupture,8639,1943,Rank 2,28,"Finishing move that causes damage over time, increased by your attack power. Lasts longer per combo point:
1 point : 60 damage over 8 secs
2 points: 90 damage over 10 secs
3 points: 126 damage over 12 secs
4 points: 168 damage over 14 secs
5 points: 216 damage over 16 secs",Offensive,Main,0,22,25 Energy,,Cooldown,"DEBUFF, DPS, FINISHER, PVE, ROTATIONAL",https://www.wowhead.com/tbc/spell=8639,
Rogue,Class-wide / Shared,Ability,Rupture,8640,1943,Rank 3,36,"Finishing move that causes damage over time, increased by your attack power. Lasts longer per combo point:
1 point : 88 damage over 8 secs
2 points: 130 damage over 10 secs
3 points: 180 damage over 12 secs
4 points: 238 damage over 14 secs
5 points: 304 damage over 16 secs",Offensive,Main,0,22,25 Energy,,Cooldown,"DEBUFF, DPS, FINISHER, PVE, ROTATIONAL",https://www.wowhead.com/tbc/spell=8640,
Rogue,Class-wide / Shared,Ability,Rupture,11273,1943,Rank 4,44,"Finishing move that causes damage over time, increased by your attack power. Lasts longer per combo point:
1 point : 128 damage over 8 secs
2 points: 185 damage over 10 secs
3 points: 252 damage over 12 secs
4 points: 329 damage over 14 secs
5 points: 416 damage over 16 secs",Offensive,Main,0,22,25 Energy,,Cooldown,"DEBUFF, DPS, FINISHER, PVE, ROTATIONAL",https://www.wowhead.com/tbc/spell=11273,
Rogue,Class-wide / Shared,Ability,Rupture,11274,1943,Rank 5,52,"Finishing move that causes damage over time, increased by your attack power. Lasts longer per combo point:
1 point : 176 damage over 8 secs
2 points: 255 damage over 10 secs
3 points: 348 damage over 12 secs
4 points: 455 damage over 14 secs
5 points: 576 damage over 16 secs",Offensive,Main,0,22,25 Energy,,Cooldown,"DEBUFF, DPS, FINISHER, PVE, ROTATIONAL",https://www.wowhead.com/tbc/spell=11274,
Rogue,Class-wide / Shared,Ability,Rupture,11275,1943,Rank 6,60,"Finishing move that causes damage over time, increased by your attack power. Lasts longer per combo point:
1 point : 272 damage over 8 secs
2 points: 380 damage over 10 secs
3 points: 504 damage over 12 secs
4 points: 644 damage over 14 secs
5 points: 800 damage over 16 secs",Offensive,Main,0,22,25 Energy,,Cooldown,"DEBUFF, DPS, FINISHER, PVE, ROTATIONAL",https://www.wowhead.com/tbc/spell=11275,
Rogue,Class-wide / Shared,Ability,Rupture,26867,1943,Rank 7,68,"Finishing move that causes damage over time, increased by your attack power. Lasts longer per combo point:
1 point : 324 damage over 8 secs
2 points: 460 damage over 10 secs
3 points: 618 damage over 12 secs
4 points: 798 damage over 14 secs
5 points: 1000 damage over 16 secs",Offensive,Main,0,22,25 Energy,,Cooldown,"DEBUFF, DPS, FINISHER, PVE, ROTATIONAL",https://www.wowhead.com/tbc/spell=26867,
Rogue,Class-wide / Shared,Ability,Sap,2070,6770,Rank 1,28,Incapacitates the target for up to 35 sec. Must be stealthed. Only works on Humanoids that are not in combat. Any damage caused will revive the target. Only 1 target may be sapped at a time.,Crowd Control,Utility,0,45,65 Energy,,Cooldown,"CC_HARD, DISORIENT, FILLER",https://www.wowhead.com/tbc/spell=2070,
Rogue,Class-wide / Shared,Ability,Sap,6770,6770,Rank 2,10,Incapacitates the target for up to 25 sec. Must be stealthed. Only works on Humanoids that are not in combat. Any damage caused will revive the target. Only 1 target may be sapped at a time.,Crowd Control,Utility,0,45,65 Energy,,Cooldown,"CC_HARD, DISORIENT, FILLER",https://www.wowhead.com/tbc/spell=6770,
Rogue,Class-wide / Shared,Ability,Sap,11297,6770,Rank 3,48,Incapacitates the target for up to 45 sec. Must be stealthed. Only works on Humanoids that are not in combat. Any damage caused will revive the target. Only 1 target may be sapped at a time.,Crowd Control,Utility,0,45,65 Energy,,Cooldown,"CC_HARD, DISORIENT, FILLER",https://www.wowhead.com/tbc/spell=11297,
Rogue,Class-wide / Shared,Ability,Shiv,5938,5938,,70,Performs an instant off-hand weapon attack that automatically applies the poison from your off-hand weapon to the target. Slower weapons require more Energy. Awards 1 combo point.,Utility,Utility,0,,20 Energy,,Cooldown,"DPS, FILLER, MINOR, PVE_PVP, UTILITY",https://www.wowhead.com/tbc/spell=5938,
Rogue,Class-wide / Shared,Ability,Slice and Dice,5171,5171,Rank 1,10,"Finishing move that increases melee attack speed by 20%. Lasts longer per combo point:
1 point : 9 seconds
2 points: 12 seconds
3 points: 15 seconds
4 points: 18 seconds
5 points: 21 seconds",Offensive,Main,0,21,25 Energy,,Cooldown + aura,"BUFF, DPS, FINISHER, HAS_BUFF, PVE, ROTATIONAL",https://www.wowhead.com/tbc/spell=5171,
Rogue,Class-wide / Shared,Ability,Slice and Dice,6774,5171,Rank 2,42,"Finishing move that increases melee attack speed by 30%. Lasts longer per combo point:
1 point : 9 seconds
2 points: 12 seconds
3 points: 15 seconds
4 points: 18 seconds
5 points: 21 seconds",Offensive,Main,0,21,25 Energy,,Cooldown + aura,"BUFF, DPS, FINISHER, HAS_BUFF, PVE, ROTATIONAL",https://www.wowhead.com/tbc/spell=6774,
Rogue,Class-wide / Shared,Ability,Sprint,2983,2983,Rank 1,10,Increases the rogue's movement speed by 50% for 15 sec. Does not break stealth.,Mobility,Utility,300,15,,,Cooldown + aura,"HAS_BUFF, MOVEMENT, MOVEMENT_SPEED",https://www.wowhead.com/tbc/spell=2983,
Rogue,Class-wide / Shared,Ability,Sprint,8696,2983,Rank 2,34,Increases the rogue's movement speed by 60% for 15 sec. Does not break stealth.,Mobility,Utility,300,15,,,Cooldown + aura,"HAS_BUFF, MOVEMENT, MOVEMENT_SPEED",https://www.wowhead.com/tbc/spell=8696,
Rogue,Class-wide / Shared,Ability,Sprint,11305,2983,Rank 3,58,Increases the rogue's movement speed by 70% for 15 sec. Does not break stealth.,Mobility,Utility,300,15,,,Cooldown + aura,"HAS_BUFF, MOVEMENT, MOVEMENT_SPEED",https://www.wowhead.com/tbc/spell=11305,
Rogue,Class-wide / Shared,Ability,Stealth,1784,1784,Rank 1,1,"Allows the rogue to sneak around, but reduces your speed by 50%. Lasts until cancelled.",Ability,Data only,10,,,,Cooldown,STEALTH,https://www.wowhead.com/tbc/spell=1784,
Rogue,Class-wide / Shared,Ability,Stealth,1785,1784,Rank 2,20,"Allows the rogue to sneak around, but reduces your speed by 40%. Lasts until cancelled.",Ability,Data only,10,,,,Cooldown,STEALTH,https://www.wowhead.com/tbc/spell=1785,
Rogue,Class-wide / Shared,Ability,Stealth,1786,1784,Rank 3,40,"Allows the rogue to sneak around, but reduces your speed by 35%. Lasts until cancelled.",Ability,Data only,10,,,,Cooldown,STEALTH,https://www.wowhead.com/tbc/spell=1786,
Rogue,Class-wide / Shared,Ability,Stealth,1787,1784,Rank 4,60,"Allows the rogue to sneak around, but reduces your speed by 30%. Lasts until cancelled.",Ability,Data only,10,,,,Cooldown,STEALTH,https://www.wowhead.com/tbc/spell=1787,
Rogue,Class-wide / Shared,Ability,Vanish,1856,1856,Rank 1,22,"Allows the rogue to vanish from sight, entering an improved stealth mode for 10 sec. Also breaks movement impairing effects.",Defensive,Utility,300,10,,,Cooldown,"DEFENSIVE, MAJOR, MOVEMENT_ESCAPE, STEALTH",https://www.wowhead.com/tbc/spell=1856,
Rogue,Class-wide / Shared,Ability,Vanish,1857,1856,Rank 1,42,"Allows the rogue to vanish from sight, entering an improved stealth mode for 10 sec. Also breaks movement impairing effects. More effective than Vanish (Rank 1).",Defensive,Utility,300,10,,,Cooldown,"DEFENSIVE, MAJOR, MOVEMENT_ESCAPE, STEALTH",https://www.wowhead.com/tbc/spell=1857,
Rogue,Class-wide / Shared,Ability,Vanish,26889,1856,Rank 2,62,"Allows the rogue to vanish from sight, entering an improved stealth mode for 10 sec. Also breaks movement impairing effects. More effective than Vanish (Rank 2).",Defensive,Utility,300,10,,,Cooldown,"DEFENSIVE, MAJOR, MOVEMENT_ESCAPE, STEALTH",https://www.wowhead.com/tbc/spell=26889,
Rogue,Class-wide / Shared,Ability,Wound Poison,13219,13219,Rank 1,32,"Coats a weapon with poison that lasts for 1 hour.
Each strike has a 30% chance of poisoning the enemy, causing 17 Nature damage and reducing all healing effects used on them by 10% for 15 sec. Stacks up to 5 times on a single target.",Offensive,Main,0,1800,,,Cooldown,"BUFF, DPS, LONG_BUFF",https://www.wowhead.com/tbc/spell=13219,
Rogue,Class-wide / Shared,Ability,Wound Poison,13225,13219,Rank 2,40,"Coats a weapon with poison that lasts for 1 hour.
Each strike has a 30% chance of poisoning the enemy, causing 25 Nature damage and reducing all healing effects used on them by 10% for 15 sec. Stacks up to 5 times on a single target.",Offensive,Main,0,1800,,,Cooldown,"BUFF, DPS, LONG_BUFF",https://www.wowhead.com/tbc/spell=13225,
Rogue,Class-wide / Shared,Ability,Wound Poison,13226,13219,Rank 3,48,"Coats a weapon with poison that lasts for 1 hour.
Each strike has a 30% chance of poisoning the enemy, causing 38 Nature damage and reducing all healing effects used on them by 10% for 15 sec. Stacks up to 5 times on a single target.",Offensive,Main,0,1800,,,Cooldown,"BUFF, DPS, LONG_BUFF",https://www.wowhead.com/tbc/spell=13226,
Rogue,Class-wide / Shared,Ability,Wound Poison,13227,13219,Rank 4,56,"Coats a weapon with poison that lasts for 1 hour.
Each strike has a 30% chance of poisoning the enemy, causing 53 Nature damage and reducing all healing effects used on them by 10% for 15 sec. Stacks up to 5 times on a single target.",Offensive,Main,0,1800,,,Cooldown,"BUFF, DPS, LONG_BUFF",https://www.wowhead.com/tbc/spell=13227,
Rogue,Class-wide / Shared,Ability,Wound Poison,27189,13219,Rank 5,64,"Coats a weapon with poison that lasts for 1 hour.Each strike has a 30% chance of poisoning the enemy, causing 17 Nature damage and reducing all healing effects used on them by 10% for 15 sec. Stacks up to 5 times on a single target.",Offensive,Main,0,1800,,,Cooldown,"BUFF, DPS, LONG_BUFF",https://www.wowhead.com/tbc/spell=27189,
Rogue,Combat,Ability,Sinister Strike,1752,1752,Rank 1,1,An instant strike that causes 3 damage in addition to your normal weapon damage. Awards 1 combo point.,Offensive,Main,0,,45 Energy,,Cooldown,"DPS, PVE, ROTATIONAL",https://www.wowhead.com/tbc/spell=1752,
Rogue,Combat,Ability,Sinister Strike,1757,1752,Rank 2,6,An instant strike that causes 6 damage in addition to your normal weapon damage. Awards 1 combo point.,Offensive,Main,0,,45 Energy,,Cooldown,"DPS, PVE, ROTATIONAL",https://www.wowhead.com/tbc/spell=1757,
Rogue,Combat,Ability,Sinister Strike,1758,1752,Rank 3,14,An instant strike that causes 10 damage in addition to your normal weapon damage. Awards 1 combo point.,Offensive,Main,0,,45 Energy,,Cooldown,"DPS, PVE, ROTATIONAL",https://www.wowhead.com/tbc/spell=1758,
Rogue,Combat,Ability,Sinister Strike,1759,1752,Rank 4,22,An instant strike that causes 15 damage in addition to your normal weapon damage. Awards 1 combo point.,Offensive,Main,0,,45 Energy,,Cooldown,"DPS, PVE, ROTATIONAL",https://www.wowhead.com/tbc/spell=1759,
Rogue,Combat,Ability,Sinister Strike,1760,1752,Rank 5,30,An instant strike that causes 22 damage in addition to your normal weapon damage. Awards 1 combo point.,Offensive,Main,0,,45 Energy,,Cooldown,"DPS, PVE, ROTATIONAL",https://www.wowhead.com/tbc/spell=1760,
Rogue,Combat,Ability,Sinister Strike,8621,1752,Rank 6,38,An instant strike that causes 33 damage in addition to your normal weapon damage. Awards 1 combo point.,Offensive,Main,0,,45 Energy,,Cooldown,"DPS, PVE, ROTATIONAL",https://www.wowhead.com/tbc/spell=8621,
Rogue,Combat,Ability,Sinister Strike,11293,1752,Rank 7,46,An instant strike that causes 52 damage in addition to your normal weapon damage. Awards 1 combo point.,Offensive,Main,0,,45 Energy,,Cooldown,"DPS, PVE, ROTATIONAL",https://www.wowhead.com/tbc/spell=11293,
Rogue,Combat,Ability,Sinister Strike,11294,1752,Rank 8,54,An instant strike that causes 68 damage in addition to your normal weapon damage. Awards 1 combo point.,Offensive,Main,0,,45 Energy,,Cooldown,"DPS, PVE, ROTATIONAL",https://www.wowhead.com/tbc/spell=11294,
Rogue,Combat,Ability,Sinister Strike,26861,1752,Rank 9,62,An instant strike that causes 80 damage in addition to your normal weapon damage. Awards 1 combo point.,Offensive,Main,0,,45 Energy,,Cooldown,"DPS, PVE, ROTATIONAL",https://www.wowhead.com/tbc/spell=26861,
Rogue,Combat,Ability,Sinister Strike,26862,1752,Rank 10,70,An instant strike that causes 98 damage in addition to your normal weapon damage. Awards 1 combo point.,Offensive,Main,0,,45 Energy,,Cooldown,"DPS, PVE, ROTATIONAL",https://www.wowhead.com/tbc/spell=26862,
Rogue,Combat,Talent Ability,Adrenaline Rush,13750,13750,Rank 1/1,,Increases your Energy regeneration rate by 100% for 15 sec.,Offensive,Main,300,15,,,Cooldown + aura,"DPS, HAS_BUFF, MAJOR",https://www.wowhead.com/tbc/spell=13750,Talent-required | Talent: Adrenaline Rush
Rogue,Combat,Talent,Aggression,18427,18427,Rank 1/3,,"Increases the damage of your Sinister Strike, Backstab, and Eviscerate abilities by 2%.",Talent Passive,Data only,,,,,Data only,TALENT,https://www.wowhead.com/tbc/spell=18427,Talent: Aggression; tree row 6
Rogue,Combat,Talent,Aggression,18428,18427,Rank 2/3,,"Increases the damage of your Sinister Strike, Backstab, and Eviscerate abilities by 4%.",Talent Passive,Data only,,,,,Data only,TALENT,https://www.wowhead.com/tbc/spell=18428,Talent: Aggression; tree row 6
Rogue,Combat,Talent,Aggression,18429,18427,Rank 3/3,,"Increases the damage of your Sinister Strike, Backstab, and Eviscerate abilities by 6%.",Talent Passive,Data only,,,,,Data only,TALENT,https://www.wowhead.com/tbc/spell=18429,Talent: Aggression; tree row 6
Rogue,Combat,Talent Ability,Blade Flurry,13877,13877,Rank 1/1,,"Increases your attack speed by 20%. In addition, attacks strike an additional nearby opponent. Lasts 15 sec.",Offensive,Main,120,15,25 Energy,,Cooldown + aura,"AOE, DPS, HAS_BUFF, MAJOR",https://www.wowhead.com/tbc/spell=13877,Talent-required | Talent: Blade Flurry
Rogue,Combat,Talent,Blade Twisting,31124,31124,Rank 1/2,,"Gives your Sinister Strike, Backstab, Gouge and Shiv abilities a 10% chance to Daze the target for 8 sec.",Talent Passive,Data only,,8,,,Data only,TALENT,https://www.wowhead.com/tbc/spell=31124,Talent: Blade Twisting; tree row 6
Rogue,Combat,Talent,Blade Twisting,31126,31124,Rank 2/2,,"Gives your Sinister Strike, Backstab, Gouge and Shiv abilities a 20% chance to Daze the target for 8 sec.",Talent Passive,Data only,,8,,,Data only,TALENT,https://www.wowhead.com/tbc/spell=31126,Talent: Blade Twisting; tree row 6
Rogue,Combat,Talent,Combat Potency,35541,35541,Rank 1/5,,Gives your successful off-hand melee attacks a 20% chance to generate 3 Energy.,Talent Passive,Data only,,,,,Data only,TALENT,https://www.wowhead.com/tbc/spell=35541,Talent: Combat Potency; tree row 8
Rogue,Combat,Talent,Combat Potency,35550,35541,Rank 2/5,,Gives your successful off-hand melee attacks a 20% chance to generate 6 Energy.,Talent Passive,Data only,,,,,Data only,TALENT,https://www.wowhead.com/tbc/spell=35550,Talent: Combat Potency; tree row 8
Rogue,Combat,Talent,Combat Potency,35551,35541,Rank 3/5,,Gives your successful off-hand melee attacks a 20% chance to generate 9 Energy.,Talent Passive,Data only,,,,,Data only,TALENT,https://www.wowhead.com/tbc/spell=35551,Talent: Combat Potency; tree row 8
Rogue,Combat,Talent,Combat Potency,35552,35541,Rank 4/5,,Gives your successful off-hand melee attacks a 20% chance to generate 12 Energy.,Talent Passive,Data only,,,,,Data only,TALENT,https://www.wowhead.com/tbc/spell=35552,Talent: Combat Potency; tree row 8
Rogue,Combat,Talent,Combat Potency,35553,35541,Rank 5/5,,Gives your successful off-hand melee attacks a 20% chance to generate 15 Energy.,Talent Passive,Data only,,,,,Data only,TALENT,https://www.wowhead.com/tbc/spell=35553,Talent: Combat Potency; tree row 8
Rogue,Combat,Talent,Dagger Specialization,13706,13706,Rank 1/5,,Increases your chance to get a critical strike with Daggers by 1%.,Talent Passive,Data only,,,,,Data only,TALENT,https://www.wowhead.com/tbc/spell=13706,Talent: Dagger Specialization; tree row 4
Rogue,Combat,Talent,Dagger Specialization,13804,13706,Rank 2/5,,Increases your chance to get a critical strike with Daggers by 2%.,Talent Passive,Data only,,,,,Data only,TALENT,https://www.wowhead.com/tbc/spell=13804,Talent: Dagger Specialization; tree row 4
Rogue,Combat,Talent,Dagger Specialization,13805,13706,Rank 3/5,,Increases your chance to get a critical strike with Daggers by 3%.,Talent Passive,Data only,,,,,Data only,TALENT,https://www.wowhead.com/tbc/spell=13805,Talent: Dagger Specialization; tree row 4
Rogue,Combat,Talent,Dagger Specialization,13806,13706,Rank 4/5,,Increases your chance to get a critical strike with Daggers by 4%.,Talent Passive,Data only,,,,,Data only,TALENT,https://www.wowhead.com/tbc/spell=13806,Talent: Dagger Specialization; tree row 4
Rogue,Combat,Talent,Dagger Specialization,13807,13706,Rank 5/5,,Increases your chance to get a critical strike with Daggers by 5%.,Talent Passive,Data only,,,,,Data only,TALENT,https://www.wowhead.com/tbc/spell=13807,Talent: Dagger Specialization; tree row 4
Rogue,Combat,Talent,Deflection,13713,13713,Rank 1/5,,Increases your Parry chance by 1%.,Talent Passive,Data only,,,,,Data only,TALENT,https://www.wowhead.com/tbc/spell=13713,Talent: Deflection; tree row 2
Rogue,Combat,Talent,Deflection,13853,13713,Rank 2/5,,Increases your Parry chance by 2%.,Talent Passive,Data only,,,,,Data only,TALENT,https://www.wowhead.com/tbc/spell=13853,Talent: Deflection; tree row 2
Rogue,Combat,Talent,Deflection,13854,13713,Rank 3/5,,Increases your Parry chance by 3%.,Talent Passive,Data only,,,,,Data only,TALENT,https://www.wowhead.com/tbc/spell=13854,Talent: Deflection; tree row 2
Rogue,Combat,Talent,Deflection,13855,13713,Rank 4/5,,Increases your Parry chance by 4%.,Talent Passive,Data only,,,,,Data only,TALENT,https://www.wowhead.com/tbc/spell=13855,Talent: Deflection; tree row 2
Rogue,Combat,Talent,Deflection,13856,13713,Rank 5/5,,Increases your Parry chance by 5%.,Talent Passive,Data only,,,,,Data only,TALENT,https://www.wowhead.com/tbc/spell=13856,Talent: Deflection; tree row 2
Rogue,Combat,Talent,Dual Wield Specialization,13715,13715,Rank 1/5,,Increases the damage done by your offhand weapon by 10%.,Talent Passive,Data only,,,,,Data only,TALENT,https://www.wowhead.com/tbc/spell=13715,Talent: Dual Wield Specialization; tree row 4
Rogue,Combat,Talent,Dual Wield Specialization,13848,13715,Rank 2/5,,Increases the damage done by your offhand weapon by 20%.,Talent Passive,Data only,,,,,Data only,TALENT,https://www.wowhead.com/tbc/spell=13848,Talent: Dual Wield Specialization; tree row 4
Rogue,Combat,Talent,Dual Wield Specialization,13849,13715,Rank 3/5,,Increases the damage done by your offhand weapon by 30%.,Talent Passive,Data only,,,,,Data only,TALENT,https://www.wowhead.com/tbc/spell=13849,Talent: Dual Wield Specialization; tree row 4
Rogue,Combat,Talent,Dual Wield Specialization,13851,13715,Rank 4/5,,Increases the damage done by your offhand weapon by 40%.,Talent Passive,Data only,,,,,Data only,TALENT,https://www.wowhead.com/tbc/spell=13851,Talent: Dual Wield Specialization; tree row 4
Rogue,Combat,Talent,Dual Wield Specialization,13852,13715,Rank 5/5,,Increases the damage done by your offhand weapon by 50%.,Talent Passive,Data only,,,,,Data only,TALENT,https://www.wowhead.com/tbc/spell=13852,Talent: Dual Wield Specialization; tree row 4
Rogue,Combat,Talent,Endurance,13742,13742,Rank 1/2,,Reduces the cooldown of your Sprint and Evasion abilities by 45 sec.,Talent Passive,Data only,,,,,Data only,TALENT,https://www.wowhead.com/tbc/spell=13742,Talent: Endurance; tree row 3
Rogue,Combat,Talent,Endurance,13872,13742,Rank 2/2,,Reduces the cooldown of your Sprint and Evasion abilities by 1.5 min.,Talent Passive,Data only,,,,,Data only,TALENT,https://www.wowhead.com/tbc/spell=13872,Talent: Endurance; tree row 3
Rogue,Combat,Talent,Fist Weapon Specialization,13707,13707,Rank 1/5,,Increases your chance to get a critical strike with Fist Weapons by 1%.,Talent Passive,Data only,,,,,Data only,TALENT,https://www.wowhead.com/tbc/spell=13707,Talent: Fist Weapon Specialization; tree row 5
Rogue,Combat,Talent,Fist Weapon Specialization,13966,13707,Rank 2/5,,Increases your chance to get a critical strike with Fist Weapons by 2%.,Talent Passive,Data only,,,,,Data only,TALENT,https://www.wowhead.com/tbc/spell=13966,Talent: Fist Weapon Specialization; tree row 5
Rogue,Combat,Talent,Fist Weapon Specialization,13967,13707,Rank 3/5,,Increases your chance to get a critical strike with Fist Weapons by 3%.,Talent Passive,Data only,,,,,Data only,TALENT,https://www.wowhead.com/tbc/spell=13967,Talent: Fist Weapon Specialization; tree row 5
Rogue,Combat,Talent,Fist Weapon Specialization,13968,13707,Rank 4/5,,Increases your chance to get a critical strike with Fist Weapons by 4%.,Talent Passive,Data only,,,,,Data only,TALENT,https://www.wowhead.com/tbc/spell=13968,Talent: Fist Weapon Specialization; tree row 5
Rogue,Combat,Talent,Fist Weapon Specialization,13969,13707,Rank 5/5,,Increases your chance to get a critical strike with Fist Weapons by 5%.,Talent Passive,Data only,,,,,Data only,TALENT,https://www.wowhead.com/tbc/spell=13969,Talent: Fist Weapon Specialization; tree row 5
Rogue,Combat,Talent,Improved Gouge,13741,13741,Rank 1/3,,Increases the effect duration of your Gouge ability by 0.5 sec.,Talent Passive,Data only,,,,,Data only,TALENT,https://www.wowhead.com/tbc/spell=13741,Talent: Improved Gouge; tree row 1
Rogue,Combat,Talent,Improved Gouge,13792,13741,Rank 3/3,,Increases the effect duration of your Gouge ability by 1.5 sec.,Talent Passive,Data only,,,,,Data only,TALENT,https://www.wowhead.com/tbc/spell=13792,Talent: Improved Gouge; tree row 1
Rogue,Combat,Talent,Improved Gouge,13793,13741,Rank 2/3,,Increases the effect duration of your Gouge ability by 1 sec.,Talent Passive,Data only,,,,,Data only,TALENT,https://www.wowhead.com/tbc/spell=13793,Talent: Improved Gouge; tree row 1
Rogue,Combat,Talent,Improved Kick,13754,13754,Rank 1/2,,Gives your Kick ability a 50% chance to silence the target for 2 sec.,Talent Passive,Data only,,2,,,Data only,TALENT,https://www.wowhead.com/tbc/spell=13754,Talent: Improved Kick; tree row 4
Rogue,Combat,Talent,Improved Kick,13867,13754,Rank 2/2,,Gives your Kick ability a 100% chance to silence the target for 2 sec.,Talent Passive,Data only,,2,,,Data only,TALENT,https://www.wowhead.com/tbc/spell=13867,Talent: Improved Kick; tree row 4
Rogue,Combat,Talent,Improved Sinister Strike,13732,13732,Rank 1/2,,Reduces the Energy cost of your Sinister Strike ability by 3.,Talent Passive,Data only,,,,,Data only,TALENT,https://www.wowhead.com/tbc/spell=13732,Talent: Improved Sinister Strike; tree row 1
Rogue,Combat,Talent,Improved Sinister Strike,13863,13732,Rank 2/2,,Reduces the Energy cost of your Sinister Strike ability by 5.,Talent Passive,Data only,,,,,Data only,TALENT,https://www.wowhead.com/tbc/spell=13863,Talent: Improved Sinister Strike; tree row 1
Rogue,Combat,Talent,Improved Slice and Dice,14165,14165,Rank 1/3,,Increases the duration of your Slice and Dice ability by 15%.,Talent Passive,Data only,,,,,Data only,TALENT,https://www.wowhead.com/tbc/spell=14165,Talent: Improved Slice and Dice; tree row 2
Rogue,Combat,Talent,Improved Slice and Dice,14166,14165,Rank 2/3,,Increases the duration of your Slice and Dice ability by 30%.,Talent Passive,Data only,,,,,Data only,TALENT,https://www.wowhead.com/tbc/spell=14166,Talent: Improved Slice and Dice; tree row 2
Rogue,Combat,Talent,Improved Slice and Dice,14167,14165,Rank 3/3,,Increases the duration of your Slice and Dice ability by 45%.,Talent Passive,Data only,,,,,Data only,TALENT,https://www.wowhead.com/tbc/spell=14167,Talent: Improved Slice and Dice; tree row 2
Rogue,Combat,Talent,Improved Sprint,13743,13743,Rank 1/2,,Gives a 50% chance to remove all Movement Impairing effects when you activate your Sprint ability.,Talent Passive,Data only,,,,,Data only,TALENT,https://www.wowhead.com/tbc/spell=13743,Talent: Improved Sprint; tree row 3
Rogue,Combat,Talent,Improved Sprint,13875,13743,Rank 2/2,,Gives a 100% chance to remove all Movement Impairing effects when you activate your Sprint ability.,Talent Passive,Data only,,,,,Data only,TALENT,https://www.wowhead.com/tbc/spell=13875,Talent: Improved Sprint; tree row 3
Rogue,Combat,Talent,Lightning Reflexes,13712,13712,Rank 1/5,,Increases your Dodge chance by 1%.,Talent Passive,Data only,,,,,Data only,TALENT,https://www.wowhead.com/tbc/spell=13712,Talent: Lightning Reflexes; tree row 1
Rogue,Combat,Talent,Lightning Reflexes,13788,13712,Rank 2/5,,Increases your Dodge chance by 2%.,Talent Passive,Data only,,,,,Data only,TALENT,https://www.wowhead.com/tbc/spell=13788,Talent: Lightning Reflexes; tree row 1
Rogue,Combat,Talent,Lightning Reflexes,13789,13712,Rank 3/5,,Increases your Dodge chance by 3%.,Talent Passive,Data only,,,,,Data only,TALENT,https://www.wowhead.com/tbc/spell=13789,Talent: Lightning Reflexes; tree row 1
Rogue,Combat,Talent,Lightning Reflexes,13790,13712,Rank 4/5,,Increases your Dodge chance by 4%.,Talent Passive,Data only,,,,,Data only,TALENT,https://www.wowhead.com/tbc/spell=13790,Talent: Lightning Reflexes; tree row 1
Rogue,Combat,Talent,Lightning Reflexes,13791,13712,Rank 5/5,,Increases your Dodge chance by 5%.,Talent Passive,Data only,,,,,Data only,TALENT,https://www.wowhead.com/tbc/spell=13791,Talent: Lightning Reflexes; tree row 1
Rogue,Combat,Talent,Mace Specialization,13709,13709,Rank 1/5,,"Increases the damage dealt by your critical strikes with maces by 1%, and gives you a 1% chance to stun your target for 3 sec with a mace.",Talent Passive,Data only,,3,,,Data only,TALENT,https://www.wowhead.com/tbc/spell=13709,Talent: Mace Specialization; tree row 5
Rogue,Combat,Talent,Mace Specialization,13800,13709,Rank 2/5,,"Increases the damage dealt by your critical strikes with maces by 2%, and gives you a 2% chance to stun your target for 3 sec with a mace.",Talent Passive,Data only,,3,,,Data only,TALENT,https://www.wowhead.com/tbc/spell=13800,Talent: Mace Specialization; tree row 5
Rogue,Combat,Talent,Mace Specialization,13801,13709,Rank 3/5,,"Increases the damage dealt by your critical strikes with maces by 3%, and gives you a 3% chance to stun your target for 3 sec with a mace.",Talent Passive,Data only,,3,,,Data only,TALENT,https://www.wowhead.com/tbc/spell=13801,Talent: Mace Specialization; tree row 5
Rogue,Combat,Talent,Mace Specialization,13802,13709,Rank 4/5,,"Increases the damage dealt by your critical strikes with maces by 4%, and gives you a 4% chance to stun your target for 3 sec with a mace.",Talent Passive,Data only,,3,,,Data only,TALENT,https://www.wowhead.com/tbc/spell=13802,Talent: Mace Specialization; tree row 5
Rogue,Combat,Talent,Mace Specialization,13803,13709,Rank 5/5,,"Increases the damage dealt by your critical strikes with maces by 5%, and gives you a 6% chance to stun your target for 3 sec with a mace.",Talent Passive,Data only,,3,,,Data only,TALENT,https://www.wowhead.com/tbc/spell=13803,Talent: Mace Specialization; tree row 5
Rogue,Combat,Talent,Nerves of Steel,31130,31130,Rank 1/2,,Increases your chance to resist Stun and Fear effects by an additional 5%.,Talent Passive,Data only,,,,,Data only,TALENT,https://www.wowhead.com/tbc/spell=31130,Talent: Nerves of Steel; tree row 7
Rogue,Combat,Talent,Nerves of Steel,31131,31130,Rank 2/2,,Increases your chance to resist Stun and Fear effects by an additional 10%.,Talent Passive,Data only,,,,,Data only,TALENT,https://www.wowhead.com/tbc/spell=31131,Talent: Nerves of Steel; tree row 7
Rogue,Combat,Talent,Precision,13705,13705,Rank 1/5,,Increases your chance to hit with weapons by 1%.,Talent Passive,Data only,,,,,Data only,TALENT,https://www.wowhead.com/tbc/spell=13705,Talent: Precision; tree row 2
Rogue,Combat,Talent,Precision,13832,13705,Rank 2/5,,Increases your chance to hit with weapons by 2%.,Talent Passive,Data only,,,,,Data only,TALENT,https://www.wowhead.com/tbc/spell=13832,Talent: Precision; tree row 2
Rogue,Combat,Talent,Precision,13843,13705,Rank 3/5,,Increases your chance to hit with weapons by 3%.,Talent Passive,Data only,,,,,Data only,TALENT,https://www.wowhead.com/tbc/spell=13843,Talent: Precision; tree row 2
Rogue,Combat,Talent,Precision,13844,13705,Rank 4/5,,Increases your chance to hit with weapons by 4%.,Talent Passive,Data only,,,,,Data only,TALENT,https://www.wowhead.com/tbc/spell=13844,Talent: Precision; tree row 2
Rogue,Combat,Talent,Precision,13845,13705,Rank 5/5,,Increases your chance to hit with weapons by 5%.,Talent Passive,Data only,,,,,Data only,TALENT,https://www.wowhead.com/tbc/spell=13845,Talent: Precision; tree row 2
Rogue,Combat,Talent Ability,Riposte,14251,14251,Rank 1/1,,A strike that becomes active after parrying an opponent's attack. This attack deals 150% weapon damage and disarms the target for 6 sec.,Offensive,Main,6,6,10 Energy,,Cooldown,"DPS, PVP, REACTIVE, ROTATIONAL",https://www.wowhead.com/tbc/spell=14251,Talent-required | Talent: Riposte
Rogue,Combat,Talent,Surprise Attacks,32601,32601,Rank 1/1,,"Your finishing moves can no longer be dodged, and the damage dealt by your Sinister Strike, Backstab, Shiv and Gouge abilities is increased by 10%.",Talent Passive,Data only,,,,,Data only,TALENT,https://www.wowhead.com/tbc/spell=32601,Talent: Surprise Attacks; tree row 9
Rogue,Combat,Talent,Sword Specialization,13960,13960,Rank 1/5,,Gives you a 1% chance to get an extra attack on the same target after hitting your target with your Sword.,Talent Passive,Data only,,,,,Data only,TALENT,https://www.wowhead.com/tbc/spell=13960,Talent: Sword Specialization; tree row 5
Rogue,Combat,Talent,Sword Specialization,13961,13960,Rank 2/5,,Gives you a 2% chance to get an extra attack on the same target after hitting your target with your Sword.,Talent Passive,Data only,,,,,Data only,TALENT,https://www.wowhead.com/tbc/spell=13961,Talent: Sword Specialization; tree row 5
Rogue,Combat,Talent,Sword Specialization,13962,13960,Rank 3/5,,Gives you a 3% chance to get an extra attack on the same target after hitting your target with your Sword.,Talent Passive,Data only,,,,,Data only,TALENT,https://www.wowhead.com/tbc/spell=13962,Talent: Sword Specialization; tree row 5
Rogue,Combat,Talent,Sword Specialization,13963,13960,Rank 4/5,,Gives you a 4% chance to get an extra attack on the same target after hitting your target with your Sword.,Talent Passive,Data only,,,,,Data only,TALENT,https://www.wowhead.com/tbc/spell=13963,Talent: Sword Specialization; tree row 5
Rogue,Combat,Talent,Sword Specialization,13964,13960,Rank 5/5,,Gives you a 5% chance to get an extra attack on the same target after hitting your target with your Sword.,Talent Passive,Data only,,,,,Data only,TALENT,https://www.wowhead.com/tbc/spell=13964,Talent: Sword Specialization; tree row 5
Rogue,Combat,Talent,Vitality,31122,31122,Rank 1/2,,Increases your total Stamina by 2% and your total Agility by 1%.,Talent Passive,Data only,,,,,Data only,TALENT,https://www.wowhead.com/tbc/spell=31122,Talent: Vitality; tree row 7
Rogue,Combat,Talent,Vitality,31123,31122,Rank 2/2,,Increases your total Stamina by 4% and your total Agility by 2%.,Talent Passive,Data only,,,,,Data only,TALENT,https://www.wowhead.com/tbc/spell=31123,Talent: Vitality; tree row 7
Rogue,Combat,Talent,Weapon Expertise,30919,30919,Rank 1/2,,Increases your expertise by 5.,Talent Passive,Data only,,,,,Data only,TALENT,https://www.wowhead.com/tbc/spell=30919,Talent: Weapon Expertise; tree row 6
Rogue,Combat,Talent,Weapon Expertise,30920,30919,Rank 2/2,,Increases your expertise by 10.,Talent Passive,Data only,,,,,Data only,TALENT,https://www.wowhead.com/tbc/spell=30920,Talent: Weapon Expertise; tree row 6
Rogue,Subtlety,Talent,Camouflage,13975,13975,Rank 1/5,,Increases your speed while stealthed by 3% and reduces the cooldown of your Stealth ability by 1 sec.,Talent Passive,Data only,,,,,Data only,TALENT,https://www.wowhead.com/tbc/spell=13975,Talent: Camouflage; tree row 2
Rogue,Subtlety,Talent,Camouflage,14062,13975,Rank 2/5,,Increases your speed while stealthed by 6% and reduces the cooldown of your Stealth ability by 2 sec.,Talent Passive,Data only,,,,,Data only,TALENT,https://www.wowhead.com/tbc/spell=14062,Talent: Camouflage; tree row 2
Rogue,Subtlety,Talent,Camouflage,14063,13975,Rank 3/5,,Increases your speed while stealthed by 9% and reduces the cooldown of your Stealth ability by 3 sec.,Talent Passive,Data only,,,,,Data only,TALENT,https://www.wowhead.com/tbc/spell=14063,Talent: Camouflage; tree row 2
Rogue,Subtlety,Talent,Camouflage,14064,13975,Rank 4/5,,Increases your speed while stealthed by 12% and reduces the cooldown of your Stealth ability by 4 sec.,Talent Passive,Data only,,,,,Data only,TALENT,https://www.wowhead.com/tbc/spell=14064,Talent: Camouflage; tree row 2
Rogue,Subtlety,Talent,Camouflage,14065,13975,Rank 5/5,,Increases your speed while stealthed by 15% and reduces the cooldown of your Stealth ability by 5 sec.,Talent Passive,Data only,,,,,Data only,TALENT,https://www.wowhead.com/tbc/spell=14065,Talent: Camouflage; tree row 2
Rogue,Subtlety,Talent,Cheat Death,31228,31228,Rank 1/3,,"You have a 33% chance that an attack which would otherwise kill you will instead reduce you to 10% of your maximum health. In addition, all damage taken will be reduced by up to 90% for 3 sec (modified by resilience). This effect cannot occur more than once per minute.",Talent Passive,Data only,,3,,,Data only,TALENT,https://www.wowhead.com/tbc/spell=31228,Talent: Cheat Death; tree row 7
Rogue,Subtlety,Talent,Cheat Death,31229,31228,Rank 2/3,,"You have a 66% chance that an attack which would otherwise kill you will instead reduce you to 10% of your maximum health. In addition, all damage taken will be reduced by up to 90% for 3 sec (modified by resilience). This effect cannot occur more than once per minute.",Talent Passive,Data only,,3,,,Data only,TALENT,https://www.wowhead.com/tbc/spell=31229,Talent: Cheat Death; tree row 7
Rogue,Subtlety,Talent,Cheat Death,31230,31228,Rank 3/3,,"You have a 100% chance that an attack which would otherwise kill you will instead reduce you to 10% of your maximum health. In addition, all damage taken will be reduced by up to 90% for 3 sec (modified by resilience). This effect cannot occur more than once per minute.",Talent Passive,Data only,,3,,,Data only,TALENT,https://www.wowhead.com/tbc/spell=31230,Talent: Cheat Death; tree row 7
Rogue,Subtlety,Talent,Deadliness,30902,30902,Rank 1/5,,Increases your attack power by 2%.,Talent Passive,Data only,,,,,Data only,TALENT,https://www.wowhead.com/tbc/spell=30902,Talent: Deadliness; tree row 6
Rogue,Subtlety,Talent,Deadliness,30903,30902,Rank 2/5,,Increases your attack power by 4%.,Talent Passive,Data only,,,,,Data only,TALENT,https://www.wowhead.com/tbc/spell=30903,Talent: Deadliness; tree row 6
Rogue,Subtlety,Talent,Deadliness,30904,30902,Rank 3/5,,Increases your attack power by 6%.,Talent Passive,Data only,,,,,Data only,TALENT,https://www.wowhead.com/tbc/spell=30904,Talent: Deadliness; tree row 6
Rogue,Subtlety,Talent,Deadliness,30905,30902,Rank 4/5,,Increases your attack power by 8%.,Talent Passive,Data only,,,,,Data only,TALENT,https://www.wowhead.com/tbc/spell=30905,Talent: Deadliness; tree row 6
Rogue,Subtlety,Talent,Deadliness,30906,30902,Rank 5/5,,Increases your attack power by 10%.,Talent Passive,Data only,,,,,Data only,TALENT,https://www.wowhead.com/tbc/spell=30906,Talent: Deadliness; tree row 6
Rogue,Subtlety,Talent,Dirty Deeds,14082,14082,Rank 1/2,,"Reduces the Energy cost of your Cheap Shot and Garrote abilities by 10. Additionally, your special abilities cause 10% more damage against targets below 35% health.",Talent Passive,Data only,,,,,Data only,TALENT,https://www.wowhead.com/tbc/spell=14082,Talent: Dirty Deeds; tree row 5
Rogue,Subtlety,Talent,Dirty Deeds,14083,14082,Rank 2/2,,"Reduces the Energy cost of your Cheap Shot and Garrote abilities by 20. Additionally, your special abilities cause 20% more damage against targets below 35% health.",Talent Passive,Data only,,,,,Data only,TALENT,https://www.wowhead.com/tbc/spell=14083,Talent: Dirty Deeds; tree row 5
Rogue,Subtlety,Talent,Dirty Tricks,14076,14076,Rank 1/2,,Increases the range of your Blind and Sap abilities by 2 yards and reduces the energy cost of your Blind and Sap abilities by 25%.,Talent Passive,Data only,,,,,Data only,TALENT,https://www.wowhead.com/tbc/spell=14076,Talent: Dirty Tricks; tree row 2
Rogue,Subtlety,Talent,Dirty Tricks,14094,14076,Rank 2/2,,Increases the range of your Blind and Sap abilities by 5 yards and reduces the energy cost of your Blind and Sap abilities by 50%.,Talent Passive,Data only,,,,,Data only,TALENT,https://www.wowhead.com/tbc/spell=14094,Talent: Dirty Tricks; tree row 2
Rogue,Subtlety,Talent,Elusiveness,13981,13981,Rank 1/2,,Reduces the cooldown of your Vanish and Blind abilities by 45 sec.,Talent Passive,Data only,,,,,Data only,TALENT,https://www.wowhead.com/tbc/spell=13981,Talent: Elusiveness; tree row 4
Rogue,Subtlety,Talent,Elusiveness,14066,13981,Rank 2/2,,Reduces the cooldown of your Vanish and Blind abilities by 90 sec.,Talent Passive,Data only,,,,,Data only,TALENT,https://www.wowhead.com/tbc/spell=14066,Talent: Elusiveness; tree row 4
Rogue,Subtlety,Talent,Enveloping Shadows,31211,31211,Rank 1/3,,Increases your chance to avoid area of effect attacks by an additional 5%.,Talent Passive,Data only,,,,,Data only,TALENT,https://www.wowhead.com/tbc/spell=31211,Talent: Enveloping Shadows; tree row 7
Rogue,Subtlety,Talent,Enveloping Shadows,31212,31211,Rank 2/3,,Increases your chance to avoid area of effect attacks by an additional 10%.,Talent Passive,Data only,,,,,Data only,TALENT,https://www.wowhead.com/tbc/spell=31212,Talent: Enveloping Shadows; tree row 7
Rogue,Subtlety,Talent,Enveloping Shadows,31213,31211,Rank 3/3,,Increases your chance to avoid area of effect attacks by an additional 15%.,Talent Passive,Data only,,,,,Data only,TALENT,https://www.wowhead.com/tbc/spell=31213,Talent: Enveloping Shadows; tree row 7
Rogue,Subtlety,Talent Ability,Ghostly Strike,14278,14278,Rank 1/1,,A strike that deals 125% weapon damage and increases your chance to dodge by 15% for 7 sec. Awards 1 combo point.,Defensive,Utility,20,7,40 Energy,,Cooldown,"DEFENSIVE, DPS, MINOR",https://www.wowhead.com/tbc/spell=14278,Talent-required | Talent: Ghostly Strike
Rogue,Subtlety,Talent,Heightened Senses,30894,30894,Rank 1/2,,Increases your Stealth detection and reduces the chance you are hit by spells and ranged attacks by 2%.,Talent Passive,Data only,,,,,Data only,TALENT,https://www.wowhead.com/tbc/spell=30894,Talent: Heightened Senses; tree row 5
Rogue,Subtlety,Talent,Heightened Senses,30895,30894,Rank 1,,Increases your Stealth detection and reduces the chance you are hit by spells and ranged attacks by 4%. More effective than Heightened Senses (Rank 1).,Talent Passive,Data only,,,,,Data only,TALENT,https://www.wowhead.com/tbc/spell=30895,Talent: Heightened Senses; tree row 5
Rogue,Subtlety,Talent Ability,Hemorrhage,16511,16511,Rank 1/1,,"An instant strike that deals 110 / 
Sinister Calling
: 
111
/ 
Sinister Calling
: 
112
/ 
Sinister Calling
: 
113
/ 
Sinister Calling
: 
114
% weapon damage and causes the target to hemorrhage, increasing any Physical damage dealt to the target by up to 13. Lasts 10 charges or 15 sec. Awards 1 combo point.",Offensive,Main,0,,35 Energy,,Cooldown,"DEBUFF, DPS, PVE_PVP, ROTATIONAL",https://www.wowhead.com/tbc/spell=16511,Talent-required | Talent: Hemorrhage
Rogue,Subtlety,Talent Ability,Hemorrhage,17347,16511,Rank 2,46,"An instant strike that deals 110 / 
Sinister Calling
: 
111
/ 
Sinister Calling
: 
112
/ 
Sinister Calling
: 
113
/ 
Sinister Calling
: 
114
% weapon damage and causes the target to hemorrhage, increasing any Physical damage dealt to the target by up to 21. Lasts 10 charges or 15 sec. Awards 1 combo point.",Offensive,Main,0,,35 Energy,,Cooldown,"DEBUFF, DPS, PVE_PVP, ROTATIONAL",https://www.wowhead.com/tbc/spell=17347,Talent-required
Rogue,Subtlety,Talent Ability,Hemorrhage,17348,16511,Rank 3,58,"An instant strike that deals 110 / 
Sinister Calling
: 
111
/ 
Sinister Calling
: 
112
/ 
Sinister Calling
: 
113
/ 
Sinister Calling
: 
114
% weapon damage and causes the target to hemorrhage, increasing any Physical damage dealt to the target by up to 29. Lasts 10 charges or 15 sec. Awards 1 combo point.",Offensive,Main,0,,35 Energy,,Cooldown,"DEBUFF, DPS, PVE_PVP, ROTATIONAL",https://www.wowhead.com/tbc/spell=17348,Talent-required
Rogue,Subtlety,Talent Ability,Hemorrhage,26864,16511,Rank 4,70,"An instant strike that deals 110 / 
Sinister Calling
: 
111
/ 
Sinister Calling
: 
112
/ 
Sinister Calling
: 
113
/ 
Sinister Calling
: 
114
% weapon damage and causes the target to hemorrhage, increasing any Physical damage dealt to the target by up to 42. Lasts 10 charges or 15 sec. Awards 1 combo point.",Offensive,Main,0,,35 Energy,,Cooldown,"DEBUFF, DPS, PVE_PVP, ROTATIONAL",https://www.wowhead.com/tbc/spell=26864,Talent-required
Rogue,Subtlety,Talent,Improved Ambush,14079,14079,Rank 1/3,,Increases the critical strike chance of your Ambush ability by 15%.,Talent Passive,Data only,,,,,Data only,TALENT,https://www.wowhead.com/tbc/spell=14079,Talent: Improved Ambush; tree row 3
Rogue,Subtlety,Talent,Improved Ambush,14080,14079,Rank 2/3,,Increases the critical strike chance of your Ambush ability by 30%.,Talent Passive,Data only,,,,,Data only,TALENT,https://www.wowhead.com/tbc/spell=14080,Talent: Improved Ambush; tree row 3
Rogue,Subtlety,Talent,Improved Ambush,14081,14079,Rank 3/3,,Increases the critical strike chance of your Ambush ability by 45%.,Talent Passive,Data only,,,,,Data only,TALENT,https://www.wowhead.com/tbc/spell=14081,Talent: Improved Ambush; tree row 3
Rogue,Subtlety,Talent,Initiative,13976,13976,Rank 1/3,,"Gives you a 25% chance to add an additional combo point to your target when using your Ambush, Garrote, or Cheap Shot ability.",Talent Passive,Data only,,,,,Data only,TALENT,https://www.wowhead.com/tbc/spell=13976,Talent: Initiative; tree row 3
Rogue,Subtlety,Talent,Initiative,13979,13976,Rank 2/3,,"Gives you a 50% chance to add an additional combo point to your target when using your Ambush, Garrote, or Cheap Shot ability.",Talent Passive,Data only,,,,,Data only,TALENT,https://www.wowhead.com/tbc/spell=13979,Talent: Initiative; tree row 3
Rogue,Subtlety,Talent,Initiative,13980,13976,Rank 3/3,,"Gives you a 75% chance to add an additional combo point to your target when using your Ambush, Garrote, or Cheap Shot ability.",Talent Passive,Data only,,,,,Data only,TALENT,https://www.wowhead.com/tbc/spell=13980,Talent: Initiative; tree row 3
Rogue,Subtlety,Talent,Master of Deception,13958,13958,Rank 1/5,,Reduces the chance enemies have to detect you while in Stealth mode.,Talent Passive,Data only,,,,,Data only,TALENT,https://www.wowhead.com/tbc/spell=13958,Talent: Master of Deception; tree row 1
Rogue,Subtlety,Talent,Master of Deception,13970,13958,Rank 1,,Reduces the chance enemies have to detect you while in Stealth mode. More effective than Master of Deception (Rank 1).,Talent Passive,Data only,,,,,Data only,TALENT,https://www.wowhead.com/tbc/spell=13970,Talent: Master of Deception; tree row 1
Rogue,Subtlety,Talent,Master of Deception,13971,13958,Rank 2,,Reduces the chance enemies have to detect you while in Stealth mode. More effective than Master of Deception (Rank 2).,Talent Passive,Data only,,,,,Data only,TALENT,https://www.wowhead.com/tbc/spell=13971,Talent: Master of Deception; tree row 1
Rogue,Subtlety,Talent,Master of Deception,13972,13958,Rank 3,,Reduces the chance enemies have to detect you while in Stealth mode. More effective than Master of Deception (Rank 3).,Talent Passive,Data only,,,,,Data only,TALENT,https://www.wowhead.com/tbc/spell=13972,Talent: Master of Deception; tree row 1
Rogue,Subtlety,Talent,Master of Deception,13973,13958,Rank 4,,Reduces the chance enemies have to detect you while in Stealth mode. More effective than Master of Deception (Rank 4).,Talent Passive,Data only,,,,,Data only,TALENT,https://www.wowhead.com/tbc/spell=13973,Talent: Master of Deception; tree row 1
Rogue,Subtlety,Talent,Master of Subtlety,31221,31221,Rank 1/3,,Attacks made while stealthed and for 6 seconds after breaking stealth cause an additional 4% damage.,Talent Passive,Data only,,6,,,Data only,TALENT,https://www.wowhead.com/tbc/spell=31221,Talent: Master of Subtlety; tree row 6
Rogue,Subtlety,Talent,Master of Subtlety,31222,31221,Rank 2/3,,Attacks made while stealthed and for 6 seconds after breaking stealth cause an additional 7% damage.,Talent Passive,Data only,,6,,,Data only,TALENT,https://www.wowhead.com/tbc/spell=31222,Talent: Master of Subtlety; tree row 6
Rogue,Subtlety,Talent,Master of Subtlety,31223,31221,Rank 3/3,,Attacks made while stealthed and for 6 seconds after breaking stealth cause an additional 10% damage.,Talent Passive,Data only,,6,,,Data only,TALENT,https://www.wowhead.com/tbc/spell=31223,Talent: Master of Subtlety; tree row 6
Rogue,Subtlety,Talent,Opportunity,14057,14057,Rank 1/5,,"Increases the damage dealt when striking from behind with your Backstab, Mutilate, Garrote and Ambush abilities by 4%.",Talent Passive,Data only,,,,,Data only,TALENT,https://www.wowhead.com/tbc/spell=14057,Talent: Opportunity; tree row 1
Rogue,Subtlety,Talent,Opportunity,14072,14057,Rank 2/5,,"Increases the damage dealt when striking from behind with your Backstab, Mutilate, Garrote and Ambush abilities by 8%.",Talent Passive,Data only,,,,,Data only,TALENT,https://www.wowhead.com/tbc/spell=14072,Talent: Opportunity; tree row 1
Rogue,Subtlety,Talent,Opportunity,14073,14057,Rank 3/5,,"Increases the damage dealt when striking from behind with your Backstab, Mutilate, Garrote and Ambush abilities by 12%.",Talent Passive,Data only,,,,,Data only,TALENT,https://www.wowhead.com/tbc/spell=14073,Talent: Opportunity; tree row 1
Rogue,Subtlety,Talent,Opportunity,14074,14057,Rank 4/5,,"Increases the damage dealt when striking from behind with your Backstab, Mutilate, Garrote and Ambush abilities by 16%.",Talent Passive,Data only,,,,,Data only,TALENT,https://www.wowhead.com/tbc/spell=14074,Talent: Opportunity; tree row 1
Rogue,Subtlety,Talent,Opportunity,14075,14057,Rank 5/5,,"Increases the damage dealt when striking from behind with your Backstab, Mutilate, Garrote and Ambush abilities by 20%.",Talent Passive,Data only,,,,,Data only,TALENT,https://www.wowhead.com/tbc/spell=14075,Talent: Opportunity; tree row 1
Rogue,Subtlety,Talent Ability,Premeditation,14183,14183,Rank 1/1,,"When used, adds 2 combo points to your target. You must add to or use those combo points within 10 sec or the combo points are lost.",Resource,Main,120,,,,Cooldown,"DPS, MINOR, RESOURCE",https://www.wowhead.com/tbc/spell=14183,Talent-required | Talent: Premeditation
Rogue,Subtlety,Talent Ability,Preparation,14185,14185,Rank 1/1,,"When activated, this ability immediately finishes the cooldown on your Evasion, Sprint, Vanish, Cold Blood, Shadowstep and Premeditation abilities.",Utility,Utility,600,,,,Cooldown,UTILITY,https://www.wowhead.com/tbc/spell=14185,Talent-required | Talent: Preparation
Rogue,Subtlety,Talent,Serrated Blades,14171,14171,Rank 1/3,,Causes your attacks to ignore 0 of your target's Armor and increases the damage dealt by your Rupture ability by 10%. The amount of Armor reduced increases with your level.,Talent Passive,Data only,,,,,Data only,TALENT,https://www.wowhead.com/tbc/spell=14171,Talent: Serrated Blades; tree row 4
Rogue,Subtlety,Talent,Serrated Blades,14172,14171,Rank 2/3,,Causes your attacks to ignore 0 of your target's Armor and increases the damage dealt by your Rupture ability by 20%. The amount of Armor reduced increases with your level.,Talent Passive,Data only,,,,,Data only,TALENT,https://www.wowhead.com/tbc/spell=14172,Talent: Serrated Blades; tree row 4
Rogue,Subtlety,Talent,Serrated Blades,14173,14171,Rank 3/3,,Causes your attacks to ignore 0 of your target's Armor and increases the damage dealt by your Rupture ability by 30%. The amount of Armor reduced increases with your level.,Talent Passive,Data only,,,,,Data only,TALENT,https://www.wowhead.com/tbc/spell=14173,Talent: Serrated Blades; tree row 4
Rogue,Subtlety,Talent,Setup,13983,13983,Rank 1/3,,Gives you a 15% chance to add a combo point to your target after dodging their attack or fully resisting one of their spells.,Talent Passive,Data only,,,,,Data only,TALENT,https://www.wowhead.com/tbc/spell=13983,Talent: Setup; tree row 4
Rogue,Subtlety,Talent,Setup,14070,13983,Rank 2/3,,Gives you a 30% chance to add a combo point to your target after dodging their attack or fully resisting one of their spells.,Talent Passive,Data only,,,,,Data only,TALENT,https://www.wowhead.com/tbc/spell=14070,Talent: Setup; tree row 4
Rogue,Subtlety,Talent,Setup,14071,13983,Rank 3/3,,Gives you a 45% chance to add a combo point to your target after dodging their attack or fully resisting one of their spells.,Talent Passive,Data only,,,,,Data only,TALENT,https://www.wowhead.com/tbc/spell=14071,Talent: Setup; tree row 4
Rogue,Subtlety,Talent Ability,Shadowstep,36554,36554,Rank 1/1,,Attempts to step through the shadows and reappear behind your enemy and increases movement speed by 70% for 3 sec. The damage of your next ability is increased by 20% and the threat caused is reduced by 50%. Lasts 10 sec.,Mobility,Utility,30,10,10 Energy,36563,Cooldown + aura,"DPS, HAS_BUFF, MINOR, MOVEMENT, MOVEMENT_GAP_CLOSE",https://www.wowhead.com/tbc/spell=36554,Talent-required | Talent: Shadowstep
Rogue,Subtlety,Talent,Sinister Calling,31216,31216,Rank 1/5,,Increases your total Agility by 3% and increases the percentage damage bonus of Backstab and Hemorrhage by an additional 1%.,Talent Passive,Data only,,,,,Data only,TALENT,https://www.wowhead.com/tbc/spell=31216,Talent: Sinister Calling; tree row 8
Rogue,Subtlety,Talent,Sinister Calling,31217,31216,Rank 2/5,,Increases your total Agility by 6% and increases the percentage damage bonus of Backstab and Hemorrhage by an additional 2%.,Talent Passive,Data only,,,,,Data only,TALENT,https://www.wowhead.com/tbc/spell=31217,Talent: Sinister Calling; tree row 8
Rogue,Subtlety,Talent,Sinister Calling,31218,31216,Rank 3/5,,Increases your total Agility by 9% and increases the percentage damage bonus of Backstab and Hemorrhage by an additional 3%.,Talent Passive,Data only,,,,,Data only,TALENT,https://www.wowhead.com/tbc/spell=31218,Talent: Sinister Calling; tree row 8
Rogue,Subtlety,Talent,Sinister Calling,31219,31216,Rank 4/5,,Increases your total Agility by 12% and increases the percentage damage bonus of Backstab and Hemorrhage by an additional 4%.,Talent Passive,Data only,,,,,Data only,TALENT,https://www.wowhead.com/tbc/spell=31219,Talent: Sinister Calling; tree row 8
Rogue,Subtlety,Talent,Sinister Calling,31220,31216,Rank 5/5,,Increases your total Agility by 15% and increases the percentage damage bonus of Backstab and Hemorrhage by an additional 5%.,Talent Passive,Data only,,,,,Data only,TALENT,https://www.wowhead.com/tbc/spell=31220,Talent: Sinister Calling; tree row 8
Rogue,Subtlety,Talent,Sleight of Hand,30892,30892,Rank 1/2,,Reduces the chance you are critically hit by melee and ranged attacks by 1% and increases the threat reduction of your Feint ability by 10%.,Talent Passive,Data only,,,,,Data only,TALENT,https://www.wowhead.com/tbc/spell=30892,Talent: Sleight of Hand; tree row 2
Rogue,Subtlety,Talent,Sleight of Hand,30893,30892,Rank 2/2,,Reduces the chance you are critically hit by melee and ranged attacks by 2% and increases the threat reduction of your Feint ability by 20%.,Talent Passive,Data only,,,,,Data only,TALENT,https://www.wowhead.com/tbc/spell=30893,Talent: Sleight of Hand; tree row 2
Shaman,Class-wide / Shared,Ability,Astral Recall,556,556,,30,Yanks the caster through the twisting nether back to Hearthstone Location. Speak to an Innkeeper in a different place to change your home location.,Utility,Utility,900,,150 Mana,,Cooldown,"OUT_OF_COMBAT, UTILITY",https://www.wowhead.com/tbc/spell=556,
Shaman,Class-wide / Shared,Ability,Bloodlust,2825,2825,,70,"Increases melee, ranged, and spell casting speed by 30% for all party members. Lasts 40 sec.",Offensive,Main,600,40,750 Mana,,Cooldown + aura,"DPS, HAS_BUFF, IMPORTANT_EXTERNAL, MAJOR, RAID_DEFENSIVE",https://www.wowhead.com/tbc/spell=2825,
Shaman,Class-wide / Shared,Ability,Cure Disease,2870,2870,,22,Cures 1 disease on the target.,Utility,Utility,0,,7% of base mana,,Cooldown,"DISPEL_DISEASE, FILLER",https://www.wowhead.com/tbc/spell=2870,
Shaman,Class-wide / Shared,Ability,Cure Poison,526,526,,16,Cures 1 poison effect on the target.,Utility,Utility,0,,7% of base mana,,Cooldown,"DISPEL_POISON, FILLER",https://www.wowhead.com/tbc/spell=526,
Shaman,Class-wide / Shared,Ability,Disease Cleansing Totem,8170,8170,,38,Summons a Disease Cleansing Totem with 5 health at the feet of the caster that attempts to remove 1 disease effect from party members within 20 yards every 5 seconds. Lasts 2 min.,Utility,Utility,0,120,8% of base mana,,Cooldown,"DISPEL_DISEASE, FILLER, TOTEM, TOTEM_WATER, UTILITY",https://www.wowhead.com/tbc/spell=8170,
Shaman,Class-wide / Shared,Ability,Earth Elemental Totem,2062,2062,,66,"Summon an elemental totem that calls forth a greater earth elemental to protect the caster and 
his
allies. Lasts 2 min.",Defensive,Utility,1200,120,705 Mana,,Cooldown,"DEFENSIVE, MAJOR, PET_SUMMON, PET_SUMMON_TEMP, TAUNT, TOTEM, TOTEM_EARTH",https://www.wowhead.com/tbc/spell=2062,
Shaman,Class-wide / Shared,Ability,Earthbind Totem,2484,2484,,6,Summons an Earthbind Totem with 5 health at the feet of the caster for 45 sec that slows the movement speed of enemies within 10 yards.,Crowd Control,Utility,15,45,5% of base mana,3600,Cooldown + aura,"CC_SOFT, TOTEM, TOTEM_EARTH, UTILITY",https://www.wowhead.com/tbc/spell=2484,
Shaman,Class-wide / Shared,Ability,Fire Elemental Totem,2894,2894,,68,Summons an elemental totem that calls forth a greater fire elemental to rain destruction on the caster's enemies. Lasts 2 min.,Pet,Main,1200,120,680 Mana,,Cooldown,"DPS, MAJOR, PET_SUMMON, PET_SUMMON_TEMP, TOTEM, TOTEM_FIRE",https://www.wowhead.com/tbc/spell=2894,
Shaman,Class-wide / Shared,Ability,Fire Nova Totem,1535,1535,Rank 1,12,"Summons a Fire Nova Totem that has 5 health and lasts 5 sec. Unless it is destroyed within 4 sec., the totem inflicts 
53 to 
62 fire damage to enemies within 10 yd.",Offensive,Main,15,5,95 Mana,,Cooldown,"AOE, DPS, MINOR, TOTEM, TOTEM_FIRE",https://www.wowhead.com/tbc/spell=1535,
Shaman,Class-wide / Shared,Ability,Fire Nova Totem,8498,1535,Rank 2,22,"Summons a Fire Nova Totem that has 5 health and lasts 5 sec. Unless it is destroyed within 4 sec., the totem inflicts 
110 to 
124 fire damage to enemies within 10 yd.",Offensive,Main,15,5,170 Mana,,Cooldown,"AOE, DPS, MINOR, TOTEM, TOTEM_FIRE",https://www.wowhead.com/tbc/spell=8498,
Shaman,Class-wide / Shared,Ability,Fire Nova Totem,8499,1535,Rank 3,32,"Summons a Fire Nova Totem that has 5 health and lasts 5 sec. Unless it is destroyed within 4 sec., the totem inflicts 
195 to 
219 fire damage to enemies within 10 yd.",Offensive,Main,15,5,280 Mana,,Cooldown,"AOE, DPS, MINOR, TOTEM, TOTEM_FIRE",https://www.wowhead.com/tbc/spell=8499,
Shaman,Class-wide / Shared,Ability,Fire Nova Totem,11314,1535,Rank 4,42,"Summons a Fire Nova Totem that has 5 health and lasts 5 sec. Unless it is destroyed within 4 sec., the totem inflicts 
295 to 
331 fire damage to enemies within 10 yd.",Offensive,Main,15,5,395 Mana,,Cooldown,"AOE, DPS, MINOR, TOTEM, TOTEM_FIRE",https://www.wowhead.com/tbc/spell=11314,
Shaman,Class-wide / Shared,Ability,Fire Nova Totem,11315,1535,Rank 5,52,"Summons a Fire Nova Totem that has 5 health and lasts 5 sec. Unless it is destroyed within 4 sec., the totem inflicts 
413 to 
459 fire damage to enemies within 10 yd.",Offensive,Main,15,5,520 Mana,,Cooldown,"AOE, DPS, MINOR, TOTEM, TOTEM_FIRE",https://www.wowhead.com/tbc/spell=11315,
Shaman,Class-wide / Shared,Ability,Fire Nova Totem,25546,1535,Rank 6,61,"Summons a Fire Nova Totem that has 5 health and lasts 5 sec. Unless it is destroyed within 4 sec., the totem inflicts 
537 to 
598 fire damage to enemies within 10 yd.",Offensive,Main,15,5,640 Mana,,Cooldown,"AOE, DPS, MINOR, TOTEM, TOTEM_FIRE",https://www.wowhead.com/tbc/spell=25546,
Shaman,Class-wide / Shared,Ability,Fire Nova Totem,25547,1535,Rank 7,70,"Summons a Fire Nova Totem that has 5 health and lasts 5 sec. Unless it is destroyed within 4 sec., the totem inflicts 
654 to 
730 fire damage to enemies within 10 yd.",Offensive,Main,15,5,765 Mana,,Cooldown,"AOE, DPS, MINOR, TOTEM, TOTEM_FIRE",https://www.wowhead.com/tbc/spell=25547,
Shaman,Class-wide / Shared,Ability,Fire Resistance Totem,8184,8184,Rank 1,28,Summons a Fire Resistance Totem with 5 health at the feet of the caster for 2 min that increases the fire resistance of party members within 20 yards by 30.,Ability,Data only,0,120,75 Mana,"8185, 10534, 10535, 25562",Cooldown + aura,"BUFF, RAID_DEFENSIVE, TOTEM, TOTEM_WATER",https://www.wowhead.com/tbc/spell=8184,
Shaman,Class-wide / Shared,Ability,Fire Resistance Totem,10537,8184,Rank 2,42,Summons a Fire Resistance Totem with 5 health at the feet of the caster for 2 min that increases the fire resistance of party members within 20 yards by 45.,Ability,Data only,0,120,120 Mana,"8185, 10534, 10535, 25562",Cooldown + aura,"BUFF, RAID_DEFENSIVE, TOTEM, TOTEM_WATER",https://www.wowhead.com/tbc/spell=10537,
Shaman,Class-wide / Shared,Ability,Fire Resistance Totem,10538,8184,Rank 3,58,Summons a Fire Resistance Totem with 5 health at the feet of the caster for 2 min that increases the fire resistance of party members within 20 yards by 60.,Ability,Data only,0,120,180 Mana,"8185, 10534, 10535, 25562",Cooldown + aura,"BUFF, RAID_DEFENSIVE, TOTEM, TOTEM_WATER",https://www.wowhead.com/tbc/spell=10538,
Shaman,Class-wide / Shared,Ability,Fire Resistance Totem,25563,8184,Rank 4,68,Summons a Fire Resistance Totem with 5 health at the feet of the caster for 2 min that increases the fire resistance of party members within 20 yards by 70.,Ability,Data only,0,120,245 Mana,"8185, 10534, 10535, 25562",Cooldown + aura,"BUFF, RAID_DEFENSIVE, TOTEM, TOTEM_WATER",https://www.wowhead.com/tbc/spell=25563,
Shaman,Class-wide / Shared,Ability,Flametongue Totem,8227,8227,Rank 1,28,Summons a Flametongue Totem that enchants all party members' main-hand weapons with fire if they are within 20 yards. Each hit causes 6.4 to 19.6 additional Fire damage. Lasts 2 min.,Utility,Utility,0,120,90 Mana,,Cooldown,"BUFF, TOTEM, TOTEM_FIRE, UTILITY",https://www.wowhead.com/tbc/spell=8227,
Shaman,Class-wide / Shared,Ability,Flametongue Totem,8249,8227,Rank 2,38,Summons a Flametongue Totem that enchants all party members' main-hand weapons with fire if they are within 20 yards. Each hit causes 9.1 to 27.9 additional Fire damage. Lasts 2 min.,Utility,Utility,0,120,140 Mana,,Cooldown,"BUFF, TOTEM, TOTEM_FIRE, UTILITY",https://www.wowhead.com/tbc/spell=8249,
Shaman,Class-wide / Shared,Ability,Flametongue Totem,10526,8227,Rank 3,48,Summons a Flametongue Totem that enchants all party members' main-hand weapons with fire if they are within 20 yards. Each hit causes 12.3 to 37.9 additional Fire damage. Lasts 2 min.,Utility,Utility,0,120,200 Mana,,Cooldown,"BUFF, TOTEM, TOTEM_FIRE, UTILITY",https://www.wowhead.com/tbc/spell=10526,
Shaman,Class-wide / Shared,Ability,Flametongue Totem,16387,8227,Rank 4,58,Summons a Flametongue Totem that enchants all party members' main-hand weapons with fire if they are within 20 yards. Each hit causes 15.8 to 48.7 additional Fire damage. Lasts 2 min.,Utility,Utility,0,120,275 Mana,,Cooldown,"BUFF, TOTEM, TOTEM_FIRE, UTILITY",https://www.wowhead.com/tbc/spell=16387,
Shaman,Class-wide / Shared,Ability,Flametongue Totem,25557,8227,Rank 5,67,Summons a Flametongue Totem that enchants all party members' main-hand weapons with fire if they are within 20 yards. Each hit causes 19.4 to 59.7 additional Fire damage. Lasts 2 min.,Utility,Utility,0,120,325 Mana,,Cooldown,"BUFF, TOTEM, TOTEM_FIRE, UTILITY",https://www.wowhead.com/tbc/spell=25557,
Shaman,Class-wide / Shared,Ability,Flametongue Weapon,8024,8024,Rank 1,10,"Imbue the Shaman's weapon with fire. Each hit causes 
6 to 
18 additional Fire damage, based on the speed of the weapon. Slower weapons cause more fire damage per swing. Lasts 30 minutes.",Utility,Utility,0,1800,30 Mana,,Cooldown,"BUFF, LONG_BUFF, UTILITY",https://www.wowhead.com/tbc/spell=8024,
Shaman,Class-wide / Shared,Ability,Flametongue Weapon,8027,8024,Rank 2,18,"Imbue the Shaman's weapon with fire. Each hit causes 
9 to 
26 additional Fire damage, based on the speed of the weapon. Slower weapons cause more fire damage per swing. Lasts 30 minutes.",Utility,Utility,0,1800,55 Mana,,Cooldown,"BUFF, LONG_BUFF, UTILITY",https://www.wowhead.com/tbc/spell=8027,
Shaman,Class-wide / Shared,Ability,Flametongue Weapon,8030,8024,Rank 3,26,"Imbue the Shaman's weapon with fire. Each hit causes 
14 to 
42 additional Fire damage, based on the speed of the weapon. Slower weapons cause more fire damage per swing. Lasts 30 minutes.",Utility,Utility,0,1800,80 Mana,,Cooldown,"BUFF, LONG_BUFF, UTILITY",https://www.wowhead.com/tbc/spell=8030,
Shaman,Class-wide / Shared,Ability,Flametongue Weapon,16339,8024,Rank 4,36,"Imbue the Shaman's weapon with fire. Each hit causes 
22 to 
69 additional Fire damage, based on the speed of the weapon. Slower weapons cause more fire damage per swing. Lasts 30 minutes.",Utility,Utility,0,1800,105 Mana,,Cooldown,"BUFF, LONG_BUFF, UTILITY",https://www.wowhead.com/tbc/spell=16339,
Shaman,Class-wide / Shared,Ability,Flametongue Weapon,16341,8024,Rank 5,46,"Imbue the Shaman's weapon with fire. Each hit causes 
31 to 
95 additional Fire damage, based on the speed of the weapon. Slower weapons cause more fire damage per swing. Lasts 30 minutes.",Utility,Utility,0,1800,130 Mana,,Cooldown,"BUFF, LONG_BUFF, UTILITY",https://www.wowhead.com/tbc/spell=16341,
Shaman,Class-wide / Shared,Ability,Flametongue Weapon,16342,8024,Rank 6,56,"Imbue the Shaman's weapon with fire. Each hit causes 
40 to 
124 additional Fire damage, based on the speed of the weapon. Slower weapons cause more fire damage per swing. Lasts 30 minutes.",Utility,Utility,0,1800,155 Mana,,Cooldown,"BUFF, LONG_BUFF, UTILITY",https://www.wowhead.com/tbc/spell=16342,
Shaman,Class-wide / Shared,Ability,Flametongue Weapon,25489,8024,Rank 7,64,"Imbue the Shaman's weapon with fire. Each hit causes 
46 to 
140 additional Fire damage, based on the speed of the weapon. Slower weapons cause more fire damage per swing. Lasts 30 minutes.",Utility,Utility,0,1800,180 Mana,,Cooldown,"BUFF, LONG_BUFF, UTILITY",https://www.wowhead.com/tbc/spell=25489,
Shaman,Class-wide / Shared,Ability,Frost Resistance Totem,8181,8181,Rank 1,24,"Summons a Frost Resistance Totem with 5 health at the feet of the caster for 2 min. The totem increases party members' frost resistance by 30, if within 20 yards.",Ability,Data only,0,120,75 Mana,"8182, 10476, 10477, 25559",Cooldown + aura,"BUFF, RAID_DEFENSIVE, TOTEM, TOTEM_FIRE",https://www.wowhead.com/tbc/spell=8181,
Shaman,Class-wide / Shared,Ability,Frost Resistance Totem,10478,8181,Rank 2,38,"Summons a Frost Resistance Totem with 5 health at the feet of the caster for 2 min. The totem increases party members' frost resistance by 45, if within 20 yards.",Ability,Data only,0,120,120 Mana,"8182, 10476, 10477, 25559",Cooldown + aura,"BUFF, RAID_DEFENSIVE, TOTEM, TOTEM_FIRE",https://www.wowhead.com/tbc/spell=10478,
Shaman,Class-wide / Shared,Ability,Frost Resistance Totem,10479,8181,Rank 3,54,"Summons a Frost Resistance Totem with 5 health at the feet of the caster for 2 min. The totem increases party members' frost resistance by 60, if within 20 yards.",Ability,Data only,0,120,180 Mana,"8182, 10476, 10477, 25559",Cooldown + aura,"BUFF, RAID_DEFENSIVE, TOTEM, TOTEM_FIRE",https://www.wowhead.com/tbc/spell=10479,
Shaman,Class-wide / Shared,Ability,Frost Resistance Totem,25560,8181,Rank 4,67,"Summons a Frost Resistance Totem with 5 health at the feet of the caster for 2 min. The totem increases party members' frost resistance by 70, if within 20 yards.",Ability,Data only,0,120,235 Mana,"8182, 10476, 10477, 25559",Cooldown + aura,"BUFF, RAID_DEFENSIVE, TOTEM, TOTEM_FIRE",https://www.wowhead.com/tbc/spell=25560,
Shaman,Class-wide / Shared,Ability,Frost Shock,8056,8056,Rank 1,20,"Instantly shocks the target with frost, causing 
95 to 
101 Frost damage and slowing movement speed by 50%. Lasts 8 sec. Causes a high amount of threat.",Crowd Control,Utility,6,8,115 Mana,,Cooldown,CC_SOFT,https://www.wowhead.com/tbc/spell=8056,
Shaman,Class-wide / Shared,Ability,Frost Shock,8058,8056,Rank 2,34,"Instantly shocks the target with frost, causing 
215 to 
230 Frost damage and slowing movement speed by 50%. Lasts 8 sec. Causes a high amount of threat.",Crowd Control,Utility,6,8,225 Mana,,Cooldown,CC_SOFT,https://www.wowhead.com/tbc/spell=8058,
Shaman,Class-wide / Shared,Ability,Frost Shock,10472,8056,Rank 3,46,"Instantly shocks the target with frost, causing 
345 to 
366 Frost damage and slowing movement speed by 50%. Lasts 8 sec. Causes a high amount of threat.",Crowd Control,Utility,6,8,325 Mana,,Cooldown,CC_SOFT,https://www.wowhead.com/tbc/spell=10472,
Shaman,Class-wide / Shared,Ability,Frost Shock,10473,8056,Rank 4,58,"Instantly shocks the target with frost, causing 
501 to 
529 Frost damage and slowing movement speed by 50%. Lasts 8 sec. Causes a high amount of threat.",Crowd Control,Utility,6,8,430 Mana,,Cooldown,CC_SOFT,https://www.wowhead.com/tbc/spell=10473,
Shaman,Class-wide / Shared,Ability,Frost Shock,25464,8056,Rank 5,68,"Instantly shocks the target with frost, causing 
647 to 
683 Frost damage and slowing movement speed to 50% of normal. Lasts 8 sec. Causes a high amount of threat.",Crowd Control,Utility,6,8,525 Mana,,Cooldown,CC_SOFT,https://www.wowhead.com/tbc/spell=25464,
Shaman,Class-wide / Shared,Ability,Frostbrand Weapon,8033,8033,Rank 1,20,"Imbue the Shaman's weapon with frost. Each hit has a chance of causing 
48 additional Frost damage and slowing the target's movement speed by 25% for 8 sec. Lasts 30 minutes.",Crowd Control,Utility,0,1800,60 Mana,,Cooldown,"BUFF, CC_SOFT, LONG_BUFF, UTILITY",https://www.wowhead.com/tbc/spell=8033,
Shaman,Class-wide / Shared,Ability,Frostbrand Weapon,8038,8033,Rank 2,28,"Imbue the Shaman's weapon with frost. Each hit has a chance of causing 
77 additional Frost damage and slowing the target's movement speed by 25% for 8 sec. Lasts 30 minutes.",Crowd Control,Utility,0,1800,85 Mana,,Cooldown,"BUFF, CC_SOFT, LONG_BUFF, UTILITY",https://www.wowhead.com/tbc/spell=8038,
Shaman,Class-wide / Shared,Ability,Frostbrand Weapon,10456,8033,Rank 3,38,"Imbue the Shaman's weapon with frost. Each hit has a chance of causing 
124 additional Frost damage and slowing the target's movement speed by 25% for 8 sec. Lasts 30 minutes.",Crowd Control,Utility,0,1800,110 Mana,,Cooldown,"BUFF, CC_SOFT, LONG_BUFF, UTILITY",https://www.wowhead.com/tbc/spell=10456,
Shaman,Class-wide / Shared,Ability,Frostbrand Weapon,16355,8033,Rank 4,48,"Imbue the Shaman's weapon with frost. Each hit has a chance of causing 
166 additional Frost damage and slowing the target's movement speed by 25% for 8 sec. Lasts 30 minutes.",Crowd Control,Utility,0,1800,135 Mana,,Cooldown,"BUFF, CC_SOFT, LONG_BUFF, UTILITY",https://www.wowhead.com/tbc/spell=16355,
Shaman,Class-wide / Shared,Ability,Frostbrand Weapon,16356,8033,Rank 5,58,"Imbue the Shaman's weapon with frost. Each hit has a chance of causing 
215 additional Frost damage and slowing the target's movement speed by 25% for 8 sec. Lasts 30 minutes.",Crowd Control,Utility,0,1800,160 Mana,,Cooldown,"BUFF, CC_SOFT, LONG_BUFF, UTILITY",https://www.wowhead.com/tbc/spell=16356,
Shaman,Class-wide / Shared,Ability,Frostbrand Weapon,25500,8033,Rank 6,66,"Imbue the Shaman's weapon with frost. Each hit has a chance of causing 
246 additional Frost damage and slowing the target's movement speed by 25% for 8 sec. Lasts 30 minutes.",Crowd Control,Utility,0,1800,185 Mana,,Cooldown,"BUFF, CC_SOFT, LONG_BUFF, UTILITY",https://www.wowhead.com/tbc/spell=25500,
Shaman,Class-wide / Shared,Ability,Ghost Wolf,2645,2645,,20,"Turns the Shaman into a Ghost Wolf, increasing speed by 40%. Only useable outdoors.",Mobility,Utility,0,,100 Mana,,Cooldown,"MOVEMENT, MOVEMENT_SPEED, OUT_OF_COMBAT, SHAPESHIFT",https://www.wowhead.com/tbc/spell=2645,
Shaman,Class-wide / Shared,Ability,Grace of Air Totem,8835,8835,Rank 1,42,Summons a Grace of Air Totem with 5 health at the feet of the caster. The totem increases the agility of party members within 20 yards by 43. Lasts 2 min.,Ability,Data only,0,120,155 Mana,"8836, 10626, 25360",Cooldown + aura,"BUFF, RAID_DEFENSIVE, TOTEM, TOTEM_AIR",https://www.wowhead.com/tbc/spell=8835,
Shaman,Class-wide / Shared,Ability,Grace of Air Totem,10627,8835,Rank 2,56,Summons a Grace of Air Totem with 5 health at the feet of the caster. The totem increases the agility of party members within 20 yards by 67. Lasts 2 min.,Ability,Data only,0,120,250 Mana,"8836, 10626, 25360",Cooldown + aura,"BUFF, RAID_DEFENSIVE, TOTEM, TOTEM_AIR",https://www.wowhead.com/tbc/spell=10627,
Shaman,Class-wide / Shared,Ability,Grace of Air Totem,25359,8835,Rank 3,60,Summons a Grace of Air Totem with 5 health at the feet of the caster. The totem increases the agility of party members within 20 yards by 77. Lasts 2 min.,Ability,Data only,0,120,310 Mana,"8836, 10626, 25360",Cooldown + aura,"BUFF, RAID_DEFENSIVE, TOTEM, TOTEM_AIR",https://www.wowhead.com/tbc/spell=25359,
Shaman,Class-wide / Shared,Ability,Grounding Totem,8177,8177,,30,"Summons a Grounding Totem with 5 health at the feet of the caster that will redirect one harmful spell cast on a nearby party member to itself, destroying the totem. Will not redirect area of effect spells. Lasts 45 sec.",Defensive,Utility,15,45,5% of base mana,,Cooldown,"CC_IMMUNITY, TOTEM, TOTEM_AIR, UTILITY",https://www.wowhead.com/tbc/spell=8177,
Shaman,Class-wide / Shared,Ability,Healing Stream Totem,5394,5394,Rank 1,20,Summons a Healing Stream Totem with 5 health at the feet of the caster for 2 min that heals group members within 20 yards for 6 every 2 seconds.,Utility,Utility,0,120,40 Mana,"5672, 6371, 6372, 10460, 10461, 25566",Cooldown + aura,"HEAL_AOE, TOTEM, TOTEM_WATER, UTILITY",https://www.wowhead.com/tbc/spell=5394,
Shaman,Class-wide / Shared,Ability,Healing Stream Totem,6375,5394,Rank 2,30,Summons a Healing Stream Totem with 5 health at the feet of the caster for 2 min that heals group members within 20 yards for 8 every 2 seconds.,Utility,Utility,0,120,50 Mana,"5672, 6371, 6372, 10460, 10461, 25566",Cooldown + aura,"HEAL_AOE, TOTEM, TOTEM_WATER, UTILITY",https://www.wowhead.com/tbc/spell=6375,
Shaman,Class-wide / Shared,Ability,Healing Stream Totem,6377,5394,Rank 3,40,Summons a Healing Stream Totem with 5 health at the feet of the caster for 2 min that heals group members within 20 yards for 10 every 2 seconds.,Utility,Utility,0,120,60 Mana,"5672, 6371, 6372, 10460, 10461, 25566",Cooldown + aura,"HEAL_AOE, TOTEM, TOTEM_WATER, UTILITY",https://www.wowhead.com/tbc/spell=6377,
Shaman,Class-wide / Shared,Ability,Healing Stream Totem,10462,5394,Rank 4,50,Summons a Healing Stream Totem with 5 health at the feet of the caster for 2 min that heals group members within 20 yards for 12 every 2 seconds.,Utility,Utility,0,120,70 Mana,"5672, 6371, 6372, 10460, 10461, 25566",Cooldown + aura,"HEAL_AOE, TOTEM, TOTEM_WATER, UTILITY",https://www.wowhead.com/tbc/spell=10462,
Shaman,Class-wide / Shared,Ability,Healing Stream Totem,10463,5394,Rank 5,60,Summons a Healing Stream Totem with 5 health at the feet of the caster for 2 min that heals group members within 20 yards for 14 every 2 seconds.,Utility,Utility,0,120,80 Mana,"5672, 6371, 6372, 10460, 10461, 25566",Cooldown + aura,"HEAL_AOE, TOTEM, TOTEM_WATER, UTILITY",https://www.wowhead.com/tbc/spell=10463,
Shaman,Class-wide / Shared,Ability,Healing Stream Totem,25567,5394,Rank 6,69,Summons a Healing Stream Totem with 5 health at the feet of the caster for 2 min that heals group members within 20 yards for 18 every 2 seconds.,Utility,Utility,0,120,95 Mana,"5672, 6371, 6372, 10460, 10461, 25566",Cooldown + aura,"HEAL_AOE, TOTEM, TOTEM_WATER, UTILITY",https://www.wowhead.com/tbc/spell=25567,
Shaman,Class-wide / Shared,Ability,Heroism,32182,32182,,70,"Increases melee, ranged, and spell haste by 30% for all party and raid members. Lasts 40 sec.
Allies receiving this effect will become Exhausted and be unable to benefit from Heroism again for 10 min.",Offensive,Main,600,40,750 Mana,,Cooldown + aura,"DPS, HAS_BUFF, IMPORTANT_EXTERNAL, MAJOR, RAID_DEFENSIVE",https://www.wowhead.com/tbc/spell=32182,
Shaman,Class-wide / Shared,Ability,Magma Totem,8190,8190,Rank 1,26,Summons a Magma Totem with 5 health at the feet of the caster for 20 sec that causes 22 Fire damage to creatures within 8 yards every 2 seconds.,Offensive,Main,0,20,230 Mana,,Cooldown,"AOE, DPS, TOTEM, TOTEM_FIRE",https://www.wowhead.com/tbc/spell=8190,
Shaman,Class-wide / Shared,Ability,Magma Totem,10585,8190,Rank 2,36,Summons a Magma Totem with 5 health at the feet of the caster for 20 sec that causes 37 Fire damage to creatures within 8 yards every 2 seconds.,Offensive,Main,0,20,360 Mana,,Cooldown,"AOE, DPS, TOTEM, TOTEM_FIRE",https://www.wowhead.com/tbc/spell=10585,
Shaman,Class-wide / Shared,Ability,Magma Totem,10586,8190,Rank 3,46,Summons a Magma Totem with 5 health at the feet of the caster for 20 sec that causes 54 Fire damage to creatures within 8 yards every 2 seconds.,Offensive,Main,0,20,500 Mana,,Cooldown,"AOE, DPS, TOTEM, TOTEM_FIRE",https://www.wowhead.com/tbc/spell=10586,
Shaman,Class-wide / Shared,Ability,Magma Totem,10587,8190,Rank 4,56,Summons a Magma Totem with 5 health at the feet of the caster for 20 sec that causes 75 Fire damage to creatures within 8 yards every 2 seconds.,Offensive,Main,0,20,650 Mana,,Cooldown,"AOE, DPS, TOTEM, TOTEM_FIRE",https://www.wowhead.com/tbc/spell=10587,
Shaman,Class-wide / Shared,Ability,Magma Totem,25552,8190,Rank 5,65,Summons a Magma Totem with 5 health at the feet of the caster for 20 sec that causes 97 Fire damage to creatures within 8 yards every 2 seconds.,Offensive,Main,0,20,800 Mana,,Cooldown,"AOE, DPS, TOTEM, TOTEM_FIRE",https://www.wowhead.com/tbc/spell=25552,
Shaman,Class-wide / Shared,Ability,Mana Spring Totem,5675,5675,Rank 1,26,Summons a Mana Spring Totem with 5 health at the feet of the caster for 2 min that restores 6 mana every 2 seconds to group members within 20 yards.,Utility,Utility,0,120,40 Mana,"5677, 10491, 10493, 10494, 25569",Cooldown + aura,"RESOURCE, TOTEM, TOTEM_WATER, UTILITY",https://www.wowhead.com/tbc/spell=5675,
Shaman,Class-wide / Shared,Ability,Mana Spring Totem,10495,5675,Rank 2,36,Summons a Mana Spring Totem with 5 health at the feet of the caster for 2 min that restores 9 mana every 2 seconds to group members within 20 yards.,Utility,Utility,0,120,60 Mana,"5677, 10491, 10493, 10494, 25569",Cooldown + aura,"RESOURCE, TOTEM, TOTEM_WATER, UTILITY",https://www.wowhead.com/tbc/spell=10495,
Shaman,Class-wide / Shared,Ability,Mana Spring Totem,10496,5675,Rank 3,46,Summons a Mana Spring Totem with 5 health at the feet of the caster for 2 min that restores 13 mana every 2 seconds to group members within 20 yards.,Utility,Utility,0,120,80 Mana,"5677, 10491, 10493, 10494, 25569",Cooldown + aura,"RESOURCE, TOTEM, TOTEM_WATER, UTILITY",https://www.wowhead.com/tbc/spell=10496,
Shaman,Class-wide / Shared,Ability,Mana Spring Totem,10497,5675,Rank 4,56,Summons a Mana Spring Totem with 5 health at the feet of the caster for 2 min that restores 17 mana every 2 seconds to group members within 20 yards.,Utility,Utility,0,120,100 Mana,"5677, 10491, 10493, 10494, 25569",Cooldown + aura,"RESOURCE, TOTEM, TOTEM_WATER, UTILITY",https://www.wowhead.com/tbc/spell=10497,
Shaman,Class-wide / Shared,Ability,Mana Spring Totem,25570,5675,Rank 5,65,Summons a Mana Spring Totem with 5 health at the feet of the caster for 2 min that restores 20 mana every 2 seconds to group members within 20 yards.,Utility,Utility,0,120,120 Mana,"5677, 10491, 10493, 10494, 25569",Cooldown + aura,"RESOURCE, TOTEM, TOTEM_WATER, UTILITY",https://www.wowhead.com/tbc/spell=25570,
Shaman,Class-wide / Shared,Ability,Nature Resistance Totem,10595,10595,Rank 1,30,Summons a Nature Resistance Totem with 5 health at the feet of the caster for 2 min that increases the nature resistance of party members within 20 yards by 30.,Ability,Data only,0,120,75 Mana,"10596, 10598, 10599, 25573",Cooldown + aura,"BUFF, RAID_DEFENSIVE, TOTEM, TOTEM_AIR",https://www.wowhead.com/tbc/spell=10595,
Shaman,Class-wide / Shared,Ability,Nature Resistance Totem,10600,10595,Rank 2,44,Summons a Nature Resistance Totem with 5 health at the feet of the caster for 2 min that increases the nature resistance of party members within 20 yards by 45.,Ability,Data only,0,120,120 Mana,"10596, 10598, 10599, 25573",Cooldown + aura,"BUFF, RAID_DEFENSIVE, TOTEM, TOTEM_AIR",https://www.wowhead.com/tbc/spell=10600,
Shaman,Class-wide / Shared,Ability,Nature Resistance Totem,10601,10595,Rank 3,60,Summons a Nature Resistance Totem with 5 health at the feet of the caster for 2 min that increases the nature resistance of party members within 20 yards by 60.,Ability,Data only,0,120,180 Mana,"10596, 10598, 10599, 25573",Cooldown + aura,"BUFF, RAID_DEFENSIVE, TOTEM, TOTEM_AIR",https://www.wowhead.com/tbc/spell=10601,
Shaman,Class-wide / Shared,Ability,Nature Resistance Totem,25574,10595,Rank 4,69,Summons a Nature Resistance Totem with 5 health at the feet of the caster for 2 min that increases the nature resistance of party members within 20 yards by 70.,Ability,Data only,0,120,245 Mana,"10596, 10598, 10599, 25573",Cooldown + aura,"BUFF, RAID_DEFENSIVE, TOTEM, TOTEM_AIR",https://www.wowhead.com/tbc/spell=25574,
Shaman,Class-wide / Shared,Ability,Poison Cleansing Totem,8166,8166,,22,Summons a Poison Cleansing Totem with 5 health at the feet of the caster that attempts to remove 1 poison effect from party members within 20 yards every 5 seconds. Lasts 2 min.,Utility,Utility,0,120,8% of base mana,,Cooldown,"DISPEL_POISON, FILLER, TOTEM, TOTEM_WATER, UTILITY",https://www.wowhead.com/tbc/spell=8166,
Shaman,Class-wide / Shared,Ability,Purge,370,370,Rank 1,12,"Purges the enemy target, removing 1 beneficial magic effect.",Utility,Utility,0,,8% of base mana,,Cooldown,"DISPEL_MAGIC, FILLER, PURGE",https://www.wowhead.com/tbc/spell=370,
Shaman,Class-wide / Shared,Ability,Purge,8012,370,Rank 2,32,"Purges the enemy target, removing 2 beneficial magic effects.",Utility,Utility,0,,8% of base mana,,Cooldown,"DISPEL_MAGIC, FILLER, PURGE",https://www.wowhead.com/tbc/spell=8012,
Shaman,Class-wide / Shared,Ability,Purge,27626,370,Rank 3,32,"Purges the enemy target, removing 2 beneficial magic effects.",Utility,Utility,0,,5% of base mana,,Cooldown,"DISPEL_MAGIC, FILLER, PURGE",https://www.wowhead.com/tbc/spell=27626,
Shaman,Class-wide / Shared,Ability,Reincarnation,20608,20608,,30,Allows you to resurrect yourself upon death with 20% health and mana.,Utility,Utility,3600,,,,Cooldown,"RESURRECT, UTILITY",https://www.wowhead.com/tbc/spell=20608,
Shaman,Class-wide / Shared,Ability,Rockbiter Weapon,8017,8017,Rank 1,1,"Imbue the Shaman's weapon, increasing its damage per second by 2. Lasts 30 minutes.",Utility,Utility,0,1800,15 Mana,,Cooldown,"BUFF, LONG_BUFF, UTILITY",https://www.wowhead.com/tbc/spell=8017,
Shaman,Class-wide / Shared,Ability,Rockbiter Weapon,8018,8017,Rank 2,8,"Imbue the Shaman's weapon, increasing its damage per second by 4. Lasts 30 minutes.",Utility,Utility,0,1800,25 Mana,,Cooldown,"BUFF, LONG_BUFF, UTILITY",https://www.wowhead.com/tbc/spell=8018,
Shaman,Class-wide / Shared,Ability,Rockbiter Weapon,8019,8017,Rank 3,16,"Imbue the Shaman's weapon, increasing its damage per second by 6. Lasts 30 minutes.",Utility,Utility,0,1800,50 Mana,,Cooldown,"BUFF, LONG_BUFF, UTILITY",https://www.wowhead.com/tbc/spell=8019,
Shaman,Class-wide / Shared,Ability,Rockbiter Weapon,10399,8017,Rank 4,24,"Imbue the Shaman's weapon, increasing its damage per second by 9. Lasts 30 minutes.",Utility,Utility,0,1800,75 Mana,,Cooldown,"BUFF, LONG_BUFF, UTILITY",https://www.wowhead.com/tbc/spell=10399,
Shaman,Class-wide / Shared,Ability,Rockbiter Weapon,16314,8017,Rank 5,34,"Imbue the Shaman's weapon, increasing its damage per second by 15. Lasts 30 minutes.",Utility,Utility,0,1800,100 Mana,,Cooldown,"BUFF, LONG_BUFF, UTILITY",https://www.wowhead.com/tbc/spell=16314,
Shaman,Class-wide / Shared,Ability,Rockbiter Weapon,16315,8017,Rank 6,44,"Imbue the Shaman's weapon, increasing its damage per second by 28. Lasts 30 minutes.",Utility,Utility,0,1800,125 Mana,,Cooldown,"BUFF, LONG_BUFF, UTILITY",https://www.wowhead.com/tbc/spell=16315,
Shaman,Class-wide / Shared,Ability,Rockbiter Weapon,16316,8017,Rank 7,54,"Imbue the Shaman's weapon, increasing its damage per second by 40. Lasts 30 minutes.",Utility,Utility,0,1800,150 Mana,,Cooldown,"BUFF, LONG_BUFF, UTILITY",https://www.wowhead.com/tbc/spell=16316,
Shaman,Class-wide / Shared,Ability,Rockbiter Weapon,25479,8017,Rank 8,62,"Imbue the Shaman's weapon, increasing its damage per second by 49. Lasts 30 minutes.",Utility,Utility,0,1800,170 Mana,,Cooldown,"BUFF, LONG_BUFF, UTILITY",https://www.wowhead.com/tbc/spell=25479,
Shaman,Class-wide / Shared,Ability,Searing Totem,3599,3599,Rank 1,10,Summons a Searing Totem with 5 health at your feet for 30 sec that repeatedly attacks an enemy within 20 yards for 9 to 11 Fire damage.,Utility,Utility,0,60,25 Mana,,Cooldown,"TOTEM, TOTEM_FIRE, UTILITY",https://www.wowhead.com/tbc/spell=3599,
Shaman,Class-wide / Shared,Ability,Searing Totem,6363,3599,Rank 2,20,Summons a Searing Totem with 5 health at your feet for 35 sec that repeatedly attacks an enemy within 20 yards for 13 to 17 Fire damage.,Utility,Utility,0,60,45 Mana,,Cooldown,"TOTEM, TOTEM_FIRE, UTILITY",https://www.wowhead.com/tbc/spell=6363,
Shaman,Class-wide / Shared,Ability,Searing Totem,6364,3599,Rank 3,30,Summons a Searing Totem with 5 health at your feet for 40 sec that repeatedly attacks an enemy within 20 yards for 19 to 25 Fire damage.,Utility,Utility,0,60,75 Mana,,Cooldown,"TOTEM, TOTEM_FIRE, UTILITY",https://www.wowhead.com/tbc/spell=6364,
Shaman,Class-wide / Shared,Ability,Searing Totem,6365,3599,Rank 4,40,Summons a Searing Totem with 5 health at your feet for 45 sec that repeatedly attacks an enemy within 20 yards for 26 to 34 Fire damage.,Utility,Utility,0,60,110 Mana,,Cooldown,"TOTEM, TOTEM_FIRE, UTILITY",https://www.wowhead.com/tbc/spell=6365,
Shaman,Class-wide / Shared,Ability,Searing Totem,10437,3599,Rank 5,50,Summons a Searing Totem with 5 health at your feet for 50 sec that repeatedly attacks an enemy within 20 yards for 33 to 45 Fire damage.,Utility,Utility,0,60,145 Mana,,Cooldown,"TOTEM, TOTEM_FIRE, UTILITY",https://www.wowhead.com/tbc/spell=10437,
Shaman,Class-wide / Shared,Ability,Searing Totem,10438,3599,Rank 6,60,Summons a Searing Totem with 5 health at your feet for 55 sec that repeatedly attacks an enemy within 20 yards for 40 to 54 Fire damage.,Utility,Utility,0,60,170 Mana,,Cooldown,"TOTEM, TOTEM_FIRE, UTILITY",https://www.wowhead.com/tbc/spell=10438,
Shaman,Class-wide / Shared,Ability,Searing Totem,25533,3599,Rank 7,69,Summons a Searing Totem with 5 health at your feet for 1 min that repeatedly attacks an enemy within 20 yards for 50 to 66 Fire damage.,Utility,Utility,0,60,205 Mana,,Cooldown,"TOTEM, TOTEM_FIRE, UTILITY",https://www.wowhead.com/tbc/spell=25533,
Shaman,Class-wide / Shared,Ability,Sentry Totem,6495,6495,,34,Summons an immobile Sentry Totem with 100 health at your feet for 5 min that allows vision of nearby area and warns of enemies that attack it. Right-Click on buff to switch back and forth between totem sight and shaman sight.,Utility,Utility,0,300,65 Mana,,Cooldown,"TOTEM, TOTEM_AIR, UTILITY",https://www.wowhead.com/tbc/spell=6495,
Shaman,Class-wide / Shared,Ability,Stoneclaw Totem,5730,5730,Rank 1,8,Summons a Stoneclaw Totem with 50 health at the feet of the caster for 15 sec that taunts creatures within 8 yards to attack it. Enemies attacking the Stoneclaw Totem have a 50% chance to be stunned for 3 sec.,Utility,Utility,30,15,15 Mana,,Cooldown,"TAUNT, TOTEM, TOTEM_EARTH, UTILITY",https://www.wowhead.com/tbc/spell=5730,
Shaman,Class-wide / Shared,Ability,Stoneclaw Totem,6390,5730,Rank 2,18,Summons a Stoneclaw Totem with 150 health at the feet of the caster for 15 sec that taunts creatures within 8 yards to attack it. Enemies attacking the Stoneclaw Totem have a 50% chance to be stunned for 3 sec.,Utility,Utility,30,15,30 Mana,,Cooldown,"TAUNT, TOTEM, TOTEM_EARTH, UTILITY",https://www.wowhead.com/tbc/spell=6390,
Shaman,Class-wide / Shared,Ability,Stoneclaw Totem,6391,5730,Rank 3,28,Summons a Stoneclaw Totem with 220 health at the feet of the caster for 15 sec that taunts creatures within 8 yards to attack it. Enemies attacking the Stoneclaw Totem have a 50% chance to be stunned for 3 sec.,Utility,Utility,30,15,55 Mana,,Cooldown,"TAUNT, TOTEM, TOTEM_EARTH, UTILITY",https://www.wowhead.com/tbc/spell=6391,
Shaman,Class-wide / Shared,Ability,Stoneclaw Totem,6392,5730,Rank 4,38,Summons a Stoneclaw Totem with 280 health at the feet of the caster for 15 sec that taunts creatures within 8 yards to attack it. Enemies attacking the Stoneclaw Totem have a 50% chance to be stunned for 3 sec.,Utility,Utility,30,15,75 Mana,,Cooldown,"TAUNT, TOTEM, TOTEM_EARTH, UTILITY",https://www.wowhead.com/tbc/spell=6392,
Shaman,Class-wide / Shared,Ability,Stoneclaw Totem,10427,5730,Rank 5,48,Summons a Stoneclaw Totem with 390 health at the feet of the caster for 15 sec that taunts creatures within 8 yards to attack it. Enemies attacking the Stoneclaw Totem have a 50% chance to be stunned for 3 sec.,Utility,Utility,30,15,105 Mana,,Cooldown,"TAUNT, TOTEM, TOTEM_EARTH, UTILITY",https://www.wowhead.com/tbc/spell=10427,
Shaman,Class-wide / Shared,Ability,Stoneclaw Totem,10428,5730,Rank 6,58,Summons a Stoneclaw Totem with 480 health at the feet of the caster for 15 sec that taunts creatures within 8 yards to attack it. Enemies attacking the Stoneclaw Totem have a 50% chance to be stunned for 3 sec.,Utility,Utility,30,15,140 Mana,,Cooldown,"TAUNT, TOTEM, TOTEM_EARTH, UTILITY",https://www.wowhead.com/tbc/spell=10428,
Shaman,Class-wide / Shared,Ability,Stoneclaw Totem,25525,5730,Rank 7,67,"Summons a Stoneclaw Totem with 
1324 health at the feet of the caster for 15 sec that taunts creatures within 8 yards to attack it. Enemies attacking the Stoneclaw Totem have a 50% chance to be stunned for 3 sec.",Utility,Utility,30,15,170 Mana,,Cooldown,"TAUNT, TOTEM, TOTEM_EARTH, UTILITY",https://www.wowhead.com/tbc/spell=25525,
Shaman,Class-wide / Shared,Ability,Stoneskin Totem,8071,8071,Rank 1,4,"Summons a Stoneskin Totem with 5 health at the feet of the caster. The totem protects party members within 20 yards, reducing melee damage taken by 4. Lasts 2 min.",Ability,Data only,0,120,30 Mana,"8072, 8156, 8157, 10403, 10404, 10405, 25506, 25507",Cooldown + aura,"BUFF, RAID_DEFENSIVE, TOTEM, TOTEM_EARTH",https://www.wowhead.com/tbc/spell=8071,
Shaman,Class-wide / Shared,Ability,Stoneskin Totem,8154,8071,Rank 2,14,"Summons a Stoneskin Totem with 5 health at the feet of the caster. The totem protects party members within 20 yards, reducing melee damage taken by 7. Lasts 2 min.",Ability,Data only,0,120,60 Mana,"8072, 8156, 8157, 10403, 10404, 10405, 25506, 25507",Cooldown + aura,"BUFF, RAID_DEFENSIVE, TOTEM, TOTEM_EARTH",https://www.wowhead.com/tbc/spell=8154,
Shaman,Class-wide / Shared,Ability,Stoneskin Totem,8155,8071,Rank 3,24,"Summons a Stoneskin Totem with 5 health at the feet of the caster. The totem protects party members within 20 yards, reducing melee damage taken by 11. Lasts 2 min.",Ability,Data only,0,120,90 Mana,"8072, 8156, 8157, 10403, 10404, 10405, 25506, 25507",Cooldown + aura,"BUFF, RAID_DEFENSIVE, TOTEM, TOTEM_EARTH",https://www.wowhead.com/tbc/spell=8155,
Shaman,Class-wide / Shared,Ability,Stoneskin Totem,10406,8071,Rank 4,34,"Summons a Stoneskin Totem with 5 health at the feet of the caster. The totem protects party members within 20 yards, reducing melee damage taken by 16. Lasts 2 min.",Ability,Data only,0,120,115 Mana,"8072, 8156, 8157, 10403, 10404, 10405, 25506, 25507",Cooldown + aura,"BUFF, RAID_DEFENSIVE, TOTEM, TOTEM_EARTH",https://www.wowhead.com/tbc/spell=10406,
Shaman,Class-wide / Shared,Ability,Stoneskin Totem,10407,8071,Rank 5,44,"Summons a Stoneskin Totem with 5 health at the feet of the caster. The totem protects party members within 20 yards, reducing melee damage taken by 22. Lasts 2 min.",Ability,Data only,0,120,160 Mana,"8072, 8156, 8157, 10403, 10404, 10405, 25506, 25507",Cooldown + aura,"BUFF, RAID_DEFENSIVE, TOTEM, TOTEM_EARTH",https://www.wowhead.com/tbc/spell=10407,
Shaman,Class-wide / Shared,Ability,Stoneskin Totem,10408,8071,Rank 6,54,"Summons a Stoneskin Totem with 5 health at the feet of the caster. The totem protects party members within 20 yards, reducing melee damage taken by 30. Lasts 2 min.",Ability,Data only,0,120,210 Mana,"8072, 8156, 8157, 10403, 10404, 10405, 25506, 25507",Cooldown + aura,"BUFF, RAID_DEFENSIVE, TOTEM, TOTEM_EARTH",https://www.wowhead.com/tbc/spell=10408,
Shaman,Class-wide / Shared,Ability,Stoneskin Totem,25508,8071,Rank 7,63,"Summons a Stoneskin Totem with 5 health at the feet of the caster. The totem protects party members within 20 yards, reducing melee damage taken by 36. Lasts 2 min.",Ability,Data only,0,120,250 Mana,"8072, 8156, 8157, 10403, 10404, 10405, 25506, 25507",Cooldown + aura,"BUFF, RAID_DEFENSIVE, TOTEM, TOTEM_EARTH",https://www.wowhead.com/tbc/spell=25508,
Shaman,Class-wide / Shared,Ability,Stoneskin Totem,25509,8071,Rank 8,70,"Summons a Stoneskin Totem with 5 health at the feet of the caster. The totem protects party members within 20 yards, reducing melee damage taken by 43. Lasts 2 min.",Ability,Data only,0,120,295 Mana,"8072, 8156, 8157, 10403, 10404, 10405, 25506, 25507",Cooldown + aura,"BUFF, RAID_DEFENSIVE, TOTEM, TOTEM_EARTH",https://www.wowhead.com/tbc/spell=25509,
Shaman,Class-wide / Shared,Ability,Strength of Earth Totem,8075,8075,Rank 1,10,Summons a Strength of Earth Totem with 5 health at the feet of the caster. The totem increases the strength of party members within 20 yards by 10. Lasts 2 min.,Utility,Utility,0,120,25 Mana,"8076, 8162, 8163, 10441, 25362, 25527",Cooldown + aura,"BUFF, TOTEM, TOTEM_EARTH, UTILITY",https://www.wowhead.com/tbc/spell=8075,
Shaman,Class-wide / Shared,Ability,Strength of Earth Totem,8160,8075,Rank 2,24,Summons a Strength of Earth Totem with 5 health at the feet of the caster. The totem increases the strength of party members within 20 yards by 20. Lasts 2 min.,Utility,Utility,0,120,65 Mana,"8076, 8162, 8163, 10441, 25362, 25527",Cooldown + aura,"BUFF, TOTEM, TOTEM_EARTH, UTILITY",https://www.wowhead.com/tbc/spell=8160,
Shaman,Class-wide / Shared,Ability,Strength of Earth Totem,8161,8075,Rank 3,38,Summons a Strength of Earth Totem with 5 health at the feet of the caster. The totem increases the strength of party members within 20 yards by 36. Lasts 2 min.,Utility,Utility,0,120,125 Mana,"8076, 8162, 8163, 10441, 25362, 25527",Cooldown + aura,"BUFF, TOTEM, TOTEM_EARTH, UTILITY",https://www.wowhead.com/tbc/spell=8161,
Shaman,Class-wide / Shared,Ability,Strength of Earth Totem,10442,8075,Rank 4,52,Summons a Strength of Earth Totem with 5 health at the feet of the caster. The totem increases the strength of party members within 20 yards by 61. Lasts 2 min.,Utility,Utility,0,120,225 Mana,"8076, 8162, 8163, 10441, 25362, 25527",Cooldown + aura,"BUFF, TOTEM, TOTEM_EARTH, UTILITY",https://www.wowhead.com/tbc/spell=10442,
Shaman,Class-wide / Shared,Ability,Strength of Earth Totem,25361,8075,Rank 5,60,Summons a Strength of Earth Totem with 5 health at the feet of the caster. The totem increases the strength of party members within 20 yards by 77. Lasts 2 min.,Utility,Utility,0,120,275 Mana,"8076, 8162, 8163, 10441, 25362, 25527",Cooldown + aura,"BUFF, TOTEM, TOTEM_EARTH, UTILITY",https://www.wowhead.com/tbc/spell=25361,
Shaman,Class-wide / Shared,Ability,Strength of Earth Totem,25528,8075,Rank 6,65,Summons a Strength of Earth Totem with 5 health at the feet of the caster. The totem increases the strength of party members within 20 yards by 86. Lasts 2 min.,Utility,Utility,0,120,300 Mana,"8076, 8162, 8163, 10441, 25362, 25527",Cooldown + aura,"BUFF, TOTEM, TOTEM_EARTH, UTILITY",https://www.wowhead.com/tbc/spell=25528,
Shaman,Class-wide / Shared,Ability,Totemic Call,36936,36936,,30,"Returns your totems to the earth, giving you 25% of the mana required to cast each totem destroyed by Totemic Call.",Utility,Utility,0,,,,Cooldown,UTILITY,https://www.wowhead.com/tbc/spell=36936,
Shaman,Class-wide / Shared,Ability,Tranquil Air Totem,25908,25908,,50,Summons a Tranquil Air Totem with 5 health at the feet of the caster. The totem reduces the threat caused by all party members within 20 yards by 20%. Lasts 2 min.,Utility,Utility,0,120,6% of base mana,25909,Cooldown + aura,"BUFF, TOTEM, TOTEM_AIR, UTILITY",https://www.wowhead.com/tbc/spell=25908,
Shaman,Class-wide / Shared,Ability,Tremor Totem,8143,8143,,18,"Summons a Tremor Totem with 5 health at the feet of the caster that shakes the ground around it, removing Fear, Charm and Sleep effects from party members within 30 yards. Lasts 2 min.",Defensive,Utility,0,120,60 Mana,,Cooldown,"CC_BREAK, TOTEM, TOTEM_EARTH, UTILITY",https://www.wowhead.com/tbc/spell=8143,
Shaman,Class-wide / Shared,Ability,Water Breathing,131,131,,22,Allows the target to breathe underwater for 10 min.,Utility,Utility,0,600,50 Mana,,Cooldown,"LONG_BUFF, OUT_OF_COMBAT, SITUATIONAL, UTILITY",https://www.wowhead.com/tbc/spell=131,
Shaman,Class-wide / Shared,Ability,Water Walking,546,546,,28,Allows the friendly target to walk across water for 10 min. Any damage will cancel the effect.,Mobility,Utility,0,600,95 Mana,,Cooldown,"LONG_BUFF, MOVEMENT, OUT_OF_COMBAT, SITUATIONAL, UTILITY",https://www.wowhead.com/tbc/spell=546,
Shaman,Class-wide / Shared,Ability,Windfury Totem,8512,8512,Rank 1,32,"Summons a Windfury Totem with 5 health at the feet of the caster. The totem enchants all party members main-hand weapons with wind, if they are within 20 yards. Each hit has a 20% chance of granting the attacker 1 extra attack with 122 extra melee attack power. Lasts 2 min.",Offensive,Main,0,120,95 Mana,,Cooldown,"BUFF, DPS, RAID_DEFENSIVE, TOTEM, TOTEM_AIR",https://www.wowhead.com/tbc/spell=8512,
Shaman,Class-wide / Shared,Ability,Windfury Totem,10613,8512,Rank 2,42,"Summons a Windfury Totem with 5 health at the feet of the caster. The totem enchants all party members main-hand weapons with wind, if they are within 20 yards. Each hit has a 20% chance of granting the attacker 1 extra attack with 229 extra melee attack power. Lasts 2 min.",Offensive,Main,0,120,140 Mana,,Cooldown,"BUFF, DPS, RAID_DEFENSIVE, TOTEM, TOTEM_AIR",https://www.wowhead.com/tbc/spell=10613,
Shaman,Class-wide / Shared,Ability,Windfury Totem,10614,8512,Rank 3,52,"Summons a Windfury Totem with 5 health at the feet of the caster. The totem enchants all party members main-hand weapons with wind, if they are within 20 yards. Each hit has a 20% chance of granting the attacker 1 extra attack with 315 extra melee attack power. Lasts 2 min.",Offensive,Main,0,120,200 Mana,,Cooldown,"BUFF, DPS, RAID_DEFENSIVE, TOTEM, TOTEM_AIR",https://www.wowhead.com/tbc/spell=10614,
Shaman,Class-wide / Shared,Ability,Windfury Totem,25585,8512,Rank 4,61,"Summons a Windfury Totem with 5 health at the feet of the caster. The totem enchants all party members main-hand weapons with wind, if they are within 20 yards. Each hit has a 20% chance of granting the attacker 1 extra attack with 375 extra attack power. Lasts 2 min.",Offensive,Main,0,120,275 Mana,,Cooldown,"BUFF, DPS, RAID_DEFENSIVE, TOTEM, TOTEM_AIR",https://www.wowhead.com/tbc/spell=25585,
Shaman,Class-wide / Shared,Ability,Windfury Totem,25587,8512,Rank 5,70,"Summons a Windfury Totem with 5 health at the feet of the caster. The totem enchants all party members main-hand weapons with wind, if they are within 20 yards. Each hit has a 20% chance of granting the attacker 1 extra attack with 445 extra attack power. Lasts 2 min.",Offensive,Main,0,120,325 Mana,,Cooldown,"BUFF, DPS, RAID_DEFENSIVE, TOTEM, TOTEM_AIR",https://www.wowhead.com/tbc/spell=25587,
Shaman,Class-wide / Shared,Ability,Windwall Totem,15107,15107,Rank 1,36,"Summons a Windwall Totem with 5 health at the feet of the caster. The totem protects party members within 20 yards, reducing ranged damage taken by 32. Lasts 2 min.",Ability,Data only,0,120,115 Mana,"15108, 15109, 15110, 25576",Cooldown + aura,"BUFF, RAID_DEFENSIVE, TOTEM, TOTEM_AIR",https://www.wowhead.com/tbc/spell=15107,
Shaman,Class-wide / Shared,Ability,Windwall Totem,15111,15107,Rank 2,46,"Summons a Windwall Totem with 5 health at the feet of the caster. The totem protects party members within 20 yards, reducing ranged damage taken by 50. Lasts 2 min.",Ability,Data only,0,120,170 Mana,"15108, 15109, 15110, 25576",Cooldown + aura,"BUFF, RAID_DEFENSIVE, TOTEM, TOTEM_AIR",https://www.wowhead.com/tbc/spell=15111,
Shaman,Class-wide / Shared,Ability,Windwall Totem,15112,15107,Rank 3,56,"Summons a Windwall Totem with 5 health at the feet of the caster. The totem protects party members within 20 yards, reducing ranged damage taken by 64. Lasts 2 min.",Ability,Data only,0,120,225 Mana,"15108, 15109, 15110, 25576",Cooldown + aura,"BUFF, RAID_DEFENSIVE, TOTEM, TOTEM_AIR",https://www.wowhead.com/tbc/spell=15112,
Shaman,Class-wide / Shared,Ability,Windwall Totem,25577,15107,Rank 4,65,"Summons a Windwall Totem with 5 health at the feet of the caster. The totem protects party members within 20 yards, reducing ranged damage taken by 102. Lasts 2 min.",Ability,Data only,0,120,265 Mana,"15108, 15109, 15110, 25576",Cooldown + aura,"BUFF, RAID_DEFENSIVE, TOTEM, TOTEM_AIR",https://www.wowhead.com/tbc/spell=25577,
Shaman,Class-wide / Shared,Ability,Wrath of Air Totem,3738,3738,,64,Summons a Wrath of Air Totem with 5 health at the feet of the caster. Party members within 20 yards of the totem have their spell damage and healing increased by up to 101. Lasts 2 min.,Offensive,Main,0,120,320 Mana,2895,Cooldown + aura,"BUFF, DPS, RAID_DEFENSIVE, TOTEM, TOTEM_AIR",https://www.wowhead.com/tbc/spell=3738,
Shaman,Elemental,Ability,Chain Lightning,421,421,Rank 1,32,"Hurls a lightning bolt at the enemy, dealing 
200 to 
227 Nature damage and then jumping to additional nearby enemies. Each jump reduces the damage by 30%. Affects 3 total targets.",Offensive,Main,6,,255 Mana,,Cooldown,"AOE, DPS, PVE_PVP, ROTATIONAL",https://www.wowhead.com/tbc/spell=421,
Shaman,Elemental,Ability,Chain Lightning,930,421,Rank 2,40,"Hurls a lightning bolt at the enemy, dealing 
288 to 
323 Nature damage and then jumping to additional nearby enemies. Each jump reduces the damage by 30%. Affects 3 total targets.",Offensive,Main,6,,345 Mana,,Cooldown,"AOE, DPS, PVE_PVP, ROTATIONAL",https://www.wowhead.com/tbc/spell=930,
Shaman,Elemental,Ability,Chain Lightning,2860,421,Rank 3,48,"Hurls a lightning bolt at the enemy, dealing 
391 to 
438 Nature damage and then jumping to additional nearby enemies. Each jump reduces the damage by 30%. Affects 3 total targets.",Offensive,Main,6,,445 Mana,,Cooldown,"AOE, DPS, PVE_PVP, ROTATIONAL",https://www.wowhead.com/tbc/spell=2860,
Shaman,Elemental,Ability,Chain Lightning,10605,421,Rank 4,56,"Hurls a lightning bolt at the enemy, dealing 
508 to 
567 Nature damage and then jumping to additional nearby enemies. Each jump reduces the damage by 30%. Affects 3 total targets.",Offensive,Main,6,,550 Mana,,Cooldown,"AOE, DPS, PVE_PVP, ROTATIONAL",https://www.wowhead.com/tbc/spell=10605,
Shaman,Elemental,Ability,Chain Lightning,25439,421,Rank 5,63,"Hurls a lightning bolt at the enemy, dealing 
620 to 
705 Nature damage and then jumping to additional nearby enemies. Each jump reduces the damage by 30%. Affects 3 total targets.",Offensive,Main,6,,650 Mana,,Cooldown,"AOE, DPS, PVE_PVP, ROTATIONAL",https://www.wowhead.com/tbc/spell=25439,
Shaman,Elemental,Ability,Chain Lightning,25442,421,Rank 6,70,"Hurls a lightning bolt at the enemy, dealing 
734 to 
838 Nature damage and then jumping to additional nearby enemies. Each jump reduces the damage by 30%. Affects 3 total targets.",Offensive,Main,6,,760 Mana,,Cooldown,"AOE, DPS, PVE_PVP, ROTATIONAL",https://www.wowhead.com/tbc/spell=25442,
Shaman,Elemental,Ability,Lightning Bolt,403,403,Rank 1,1,"Casts a bolt of lightning at the target for 
15 to 
17 Nature damage.",Offensive,Main,0,,15 Mana,,Cooldown,"DPS, FILLER, PVE_PVP",https://www.wowhead.com/tbc/spell=403,
Shaman,Elemental,Ability,Lightning Bolt,529,403,Rank 2,8,"Casts a bolt of lightning at the target for 
28 to 
33 Nature damage.",Offensive,Main,0,,25 Mana,,Cooldown,"DPS, FILLER, PVE_PVP",https://www.wowhead.com/tbc/spell=529,
Shaman,Elemental,Ability,Lightning Bolt,548,403,Rank 3,14,"Casts a bolt of lightning at the target for 
48 to 
57 Nature damage.",Offensive,Main,0,,40 Mana,,Cooldown,"DPS, FILLER, PVE_PVP",https://www.wowhead.com/tbc/spell=548,
Shaman,Elemental,Ability,Lightning Bolt,915,403,Rank 4,20,"Casts a bolt of lightning at the target for 
88 to 
100 Nature damage.",Offensive,Main,0,,70 Mana,,Cooldown,"DPS, FILLER, PVE_PVP",https://www.wowhead.com/tbc/spell=915,
Shaman,Elemental,Ability,Lightning Bolt,943,403,Rank 5,26,"Casts a bolt of lightning at the target for 
131 to 
149 Nature damage.",Offensive,Main,0,,95 Mana,,Cooldown,"DPS, FILLER, PVE_PVP",https://www.wowhead.com/tbc/spell=943,
Shaman,Elemental,Ability,Lightning Bolt,6041,403,Rank 6,32,"Casts a bolt of lightning at the target for 
179 to 
202 Nature damage.",Offensive,Main,0,,125 Mana,,Cooldown,"DPS, FILLER, PVE_PVP",https://www.wowhead.com/tbc/spell=6041,
Shaman,Elemental,Ability,Lightning Bolt,10391,403,Rank 7,38,"Casts a bolt of lightning at the target for 
235 to 
264 Nature damage.",Offensive,Main,0,,150 Mana,,Cooldown,"DPS, FILLER, PVE_PVP",https://www.wowhead.com/tbc/spell=10391,
Shaman,Elemental,Ability,Lightning Bolt,10392,403,Rank 8,44,"Casts a bolt of lightning at the target for 
291 to 
326 Nature damage.",Offensive,Main,0,,175 Mana,,Cooldown,"DPS, FILLER, PVE_PVP",https://www.wowhead.com/tbc/spell=10392,
Shaman,Elemental,Ability,Lightning Bolt,15207,403,Rank 9,50,"Casts a bolt of lightning at the target for 
357 to 
400 Nature damage.",Offensive,Main,0,,210 Mana,,Cooldown,"DPS, FILLER, PVE_PVP",https://www.wowhead.com/tbc/spell=15207,
Shaman,Elemental,Ability,Lightning Bolt,15208,403,Rank 10,56,"Casts a bolt of lightning at the target for 
431 to 
479 Nature damage.",Offensive,Main,0,,240 Mana,,Cooldown,"DPS, FILLER, PVE_PVP",https://www.wowhead.com/tbc/spell=15208,
Shaman,Elemental,Ability,Lightning Bolt,25448,403,Rank 11,62,"Casts a bolt of lightning at the target for 
505 to 
576 Nature damage.",Offensive,Main,0,,275 Mana,,Cooldown,"DPS, FILLER, PVE_PVP",https://www.wowhead.com/tbc/spell=25448,
Shaman,Elemental,Ability,Lightning Bolt,25449,403,Rank 12,67,"Casts a bolt of lightning at the target for 
571 to 
652 Nature damage.",Offensive,Main,0,,300 Mana,,Cooldown,"DPS, FILLER, PVE_PVP",https://www.wowhead.com/tbc/spell=25449,
Shaman,Elemental,Talent,Call of Flame,16038,16038,Rank 1/3,,Increases the damage done by your Fire Totems by 5%.,Talent Passive,Data only,,,,,Data only,TALENT,https://www.wowhead.com/tbc/spell=16038,Talent: Call of Flame; tree row 2
Shaman,Elemental,Talent,Call of Flame,16160,16038,Rank 2/3,,Increases the damage done by your Fire Totems by 10%.,Talent Passive,Data only,,,,,Data only,TALENT,https://www.wowhead.com/tbc/spell=16160,Talent: Call of Flame; tree row 2
Shaman,Elemental,Talent,Call of Flame,16161,16038,Rank 3/3,,Increases the damage done by your Fire Totems by 15%.,Talent Passive,Data only,,,,,Data only,TALENT,https://www.wowhead.com/tbc/spell=16161,Talent: Call of Flame; tree row 2
Shaman,Elemental,Talent,Call of Thunder,16041,16041,Rank 1/5,,Increases the critical strike chance of your Lightning Bolt and Chain Lightning spells by an additional 1%.,Talent Passive,Data only,,,,,Data only,TALENT,https://www.wowhead.com/tbc/spell=16041,Talent: Call of Thunder; tree row 3
Shaman,Elemental,Talent,Call of Thunder,16117,16041,Rank 2/5,,Increases the critical strike chance of your Lightning Bolt and Chain Lightning spells by an additional 2%.,Talent Passive,Data only,,,,,Data only,TALENT,https://www.wowhead.com/tbc/spell=16117,Talent: Call of Thunder; tree row 3
Shaman,Elemental,Talent,Call of Thunder,16118,16041,Rank 3/5,,Increases the critical strike chance of your Lightning Bolt and Chain Lightning spells by an additional 3%.,Talent Passive,Data only,,,,,Data only,TALENT,https://www.wowhead.com/tbc/spell=16118,Talent: Call of Thunder; tree row 3
Shaman,Elemental,Talent,Call of Thunder,16119,16041,Rank 4/5,,Increases the critical strike chance of your Lightning Bolt and Chain Lightning spells by an additional 4%.,Talent Passive,Data only,,,,,Data only,TALENT,https://www.wowhead.com/tbc/spell=16119,Talent: Call of Thunder; tree row 3
Shaman,Elemental,Talent,Call of Thunder,16120,16041,Rank 5/5,,Increases the critical strike chance of your Lightning Bolt and Chain Lightning spells by an additional 5%.,Talent Passive,Data only,,,,,Data only,TALENT,https://www.wowhead.com/tbc/spell=16120,Talent: Call of Thunder; tree row 3
Shaman,Elemental,Talent,Concussion,16035,16035,Rank 1/5,,"Increases the damage done by your Lightning Bolt, Chain Lightning and Shock spells by 1%.",Talent Passive,Data only,,,,,Data only,TALENT,https://www.wowhead.com/tbc/spell=16035,Talent: Concussion; tree row 1
Shaman,Elemental,Talent,Concussion,16105,16035,Rank 2/5,,"Increases the damage done by your Lightning Bolt, Chain Lightning and Shock spells by 2%.",Talent Passive,Data only,,,,,Data only,TALENT,https://www.wowhead.com/tbc/spell=16105,Talent: Concussion; tree row 1
Shaman,Elemental,Talent,Concussion,16106,16035,Rank 3/5,,"Increases the damage done by your Lightning Bolt, Chain Lightning and Shock spells by 3%.",Talent Passive,Data only,,,,,Data only,TALENT,https://www.wowhead.com/tbc/spell=16106,Talent: Concussion; tree row 1
Shaman,Elemental,Talent,Concussion,16107,16035,Rank 4/5,,"Increases the damage done by your Lightning Bolt, Chain Lightning and Shock spells by 4%.",Talent Passive,Data only,,,,,Data only,TALENT,https://www.wowhead.com/tbc/spell=16107,Talent: Concussion; tree row 1
Shaman,Elemental,Talent,Concussion,16108,16035,Rank 5/5,,"Increases the damage done by your Lightning Bolt, Chain Lightning and Shock spells by 5%.",Talent Passive,Data only,,,,,Data only,TALENT,https://www.wowhead.com/tbc/spell=16108,Talent: Concussion; tree row 1
Shaman,Elemental,Talent,Convection,16039,16039,Rank 1/5,,"Reduces the mana cost of your Shock, Lightning Bolt and Chain Lightning spells by 2%.",Talent Passive,Data only,,,,,Data only,TALENT,https://www.wowhead.com/tbc/spell=16039,Talent: Convection; tree row 1
Shaman,Elemental,Talent,Convection,16109,16039,Rank 2/5,,"Reduces the mana cost of your Shock, Lightning Bolt and Chain Lightning spells by 4%.",Talent Passive,Data only,,,,,Data only,TALENT,https://www.wowhead.com/tbc/spell=16109,Talent: Convection; tree row 1
Shaman,Elemental,Talent,Convection,16110,16039,Rank 3/5,,"Reduces the mana cost of your Shock, Lightning Bolt and Chain Lightning spells by 6%.",Talent Passive,Data only,,,,,Data only,TALENT,https://www.wowhead.com/tbc/spell=16110,Talent: Convection; tree row 1
Shaman,Elemental,Talent,Convection,16111,16039,Rank 4/5,,"Reduces the mana cost of your Shock, Lightning Bolt and Chain Lightning spells by 8%.",Talent Passive,Data only,,,,,Data only,TALENT,https://www.wowhead.com/tbc/spell=16111,Talent: Convection; tree row 1
Shaman,Elemental,Talent,Convection,16112,16039,Rank 5/5,,"Reduces the mana cost of your Shock, Lightning Bolt and Chain Lightning spells by 10%.",Talent Passive,Data only,,,,,Data only,TALENT,https://www.wowhead.com/tbc/spell=16112,Talent: Convection; tree row 1
Shaman,Elemental,Talent,Earth's Grasp,16043,16043,Rank 1/2,,Increases the health of your Stoneclaw Totem by 25% and the radius of your Earthbind Totem by 10%.,Talent Passive,Data only,,,,,Data only,TALENT,https://www.wowhead.com/tbc/spell=16043,Talent: Earth's Grasp; tree row 2
Shaman,Elemental,Talent,Earth's Grasp,16130,16043,Rank 2/2,,Increases the health of your Stoneclaw Totem by 50% and the radius of your Earthbind Totem by 20%.,Talent Passive,Data only,,,,,Data only,TALENT,https://www.wowhead.com/tbc/spell=16130,Talent: Earth's Grasp; tree row 2
Shaman,Elemental,Talent,Elemental Devastation,29179,30160,Rank 2/3,,Your offensive spell crits will increase your chance to get a critical strike with melee attacks by 6% for 10 sec.,Talent Passive,Data only,,10,,,Data only,TALENT,https://www.wowhead.com/tbc/spell=29179,Talent: Elemental Devastation; tree row 4
Shaman,Elemental,Talent,Elemental Devastation,29180,30160,Rank 3/3,,Your offensive spell crits will increase your chance to get a critical strike with melee attacks by 9% for 10 sec.,Talent Passive,Data only,,10,,,Data only,TALENT,https://www.wowhead.com/tbc/spell=29180,Talent: Elemental Devastation; tree row 4
Shaman,Elemental,Talent,Elemental Devastation,30160,30160,Rank 1/3,,Your offensive spell crits will increase your chance to get a critical strike with melee attacks by 3% for 10 sec.,Talent Passive,Data only,,10,,,Data only,TALENT,https://www.wowhead.com/tbc/spell=30160,Talent: Elemental Devastation; tree row 4
Shaman,Elemental,Talent,Elemental Focus,16164,16164,Rank 1/1,,"After landing a critical strike with a Fire, Frost, or Nature damage spell, you enter a Clearcasting state. The Clearcasting state reduces the mana cost of your next 2 damage spells by 40%.",Talent Passive,Data only,,,,,Data only,TALENT,https://www.wowhead.com/tbc/spell=16164,Talent: Elemental Focus; tree row 3
Shaman,Elemental,Talent,Elemental Fury,16089,16089,Rank 1/1,,"Increases the critical strike damage bonus of your Searing, Magma, and Fire Nova Totems and your Fire, Frost, and Nature spells by 100%.",Talent Passive,Data only,,,,,Data only,TALENT,https://www.wowhead.com/tbc/spell=16089,Talent: Elemental Fury; tree row 5
Shaman,Elemental,Talent Ability,Elemental Mastery,16166,16166,Rank 1/1,,"When activated, this spell gives your next Fire, Frost, or Nature damage spell a 100% critical strike chance and reduces the mana cost by 100%.",Offensive,Main,180,,,,Cooldown + aura,"DPS, HAS_BUFF, MAJOR, PVE_PVP",https://www.wowhead.com/tbc/spell=16166,Talent-required | Talent: Elemental Mastery
Shaman,Elemental,Talent,Elemental Precision,30672,30672,Rank 1/3,,"Increases your chance to hit with Fire, Frost and Nature spells by 2% and reduces the threat caused by Fire, Frost and Nature spells by 4%.",Talent Passive,Data only,,,,,Data only,TALENT,https://www.wowhead.com/tbc/spell=30672,Talent: Elemental Precision; tree row 6
Shaman,Elemental,Talent,Elemental Precision,30673,30672,Rank 2/3,,"Increases your chance to hit with Fire, Frost and Nature spells by 4% and reduces the threat caused by Fire, Frost and Nature spells by 7%.",Talent Passive,Data only,,,,,Data only,TALENT,https://www.wowhead.com/tbc/spell=30673,Talent: Elemental Precision; tree row 6
Shaman,Elemental,Talent,Elemental Precision,30674,30672,Rank 3/3,,"Increases your chance to hit with Fire, Frost and Nature spells by 6% and reduces the threat caused by Fire, Frost and Nature spells by 10%.",Talent Passive,Data only,,,,,Data only,TALENT,https://www.wowhead.com/tbc/spell=30674,Talent: Elemental Precision; tree row 6
Shaman,Elemental,Talent,Elemental Shields,30669,30669,Rank 1/3,,Reduces the chance you will be critically hit by melee and ranged attacks by 2%.,Talent Passive,Data only,,,,,Data only,TALENT,https://www.wowhead.com/tbc/spell=30669,Talent: Elemental Shields; tree row 7
Shaman,Elemental,Talent,Elemental Shields,30670,30669,Rank 2/3,,Reduces the chance you will be critically hit by melee and ranged attacks by 4%.,Talent Passive,Data only,,,,,Data only,TALENT,https://www.wowhead.com/tbc/spell=30670,Talent: Elemental Shields; tree row 7
Shaman,Elemental,Talent,Elemental Shields,30671,30669,Rank 3/3,,Reduces the chance you will be critically hit by melee and ranged attacks by 6%.,Talent Passive,Data only,,,,,Data only,TALENT,https://www.wowhead.com/tbc/spell=30671,Talent: Elemental Shields; tree row 7
Shaman,Elemental,Talent,Elemental Warding,28996,28996,Rank 1/3,,"Reduces damage taken from Fire, Frost and Nature effects by 4%.",Talent Passive,Data only,,,,,Data only,TALENT,https://www.wowhead.com/tbc/spell=28996,Talent: Elemental Warding; tree row 2
Shaman,Elemental,Talent,Elemental Warding,28997,28996,Rank 2/3,,"Reduces damage taken from Fire, Frost and Nature effects by 7%.",Talent Passive,Data only,,,,,Data only,TALENT,https://www.wowhead.com/tbc/spell=28997,Talent: Elemental Warding; tree row 2
Shaman,Elemental,Talent,Elemental Warding,28998,28996,Rank 3/3,,"Reduces damage taken from Fire, Frost and Nature effects by 10%.",Talent Passive,Data only,,,,,Data only,TALENT,https://www.wowhead.com/tbc/spell=28998,Talent: Elemental Warding; tree row 2
Shaman,Elemental,Talent,Eye of the Storm,29062,29062,Rank 1/3,,Gives you a 33% chance to gain the Focused Casting effect that lasts for 6 sec after being the victim of a melee or ranged critical strike. The Focused Casting effect prevents you from losing casting time on Shaman spells when taking damage.,Talent Passive,Data only,,6,,,Data only,TALENT,https://www.wowhead.com/tbc/spell=29062,Talent: Eye of the Storm; tree row 4
Shaman,Elemental,Talent,Eye of the Storm,29064,29062,Rank 2/3,,Gives you a 66% chance to gain the Focused Casting effect that lasts for 6 sec after being the victim of a melee or ranged critical strike. The Focused Casting effect prevents you from losing casting time on Shaman spells when taking damage.,Talent Passive,Data only,,6,,,Data only,TALENT,https://www.wowhead.com/tbc/spell=29064,Talent: Eye of the Storm; tree row 4
Shaman,Elemental,Talent,Eye of the Storm,29065,29062,Rank 3/3,,Gives you a 100% chance to gain the Focused Casting effect that lasts for 6 sec after being the victim of a melee or ranged critical strike. The Focused Casting effect prevents you from losing casting time on Shaman spells when taking damage.,Talent Passive,Data only,,6,,,Data only,TALENT,https://www.wowhead.com/tbc/spell=29065,Talent: Eye of the Storm; tree row 4
Shaman,Elemental,Talent,Improved Fire Totems,16086,16086,Rank 1/2,,Reduces the delay before your Fire Nova Totem activates by 1 sec. and decreases the threat generated by your Magma Totem by 25%.,Talent Passive,Data only,,,,,Data only,TALENT,https://www.wowhead.com/tbc/spell=16086,Talent: Improved Fire Totems; tree row 4
Shaman,Elemental,Talent,Improved Fire Totems,16544,16086,Rank 2/2,,Reduces the delay before your Fire Nova Totem activates by 2 sec. and decreases the threat generated by your Magma Totem by 50%.,Talent Passive,Data only,,,,,Data only,TALENT,https://www.wowhead.com/tbc/spell=16544,Talent: Improved Fire Totems; tree row 4
Shaman,Elemental,Talent,Lightning Mastery,16578,16578,Rank 1/5,,Reduces the cast time of your Lightning Bolt and Chain Lightning spells by 0.1 sec.,Talent Passive,Data only,,,,,Data only,TALENT,https://www.wowhead.com/tbc/spell=16578,Talent: Lightning Mastery; tree row 6
Shaman,Elemental,Talent,Lightning Mastery,16579,16578,Rank 2/5,,Reduces the cast time of your Lightning Bolt and Chain Lightning spells by 0.2 sec.,Talent Passive,Data only,,,,,Data only,TALENT,https://www.wowhead.com/tbc/spell=16579,Talent: Lightning Mastery; tree row 6
Shaman,Elemental,Talent,Lightning Mastery,16580,16578,Rank 3/5,,Reduces the cast time of your Lightning Bolt and Chain Lightning spells by 0.3 sec.,Talent Passive,Data only,,,,,Data only,TALENT,https://www.wowhead.com/tbc/spell=16580,Talent: Lightning Mastery; tree row 6
Shaman,Elemental,Talent,Lightning Mastery,16581,16578,Rank 4/5,,Reduces the cast time of your Lightning Bolt and Chain Lightning spells by 0.4 sec.,Talent Passive,Data only,,,,,Data only,TALENT,https://www.wowhead.com/tbc/spell=16581,Talent: Lightning Mastery; tree row 6
Shaman,Elemental,Talent,Lightning Mastery,16582,16578,Rank 5/5,,Reduces the cast time of your Lightning Bolt and Chain Lightning spells by 0.5 sec.,Talent Passive,Data only,,,,,Data only,TALENT,https://www.wowhead.com/tbc/spell=16582,Talent: Lightning Mastery; tree row 6
Shaman,Elemental,Talent,Lightning Overload,30675,30675,Rank 1/5,,"Gives your Lightning Bolt and Chain Lightning spells a 4% chance to cast a second, similar spell on the same target at no additional cost that causes half damage and no threat.",Talent Passive,Data only,,,,,Data only,TALENT,https://www.wowhead.com/tbc/spell=30675,Talent: Lightning Overload; tree row 8
Shaman,Elemental,Talent,Lightning Overload,30678,30675,Rank 2/5,,"Gives your Lightning Bolt and Chain Lightning spells a 8% chance to cast a second, similar spell on the same target at no additional cost that causes half damage and no threat.",Talent Passive,Data only,,,,,Data only,TALENT,https://www.wowhead.com/tbc/spell=30678,Talent: Lightning Overload; tree row 8
Shaman,Elemental,Talent,Lightning Overload,30679,30675,Rank 3/5,,"Gives your Lightning Bolt and Chain Lightning spells a 12% chance to cast a second, similar spell on the same target at no additional cost that causes half damage and no threat.",Talent Passive,Data only,,,,,Data only,TALENT,https://www.wowhead.com/tbc/spell=30679,Talent: Lightning Overload; tree row 8
Shaman,Elemental,Talent,Lightning Overload,30680,30675,Rank 4/5,,"Gives your Lightning Bolt and Chain Lightning spells a 16% chance to cast a second, similar spell on the same target at no additional cost that causes half damage and no threat.",Talent Passive,Data only,,,,,Data only,TALENT,https://www.wowhead.com/tbc/spell=30680,Talent: Lightning Overload; tree row 8
Shaman,Elemental,Talent,Lightning Overload,30681,30675,Rank 5/5,,"Gives your Lightning Bolt and Chain Lightning spells a 20% chance to cast a second, similar spell on the same target at no additional cost that causes half damage and no threat.",Talent Passive,Data only,,,,,Data only,TALENT,https://www.wowhead.com/tbc/spell=30681,Talent: Lightning Overload; tree row 8
Shaman,Elemental,Talent,Reverberation,16040,16040,Rank 1/5,,Reduces the cooldown of your Shock spells by 0.2 sec.,Talent Passive,Data only,,,,,Data only,TALENT,https://www.wowhead.com/tbc/spell=16040,Talent: Reverberation; tree row 3
Shaman,Elemental,Talent,Reverberation,16113,16040,Rank 2/5,,Reduces the cooldown of your Shock spells by 0.4 sec.,Talent Passive,Data only,,,,,Data only,TALENT,https://www.wowhead.com/tbc/spell=16113,Talent: Reverberation; tree row 3
Shaman,Elemental,Talent,Reverberation,16114,16040,Rank 3/5,,Reduces the cooldown of your Shock spells by 0.6 sec.,Talent Passive,Data only,,,,,Data only,TALENT,https://www.wowhead.com/tbc/spell=16114,Talent: Reverberation; tree row 3
Shaman,Elemental,Talent,Reverberation,16115,16040,Rank 4/5,,Reduces the cooldown of your Shock spells by 0.8 sec.,Talent Passive,Data only,,,,,Data only,TALENT,https://www.wowhead.com/tbc/spell=16115,Talent: Reverberation; tree row 3
Shaman,Elemental,Talent,Reverberation,16116,16040,Rank 5/5,,Reduces the cooldown of your Shock spells by 1 sec.,Talent Passive,Data only,,,,,Data only,TALENT,https://www.wowhead.com/tbc/spell=16116,Talent: Reverberation; tree row 3
Shaman,Elemental,Talent,Storm Reach,28999,28999,Rank 1/2,,Increases the range of your Lightning Bolt and Chain Lightning spells by 3 yards.,Talent Passive,Data only,,,,,Data only,TALENT,https://www.wowhead.com/tbc/spell=28999,Talent: Storm Reach; tree row 5
Shaman,Elemental,Talent,Storm Reach,29000,28999,Rank 2/2,,Increases the range of your Lightning Bolt and Chain Lightning spells by 6 yards.,Talent Passive,Data only,,,,,Data only,TALENT,https://www.wowhead.com/tbc/spell=29000,Talent: Storm Reach; tree row 5
Shaman,Elemental,Talent Ability,Totem of Wrath,30706,30706,Rank 1/1,,Summons a Totem of Wrath with 5 health at the feet of the caster. The totem increases the chance to hit and critically strike with spells by 3% for all party members within 20 yards. Lasts 2 min.,Offensive,Main,0,120,5% of base mana,30708,Cooldown + aura,"BUFF, DPS, MAINTENANCE, PVE, RAID_DEFENSIVE, TOTEM, TOTEM_FIRE",https://www.wowhead.com/tbc/spell=30706,Talent-required | Talent: Totem of Wrath
Shaman,Elemental,Talent,Unrelenting Storm,30664,30664,Rank 1/5,,"Regenerate mana equal to 2% of your Intellect every 5 sec, even while casting.",Talent Passive,Data only,,,,,Data only,TALENT,https://www.wowhead.com/tbc/spell=30664,Talent: Unrelenting Storm; tree row 5
Shaman,Elemental,Talent,Unrelenting Storm,30665,30664,Rank 2/5,,"Regenerate mana equal to 4% of your Intellect every 5 sec, even while casting.",Talent Passive,Data only,,,,,Data only,TALENT,https://www.wowhead.com/tbc/spell=30665,Talent: Unrelenting Storm; tree row 5
Shaman,Elemental,Talent,Unrelenting Storm,30666,30664,Rank 3/5,,"Regenerate mana equal to 6% of your Intellect every 5 sec, even while casting.",Talent Passive,Data only,,,,,Data only,TALENT,https://www.wowhead.com/tbc/spell=30666,Talent: Unrelenting Storm; tree row 5
Shaman,Elemental,Talent,Unrelenting Storm,30667,30664,Rank 4/5,,"Regenerate mana equal to 8% of your Intellect every 5 sec, even while casting.",Talent Passive,Data only,,,,,Data only,TALENT,https://www.wowhead.com/tbc/spell=30667,Talent: Unrelenting Storm; tree row 5
Shaman,Elemental,Talent,Unrelenting Storm,30668,30664,Rank 5/5,,"Regenerate mana equal to 10% of your Intellect every 5 sec, even while casting.",Talent Passive,Data only,,,,,Data only,TALENT,https://www.wowhead.com/tbc/spell=30668,Talent: Unrelenting Storm; tree row 5
Shaman,"Elemental, Enhancement",Ability,Flame Shock,8050,8050,Rank 1,10,"Instantly sears the target with fire, causing 
25 Fire damage immediately and 28 Fire damage over 12 sec.",Offensive,Main,6,12,55 Mana,,Cooldown,"DEBUFF, DPS, PVE_PVP, ROTATIONAL",https://www.wowhead.com/tbc/spell=8050,
Shaman,"Elemental, Enhancement",Ability,Flame Shock,8052,8050,Rank 2,18,"Instantly sears the target with fire, causing 
51 Fire damage immediately and 48 Fire damage over 12 sec.",Offensive,Main,6,12,95 Mana,,Cooldown,"DEBUFF, DPS, PVE_PVP, ROTATIONAL",https://www.wowhead.com/tbc/spell=8052,
Shaman,"Elemental, Enhancement",Ability,Flame Shock,8053,8050,Rank 3,28,"Instantly sears the target with fire, causing 
95 Fire damage immediately and 96 Fire damage over 12 sec.",Offensive,Main,6,12,160 Mana,,Cooldown,"DEBUFF, DPS, PVE_PVP, ROTATIONAL",https://www.wowhead.com/tbc/spell=8053,
Shaman,"Elemental, Enhancement",Ability,Flame Shock,10447,8050,Rank 4,40,"Instantly sears the target with fire, causing 
164 Fire damage immediately and 168 Fire damage over 12 sec.",Offensive,Main,6,12,250 Mana,,Cooldown,"DEBUFF, DPS, PVE_PVP, ROTATIONAL",https://www.wowhead.com/tbc/spell=10447,
Shaman,"Elemental, Enhancement",Ability,Flame Shock,10448,8050,Rank 5,52,"Instantly sears the target with fire, causing 
245 Fire damage immediately and 256 Fire damage over 12 sec.",Offensive,Main,6,12,345 Mana,,Cooldown,"DEBUFF, DPS, PVE_PVP, ROTATIONAL",https://www.wowhead.com/tbc/spell=10448,
Shaman,"Elemental, Enhancement",Ability,Flame Shock,25457,8050,Rank 6,70,"Instantly sears the target with fire, causing 
377 Fire damage immediately and 420 Fire damage over 12 sec.",Offensive,Main,6,12,500 Mana,,Cooldown,"DEBUFF, DPS, PVE_PVP, ROTATIONAL",https://www.wowhead.com/tbc/spell=25457,
Shaman,"Elemental, Enhancement",Ability,Flame Shock,29228,8050,Rank 7,60,"Instantly sears the target with fire, causing 
334 Fire damage immediately and 344 Fire damage over 12 sec.",Offensive,Main,6,12,450 Mana,,Cooldown,"DEBUFF, DPS, PVE_PVP, ROTATIONAL",https://www.wowhead.com/tbc/spell=29228,
Shaman,"Elemental, Enhancement",Ability,Lightning Shield,324,324,Rank 1,8,"The caster is surrounded by 3 balls of lightning. When a spell, melee or ranged attack hits the caster, the attacker will be struck for 13 Nature damage. This expends one lightning ball. Only one ball will fire every few seconds. Lasts 10 min. Only one Elemental Shield can be active on the Shaman at any one time.",Offensive,Main,0,600,25 Mana,,Cooldown + aura,"BUFF, DPS, HAS_BUFF, LONG_BUFF",https://www.wowhead.com/tbc/spell=324,
Shaman,"Elemental, Enhancement",Ability,Lightning Shield,325,324,Rank 2,16,"The caster is surrounded by 3 balls of lightning. When a spell, melee or ranged attack hits the caster, the attacker will be struck for 29 Nature damage. This expends one lightning ball. Only one ball will fire every few seconds. Lasts 10 min. Only one Elemental Shield can be active on the Shaman at any one time.",Offensive,Main,0,600,60 Mana,,Cooldown + aura,"BUFF, DPS, HAS_BUFF, LONG_BUFF",https://www.wowhead.com/tbc/spell=325,
Shaman,"Elemental, Enhancement",Ability,Lightning Shield,905,324,Rank 3,24,"The caster is surrounded by 3 balls of lightning. When a spell, melee or ranged attack hits the caster, the attacker will be struck for 51 Nature damage. This expends one lightning ball. Only one ball will fire every few seconds. Lasts 10 min. Only one Elemental Shield can be active on the Shaman at any one time.",Offensive,Main,0,600,100 Mana,,Cooldown + aura,"BUFF, DPS, HAS_BUFF, LONG_BUFF",https://www.wowhead.com/tbc/spell=905,
Shaman,"Elemental, Enhancement",Ability,Lightning Shield,945,324,Rank 4,32,"The caster is surrounded by 3 balls of lightning. When a spell, melee or ranged attack hits the caster, the attacker will be struck for 80 Nature damage. This expends one lightning ball. Only one ball will fire every few seconds. Lasts 10 min. Only one Elemental Shield can be active on the Shaman at any one time.",Offensive,Main,0,600,150 Mana,,Cooldown + aura,"BUFF, DPS, HAS_BUFF, LONG_BUFF",https://www.wowhead.com/tbc/spell=945,
Shaman,"Elemental, Enhancement",Ability,Lightning Shield,8134,324,Rank 5,40,"The caster is surrounded by 3 balls of lightning. When a spell, melee or ranged attack hits the caster, the attacker will be struck for 114 Nature damage. This expends one lightning ball. Only one ball will fire every few seconds. Lasts 10 min. Only one Elemental Shield can be active on the Shaman at any one time.",Offensive,Main,0,600,200 Mana,,Cooldown + aura,"BUFF, DPS, HAS_BUFF, LONG_BUFF",https://www.wowhead.com/tbc/spell=8134,
Shaman,"Elemental, Enhancement",Ability,Lightning Shield,10431,324,Rank 6,48,"The caster is surrounded by 3 balls of lightning. When a spell, melee or ranged attack hits the caster, the attacker will be struck for 154 Nature damage. This expends one lightning ball. Only one ball will fire every few seconds. Lasts 10 min. Only one Elemental Shield can be active on the Shaman at any one time.",Offensive,Main,0,600,250 Mana,,Cooldown + aura,"BUFF, DPS, HAS_BUFF, LONG_BUFF",https://www.wowhead.com/tbc/spell=10431,
Shaman,"Elemental, Enhancement",Ability,Lightning Shield,10432,324,Rank 7,56,"The caster is surrounded by 3 balls of lightning. When a spell, melee or ranged attack hits the caster, the attacker will be struck for 198 Nature damage. This expends one lightning ball. Only one ball will fire every few seconds. Lasts 10 min. Only one Elemental Shield can be active on the Shaman at any one time.",Offensive,Main,0,600,275 Mana,,Cooldown + aura,"BUFF, DPS, HAS_BUFF, LONG_BUFF",https://www.wowhead.com/tbc/spell=10432,
Shaman,"Elemental, Enhancement",Ability,Lightning Shield,25469,324,Rank 8,63,"The caster is surrounded by 3 balls of lightning. When a spell, melee or ranged attack hits the caster, the attacker will be struck for 232 Nature damage. This expends one lightning ball. Only one ball will fire every few seconds. Lasts 10 min. Only one Elemental Shield can be active on the Shaman at any one time.",Offensive,Main,0,600,325 Mana,,Cooldown + aura,"BUFF, DPS, HAS_BUFF, LONG_BUFF",https://www.wowhead.com/tbc/spell=25469,
Shaman,"Elemental, Enhancement",Ability,Lightning Shield,25472,324,Rank 9,70,"The caster is surrounded by 3 balls of lightning. When a spell, melee or ranged attack hits the caster, the attacker will be struck for 287 Nature damage. This expends one lightning ball. Only one ball will fire every few seconds. Lasts 10 min. Only one Elemental Shield can be active on the Shaman at any one time.",Offensive,Main,0,600,400 Mana,,Cooldown + aura,"BUFF, DPS, HAS_BUFF, LONG_BUFF",https://www.wowhead.com/tbc/spell=25472,
Shaman,Enhancement,Ability,Earth Shock,8042,8042,Rank 1,4,"Instantly shocks the target with concussive force, causing 
19 to 
22 Nature damage. It also interrupts spellcasting and prevents any spell in that school from being cast for 2 sec.",Interrupt,Utility,6,2,30 Mana,,Cooldown,"DPS, INTERRUPT, PVE_PVP, ROTATIONAL",https://www.wowhead.com/tbc/spell=8042,
Shaman,Enhancement,Ability,Earth Shock,8044,8042,Rank 2,8,"Instantly shocks the target with concussive force, causing 
35 to 
38 Nature damage. It also interrupts spellcasting and prevents any spell in that school from being cast for 2 sec.",Interrupt,Utility,6,2,50 Mana,,Cooldown,"DPS, INTERRUPT, PVE_PVP, ROTATIONAL",https://www.wowhead.com/tbc/spell=8044,
Shaman,Enhancement,Ability,Earth Shock,8045,8042,Rank 3,14,"Instantly shocks the target with concussive force, causing 
65 to 
69 Nature damage. It also interrupts spellcasting and prevents any spell in that school from being cast for 2 sec.",Interrupt,Utility,6,2,85 Mana,,Cooldown,"DPS, INTERRUPT, PVE_PVP, ROTATIONAL",https://www.wowhead.com/tbc/spell=8045,
Shaman,Enhancement,Ability,Earth Shock,8046,8042,Rank 4,24,"Instantly shocks the target with concussive force, causing 
126 to 
134 Nature damage. It also interrupts spellcasting and prevents any spell in that school from being cast for 2 sec.",Interrupt,Utility,6,2,145 Mana,,Cooldown,"DPS, INTERRUPT, PVE_PVP, ROTATIONAL",https://www.wowhead.com/tbc/spell=8046,
Shaman,Enhancement,Ability,Earth Shock,10412,8042,Rank 5,36,"Instantly shocks the target with concussive force, causing 
235 to 
249 Nature damage. It also interrupts spellcasting and prevents any spell in that school from being cast for 2 sec.",Interrupt,Utility,6,2,240 Mana,,Cooldown,"DPS, INTERRUPT, PVE_PVP, ROTATIONAL",https://www.wowhead.com/tbc/spell=10412,
Shaman,Enhancement,Ability,Earth Shock,10413,8042,Rank 6,48,"Instantly shocks the target with concussive force, causing 
372 to 
394 Nature damage. It also interrupts spellcasting and prevents any spell in that school from being cast for 2 sec.",Interrupt,Utility,6,2,345 Mana,,Cooldown,"DPS, INTERRUPT, PVE_PVP, ROTATIONAL",https://www.wowhead.com/tbc/spell=10413,
Shaman,Enhancement,Ability,Earth Shock,10414,8042,Rank 7,60,"Instantly shocks the target with concussive force, causing 
532 to 
561 Nature damage. It also interrupts spellcasting and prevents any spell in that school from being cast for 2 sec.",Interrupt,Utility,6,2,450 Mana,,Cooldown,"DPS, INTERRUPT, PVE_PVP, ROTATIONAL",https://www.wowhead.com/tbc/spell=10414,
Shaman,Enhancement,Ability,Earth Shock,25454,8042,Rank 8,69,"Instantly shocks the target with concussive force, causing 
661 to 
696 Nature damage. It also interrupts spellcasting and prevents any spell in that school from being cast for 2 sec.",Interrupt,Utility,6,2,535 Mana,,Cooldown,"DPS, INTERRUPT, PVE_PVP, ROTATIONAL",https://www.wowhead.com/tbc/spell=25454,
Shaman,Enhancement,Ability,Windfury Weapon,8232,8232,Rank 1,30,"Imbue the Shaman's weapon with wind. Each hit has a 20% chance of dealing additional damage equal to two extra attacks with 
104 extra attack power. Lasts 30 minutes.",Utility,Utility,0,1800,90 Mana,,Cooldown,"BUFF, LONG_BUFF, UTILITY",https://www.wowhead.com/tbc/spell=8232,
Shaman,Enhancement,Ability,Windfury Weapon,8235,8232,Rank 2,40,"Imbue the Shaman's weapon with wind. Each hit has a 20% chance of dealing additional damage equal to two extra attacks with 
222 extra attack power. Lasts 30 minutes.",Utility,Utility,0,1800,115 Mana,,Cooldown,"BUFF, LONG_BUFF, UTILITY",https://www.wowhead.com/tbc/spell=8235,
Shaman,Enhancement,Ability,Windfury Weapon,10486,8232,Rank 3,50,"Imbue the Shaman's weapon with wind. Each hit has a 20% chance of dealing additional damage equal to two extra attacks with 
316 extra attack power. Lasts 30 minutes.",Utility,Utility,0,1800,140 Mana,,Cooldown,"BUFF, LONG_BUFF, UTILITY",https://www.wowhead.com/tbc/spell=10486,
Shaman,Enhancement,Ability,Windfury Weapon,16362,8232,Rank 4,60,"Imbue the Shaman's weapon with wind. Each hit has a 20% chance of dealing additional damage equal to two extra attacks with 
433 extra attack power. Lasts 30 minutes.",Utility,Utility,0,1800,165 Mana,,Cooldown,"BUFF, LONG_BUFF, UTILITY",https://www.wowhead.com/tbc/spell=16362,
Shaman,Enhancement,Ability,Windfury Weapon,25505,8232,Rank 5,68,"Imbue the Shaman's weapon with wind. Each hit has a 20% chance of dealing additional damage equal to two extra attacks with 
475 extra attack power. Lasts 30 minutes.",Utility,Utility,0,1800,190 Mana,,Cooldown,"BUFF, LONG_BUFF, UTILITY",https://www.wowhead.com/tbc/spell=25505,
Shaman,Enhancement,Talent,Ancestral Knowledge,17485,17485,Rank 1/5,,Increases your maximum mana by 1%.,Talent Passive,Data only,,,,,Data only,TALENT,https://www.wowhead.com/tbc/spell=17485,Talent: Ancestral Knowledge; tree row 1
Shaman,Enhancement,Talent,Ancestral Knowledge,17486,17485,Rank 2/5,,Increases your maximum mana by 2%.,Talent Passive,Data only,,,,,Data only,TALENT,https://www.wowhead.com/tbc/spell=17486,Talent: Ancestral Knowledge; tree row 1
Shaman,Enhancement,Talent,Ancestral Knowledge,17487,17485,Rank 3/5,,Increases your maximum mana by 3%.,Talent Passive,Data only,,,,,Data only,TALENT,https://www.wowhead.com/tbc/spell=17487,Talent: Ancestral Knowledge; tree row 1
Shaman,Enhancement,Talent,Ancestral Knowledge,17488,17485,Rank 4/5,,Increases your maximum mana by 4%.,Talent Passive,Data only,,,,,Data only,TALENT,https://www.wowhead.com/tbc/spell=17488,Talent: Ancestral Knowledge; tree row 1
Shaman,Enhancement,Talent,Ancestral Knowledge,17489,17485,Rank 5/5,,Increases your maximum mana by 5%.,Talent Passive,Data only,,,,,Data only,TALENT,https://www.wowhead.com/tbc/spell=17489,Talent: Ancestral Knowledge; tree row 1
Shaman,Enhancement,Talent,Anticipation,16254,16254,Rank 1/5,,Increases your chance to dodge by an additional 1%.,Talent Passive,Data only,,,,,Data only,TALENT,https://www.wowhead.com/tbc/spell=16254,Talent: Anticipation; tree row 3
Shaman,Enhancement,Talent,Anticipation,16271,16254,Rank 2/5,,Increases your chance to dodge by an additional 2%.,Talent Passive,Data only,,,,,Data only,TALENT,https://www.wowhead.com/tbc/spell=16271,Talent: Anticipation; tree row 3
Shaman,Enhancement,Talent,Anticipation,16272,16254,Rank 3/5,,Increases your chance to dodge by an additional 3%.,Talent Passive,Data only,,,,,Data only,TALENT,https://www.wowhead.com/tbc/spell=16272,Talent: Anticipation; tree row 3
Shaman,Enhancement,Talent,Anticipation,16273,16254,Rank 4/5,,Increases your chance to dodge by an additional 4%.,Talent Passive,Data only,,,,,Data only,TALENT,https://www.wowhead.com/tbc/spell=16273,Talent: Anticipation; tree row 3
Shaman,Enhancement,Talent,Anticipation,16274,16254,Rank 5/5,,Increases your chance to dodge by an additional 5%.,Talent Passive,Data only,,,,,Data only,TALENT,https://www.wowhead.com/tbc/spell=16274,Talent: Anticipation; tree row 3
Shaman,Enhancement,Talent,Dual Wield,30798,30798,Rank 1/1,,Allows one-hand and off-hand weapons to be equipped in the off-hand.,Talent Passive,Data only,,,,,Data only,TALENT,https://www.wowhead.com/tbc/spell=30798,Talent: Dual Wield; tree row 7
Shaman,Enhancement,Talent,Dual Wield Specialization,30816,30816,Rank 1/3,,Increases your chance to hit while dual wielding by an additional 2%.,Talent Passive,Data only,,,,,Data only,TALENT,https://www.wowhead.com/tbc/spell=30816,Talent: Dual Wield Specialization; tree row 7
Shaman,Enhancement,Talent,Dual Wield Specialization,30818,30816,Rank 2/3,,Increases your chance to hit while dual wielding by an additional 4%.,Talent Passive,Data only,,,,,Data only,TALENT,https://www.wowhead.com/tbc/spell=30818,Talent: Dual Wield Specialization; tree row 7
Shaman,Enhancement,Talent,Dual Wield Specialization,30819,30816,Rank 3/3,,Increases your chance to hit while dual wielding by an additional 6%.,Talent Passive,Data only,,,,,Data only,TALENT,https://www.wowhead.com/tbc/spell=30819,Talent: Dual Wield Specialization; tree row 7
Shaman,Enhancement,Talent,Elemental Weapons,16266,16266,Rank 1/3,,"Increases the damage caused by your Rockbiter Weapon by 7%, your Windfury Weapon effect by 13% and increases the damage caused by your Flametongue Weapon and Frostbrand Weapon by 5%.",Talent Passive,Data only,,,,,Data only,TALENT,https://www.wowhead.com/tbc/spell=16266,Talent: Elemental Weapons; tree row 5
Shaman,Enhancement,Talent,Elemental Weapons,29079,16266,Rank 2/3,,"Increases the damage caused by your Rockbiter Weapon by 14%, your Windfury Weapon effect by 27% and increases the damage caused by your Flametongue Weapon and Frostbrand Weapon by 10%.",Talent Passive,Data only,,,,,Data only,TALENT,https://www.wowhead.com/tbc/spell=29079,Talent: Elemental Weapons; tree row 5
Shaman,Enhancement,Talent,Elemental Weapons,29080,16266,Rank 3/3,,"Increases the damage caused by your Rockbiter Weapon by 20%, your Windfury Weapon effect by 40% and increases the damage caused by your Flametongue Weapon and Frostbrand Weapon by 15%.",Talent Passive,Data only,,,,,Data only,TALENT,https://www.wowhead.com/tbc/spell=29080,Talent: Elemental Weapons; tree row 5
Shaman,Enhancement,Talent,Enhancing Totems,16259,16259,Rank 1/2,,Increases the effect of your Strength of Earth and Grace of Air Totems by 8%.,Talent Passive,Data only,,,,,Data only,TALENT,https://www.wowhead.com/tbc/spell=16259,Talent: Enhancing Totems; tree row 3
Shaman,Enhancement,Talent,Enhancing Totems,16295,16259,Rank 2/2,,Increases the effect of your Strength of Earth and Grace of Air Totems by 15%.,Talent Passive,Data only,,,,,Data only,TALENT,https://www.wowhead.com/tbc/spell=16295,Talent: Enhancing Totems; tree row 3
Shaman,Enhancement,Talent,Flurry,16256,16256,Rank 1/5,,Increases your attack speed by 10% for your next 3 swings after dealing a critical strike.,Talent Passive,Data only,,,,,Data only,TALENT,https://www.wowhead.com/tbc/spell=16256,Talent: Flurry; tree row 4
Shaman,Enhancement,Talent,Flurry,16281,16256,Rank 2/5,,Increases your attack speed by 15% for your next 3 swings after dealing a critical strike.,Talent Passive,Data only,,,,,Data only,TALENT,https://www.wowhead.com/tbc/spell=16281,Talent: Flurry; tree row 4
Shaman,Enhancement,Talent,Flurry,16282,16256,Rank 3/5,,Increases your attack speed by 20% for your next 3 swings after dealing a critical strike.,Talent Passive,Data only,,,,,Data only,TALENT,https://www.wowhead.com/tbc/spell=16282,Talent: Flurry; tree row 4
Shaman,Enhancement,Talent,Flurry,16283,16256,Rank 4/5,,Increases your attack speed by 25% for your next 3 swings after dealing a critical strike.,Talent Passive,Data only,,,,,Data only,TALENT,https://www.wowhead.com/tbc/spell=16283,Talent: Flurry; tree row 4
Shaman,Enhancement,Talent,Flurry,16284,16256,Rank 5/5,,Increases your attack speed by 30% for your next 3 swings after dealing a critical strike.,Talent Passive,Data only,,,,,Data only,TALENT,https://www.wowhead.com/tbc/spell=16284,Talent: Flurry; tree row 4
Shaman,Enhancement,Talent,Guardian Totems,16258,16258,Rank 1/2,,Increases the amount of damage reduced by your Stoneskin Totem and Windwall Totem by 10% and reduces the cooldown of your Grounding Totem by 1 sec.,Talent Passive,Data only,,,,,Data only,TALENT,https://www.wowhead.com/tbc/spell=16258,Talent: Guardian Totems; tree row 2
Shaman,Enhancement,Talent,Guardian Totems,16293,16258,Rank 2/2,,Increases the amount of damage reduced by your Stoneskin Totem and Windwall Totem by 20% and reduces the cooldown of your Grounding Totem by 2 sec.,Talent Passive,Data only,,,,,Data only,TALENT,https://www.wowhead.com/tbc/spell=16293,Talent: Guardian Totems; tree row 2
Shaman,Enhancement,Talent,Improved Ghost Wolf,16262,16262,Rank 1/2,,Reduces the cast time of your Ghost Wolf spell by 1 sec.,Talent Passive,Data only,,,,,Data only,TALENT,https://www.wowhead.com/tbc/spell=16262,Talent: Improved Ghost Wolf; tree row 2
Shaman,Enhancement,Talent,Improved Ghost Wolf,16287,16262,Rank 2/2,,Reduces the cast time of your Ghost Wolf spell by 2 sec.,Talent Passive,Data only,,,,,Data only,TALENT,https://www.wowhead.com/tbc/spell=16287,Talent: Improved Ghost Wolf; tree row 2
Shaman,Enhancement,Talent,Improved Lightning Shield,16261,16261,Rank 1/3,,Increases the damage done by your Lightning Shield orbs by 5%.,Talent Passive,Data only,,,,,Data only,TALENT,https://www.wowhead.com/tbc/spell=16261,Talent: Improved Lightning Shield; tree row 2
Shaman,Enhancement,Talent,Improved Lightning Shield,16290,16261,Rank 2/3,,Increases the damage done by your Lightning Shield orbs by 10%.,Talent Passive,Data only,,,,,Data only,TALENT,https://www.wowhead.com/tbc/spell=16290,Talent: Improved Lightning Shield; tree row 2
Shaman,Enhancement,Talent,Improved Lightning Shield,16291,16261,Rank 3/3,,Increases the damage done by your Lightning Shield orbs by 15%.,Talent Passive,Data only,,,,,Data only,TALENT,https://www.wowhead.com/tbc/spell=16291,Talent: Improved Lightning Shield; tree row 2
Shaman,Enhancement,Talent,Improved Weapon Totems,29192,29192,Rank 1/2,,Increases the melee attack power bonus of your Windfury Totem by 15% and increases the damage caused by your Flametongue Totem by 6%.,Talent Passive,Data only,,,,,Data only,TALENT,https://www.wowhead.com/tbc/spell=29192,Talent: Improved Weapon Totems; tree row 5
Shaman,Enhancement,Talent,Improved Weapon Totems,29193,29192,Rank 2/2,,Increases the melee attack power bonus of your Windfury Totem by 30% and increases the damage caused by your Flametongue Totem by 12%.,Talent Passive,Data only,,,,,Data only,TALENT,https://www.wowhead.com/tbc/spell=29193,Talent: Improved Weapon Totems; tree row 5
Shaman,Enhancement,Talent,Mental Quickness,30812,30812,Rank 1/3,,Reduces the mana cost of your instant cast Shaman spells by 2% and increases your spell damage and healing by an amount equal to 10% of your attack power.,Talent Passive,Data only,,,,,Data only,TALENT,https://www.wowhead.com/tbc/spell=30812,Talent: Mental Quickness; tree row 6
Shaman,Enhancement,Talent,Mental Quickness,30813,30812,Rank 2/3,,Reduces the mana cost of your instant cast Shaman spells by 4% and increases your spell damage and healing by an amount equal to 20% of your attack power.,Talent Passive,Data only,,,,,Data only,TALENT,https://www.wowhead.com/tbc/spell=30813,Talent: Mental Quickness; tree row 6
Shaman,Enhancement,Talent,Mental Quickness,30814,30812,Rank 3/3,,Reduces the mana cost of your instant cast Shaman spells by 6% and increases your spell damage and healing by an amount equal to 30% of your attack power.,Talent Passive,Data only,,,,,Data only,TALENT,https://www.wowhead.com/tbc/spell=30814,Talent: Mental Quickness; tree row 6
Shaman,Enhancement,Talent,Shamanistic Focus,43338,43338,Rank 1/1,,"After landing a melee critical strike, you enter a Focused state. The Focused state reduces the mana cost of your next Shock spell by 60%.",Talent Passive,Data only,,,,,Data only,TALENT,https://www.wowhead.com/tbc/spell=43338,Talent: Shamanistic Focus; tree row 3
Shaman,Enhancement,Talent Ability,Shamanistic Rage,30823,30823,Rank 1/1,,Reduces all damage taken by 30% and gives your successful melee attacks a chance to regenerate mana equal to 30% of your attack power. Lasts 15 sec.,Defensive,Utility,120,15,,,Cooldown + aura,"DEFENSIVE, HAS_BUFF, MAJOR, RESOURCE",https://www.wowhead.com/tbc/spell=30823,Talent-required | Talent: Shamanistic Rage
Shaman,Enhancement,Talent,Shield Specialization,16253,16253,Rank 1/5,,Increases your chance to block attacks with a shield by 1% and increases the amount blocked by 5%.,Talent Passive,Data only,,,,,Data only,TALENT,https://www.wowhead.com/tbc/spell=16253,Talent: Shield Specialization; tree row 1
Shaman,Enhancement,Talent,Shield Specialization,16298,16253,Rank 2/5,,Increases your chance to block attacks with a shield by 2% and increases the amount blocked by 10%.,Talent Passive,Data only,,,,,Data only,TALENT,https://www.wowhead.com/tbc/spell=16298,Talent: Shield Specialization; tree row 1
Shaman,Enhancement,Talent,Shield Specialization,16299,16253,Rank 3/5,,Increases your chance to block attacks with a shield by 3% and increases the amount blocked by 15%.,Talent Passive,Data only,,,,,Data only,TALENT,https://www.wowhead.com/tbc/spell=16299,Talent: Shield Specialization; tree row 1
Shaman,Enhancement,Talent,Shield Specialization,16300,16253,Rank 4/5,,Increases your chance to block attacks with a shield by 4% and increases the amount blocked by 20%.,Talent Passive,Data only,,,,,Data only,TALENT,https://www.wowhead.com/tbc/spell=16300,Talent: Shield Specialization; tree row 1
Shaman,Enhancement,Talent,Shield Specialization,16301,16253,Rank 5/5,,Increases your chance to block attacks with a shield by 5% and increases the amount blocked by 25%.,Talent Passive,Data only,,,,,Data only,TALENT,https://www.wowhead.com/tbc/spell=16301,Talent: Shield Specialization; tree row 1
Shaman,Enhancement,Talent,Spirit Weapons,16268,16268,Rank 1/1,,Gives a chance to parry enemy melee attacks and reduces the threat generated by your melee attacks by 30%.,Talent Passive,Data only,,,,,Data only,TALENT,https://www.wowhead.com/tbc/spell=16268,Talent: Spirit Weapons; tree row 5
Shaman,Enhancement,Talent Ability,Stormstrike,17364,17364,Rank 1/1,,"Instantly attack with both weapons. In addition, the next 2 sources of Nature damage dealt to the target are increased by 20%. Lasts 12 sec.",Offensive,Main,10,12,8% of base mana,17364,Cooldown + aura,"DEBUFF, DPS, PVE_PVP, ROTATIONAL",https://www.wowhead.com/tbc/spell=17364,Talent-required | Talent: Stormstrike
Shaman,Enhancement,Talent,Thundering Strikes,16255,16255,Rank 1/5,,Improves your chance to get a critical strike with your weapon attacks by 1%.,Talent Passive,Data only,,,,,Data only,TALENT,https://www.wowhead.com/tbc/spell=16255,Talent: Thundering Strikes; tree row 2
Shaman,Enhancement,Talent,Thundering Strikes,16302,16255,Rank 2/5,,Improves your chance to get a critical strike with your weapon attacks by 2%.,Talent Passive,Data only,,,,,Data only,TALENT,https://www.wowhead.com/tbc/spell=16302,Talent: Thundering Strikes; tree row 2
Shaman,Enhancement,Talent,Thundering Strikes,16303,16255,Rank 3/5,,Improves your chance to get a critical strike with your weapon attacks by 3%.,Talent Passive,Data only,,,,,Data only,TALENT,https://www.wowhead.com/tbc/spell=16303,Talent: Thundering Strikes; tree row 2
Shaman,Enhancement,Talent,Thundering Strikes,16304,16255,Rank 4/5,,Improves your chance to get a critical strike with your weapon attacks by 4%.,Talent Passive,Data only,,,,,Data only,TALENT,https://www.wowhead.com/tbc/spell=16304,Talent: Thundering Strikes; tree row 2
Shaman,Enhancement,Talent,Thundering Strikes,16305,16255,Rank 5/5,,Improves your chance to get a critical strike with your weapon attacks by 5%.,Talent Passive,Data only,,,,,Data only,TALENT,https://www.wowhead.com/tbc/spell=16305,Talent: Thundering Strikes; tree row 2
Shaman,Enhancement,Talent,Toughness,16252,16252,Rank 1/5,,"Increases your armor value from items by 2%, and reduces the duration of movement slowing effects on you by 10%.",Talent Passive,Data only,,,,,Data only,TALENT,https://www.wowhead.com/tbc/spell=16252,Talent: Toughness; tree row 4
Shaman,Enhancement,Talent,Toughness,16306,16252,Rank 2/5,,"Increases your armor value from items by 4%, and reduces the duration of movement slowing effects on you by 20%.",Talent Passive,Data only,,,,,Data only,TALENT,https://www.wowhead.com/tbc/spell=16306,Talent: Toughness; tree row 4
Shaman,Enhancement,Talent,Toughness,16307,16252,Rank 3/5,,"Increases your armor value from items by 6%, and reduces the duration of movement slowing effects on you by 30%.",Talent Passive,Data only,,,,,Data only,TALENT,https://www.wowhead.com/tbc/spell=16307,Talent: Toughness; tree row 4
Shaman,Enhancement,Talent,Toughness,16308,16252,Rank 4/5,,"Increases your armor value from items by 8%, and reduces the duration of movement slowing effects on you by 40%.",Talent Passive,Data only,,,,,Data only,TALENT,https://www.wowhead.com/tbc/spell=16308,Talent: Toughness; tree row 4
Shaman,Enhancement,Talent,Toughness,16309,16252,Rank 5/5,,"Increases your armor value from items by 10%, and reduces the duration of movement slowing effects on you by 50%.",Talent Passive,Data only,,,,,Data only,TALENT,https://www.wowhead.com/tbc/spell=16309,Talent: Toughness; tree row 4
Shaman,Enhancement,Talent,Unleashed Rage,30802,30802,Rank 1/5,,Causes your critical hits with melee attacks to increase all party members' melee attack power by 2% if within 20 yards of the Shaman. Lasts 10 sec.,Talent Passive,Data only,,10,,,Data only,TALENT,https://www.wowhead.com/tbc/spell=30802,Talent: Unleashed Rage; tree row 8
Shaman,Enhancement,Talent,Unleashed Rage,30808,30802,Rank 2/5,,Causes your critical hits with melee attacks to increase all party members' melee attack power by 4% if within 20 yards of the Shaman. Lasts 10 sec.,Talent Passive,Data only,,10,,,Data only,TALENT,https://www.wowhead.com/tbc/spell=30808,Talent: Unleashed Rage; tree row 8
Shaman,Enhancement,Talent,Unleashed Rage,30809,30802,Rank 3/5,,Causes your critical hits with melee attacks to increase all party members' melee attack power by 6% if within 20 yards of the Shaman. Lasts 10 sec.,Talent Passive,Data only,,10,,,Data only,TALENT,https://www.wowhead.com/tbc/spell=30809,Talent: Unleashed Rage; tree row 8
Shaman,Enhancement,Talent,Unleashed Rage,30810,30802,Rank 4/5,,Causes your critical hits with melee attacks to increase all party members' melee attack power by 8% if within 20 yards of the Shaman. Lasts 10 sec.,Talent Passive,Data only,,10,,,Data only,TALENT,https://www.wowhead.com/tbc/spell=30810,Talent: Unleashed Rage; tree row 8
Shaman,Enhancement,Talent,Unleashed Rage,30811,30802,Rank 5/5,,Causes your critical hits with melee attacks to increase all party members' melee attack power by 10% if within 20 yards of the Shaman. Lasts 10 sec.,Talent Passive,Data only,,10,,,Data only,TALENT,https://www.wowhead.com/tbc/spell=30811,Talent: Unleashed Rage; tree row 8
Shaman,Enhancement,Talent,Weapon Mastery,29082,29082,Rank 1/5,,Increases the damage you deal with all weapons by 2%.,Talent Passive,Data only,,,,,Data only,TALENT,https://www.wowhead.com/tbc/spell=29082,Talent: Weapon Mastery; tree row 6
Shaman,Enhancement,Talent,Weapon Mastery,29084,29082,Rank 2/5,,Increases the damage you deal with all weapons by 4%.,Talent Passive,Data only,,,,,Data only,TALENT,https://www.wowhead.com/tbc/spell=29084,Talent: Weapon Mastery; tree row 6
Shaman,Enhancement,Talent,Weapon Mastery,29086,29082,Rank 3/5,,Increases the damage you deal with all weapons by 6%.,Talent Passive,Data only,,,,,Data only,TALENT,https://www.wowhead.com/tbc/spell=29086,Talent: Weapon Mastery; tree row 6
Shaman,Enhancement,Talent,Weapon Mastery,29087,29082,Rank 4/5,,Increases the damage you deal with all weapons by 8%.,Talent Passive,Data only,,,,,Data only,TALENT,https://www.wowhead.com/tbc/spell=29087,Talent: Weapon Mastery; tree row 6
Shaman,Enhancement,Talent,Weapon Mastery,29088,29082,Rank 5/5,,Increases the damage you deal with all weapons by 10%.,Talent Passive,Data only,,,,,Data only,TALENT,https://www.wowhead.com/tbc/spell=29088,Talent: Weapon Mastery; tree row 6
Shaman,Restoration,Ability,Chain Heal,1064,1064,Rank 1,40,"Heals the friendly target for 
332 to 
381, then jumps to heal additional nearby targets. If cast on a party member, the heal will only jump to other party members. Each jump reduces the effectiveness of the heal by 50%. Heals 3 total targets.",Healing,Utility,0,,260 Mana,,Cooldown,"FILLER, HEAL, HEAL_AOE, PVE, ROTATIONAL",https://www.wowhead.com/tbc/spell=1064,
Shaman,Restoration,Ability,Chain Heal,10622,1064,Rank 2,46,"Heals the friendly target for 
419 to 
479, then jumps to heal additional nearby targets. If cast on a party member, the heal will only jump to other party members. Each jump reduces the effectiveness of the heal by 50%. Heals 3 total targets.",Healing,Utility,0,,315 Mana,,Cooldown,"FILLER, HEAL, HEAL_AOE, PVE, ROTATIONAL",https://www.wowhead.com/tbc/spell=10622,
Shaman,Restoration,Ability,Chain Heal,10623,1064,Rank 3,54,"Heals the friendly target for 
567 to 
646, then jumps to heal additional nearby targets. If cast on a party member, the heal will only jump to other party members. Each jump reduces the effectiveness of the heal by 50%. Heals 3 total targets.",Healing,Utility,0,,405 Mana,,Cooldown,"FILLER, HEAL, HEAL_AOE, PVE, ROTATIONAL",https://www.wowhead.com/tbc/spell=10623,
Shaman,Restoration,Ability,Chain Heal,25422,1064,Rank 4,61,"Heals the friendly target for 
624 to 
710, then jumps to heal additional nearby targets. If cast on a party member, the heal will only jump to other party members. Each jump reduces the effectiveness of the heal by 50%. Heals 3 total targets.",Healing,Utility,0,,435 Mana,,Cooldown,"FILLER, HEAL, HEAL_AOE, PVE, ROTATIONAL",https://www.wowhead.com/tbc/spell=25422,
Shaman,Restoration,Ability,Chain Heal,25423,1064,Rank 5,68,"Heals the friendly target for 
833 to 
950, then jumps to heal additional nearby targets. If cast on a party member, the heal will only jump to other party members. Each jump reduces the effectiveness of the heal by 50%. Heals 3 total targets.",Healing,Utility,0,,540 Mana,,Cooldown,"FILLER, HEAL, HEAL_AOE, PVE, ROTATIONAL",https://www.wowhead.com/tbc/spell=25423,
Shaman,Restoration,Ability,Healing Wave,331,331,Rank 1,1,"Heals a friendly target for 
36 to 
47.",Healing,Utility,0,,25 Mana,,Cooldown,"FILLER, HEAL, HEAL_SINGLE, PVE_PVP",https://www.wowhead.com/tbc/spell=331,
Shaman,Restoration,Ability,Healing Wave,332,331,Rank 2,6,"Heals a friendly target for 
69 to 
83.",Healing,Utility,0,,45 Mana,,Cooldown,"FILLER, HEAL, HEAL_SINGLE, PVE_PVP",https://www.wowhead.com/tbc/spell=332,
Shaman,Restoration,Ability,Healing Wave,547,331,Rank 3,12,"Heals a friendly target for 
136 to 
163.",Healing,Utility,0,,80 Mana,,Cooldown,"FILLER, HEAL, HEAL_SINGLE, PVE_PVP",https://www.wowhead.com/tbc/spell=547,
Shaman,Restoration,Ability,Healing Wave,913,331,Rank 4,18,"Heals a friendly target for 
279 to 
328.",Healing,Utility,0,,155 Mana,,Cooldown,"FILLER, HEAL, HEAL_SINGLE, PVE_PVP",https://www.wowhead.com/tbc/spell=913,
Shaman,Restoration,Ability,Healing Wave,939,331,Rank 5,24,"Heals a friendly target for 
389 to 
454.",Healing,Utility,0,,200 Mana,,Cooldown,"FILLER, HEAL, HEAL_SINGLE, PVE_PVP",https://www.wowhead.com/tbc/spell=939,
Shaman,Restoration,Ability,Healing Wave,959,331,Rank 6,32,"Heals a friendly target for 
552 to 
639.",Healing,Utility,0,,265 Mana,,Cooldown,"FILLER, HEAL, HEAL_SINGLE, PVE_PVP",https://www.wowhead.com/tbc/spell=959,
Shaman,Restoration,Ability,Healing Wave,8005,331,Rank 7,40,"Heals a friendly target for 
759 to 
874.",Healing,Utility,0,,340 Mana,,Cooldown,"FILLER, HEAL, HEAL_SINGLE, PVE_PVP",https://www.wowhead.com/tbc/spell=8005,
Shaman,Restoration,Ability,Healing Wave,10395,331,Rank 8,48,"Heals a friendly target for 
1040 to 
1191.",Healing,Utility,0,,440 Mana,,Cooldown,"FILLER, HEAL, HEAL_SINGLE, PVE_PVP",https://www.wowhead.com/tbc/spell=10395,
Shaman,Restoration,Ability,Healing Wave,10396,331,Rank 9,56,"Heals a friendly target for 
1394 to 
1589.",Healing,Utility,0,,560 Mana,,Cooldown,"FILLER, HEAL, HEAL_SINGLE, PVE_PVP",https://www.wowhead.com/tbc/spell=10396,
Shaman,Restoration,Ability,Healing Wave,25357,331,Rank 10,60,"Heals a friendly target for 
1647 to 
1878.",Healing,Utility,0,,620 Mana,,Cooldown,"FILLER, HEAL, HEAL_SINGLE, PVE_PVP",https://www.wowhead.com/tbc/spell=25357,
Shaman,Restoration,Ability,Healing Wave,25391,331,Rank 11,63,"Heals a friendly target for 
1756 to 
2001.",Healing,Utility,0,,655 Mana,,Cooldown,"FILLER, HEAL, HEAL_SINGLE, PVE_PVP",https://www.wowhead.com/tbc/spell=25391,
Shaman,Restoration,Ability,Healing Wave,25396,331,Rank 12,70,"Heals a friendly target for 
2134 to 
2436.",Healing,Utility,0,,720 Mana,,Cooldown,"FILLER, HEAL, HEAL_SINGLE, PVE_PVP",https://www.wowhead.com/tbc/spell=25396,
Shaman,Restoration,Ability,Lesser Healing Wave,8004,8004,Rank 1,20,"Heals a friendly target for 
170 to 
195.",Healing,Utility,0,,105 Mana,,Cooldown,"FILLER, HEAL, HEAL_SINGLE, PVE_PVP",https://www.wowhead.com/tbc/spell=8004,
Shaman,Restoration,Ability,Lesser Healing Wave,8008,8004,Rank 2,28,"Heals a friendly target for 
257 to 
292.",Healing,Utility,0,,145 Mana,,Cooldown,"FILLER, HEAL, HEAL_SINGLE, PVE_PVP",https://www.wowhead.com/tbc/spell=8008,
Shaman,Restoration,Ability,Lesser Healing Wave,8010,8004,Rank 3,36,"Heals a friendly target for 
349 to 
394.",Healing,Utility,0,,185 Mana,,Cooldown,"FILLER, HEAL, HEAL_SINGLE, PVE_PVP",https://www.wowhead.com/tbc/spell=8010,
Shaman,Restoration,Ability,Lesser Healing Wave,10466,8004,Rank 4,44,"Heals a friendly target for 
473 to 
529.",Healing,Utility,0,,235 Mana,,Cooldown,"FILLER, HEAL, HEAL_SINGLE, PVE_PVP",https://www.wowhead.com/tbc/spell=10466,
Shaman,Restoration,Ability,Lesser Healing Wave,10467,8004,Rank 5,52,"Heals a friendly target for 
649 to 
723.",Healing,Utility,0,,305 Mana,,Cooldown,"FILLER, HEAL, HEAL_SINGLE, PVE_PVP",https://www.wowhead.com/tbc/spell=10467,
Shaman,Restoration,Ability,Lesser Healing Wave,10468,8004,Rank 6,60,"Heals a friendly target for 
853 to 
949.",Healing,Utility,0,,380 Mana,,Cooldown,"FILLER, HEAL, HEAL_SINGLE, PVE_PVP",https://www.wowhead.com/tbc/spell=10468,
Shaman,Restoration,Ability,Lesser Healing Wave,25420,8004,Rank 7,66,"Heals a friendly target for 
1051 to 
1198.",Healing,Utility,0,,440 Mana,,Cooldown,"FILLER, HEAL, HEAL_SINGLE, PVE_PVP",https://www.wowhead.com/tbc/spell=25420,
Shaman,Restoration,Ability,Water Shield,24398,24398,Rank 1,62,"The caster is surrounded by 3 globes of water, granting 43 mana per 5 sec. When a spell, melee or ranged attack hits the caster, 
182 mana is restored to the caster. This expends one water globe. Only one globe will activate every few seconds. Lasts 10 min. Only one Elemental Shield can be active on the Shaman at any one time.",Healing,Utility,0,600,,,Cooldown + aura,"BUFF, HAS_BUFF, HEAL, LONG_BUFF, MAINTENANCE, PVE_PVP, RESOURCE",https://www.wowhead.com/tbc/spell=24398,
Shaman,Restoration,Ability,Water Shield,33736,24398,Rank 2,69,"The caster is surrounded by 3 globes of water, granting 50 mana per 5 sec. When a spell, melee or ranged attack hits the caster, 
204 mana is restored to the caster. This expends one water globe. Only one globe will activate every few seconds. Lasts 10 min. Only one Elemental Shield can be active on the Shaman at any one time.",Healing,Utility,0,600,,,Cooldown + aura,"BUFF, HAS_BUFF, HEAL, LONG_BUFF, MAINTENANCE, PVE_PVP, RESOURCE",https://www.wowhead.com/tbc/spell=33736,
Shaman,Restoration,Talent,Ancestral Healing,16176,16176,Rank 1/3,,Increases your target's armor value by 8% for 15 sec after getting a critical effect from one of your healing spells.,Talent Passive,Data only,,15,,,Data only,TALENT,https://www.wowhead.com/tbc/spell=16176,Talent: Ancestral Healing; tree row 2
Shaman,Restoration,Talent,Ancestral Healing,16235,16176,Rank 2/3,,Increases your target's armor value by 16% for 15 sec after getting a critical effect from one of your healing spells.,Talent Passive,Data only,,15,,,Data only,TALENT,https://www.wowhead.com/tbc/spell=16235,Talent: Ancestral Healing; tree row 2
Shaman,Restoration,Talent,Ancestral Healing,16240,16176,Rank 3/3,,Increases your target's armor value by 25% for 15 sec after getting a critical effect from one of your healing spells.,Talent Passive,Data only,,15,,,Data only,TALENT,https://www.wowhead.com/tbc/spell=16240,Talent: Ancestral Healing; tree row 2
Shaman,Restoration,Talent Ability,Earth Shield,974,974,Rank 1/1,,"Protects the target with an earthen shield, giving a 30% chance of ignoring spell interruption when damaged and causing attacks to heal the shielded target for 150. This effect can only occur once every few seconds. 6 charges. Lasts 10 min. Earth Shield can only be placed on one target at a time and only one Elemental Shield can be active on a target at a time.",Healing,Utility,0,600,300 Mana,,Cooldown + aura,"HAS_BUFF, HEAL, HEAL_SINGLE, IMPORTANT_EXTERNAL, LONG_BUFF, PVE, ROTATIONAL",https://www.wowhead.com/tbc/spell=974,Talent-required | Talent: Earth Shield
Shaman,Restoration,Talent Ability,Earth Shield,32593,974,Rank 2,60,"Protects the target with an earthen shield, giving a 30% chance of ignoring spell interruption when damaged and causing attacks to heal the shielded target for 205. This effect can only occur once every few seconds. 6 charges. Lasts 10 min. Earth Shield can only be placed on one target at a time and only one Elemental Shield can be active on a target at a time.",Healing,Utility,0,600,375 Mana,,Cooldown + aura,"HAS_BUFF, HEAL, HEAL_SINGLE, IMPORTANT_EXTERNAL, LONG_BUFF, PVE, ROTATIONAL",https://www.wowhead.com/tbc/spell=32593,Talent-required
Shaman,Restoration,Talent Ability,Earth Shield,32594,974,Rank 3,70,"Protects the target with an earthen shield, giving a 30% chance of ignoring spell interruption when damaged and causing attacks to heal the shielded target for 270. This effect can only occur once every few seconds. 6 charges. Lasts 10 min. Earth Shield can only be placed on one target at a time and only one Elemental Shield can be active on a target at a time.",Healing,Utility,0,600,450 Mana,,Cooldown + aura,"HAS_BUFF, HEAL, HEAL_SINGLE, IMPORTANT_EXTERNAL, LONG_BUFF, PVE, ROTATIONAL",https://www.wowhead.com/tbc/spell=32594,Talent-required
Shaman,Restoration,Talent,Focused Mind,30864,30864,Rank 1/3,,Reduces the duration of any Silence or Interrupt effects used against the Shaman by 10%. This effect does not stack with other similar effects.,Talent Passive,Data only,,,,,Data only,TALENT,https://www.wowhead.com/tbc/spell=30864,Talent: Focused Mind; tree row 5
Shaman,Restoration,Talent,Focused Mind,30865,30864,Rank 2/3,,Reduces the duration of any Silence or Interrupt effects used against the Shaman by 20%. This effect does not stack with other similar effects.,Talent Passive,Data only,,,,,Data only,TALENT,https://www.wowhead.com/tbc/spell=30865,Talent: Focused Mind; tree row 5
Shaman,Restoration,Talent,Focused Mind,30866,30864,Rank 3/3,,Reduces the duration of any Silence or Interrupt effects used against the Shaman by 30%. This effect does not stack with other similar effects.,Talent Passive,Data only,,,,,Data only,TALENT,https://www.wowhead.com/tbc/spell=30866,Talent: Focused Mind; tree row 5
Shaman,Restoration,Talent,Healing Focus,16181,16181,Rank 1/5,,Gives you a 14% chance to avoid interruption caused by damage while casting any Shaman healing spell.,Talent Passive,Data only,,,,,Data only,TALENT,https://www.wowhead.com/tbc/spell=16181,Talent: Healing Focus; tree row 3
Shaman,Restoration,Talent,Healing Focus,16230,16181,Rank 2/5,,Gives you a 28% chance to avoid interruption caused by damage while casting any Shaman healing spell.,Talent Passive,Data only,,,,,Data only,TALENT,https://www.wowhead.com/tbc/spell=16230,Talent: Healing Focus; tree row 3
Shaman,Restoration,Talent,Healing Focus,16232,16181,Rank 3/5,,Gives you a 42% chance to avoid interruption caused by damage while casting any Shaman healing spell.,Talent Passive,Data only,,,,,Data only,TALENT,https://www.wowhead.com/tbc/spell=16232,Talent: Healing Focus; tree row 3
Shaman,Restoration,Talent,Healing Focus,16233,16181,Rank 4/5,,Gives you a 56% chance to avoid interruption caused by damage while casting any Shaman healing spell.,Talent Passive,Data only,,,,,Data only,TALENT,https://www.wowhead.com/tbc/spell=16233,Talent: Healing Focus; tree row 3
Shaman,Restoration,Talent,Healing Focus,16234,16181,Rank 5/5,,Gives you a 70% chance to avoid interruption caused by damage while casting any Shaman healing spell.,Talent Passive,Data only,,,,,Data only,TALENT,https://www.wowhead.com/tbc/spell=16234,Talent: Healing Focus; tree row 3
Shaman,Restoration,Talent,Healing Grace,29187,29187,Rank 1/3,,Reduces the threat generated by your healing spells by 5% and reduces the chance your spells will be dispelled by 10%.,Talent Passive,Data only,,,,,Data only,TALENT,https://www.wowhead.com/tbc/spell=29187,Talent: Healing Grace; tree row 3
Shaman,Restoration,Talent,Healing Grace,29189,29187,Rank 2/3,,Reduces the threat generated by your healing spells by 10% and reduces the chance your spells will be dispelled by 20%.,Talent Passive,Data only,,,,,Data only,TALENT,https://www.wowhead.com/tbc/spell=29189,Talent: Healing Grace; tree row 3
Shaman,Restoration,Talent,Healing Grace,29191,29187,Rank 3/3,,Reduces the threat generated by your healing spells by 15% and reduces the chance your spells will be dispelled by 30%.,Talent Passive,Data only,,,,,Data only,TALENT,https://www.wowhead.com/tbc/spell=29191,Talent: Healing Grace; tree row 3
Shaman,Restoration,Talent,Healing Way,29202,29206,Rank 3/3,,Your Healing Wave spells have a 100% chance to increase the effect of subsequent Healing Wave spells on that target by 6% for 15 sec. This effect will stack up to 3 times.,Talent Passive,Data only,,15,,,Data only,TALENT,https://www.wowhead.com/tbc/spell=29202,Talent: Healing Way; tree row 5
Shaman,Restoration,Talent,Healing Way,29205,29206,Rank 2/3,,Your Healing Wave spells have a 66% chance to increase the effect of subsequent Healing Wave spells on that target by 6% for 15 sec. This effect will stack up to 3 times.,Talent Passive,Data only,,15,,,Data only,TALENT,https://www.wowhead.com/tbc/spell=29205,Talent: Healing Way; tree row 5
Shaman,Restoration,Talent,Healing Way,29206,29206,Rank 1/3,,Your Healing Wave spells have a 33% chance to increase the effect of subsequent Healing Wave spells on that target by 6% for 15 sec. This effect will stack up to 3 times.,Talent Passive,Data only,,15,,,Data only,TALENT,https://www.wowhead.com/tbc/spell=29206,Talent: Healing Way; tree row 5
Shaman,Restoration,Talent,Improved Chain Heal,30872,30872,Rank 1/2,,Increases the amount healed by your Chain Heal spell by 10%.,Talent Passive,Data only,,,,,Data only,TALENT,https://www.wowhead.com/tbc/spell=30872,Talent: Improved Chain Heal; tree row 8
Shaman,Restoration,Talent,Improved Chain Heal,30873,30872,Rank 2/2,,Increases the amount healed by your Chain Heal spell by 20%.,Talent Passive,Data only,,,,,Data only,TALENT,https://www.wowhead.com/tbc/spell=30873,Talent: Improved Chain Heal; tree row 8
Shaman,Restoration,Talent,Improved Healing Wave,16182,16182,Rank 1/5,,Reduces the casting time of your Healing Wave spell by 0.1 sec.,Talent Passive,Data only,,,,,Data only,TALENT,https://www.wowhead.com/tbc/spell=16182,Talent: Improved Healing Wave; tree row 1
Shaman,Restoration,Talent,Improved Healing Wave,16226,16182,Rank 2/5,,Reduces the casting time of your Healing Wave spell by 0.2 sec.,Talent Passive,Data only,,,,,Data only,TALENT,https://www.wowhead.com/tbc/spell=16226,Talent: Improved Healing Wave; tree row 1
Shaman,Restoration,Talent,Improved Healing Wave,16227,16182,Rank 3/5,,Reduces the casting time of your Healing Wave spell by 0.3 sec.,Talent Passive,Data only,,,,,Data only,TALENT,https://www.wowhead.com/tbc/spell=16227,Talent: Improved Healing Wave; tree row 1
Shaman,Restoration,Talent,Improved Healing Wave,16228,16182,Rank 4/5,,Reduces the casting time of your Healing Wave spell by 0.4 sec.,Talent Passive,Data only,,,,,Data only,TALENT,https://www.wowhead.com/tbc/spell=16228,Talent: Improved Healing Wave; tree row 1
Shaman,Restoration,Talent,Improved Healing Wave,16229,16182,Rank 5/5,,Reduces the casting time of your Healing Wave spell by 0.5 sec.,Talent Passive,Data only,,,,,Data only,TALENT,https://www.wowhead.com/tbc/spell=16229,Talent: Improved Healing Wave; tree row 1
Shaman,Restoration,Talent,Improved Reincarnation,16184,16184,Rank 1/2,,Reduces the cooldown of your Reincarnation spell by 10 min and increases the amount of health and mana you reincarnate with by an additional 10%.,Talent Passive,Data only,,,,,Data only,TALENT,https://www.wowhead.com/tbc/spell=16184,Talent: Improved Reincarnation; tree row 2
Shaman,Restoration,Talent,Improved Reincarnation,16209,16184,Rank 2/2,,Reduces the cooldown of your Reincarnation spell by 20 min and increases the amount of health and mana you reincarnate with by an additional 20%.,Talent Passive,Data only,,,,,Data only,TALENT,https://www.wowhead.com/tbc/spell=16209,Talent: Improved Reincarnation; tree row 2
Shaman,Restoration,Talent Ability,Mana Tide Totem,16190,16190,Rank 1/1,,Summons a Mana Tide Totem with 5 health at the feet of the caster for 12 sec that restores 6% of total mana every 3 seconds to group members within 20 yards.,Healing,Utility,300,12,3% of base mana,,Cooldown,"HEAL, MAJOR, PVE, RAID_DEFENSIVE, RESOURCE, TOTEM, TOTEM_WATER",https://www.wowhead.com/tbc/spell=16190,Talent-required | Talent: Mana Tide Totem
Shaman,Restoration,Talent,Nature's Blessing,30867,30867,Rank 1/3,,Increases your spell damage and healing by an amount equal to 10% of your Intellect.,Talent Passive,Data only,,,,,Data only,TALENT,https://www.wowhead.com/tbc/spell=30867,Talent: Nature's Blessing; tree row 8
Shaman,Restoration,Talent,Nature's Blessing,30868,30867,Rank 2/3,,Increases your spell damage and healing by an amount equal to 20% of your Intellect.,Talent Passive,Data only,,,,,Data only,TALENT,https://www.wowhead.com/tbc/spell=30868,Talent: Nature's Blessing; tree row 8
Shaman,Restoration,Talent,Nature's Blessing,30869,30867,Rank 3/3,,Increases your spell damage and healing by an amount equal to 30% of your Intellect.,Talent Passive,Data only,,,,,Data only,TALENT,https://www.wowhead.com/tbc/spell=30869,Talent: Nature's Blessing; tree row 8
Shaman,Restoration,Talent,Nature's Guardian,30881,30881,Rank 1/5,,"Whenever a damaging attack is taken that reduces you below 30% health, you have a 10% chance to heal 10% of your total health and reduce your threat level on that target. 5 second cooldown.",Talent Passive,Data only,5,,,,Data only,TALENT,https://www.wowhead.com/tbc/spell=30881,Talent: Nature's Guardian; tree row 7
Shaman,Restoration,Talent,Nature's Guardian,30883,30881,Rank 2/5,,"Whenever a damaging attack is taken that reduces you below 30% health, you have a 20% chance to heal 10% of your total health and reduce your threat level on that target. 5 second cooldown.",Talent Passive,Data only,5,,,,Data only,TALENT,https://www.wowhead.com/tbc/spell=30883,Talent: Nature's Guardian; tree row 7
Shaman,Restoration,Talent,Nature's Guardian,30884,30881,Rank 3/5,,"Whenever a damaging attack is taken that reduces you below 30% health, you have a 30% chance to heal 10% of your total health and reduce your threat level on that target. 5 second cooldown.",Talent Passive,Data only,5,,,,Data only,TALENT,https://www.wowhead.com/tbc/spell=30884,Talent: Nature's Guardian; tree row 7
Shaman,Restoration,Talent,Nature's Guardian,30885,30881,Rank 4/5,,"Whenever a damaging attack is taken that reduces you below 30% health, you have a 40% chance to heal 10% of your total health and reduce your threat level on that target. 5 second cooldown.",Talent Passive,Data only,5,,,,Data only,TALENT,https://www.wowhead.com/tbc/spell=30885,Talent: Nature's Guardian; tree row 7
Shaman,Restoration,Talent,Nature's Guardian,30886,30881,Rank 5/5,,"Whenever a damaging attack is taken that reduces you below 30% health, you have a 50% chance to heal 10% of your total health and reduce your threat level on that target. 5 second cooldown.",Talent Passive,Data only,5,,,,Data only,TALENT,https://www.wowhead.com/tbc/spell=30886,Talent: Nature's Guardian; tree row 7
Shaman,Restoration,Talent,Nature's Guidance,16180,16180,Rank 1/3,,Increases your chance to hit with melee attacks and spells by 1%.,Talent Passive,Data only,,,,,Data only,TALENT,https://www.wowhead.com/tbc/spell=16180,Talent: Nature's Guidance; tree row 3
Shaman,Restoration,Talent,Nature's Guidance,16196,16180,Rank 2/3,,Increases your chance to hit with melee attacks and spells by 2%.,Talent Passive,Data only,,,,,Data only,TALENT,https://www.wowhead.com/tbc/spell=16196,Talent: Nature's Guidance; tree row 3
Shaman,Restoration,Talent,Nature's Guidance,16198,16180,Rank 3/3,,Increases your chance to hit with melee attacks and spells by 3%.,Talent Passive,Data only,,,,,Data only,TALENT,https://www.wowhead.com/tbc/spell=16198,Talent: Nature's Guidance; tree row 3
Shaman,Restoration,Talent Ability,Nature's Swiftness,16188,16188,Rank 1/1,,"When activated, your next Nature spell with a casting time less than 10 sec. becomes an instant cast spell.",Healing,Utility,180,,,,Cooldown + aura,"HAS_BUFF, HEAL, MAJOR, PVE_PVP",https://www.wowhead.com/tbc/spell=16188,Talent-required | Talent: Nature's Swiftness
Shaman,Restoration,Talent,Purification,16178,16178,Rank 1/5,,Increases the effectiveness of your healing spells by 2%.,Talent Passive,Data only,,,,,Data only,TALENT,https://www.wowhead.com/tbc/spell=16178,Talent: Purification; tree row 6
Shaman,Restoration,Talent,Purification,16210,16178,Rank 2/5,,Increases the effectiveness of your healing spells by 4%.,Talent Passive,Data only,,,,,Data only,TALENT,https://www.wowhead.com/tbc/spell=16210,Talent: Purification; tree row 6
Shaman,Restoration,Talent,Purification,16211,16178,Rank 3/5,,Increases the effectiveness of your healing spells by 6%.,Talent Passive,Data only,,,,,Data only,TALENT,https://www.wowhead.com/tbc/spell=16211,Talent: Purification; tree row 6
Shaman,Restoration,Talent,Purification,16212,16178,Rank 4/5,,Increases the effectiveness of your healing spells by 8%.,Talent Passive,Data only,,,,,Data only,TALENT,https://www.wowhead.com/tbc/spell=16212,Talent: Purification; tree row 6
Shaman,Restoration,Talent,Purification,16213,16178,Rank 5/5,,Increases the effectiveness of your healing spells by 10%.,Talent Passive,Data only,,,,,Data only,TALENT,https://www.wowhead.com/tbc/spell=16213,Talent: Purification; tree row 6
Shaman,Restoration,Talent,Restorative Totems,16187,16187,Rank 1/5,,Increases the effect of your Mana Spring and Healing Stream Totems by 5%.,Talent Passive,Data only,,,,,Data only,TALENT,https://www.wowhead.com/tbc/spell=16187,Talent: Restorative Totems; tree row 4
Shaman,Restoration,Talent,Restorative Totems,16205,16187,Rank 2/5,,Increases the effect of your Mana Spring and Healing Stream Totems by 10%.,Talent Passive,Data only,,,,,Data only,TALENT,https://www.wowhead.com/tbc/spell=16205,Talent: Restorative Totems; tree row 4
Shaman,Restoration,Talent,Restorative Totems,16206,16187,Rank 3/5,,Increases the effect of your Mana Spring and Healing Stream Totems by 15%.,Talent Passive,Data only,,,,,Data only,TALENT,https://www.wowhead.com/tbc/spell=16206,Talent: Restorative Totems; tree row 4
Shaman,Restoration,Talent,Restorative Totems,16207,16187,Rank 4/5,,Increases the effect of your Mana Spring and Healing Stream Totems by 20%.,Talent Passive,Data only,,,,,Data only,TALENT,https://www.wowhead.com/tbc/spell=16207,Talent: Restorative Totems; tree row 4
Shaman,Restoration,Talent,Restorative Totems,16208,16187,Rank 5/5,,Increases the effect of your Mana Spring and Healing Stream Totems by 25%.,Talent Passive,Data only,,,,,Data only,TALENT,https://www.wowhead.com/tbc/spell=16208,Talent: Restorative Totems; tree row 4
Shaman,Restoration,Talent,Tidal Focus,16179,16179,Rank 1/5,,Reduces the mana cost of your healing spells by 1%.,Talent Passive,Data only,,,,,Data only,TALENT,https://www.wowhead.com/tbc/spell=16179,Talent: Tidal Focus; tree row 1
Shaman,Restoration,Talent,Tidal Focus,16214,16179,Rank 2/5,,Reduces the mana cost of your healing spells by 2%.,Talent Passive,Data only,,,,,Data only,TALENT,https://www.wowhead.com/tbc/spell=16214,Talent: Tidal Focus; tree row 1
Shaman,Restoration,Talent,Tidal Focus,16215,16179,Rank 3/5,,Reduces the mana cost of your healing spells by 3%.,Talent Passive,Data only,,,,,Data only,TALENT,https://www.wowhead.com/tbc/spell=16215,Talent: Tidal Focus; tree row 1
Shaman,Restoration,Talent,Tidal Focus,16216,16179,Rank 4/5,,Reduces the mana cost of your healing spells by 4%.,Talent Passive,Data only,,,,,Data only,TALENT,https://www.wowhead.com/tbc/spell=16216,Talent: Tidal Focus; tree row 1
Shaman,Restoration,Talent,Tidal Focus,16217,16179,Rank 5/5,,Reduces the mana cost of your healing spells by 5%.,Talent Passive,Data only,,,,,Data only,TALENT,https://www.wowhead.com/tbc/spell=16217,Talent: Tidal Focus; tree row 1
Shaman,Restoration,Talent,Tidal Mastery,16194,16194,Rank 1/5,,Increases the critical effect chance of your healing and lightning spells by 1%.,Talent Passive,Data only,,,,,Data only,TALENT,https://www.wowhead.com/tbc/spell=16194,Talent: Tidal Mastery; tree row 4
Shaman,Restoration,Talent,Tidal Mastery,16218,16194,Rank 2/5,,Increases the critical effect chance of your healing and lightning spells by 2%.,Talent Passive,Data only,,,,,Data only,TALENT,https://www.wowhead.com/tbc/spell=16218,Talent: Tidal Mastery; tree row 4
Shaman,Restoration,Talent,Tidal Mastery,16219,16194,Rank 3/5,,Increases the critical effect chance of your healing and lightning spells by 3%.,Talent Passive,Data only,,,,,Data only,TALENT,https://www.wowhead.com/tbc/spell=16219,Talent: Tidal Mastery; tree row 4
Shaman,Restoration,Talent,Tidal Mastery,16220,16194,Rank 4/5,,Increases the critical effect chance of your healing and lightning spells by 4%.,Talent Passive,Data only,,,,,Data only,TALENT,https://www.wowhead.com/tbc/spell=16220,Talent: Tidal Mastery; tree row 4
Shaman,Restoration,Talent,Tidal Mastery,16221,16194,Rank 5/5,,Increases the critical effect chance of your healing and lightning spells by 5%.,Talent Passive,Data only,,,,,Data only,TALENT,https://www.wowhead.com/tbc/spell=16221,Talent: Tidal Mastery; tree row 4
Shaman,Restoration,Talent,Totemic Focus,16173,16173,Rank 1/5,,Reduces the mana cost of your totems by 5%.,Talent Passive,Data only,,,,,Data only,TALENT,https://www.wowhead.com/tbc/spell=16173,Talent: Totemic Focus; tree row 2
Shaman,Restoration,Talent,Totemic Focus,16222,16173,Rank 2/5,,Reduces the mana cost of your totems by 10%.,Talent Passive,Data only,,,,,Data only,TALENT,https://www.wowhead.com/tbc/spell=16222,Talent: Totemic Focus; tree row 2
Shaman,Restoration,Talent,Totemic Focus,16223,16173,Rank 3/5,,Reduces the mana cost of your totems by 15%.,Talent Passive,Data only,,,,,Data only,TALENT,https://www.wowhead.com/tbc/spell=16223,Talent: Totemic Focus; tree row 2
Shaman,Restoration,Talent,Totemic Focus,16224,16173,Rank 4/5,,Reduces the mana cost of your totems by 20%.,Talent Passive,Data only,,,,,Data only,TALENT,https://www.wowhead.com/tbc/spell=16224,Talent: Totemic Focus; tree row 2
Shaman,Restoration,Talent,Totemic Focus,16225,16173,Rank 5/5,,Reduces the mana cost of your totems by 25%.,Talent Passive,Data only,,,,,Data only,TALENT,https://www.wowhead.com/tbc/spell=16225,Talent: Totemic Focus; tree row 2
Shaman,Restoration,Talent,Totemic Mastery,16189,16189,Rank 1/1,,The radius of your totems that affect friendly targets is increased to 30 yards.,Talent Passive,Data only,,,,,Data only,TALENT,https://www.wowhead.com/tbc/spell=16189,Talent: Totemic Mastery; tree row 3
Warlock,Affliction,Ability,Seed of Corruption,27243,27243,,70,"Imbeds a demon seed in the enemy target, causing 1044 Shadow damage over 18 sec. When the target takes 1044 total damage or dies, the seed will inflict 1110 to 1290 Shadow damage to all other enemies within 15 yards of the target. Only one Corruption spell per Warlock can be active on any one target.",Offensive,Main,0,18,882 Mana,,Cooldown,"AOE, DEBUFF, DPS, PVE",https://www.wowhead.com/tbc/spell=27243,
Warlock,Affliction,Talent Ability,Amplify Curse,18288,18288,Rank 1/1,,"Increases the effect of your next Curse of Doom or Curse of Agony by 50%, or your next Curse of Exhaustion by an additional 20%. Lasts 30 sec.",Offensive,Main,180,30,,,Cooldown + aura,"DPS, HAS_BUFF, MAJOR",https://www.wowhead.com/tbc/spell=18288,Talent-required | Talent: Amplify Curse
Warlock,Affliction,Talent,Contagion,30060,30060,Rank 1/5,,"Increases the damage of Curse of Agony, Corruption and Seed of Corruption by 1% and reduces the chance your Affliction spells will be dispelled by an additional 6%.",Talent Passive,Data only,,,,,Data only,TALENT,https://www.wowhead.com/tbc/spell=30060,Talent: Contagion; tree row 7
Warlock,Affliction,Talent,Contagion,30061,30060,Rank 2/5,,"Increases the damage of Curse of Agony, Corruption and Seed of Corruption by 2% and reduces the chance your Affliction spells will be dispelled by an additional 12%.",Talent Passive,Data only,,,,,Data only,TALENT,https://www.wowhead.com/tbc/spell=30061,Talent: Contagion; tree row 7
Warlock,Affliction,Talent,Contagion,30062,30060,Rank 3/5,,"Increases the damage of Curse of Agony, Corruption and Seed of Corruption by 3% and reduces the chance your Affliction spells will be dispelled by an additional 18%.",Talent Passive,Data only,,,,,Data only,TALENT,https://www.wowhead.com/tbc/spell=30062,Talent: Contagion; tree row 7
Warlock,Affliction,Talent,Contagion,30063,30060,Rank 4/5,,"Increases the damage of Curse of Agony, Corruption and Seed of Corruption by 4% and reduces the chance your Affliction spells will be dispelled by an additional 24%.",Talent Passive,Data only,,,,,Data only,TALENT,https://www.wowhead.com/tbc/spell=30063,Talent: Contagion; tree row 7
Warlock,Affliction,Talent,Contagion,30064,30060,Rank 5/5,,"Increases the damage of Curse of Agony, Corruption and Seed of Corruption by 5% and reduces the chance your Affliction spells will be dispelled by an additional 30%.",Talent Passive,Data only,,,,,Data only,TALENT,https://www.wowhead.com/tbc/spell=30064,Talent: Contagion; tree row 7
Warlock,Affliction,Talent Ability,Curse of Exhaustion,18223,18223,Rank 1/1,,"Reduces the target's movement speed by 
30
% for 12 sec. Only one Curse per Warlock can be active on any one target.",Crowd Control,Utility,0,12,6% of base mana,,Cooldown,"CC_SOFT, DEBUFF",https://www.wowhead.com/tbc/spell=18223,Talent-required | Talent: Curse of Exhaustion
Warlock,Affliction,Talent Ability,Dark Pact,18220,18220,Rank 1/1,,"Drains 305 of your pet's Mana, returning 100% to you.",Resource,Main,0,,,,Cooldown,RESOURCE,https://www.wowhead.com/tbc/spell=18220,Talent-required | Talent: Dark Pact
Warlock,Affliction,Talent,Empowered Corruption,32381,32381,Rank 1/3,,Your Corruption spell gains an additional 12% of your bonus spell damage effects.,Talent Passive,Data only,,,,,Data only,TALENT,https://www.wowhead.com/tbc/spell=32381,Talent: Empowered Corruption; tree row 4
Warlock,Affliction,Talent,Empowered Corruption,32382,32381,Rank 2/3,,Your Corruption spell gains an additional 24% of your bonus spell damage effects.,Talent Passive,Data only,,,,,Data only,TALENT,https://www.wowhead.com/tbc/spell=32382,Talent: Empowered Corruption; tree row 4
Warlock,Affliction,Talent,Empowered Corruption,32383,32381,Rank 3/3,,Your Corruption spell gains an additional 36% of your bonus spell damage effects.,Talent Passive,Data only,,,,,Data only,TALENT,https://www.wowhead.com/tbc/spell=32383,Talent: Empowered Corruption; tree row 4
Warlock,Affliction,Talent,Fel Concentration,17783,17783,Rank 1/5,,"Gives you a 14% chance to avoid interruption caused by damage while channeling the Drain Life, Drain Mana, or Drain Soul spell.",Talent Passive,Data only,,,,,Data only,TALENT,https://www.wowhead.com/tbc/spell=17783,Talent: Fel Concentration; tree row 3
Warlock,Affliction,Talent,Fel Concentration,17784,17783,Rank 2/5,,"Gives you a 28% chance to avoid interruption caused by damage while channeling the Drain Life, Drain Mana, or Drain Soul spell.",Talent Passive,Data only,,,,,Data only,TALENT,https://www.wowhead.com/tbc/spell=17784,Talent: Fel Concentration; tree row 3
Warlock,Affliction,Talent,Fel Concentration,17785,17783,Rank 3/5,,"Gives you a 42% chance to avoid interruption caused by damage while channeling the Drain Life, Drain Mana, or Drain Soul spell.",Talent Passive,Data only,,,,,Data only,TALENT,https://www.wowhead.com/tbc/spell=17785,Talent: Fel Concentration; tree row 3
Warlock,Affliction,Talent,Fel Concentration,17786,17783,Rank 4/5,,"Gives you a 56% chance to avoid interruption caused by damage while channeling the Drain Life, Drain Mana, or Drain Soul spell.",Talent Passive,Data only,,,,,Data only,TALENT,https://www.wowhead.com/tbc/spell=17786,Talent: Fel Concentration; tree row 3
Warlock,Affliction,Talent,Fel Concentration,17787,17783,Rank 5/5,,"Gives you a 70% chance to avoid interruption caused by damage while channeling the Drain Life, Drain Mana, or Drain Soul spell.",Talent Passive,Data only,,,,,Data only,TALENT,https://www.wowhead.com/tbc/spell=17787,Talent: Fel Concentration; tree row 3
Warlock,Affliction,Talent,Grim Reach,18218,18218,Rank 1/2,,Increases the range of your Affliction spells by 10%.,Talent Passive,Data only,,,,,Data only,TALENT,https://www.wowhead.com/tbc/spell=18218,Talent: Grim Reach; tree row 4
Warlock,Affliction,Talent,Grim Reach,18219,18218,Rank 2/2,,Increases the range of your Affliction spells by 20%.,Talent Passive,Data only,,,,,Data only,TALENT,https://www.wowhead.com/tbc/spell=18219,Talent: Grim Reach; tree row 4
Warlock,Affliction,Talent Ability,Howl of Terror,5484,5484,Rank 1,40,"Howl, causing 5 enemies within 10 yds to flee in terror for 6 sec. Damage caused may interrupt the effect.",Crowd Control,Utility,40,8,150 Mana,,Cooldown,"CC_HARD, FEAR",https://www.wowhead.com/tbc/spell=5484,Talent-required
Warlock,Affliction,Talent Ability,Howl of Terror,17928,5484,Rank 2,54,"Howl, causing 5 enemies within 10 yds to flee in terror for 8 sec. Damage caused may interrupt the effect.",Crowd Control,Utility,40,8,200 Mana,,Cooldown,"CC_HARD, FEAR",https://www.wowhead.com/tbc/spell=17928,Talent-required
Warlock,Affliction,Talent,Improved Corruption,17810,17810,Rank 1/5,,Reduces the casting time of your Corruption spell by 0.4 sec.,Talent Passive,Data only,,,,,Data only,TALENT,https://www.wowhead.com/tbc/spell=17810,Talent: Improved Corruption; tree row 1
Warlock,Affliction,Talent,Improved Corruption,17811,17810,Rank 2/5,,Reduces the casting time of your Corruption spell by 0.8 sec.,Talent Passive,Data only,,,,,Data only,TALENT,https://www.wowhead.com/tbc/spell=17811,Talent: Improved Corruption; tree row 1
Warlock,Affliction,Talent,Improved Corruption,17812,17810,Rank 3/5,,Reduces the casting time of your Corruption spell by 1.2 sec.,Talent Passive,Data only,,,,,Data only,TALENT,https://www.wowhead.com/tbc/spell=17812,Talent: Improved Corruption; tree row 1
Warlock,Affliction,Talent,Improved Corruption,17813,17810,Rank 4/5,,Reduces the casting time of your Corruption spell by 1.6 sec.,Talent Passive,Data only,,,,,Data only,TALENT,https://www.wowhead.com/tbc/spell=17813,Talent: Improved Corruption; tree row 1
Warlock,Affliction,Talent,Improved Corruption,17814,17810,Rank 5/5,,Reduces the casting time of your Corruption spell by 2 sec.,Talent Passive,Data only,,,,,Data only,TALENT,https://www.wowhead.com/tbc/spell=17814,Talent: Improved Corruption; tree row 1
Warlock,Affliction,Talent,Improved Curse of Agony,18827,18827,Rank 1/2,,Increases the damage done by your Curse of Agony by 5%.,Talent Passive,Data only,,,,,Data only,TALENT,https://www.wowhead.com/tbc/spell=18827,Talent: Improved Curse of Agony; tree row 3
Warlock,Affliction,Talent,Improved Curse of Agony,18829,18827,Rank 2/2,,Increases the damage done by your Curse of Agony by 10%.,Talent Passive,Data only,,,,,Data only,TALENT,https://www.wowhead.com/tbc/spell=18829,Talent: Improved Curse of Agony; tree row 3
Warlock,Affliction,Talent,Improved Curse of Weakness,18179,18179,Rank 1/2,,Increases the effect of your Curse of Weakness by 10%.,Talent Passive,Data only,,,,,Data only,TALENT,https://www.wowhead.com/tbc/spell=18179,Talent: Improved Curse of Weakness; tree row 2
Warlock,Affliction,Talent,Improved Curse of Weakness,18180,18179,Rank 2/2,,Increases the effect of your Curse of Weakness by 20%.,Talent Passive,Data only,,,,,Data only,TALENT,https://www.wowhead.com/tbc/spell=18180,Talent: Improved Curse of Weakness; tree row 2
Warlock,Affliction,Talent,Improved Drain Soul,18213,18213,Rank 1/2,,"Returns 7% of your maximum mana if the target is killed by you while you drain its soul. In addition, your Affliction spells generate 5% less threat.",Talent Passive,Data only,,,,,Data only,TALENT,https://www.wowhead.com/tbc/spell=18213,Talent: Improved Drain Soul; tree row 2
Warlock,Affliction,Talent,Improved Drain Soul,18372,18213,Rank 2/2,,"Returns 15% of your maximum mana if the target is killed by you while you drain its soul. In addition, your Affliction spells generate 10% less threat.",Talent Passive,Data only,,,,,Data only,TALENT,https://www.wowhead.com/tbc/spell=18372,Talent: Improved Drain Soul; tree row 2
Warlock,Affliction,Talent,Improved Howl of Terror,30054,30054,Rank 1/2,,Reduces the casting time of your Howl of Terror spell by 0.8 sec.,Talent Passive,Data only,,,,,Data only,TALENT,https://www.wowhead.com/tbc/spell=30054,Talent: Improved Howl of Terror; tree row 8
Warlock,Affliction,Talent,Improved Howl of Terror,30057,30054,Rank 2/2,,Reduces the casting time of your Howl of Terror spell by 1.5 sec.,Talent Passive,Data only,,,,,Data only,TALENT,https://www.wowhead.com/tbc/spell=30057,Talent: Improved Howl of Terror; tree row 8
Warlock,Affliction,Talent,Improved Life Tap,18182,18182,Rank 1/2,,Increases the amount of Mana awarded by your Life Tap spell by 10%.,Talent Passive,Data only,,,,,Data only,TALENT,https://www.wowhead.com/tbc/spell=18182,Talent: Improved Life Tap; tree row 2
Warlock,Affliction,Talent,Improved Life Tap,18183,18182,Rank 2/2,,Increases the amount of Mana awarded by your Life Tap spell by 20%.,Talent Passive,Data only,,,,,Data only,TALENT,https://www.wowhead.com/tbc/spell=18183,Talent: Improved Life Tap; tree row 2
Warlock,Affliction,Talent,Malediction,32477,32477,Rank 1/3,,Increases the damage bonus effect of your Curse of the Elements spell by an additional 1%.,Talent Passive,Data only,,,,,Data only,TALENT,https://www.wowhead.com/tbc/spell=32477,Talent: Malediction; tree row 8
Warlock,Affliction,Talent,Malediction,32483,32477,Rank 2/3,,Increases the damage bonus effect of your Curse of the Elements spell by an additional 2%.,Talent Passive,Data only,,,,,Data only,TALENT,https://www.wowhead.com/tbc/spell=32483,Talent: Malediction; tree row 8
Warlock,Affliction,Talent,Malediction,32484,32477,Rank 3/3,,Increases the damage bonus effect of your Curse of the Elements spell by an additional 3%.,Talent Passive,Data only,,,,,Data only,TALENT,https://www.wowhead.com/tbc/spell=32484,Talent: Malediction; tree row 8
Warlock,Affliction,Talent,Nightfall,18094,18094,Rank 1/2,,Gives your Corruption and Drain Life spells a 2% chance to cause you to enter a Shadow Trance state after damaging the opponent. The Shadow Trance state reduces the casting time of your next Shadow Bolt spell by 100%.,Talent Passive,Data only,,,,,Data only,TALENT,https://www.wowhead.com/tbc/spell=18094,Talent: Nightfall; tree row 4
Warlock,Affliction,Talent,Nightfall,18095,18094,Rank 2/2,,Gives your Corruption and Drain Life spells a 4% chance to cause you to enter a Shadow Trance state after damaging the opponent. The Shadow Trance state reduces the casting time of your next Shadow Bolt spell by 100%.,Talent Passive,Data only,,,,,Data only,TALENT,https://www.wowhead.com/tbc/spell=18095,Talent: Nightfall; tree row 4
Warlock,Affliction,Talent,Shadow Embrace,32385,32385,Rank 1/5,,"Your Corruption, Curse of Agony, Siphon Life and Seed of Corruption spells also cause the Shadow Embrace effect, which reduces physical damage caused by 1%.",Talent Passive,Data only,,,,,Data only,TALENT,https://www.wowhead.com/tbc/spell=32385,Talent: Shadow Embrace; tree row 5
Warlock,Affliction,Talent,Shadow Embrace,32387,32385,Rank 2/5,,"Your Corruption, Curse of Agony, Siphon Life and Seed of Corruption spells also cause the Shadow Embrace effect, which reduces physical damage caused by 2%.",Talent Passive,Data only,,,,,Data only,TALENT,https://www.wowhead.com/tbc/spell=32387,Talent: Shadow Embrace; tree row 5
Warlock,Affliction,Talent,Shadow Embrace,32392,32385,Rank 3/5,,"Your Corruption, Curse of Agony, Siphon Life and Seed of Corruption spells also cause the Shadow Embrace effect, which reduces physical damage caused by 3%.",Talent Passive,Data only,,,,,Data only,TALENT,https://www.wowhead.com/tbc/spell=32392,Talent: Shadow Embrace; tree row 5
Warlock,Affliction,Talent,Shadow Embrace,32393,32385,Rank 4/5,,"Your Corruption, Curse of Agony, Siphon Life and Seed of Corruption spells also cause the Shadow Embrace effect, which reduces physical damage caused by 4%.",Talent Passive,Data only,,,,,Data only,TALENT,https://www.wowhead.com/tbc/spell=32393,Talent: Shadow Embrace; tree row 5
Warlock,Affliction,Talent,Shadow Embrace,32394,32385,Rank 5/5,,"Your Corruption, Curse of Agony, Siphon Life and Seed of Corruption spells also cause the Shadow Embrace effect, which reduces physical damage caused by 5%.",Talent Passive,Data only,,,,,Data only,TALENT,https://www.wowhead.com/tbc/spell=32394,Talent: Shadow Embrace; tree row 5
Warlock,Affliction,Talent,Shadow Mastery,18271,18271,Rank 1/5,,Increases the damage dealt or life drained by your Shadow spells by 2%.,Talent Passive,Data only,,,,,Data only,TALENT,https://www.wowhead.com/tbc/spell=18271,Talent: Shadow Mastery; tree row 6
Warlock,Affliction,Talent,Shadow Mastery,18272,18271,Rank 2/5,,Increases the damage dealt or life drained by your Shadow spells by 4%.,Talent Passive,Data only,,,,,Data only,TALENT,https://www.wowhead.com/tbc/spell=18272,Talent: Shadow Mastery; tree row 6
Warlock,Affliction,Talent,Shadow Mastery,18273,18271,Rank 3/5,,Increases the damage dealt or life drained by your Shadow spells by 6%.,Talent Passive,Data only,,,,,Data only,TALENT,https://www.wowhead.com/tbc/spell=18273,Talent: Shadow Mastery; tree row 6
Warlock,Affliction,Talent,Shadow Mastery,18274,18271,Rank 4/5,,Increases the damage dealt or life drained by your Shadow spells by 8%.,Talent Passive,Data only,,,,,Data only,TALENT,https://www.wowhead.com/tbc/spell=18274,Talent: Shadow Mastery; tree row 6
Warlock,Affliction,Talent,Shadow Mastery,18275,18271,Rank 5/5,,Increases the damage dealt or life drained by your Shadow spells by 10%.,Talent Passive,Data only,,,,,Data only,TALENT,https://www.wowhead.com/tbc/spell=18275,Talent: Shadow Mastery; tree row 6
Warlock,Affliction,Talent Ability,Siphon Life,18265,18265,Rank 1/1,,Transfers 15 health from the target to the caster every 3 sec. Lasts 30 sec.,Offensive,Main,0,30,140 Mana,,Cooldown + aura,"DPS, HAS_DEBUFF, PVE, ROTATIONAL",https://www.wowhead.com/tbc/spell=18265,Talent-required | Talent: Siphon Life
Warlock,Affliction,Talent Ability,Siphon Life,18879,18265,Rank 2,38,Transfers 22 health from the target to the caster every 3 sec. Lasts 30 sec.,Offensive,Main,0,30,190 Mana,,Cooldown + aura,"DPS, HAS_DEBUFF, PVE, ROTATIONAL",https://www.wowhead.com/tbc/spell=18879,Talent-required
Warlock,Affliction,Talent Ability,Siphon Life,18880,18265,Rank 3,48,Transfers 33 health from the target to the caster every 3 sec. Lasts 30 sec.,Offensive,Main,0,30,250 Mana,,Cooldown + aura,"DPS, HAS_DEBUFF, PVE, ROTATIONAL",https://www.wowhead.com/tbc/spell=18880,Talent-required
Warlock,Affliction,Talent Ability,Siphon Life,18881,18265,Rank 4,58,Transfers 45 health from the target to the caster every 3 sec. Lasts 30 sec.,Offensive,Main,0,30,310 Mana,,Cooldown + aura,"DPS, HAS_DEBUFF, PVE, ROTATIONAL",https://www.wowhead.com/tbc/spell=18881,Talent-required
Warlock,Affliction,Talent Ability,Siphon Life,27264,18265,Rank 5,63,Transfers 52 health from the target to the caster every 3 sec. Lasts 30 sec.,Offensive,Main,0,30,350 Mana,,Cooldown + aura,"DPS, HAS_DEBUFF, PVE, ROTATIONAL",https://www.wowhead.com/tbc/spell=27264,Talent-required
Warlock,Affliction,Talent Ability,Siphon Life,30911,18265,Rank 6,70,Transfers 63 health from the target to the caster every 3 sec. Lasts 30 sec.,Offensive,Main,0,30,410 Mana,,Cooldown + aura,"DPS, HAS_DEBUFF, PVE, ROTATIONAL",https://www.wowhead.com/tbc/spell=30911,Talent-required
Warlock,Affliction,Talent,Soul Siphon,17804,17804,Rank 1/2,,"Increases the amount drained by your Drain Life spell by an additional 2% for each Affliction effect on the target, up to a maximum of 24% additional effect.",Talent Passive,Data only,,,,,Data only,TALENT,https://www.wowhead.com/tbc/spell=17804,Talent: Soul Siphon; tree row 2
Warlock,Affliction,Talent,Soul Siphon,17805,17804,Rank 2/2,,"Increases the amount drained by your Drain Life spell by an additional 4% for each Affliction effect on the target, up to a maximum of 60% additional effect.",Talent Passive,Data only,,,,,Data only,TALENT,https://www.wowhead.com/tbc/spell=17805,Talent: Soul Siphon; tree row 2
Warlock,Affliction,Talent,Suppression,18174,18174,Rank 1/5,,Reduces the chance for enemies to resist your Affliction spells by 2%.,Talent Passive,Data only,,,,,Data only,TALENT,https://www.wowhead.com/tbc/spell=18174,Talent: Suppression; tree row 1
Warlock,Affliction,Talent,Suppression,18175,18174,Rank 2/5,,Reduces the chance for enemies to resist your Affliction spells by 4%.,Talent Passive,Data only,,,,,Data only,TALENT,https://www.wowhead.com/tbc/spell=18175,Talent: Suppression; tree row 1
Warlock,Affliction,Talent,Suppression,18176,18174,Rank 3/5,,Reduces the chance for enemies to resist your Affliction spells by 6%.,Talent Passive,Data only,,,,,Data only,TALENT,https://www.wowhead.com/tbc/spell=18176,Talent: Suppression; tree row 1
Warlock,Affliction,Talent,Suppression,18177,18174,Rank 4/5,,Reduces the chance for enemies to resist your Affliction spells by 8%.,Talent Passive,Data only,,,,,Data only,TALENT,https://www.wowhead.com/tbc/spell=18177,Talent: Suppression; tree row 1
Warlock,Affliction,Talent,Suppression,18178,18174,Rank 5/5,,Reduces the chance for enemies to resist your Affliction spells by 10%.,Talent Passive,Data only,,,,,Data only,TALENT,https://www.wowhead.com/tbc/spell=18178,Talent: Suppression; tree row 1
Warlock,Affliction,Talent Ability,Unstable Affliction,30108,30108,Rank 1/1,,"Shadow energy slowly destroys the target, causing 660 damage over 18 sec. In addition, if the Unstable Affliction is dispelled it will cause 990 damage to the dispeller and silence them for 5 sec.",Offensive,Main,0,18,270 Mana,,Cooldown,"DEBUFF, DPS, PVE, ROTATIONAL",https://www.wowhead.com/tbc/spell=30108,Talent-required | Talent: Unstable Affliction
Warlock,Affliction,Talent Ability,Unstable Affliction,30404,30108,Rank 2,60,"Shadow energy slowly destroys the target, causing 840 damage over 18 sec. In addition, if the Unstable Affliction is dispelled it will cause 1260 damage to the dispeller and silence them for 5 sec.",Offensive,Main,0,18,330 Mana,,Cooldown,"DEBUFF, DPS, PVE, ROTATIONAL",https://www.wowhead.com/tbc/spell=30404,Talent-required
Warlock,Affliction,Talent Ability,Unstable Affliction,30405,30108,Rank 3,70,"Shadow energy slowly destroys the target, causing 1050 damage over 18 sec. In addition, if the Unstable Affliction is dispelled it will cause 1575 damage to the dispeller and silence them for 5 sec.",Offensive,Main,0,18,400 Mana,,Cooldown,"DEBUFF, DPS, PVE, ROTATIONAL",https://www.wowhead.com/tbc/spell=30405,Talent-required
Warlock,Class-wide / Shared,Ability,Banish,710,710,Rank 1,28,"Banishes the enemy target, preventing all action but making it invulnerable for up to 20 sec. Only one target can be banished at a time. Only works on Demons and Elementals.",Crowd Control,Utility,0,30,100 Mana,,Cooldown,"CC_HARD, FILLER",https://www.wowhead.com/tbc/spell=710,
Warlock,Class-wide / Shared,Ability,Banish,18647,710,Rank 2,48,"Banishes the enemy target, preventing all action but making it invulnerable for up to 30 sec. Only one target can be banished at a time. Only works on Demons and Elementals.",Crowd Control,Utility,0,30,200 Mana,,Cooldown,"CC_HARD, FILLER",https://www.wowhead.com/tbc/spell=18647,
Warlock,Class-wide / Shared,Ability,Burning Wish,18789,18789,,,Increases your Fire damage by 15%. Obtained by sacrificing an Imp.,Offensive,Main,0,1800,,,Cooldown,"BUFF, DPS, LONG_BUFF",https://www.wowhead.com/tbc/spell=18789,
Warlock,Class-wide / Shared,Ability,Corruption,172,172,Rank 1,4,"Corrupts the target, causing 40 Shadow damage over 12 sec.",Offensive,Main,0,18,35 Mana,,Cooldown,"DEBUFF, DPS, PVE_PVP, ROTATIONAL",https://www.wowhead.com/tbc/spell=172,
Warlock,Class-wide / Shared,Ability,Corruption,6222,172,Rank 2,14,"Corrupts the target, causing 90 Shadow damage over 15 sec.",Offensive,Main,0,18,55 Mana,,Cooldown,"DEBUFF, DPS, PVE_PVP, ROTATIONAL",https://www.wowhead.com/tbc/spell=6222,
Warlock,Class-wide / Shared,Ability,Corruption,6223,172,Rank 3,24,"Corrupts the target, causing 222 Shadow damage over 18 sec.",Offensive,Main,0,18,100 Mana,,Cooldown,"DEBUFF, DPS, PVE_PVP, ROTATIONAL",https://www.wowhead.com/tbc/spell=6223,
Warlock,Class-wide / Shared,Ability,Corruption,7648,172,Rank 4,34,"Corrupts the target, causing 324 Shadow damage over 18 sec.",Offensive,Main,0,18,160 Mana,,Cooldown,"DEBUFF, DPS, PVE_PVP, ROTATIONAL",https://www.wowhead.com/tbc/spell=7648,
Warlock,Class-wide / Shared,Ability,Corruption,11671,172,Rank 5,44,"Corrupts the target, causing 486 Shadow damage over 18 sec.",Offensive,Main,0,18,225 Mana,,Cooldown,"DEBUFF, DPS, PVE_PVP, ROTATIONAL",https://www.wowhead.com/tbc/spell=11671,
Warlock,Class-wide / Shared,Ability,Corruption,11672,172,Rank 6,54,"Corrupts the target, causing 666 Shadow damage over 18 sec.",Offensive,Main,0,18,290 Mana,,Cooldown,"DEBUFF, DPS, PVE_PVP, ROTATIONAL",https://www.wowhead.com/tbc/spell=11672,
Warlock,Class-wide / Shared,Ability,Corruption,25311,172,Rank 7,60,"Corrupts the target, causing 822 Shadow damage over 18 sec.",Offensive,Main,0,18,340 Mana,,Cooldown,"DEBUFF, DPS, PVE_PVP, ROTATIONAL",https://www.wowhead.com/tbc/spell=25311,
Warlock,Class-wide / Shared,Ability,Corruption,27216,172,Rank 8,65,"Corrupts the target, causing 900 Shadow damage over 18 sec.",Offensive,Main,0,18,370 Mana,,Cooldown,"DEBUFF, DPS, PVE_PVP, ROTATIONAL",https://www.wowhead.com/tbc/spell=27216,
Warlock,Class-wide / Shared,Ability,Create Healthstone,5699,6201,Rank 1,34,"Creates a Healthstone that can be used to instantly restore 500 health.
Conjured items disappear if logged out for more than 15 minutes.",Defensive,Utility,0,,475 Mana,,Cooldown,"CREATES_CONSUMABLE, PERSONAL_DEFENSIVE, UTILITY",https://www.wowhead.com/tbc/spell=5699,
Warlock,Class-wide / Shared,Ability,Create Healthstone,6201,6201,Rank 2,10,"Creates a Minor Healthstone that can be used to instantly restore 100 health.
Conjured items disappear if logged out for more than 15 minutes.",Defensive,Utility,0,,95 Mana,,Cooldown,"CREATES_CONSUMABLE, PERSONAL_DEFENSIVE, UTILITY",https://www.wowhead.com/tbc/spell=6201,
Warlock,Class-wide / Shared,Ability,Create Healthstone,6202,6201,Rank 3,22,"Creates a Lesser Healthstone that can be used to instantly restore 250 health.
Conjured items disappear if logged out for more than 15 minutes.",Defensive,Utility,0,,240 Mana,,Cooldown,"CREATES_CONSUMABLE, PERSONAL_DEFENSIVE, UTILITY",https://www.wowhead.com/tbc/spell=6202,
Warlock,Class-wide / Shared,Ability,Create Healthstone,11729,6201,Rank 4,46,"Creates a Greater Healthstone that can be used to instantly restore 800 health.
Conjured items disappear if logged out for more than 15 minutes.",Defensive,Utility,0,,750 Mana,,Cooldown,"CREATES_CONSUMABLE, PERSONAL_DEFENSIVE, UTILITY",https://www.wowhead.com/tbc/spell=11729,
Warlock,Class-wide / Shared,Ability,Create Healthstone,11730,6201,Rank 5,58,"Creates a Major Healthstone that can be used to instantly restore 1200 health.
Conjured items disappear if logged out for more than 15 minutes.",Defensive,Utility,0,,1120 Mana,,Cooldown,"CREATES_CONSUMABLE, PERSONAL_DEFENSIVE, UTILITY",https://www.wowhead.com/tbc/spell=11730,
Warlock,Class-wide / Shared,Ability,Create Healthstone,27230,6201,Rank 6,68,"Creates a Master Healthstone that can be used to instantly restore 2080 health.
Conjured items disappear if logged out for more than 15 minutes.",Defensive,Utility,0,,1390 Mana,,Cooldown,"CREATES_CONSUMABLE, PERSONAL_DEFENSIVE, UTILITY",https://www.wowhead.com/tbc/spell=27230,
Warlock,Class-wide / Shared,Ability,Create Soulstone,693,693,Rank 1,18,"Creates a Minor Soulstone. The Soulstone can be used to store one target's soul. If the target dies while their soul is stored, they will be able to resurrect with 400 health and 700 mana.
Conjured items disappear if logged out for more than 15 minutes.",Utility,Utility,0,1800,68% of base mana,"20707, 20762, 20763, 20764, 20765, 27239",Cooldown + aura,"BATTLE_REZ, HAS_BUFF, LONG_BUFF, RESURRECT, UTILITY",https://www.wowhead.com/tbc/spell=693,
Warlock,Class-wide / Shared,Ability,Create Soulstone,20752,693,Rank 2,30,"Creates a Lesser Soulstone. The Soulstone can be used to store one target's soul. If the target dies while their soul is stored, they will be able to resurrect with 750 health and 1200 mana.
Conjured items disappear if logged out for more than 15 minutes.",Utility,Utility,0,1800,68% of base mana,"20707, 20762, 20763, 20764, 20765, 27239",Cooldown + aura,"BATTLE_REZ, HAS_BUFF, LONG_BUFF, RESURRECT, UTILITY",https://www.wowhead.com/tbc/spell=20752,
Warlock,Class-wide / Shared,Ability,Create Soulstone,20755,693,Rank 3,40,"Creates a Soulstone. The Soulstone can be used to store one target's soul. If the target dies while their soul is stored, they will be able to resurrect with 1100 health and 1700 mana.
Conjured items disappear if logged out for more than 15 minutes.",Utility,Utility,0,1800,68% of base mana,"20707, 20762, 20763, 20764, 20765, 27239",Cooldown + aura,"BATTLE_REZ, HAS_BUFF, LONG_BUFF, RESURRECT, UTILITY",https://www.wowhead.com/tbc/spell=20755,
Warlock,Class-wide / Shared,Ability,Create Soulstone,20756,693,Rank 4,50,"Creates a Greater Soulstone. The Soulstone can be used to store one target's soul. If the target dies while their soul is stored, they will be able to resurrect with 1600 health and 2200 mana.
Conjured items disappear if logged out for more than 15 minutes.",Utility,Utility,0,1800,68% of base mana,"20707, 20762, 20763, 20764, 20765, 27239",Cooldown + aura,"BATTLE_REZ, HAS_BUFF, LONG_BUFF, RESURRECT, UTILITY",https://www.wowhead.com/tbc/spell=20756,
Warlock,Class-wide / Shared,Ability,Create Soulstone,20757,693,Rank 5,60,"Creates a Major Soulstone. The Soulstone can be used to store one target's soul. If the target dies while their soul is stored, they will be able to resurrect with 2200 health and 2800 mana.
Conjured items disappear if logged out for more than 15 minutes.",Utility,Utility,0,1800,68% of base mana,"20707, 20762, 20763, 20764, 20765, 27239",Cooldown + aura,"BATTLE_REZ, HAS_BUFF, LONG_BUFF, RESURRECT, UTILITY",https://www.wowhead.com/tbc/spell=20757,
Warlock,Class-wide / Shared,Ability,Create Soulstone,27238,693,Rank 6,70,"Creates a Master Soulstone. The Soulstone can be used to store one target's soul. If the target dies while their soul is stored, they will be able to resurrect with 2900 health and 3300 mana.
Conjured items disappear if logged out for more than 15 minutes.",Utility,Utility,0,1800,68% of base mana,"20707, 20762, 20763, 20764, 20765, 27239",Cooldown + aura,"BATTLE_REZ, HAS_BUFF, LONG_BUFF, RESURRECT, UTILITY",https://www.wowhead.com/tbc/spell=27238,
Warlock,Class-wide / Shared,Ability,Curse of Agony,980,980,Rank 1,8,"Curses the target with agony, causing 84 Shadow damage over 24 sec. This damage is dealt slowly at first, and builds up as the Curse reaches its full duration. Only one Curse per Warlock can be active on any one target.",Offensive,Main,0,24,25 Mana,,Cooldown,"DEBUFF, DPS, PVE_PVP, ROTATIONAL",https://www.wowhead.com/tbc/spell=980,
Warlock,Class-wide / Shared,Ability,Curse of Agony,1014,980,Rank 2,18,"Curses the target with agony, causing 180 Shadow damage over 24 sec. This damage is dealt slowly at first, and builds up as the Curse reaches its full duration. Only one Curse per Warlock can be active on any one target.",Offensive,Main,0,24,50 Mana,,Cooldown,"DEBUFF, DPS, PVE_PVP, ROTATIONAL",https://www.wowhead.com/tbc/spell=1014,
Warlock,Class-wide / Shared,Ability,Curse of Agony,6217,980,Rank 3,28,"Curses the target with agony, causing 324 Shadow damage over 24 sec. This damage is dealt slowly at first, and builds up as the Curse reaches its full duration. Only one Curse per Warlock can be active on any one target.",Offensive,Main,0,24,90 Mana,,Cooldown,"DEBUFF, DPS, PVE_PVP, ROTATIONAL",https://www.wowhead.com/tbc/spell=6217,
Warlock,Class-wide / Shared,Ability,Curse of Agony,11711,980,Rank 4,38,"Curses the target with agony, causing 504 Shadow damage over 24 sec. This damage is dealt slowly at first, and builds up as the Curse reaches its full duration. Only one Curse per Warlock can be active on any one target.",Offensive,Main,0,24,130 Mana,,Cooldown,"DEBUFF, DPS, PVE_PVP, ROTATIONAL",https://www.wowhead.com/tbc/spell=11711,
Warlock,Class-wide / Shared,Ability,Curse of Agony,11712,980,Rank 5,48,"Curses the target with agony, causing 780 Shadow damage over 24 sec. This damage is dealt slowly at first, and builds up as the Curse reaches its full duration. Only one Curse per Warlock can be active on any one target.",Offensive,Main,0,24,170 Mana,,Cooldown,"DEBUFF, DPS, PVE_PVP, ROTATIONAL",https://www.wowhead.com/tbc/spell=11712,
Warlock,Class-wide / Shared,Ability,Curse of Agony,11713,980,Rank 6,58,"Curses the target with agony, causing 1044 Shadow damage over 24 sec. This damage is dealt slowly at first, and builds up as the Curse reaches its full duration. Only one Curse per Warlock can be active on any one target.",Offensive,Main,0,24,215 Mana,,Cooldown,"DEBUFF, DPS, PVE_PVP, ROTATIONAL",https://www.wowhead.com/tbc/spell=11713,
Warlock,Class-wide / Shared,Ability,Curse of Agony,27218,980,Rank 7,67,"Curses the target with agony, causing 1356 Shadow damage over 24 sec. This damage is dealt slowly at first, and builds up as the Curse reaches its full duration. Only one Curse per Warlock can be active on any one target.",Offensive,Main,0,24,265 Mana,,Cooldown,"DEBUFF, DPS, PVE_PVP, ROTATIONAL",https://www.wowhead.com/tbc/spell=27218,
Warlock,Class-wide / Shared,Ability,Curse of Doom,603,603,Rank 1,60,"Curses the target with impending doom, causing 3200 Shadow damage after 1 min. If the target dies from this damage, there is a chance that a Doomguard will be summoned. Cannot be cast on players.",Offensive,Main,60,60,300 Mana,,Cooldown + aura,"DEBUFF, DPS, MAINTENANCE, PVE",https://www.wowhead.com/tbc/spell=603,
Warlock,Class-wide / Shared,Ability,Curse of Doom,30910,603,Rank 2,70,"Curses the target with impending doom, causing 4200 Shadow damage after 1 min. If the target dies from this damage, there is a chance that a Doomguard will be summoned. Cannot be cast on players.",Offensive,Main,60,60,380 Mana,,Cooldown + aura,"DEBUFF, DPS, MAINTENANCE, PVE",https://www.wowhead.com/tbc/spell=30910,
Warlock,Class-wide / Shared,Ability,Curse of Recklessness,704,704,Rank 1,14,"Curses the target with recklessness, increasing melee attack power by 20 but reducing armor by 140 for 2 min. Cursed enemies will not flee and will ignore Fear and Horror effects. Only one Curse per Warlock can be active on any one target.",Defensive,Utility,0,120,35 Mana,,Cooldown,"CC_BREAK, DEBUFF, UTILITY",https://www.wowhead.com/tbc/spell=704,
Warlock,Class-wide / Shared,Ability,Curse of Recklessness,7658,704,Rank 2,28,"Curses the target with recklessness, increasing melee attack power by 45 but reducing armor by 290 for 2 min. Cursed enemies will not flee and will ignore Fear and Horror effects. Only one Curse per Warlock can be active on any one target.",Defensive,Utility,0,120,60 Mana,,Cooldown,"CC_BREAK, DEBUFF, UTILITY",https://www.wowhead.com/tbc/spell=7658,
Warlock,Class-wide / Shared,Ability,Curse of Recklessness,7659,704,Rank 3,42,"Curses the target with recklessness, increasing melee attack power by 65 but reducing armor by 465 for 2 min. Cursed enemies will not flee and will ignore Fear and Horror effects. Only one Curse per Warlock can be active on any one target.",Defensive,Utility,0,120,90 Mana,,Cooldown,"CC_BREAK, DEBUFF, UTILITY",https://www.wowhead.com/tbc/spell=7659,
Warlock,Class-wide / Shared,Ability,Curse of Recklessness,11717,704,Rank 4,56,"Curses the target with recklessness, increasing melee attack power by 90 but reducing armor by 640 for 2 min. Cursed enemies will not flee and will ignore Fear and Horror effects. Only one Curse per Warlock can be active on any one target.",Defensive,Utility,0,120,115 Mana,,Cooldown,"CC_BREAK, DEBUFF, UTILITY",https://www.wowhead.com/tbc/spell=11717,
Warlock,Class-wide / Shared,Ability,Curse of Recklessness,27226,704,Rank 5,69,"Curses the target with recklessness, increasing melee attack power by 135 but reducing armor by 800 for 2 min. Cursed enemies will not flee and will ignore Fear and Horror effects. Only one Curse per Warlock can be active on any one target.",Defensive,Utility,0,120,160 Mana,,Cooldown,"CC_BREAK, DEBUFF, UTILITY",https://www.wowhead.com/tbc/spell=27226,
Warlock,Class-wide / Shared,Ability,Curse of Shadow,17862,17862,Rank 1,44,"Curses the target for 5 min, reducing Shadow and Arcane resistances by 60 and increasing Shadow and Arcane damage taken by 8%. Only one Curse per Warlock can be active on any one target.",Utility,Utility,0,300,150 Mana,,Cooldown,"DEBUFF, RAID_DEFENSIVE, UTILITY",https://www.wowhead.com/tbc/spell=17862,
Warlock,Class-wide / Shared,Ability,Curse of Shadow,17937,17862,Rank 2,56,"Curses the target for 5 min, reducing Shadow and Arcane resistances by 75 and increasing Shadow and Arcane damage taken by 10%. Only one Curse per Warlock can be active on any one target.",Utility,Utility,0,300,200 Mana,,Cooldown,"DEBUFF, RAID_DEFENSIVE, UTILITY",https://www.wowhead.com/tbc/spell=17937,
Warlock,Class-wide / Shared,Ability,Curse of Shadow,27229,17862,Rank 3,67,"Curses the target for 5 min, reducing Shadow and Arcane resistances by 88 and increasing Shadow and Arcane damage taken by 10%. Only one Curse per Warlock can be active on any one target.",Utility,Utility,0,300,260 Mana,,Cooldown,"DEBUFF, RAID_DEFENSIVE, UTILITY",https://www.wowhead.com/tbc/spell=27229,
Warlock,Class-wide / Shared,Ability,Curse of Tongues,1714,1714,Rank 1,26,"Forces the target to speak in Demonic, increasing the casting time of all spells by 50%. Only one Curse per Warlock can be active on any one target. Lasts 30 sec.",Interrupt,Utility,0,30,80 Mana,,Cooldown,"CC_SOFT, DEBUFF, SILENCE",https://www.wowhead.com/tbc/spell=1714,
Warlock,Class-wide / Shared,Ability,Curse of Tongues,11719,1714,Rank 2,50,"Forces the target to speak in Demonic, increasing the casting time of all spells by 60%. Only one Curse per Warlock can be active on any one target. Lasts 30 sec.",Interrupt,Utility,0,30,110 Mana,,Cooldown,"CC_SOFT, DEBUFF, SILENCE",https://www.wowhead.com/tbc/spell=11719,
Warlock,Class-wide / Shared,Ability,Curse of Weakness,702,702,Rank 1,4,Target's melee attack power is reduced by 21 for 2 min. Only one Curse per Warlock can be active on any one target.,Utility,Utility,0,120,20 Mana,,Cooldown,"DEBUFF, UTILITY",https://www.wowhead.com/tbc/spell=702,
Warlock,Class-wide / Shared,Ability,Curse of Weakness,1108,702,Rank 2,12,Target's melee attack power is reduced by 41 for 2 min. Only one Curse per Warlock can be active on any one target.,Utility,Utility,0,120,35 Mana,,Cooldown,"DEBUFF, UTILITY",https://www.wowhead.com/tbc/spell=1108,
Warlock,Class-wide / Shared,Ability,Curse of Weakness,6205,702,Rank 3,22,Target's melee attack power is reduced by 64 for 2 min. Only one Curse per Warlock can be active on any one target.,Utility,Utility,0,120,70 Mana,,Cooldown,"DEBUFF, UTILITY",https://www.wowhead.com/tbc/spell=6205,
Warlock,Class-wide / Shared,Ability,Curse of Weakness,7646,702,Rank 4,32,Target's melee attack power is reduced by 82 for 2 min. Only one Curse per Warlock can be active on any one target.,Utility,Utility,0,120,95 Mana,,Cooldown,"DEBUFF, UTILITY",https://www.wowhead.com/tbc/spell=7646,
Warlock,Class-wide / Shared,Ability,Curse of Weakness,11707,702,Rank 5,42,Target's melee attack power is reduced by 123 for 2 min. Only one Curse per Warlock can be active on any one target.,Utility,Utility,0,120,130 Mana,,Cooldown,"DEBUFF, UTILITY",https://www.wowhead.com/tbc/spell=11707,
Warlock,Class-wide / Shared,Ability,Curse of Weakness,11708,702,Rank 6,52,Target's melee attack power is reduced by 163 for 2 min. Only one Curse per Warlock can be active on any one target.,Utility,Utility,0,120,175 Mana,,Cooldown,"DEBUFF, UTILITY",https://www.wowhead.com/tbc/spell=11708,
Warlock,Class-wide / Shared,Ability,Curse of Weakness,27224,702,Rank 7,61,Target's melee attack power is reduced by 257 for 2 min. Only one Curse per Warlock can be active on any one target.,Utility,Utility,0,120,215 Mana,,Cooldown,"DEBUFF, UTILITY",https://www.wowhead.com/tbc/spell=27224,
Warlock,Class-wide / Shared,Ability,Curse of Weakness,30909,702,Rank 8,69,Target's melee attack power is reduced by 350 for 2 min. Only one Curse per Warlock can be active on any one target.,Utility,Utility,0,120,265 Mana,,Cooldown,"DEBUFF, UTILITY",https://www.wowhead.com/tbc/spell=30909,
Warlock,Class-wide / Shared,Ability,Curse of the Elements,1490,1490,Rank 1,32,"Curses the target for 5 min, reducing Arcane, Fire, Frost, and Shadow resistances by 45 and increasing Arcane, Fire, Frost, and Shadow damage taken by 6%. Only one Curse per Warlock can be active on any one target.",Utility,Utility,0,300,100 Mana,,Cooldown,"DEBUFF, RAID_DEFENSIVE, UTILITY",https://www.wowhead.com/tbc/spell=1490,
Warlock,Class-wide / Shared,Ability,Curse of the Elements,11721,1490,Rank 2,46,"Curses the target for 5 min, reducing Arcane, Fire, Frost, and Shadow resistances by 60 and increasing Arcane, Fire, Frost, and Shadow damage taken by 8%. Only one Curse per Warlock can be active on any one target.",Utility,Utility,0,300,150 Mana,,Cooldown,"DEBUFF, RAID_DEFENSIVE, UTILITY",https://www.wowhead.com/tbc/spell=11721,
Warlock,Class-wide / Shared,Ability,Curse of the Elements,11722,1490,Rank 3,60,"Curses the target for 5 min, reducing Arcane, Fire, Frost, and Shadow resistances by 75 and increasing Arcane, Fire, Frost, and Shadow damage taken by 10%. Only one Curse per Warlock can be active on any one target.",Utility,Utility,0,300,200 Mana,,Cooldown,"DEBUFF, RAID_DEFENSIVE, UTILITY",https://www.wowhead.com/tbc/spell=11722,
Warlock,Class-wide / Shared,Ability,Curse of the Elements,27228,1490,Rank 4,69,"Curses the target for 5 min, reducing Arcane, Fire, Frost, and Shadow resistances by 88 and increasing Arcane, Fire, Frost, and Shadow damage taken by 10%. Only one Curse per Warlock can be active on any one target.",Utility,Utility,0,300,260 Mana,,Cooldown,"DEBUFF, RAID_DEFENSIVE, UTILITY",https://www.wowhead.com/tbc/spell=27228,
Warlock,Class-wide / Shared,Ability,Death Coil,6789,6789,Rank 1,42,"Causes the enemy target to run in horror for 3 sec and causes 
258 Shadow damage. The caster gains 100% of the damage caused in health.",Crowd Control,Utility,120,3,365 Mana,,Cooldown,"CC_HARD, DPS, FEAR, HEAL_SINGLE, MINOR",https://www.wowhead.com/tbc/spell=6789,
Warlock,Class-wide / Shared,Ability,Death Coil,17925,6789,Rank 2,50,"Causes the enemy target to run in horror for 3 sec and causes 
335 Shadow damage. The caster gains 100% of the damage caused in health.",Crowd Control,Utility,120,3,420 Mana,,Cooldown,"CC_HARD, DPS, FEAR, HEAL_SINGLE, MINOR",https://www.wowhead.com/tbc/spell=17925,
Warlock,Class-wide / Shared,Ability,Death Coil,17926,6789,Rank 3,58,"Causes the enemy target to run in horror for 3 sec and causes 
418 Shadow damage. The caster gains 100% of the damage caused in health.",Crowd Control,Utility,120,3,480 Mana,,Cooldown,"CC_HARD, DPS, FEAR, HEAL_SINGLE, MINOR",https://www.wowhead.com/tbc/spell=17926,
Warlock,Class-wide / Shared,Ability,Death Coil,27223,6789,Rank 4,68,"Causes the enemy target to run in horror for 3 sec and causes 
526 Shadow damage. The caster gains 100% of the damage caused in health.",Crowd Control,Utility,120,3,600 Mana,,Cooldown,"CC_HARD, DPS, FEAR, HEAL_SINGLE, MINOR",https://www.wowhead.com/tbc/spell=27223,
Warlock,Class-wide / Shared,Ability,Demon Armor,706,706,Rank 1,20,"Protects the caster, increasing armor by 210, Shadow resistance by 3 and restores 7 health every 5 sec. Only one type of Armor spell can be active on the Warlock at any time. Lasts 30 min.",Defensive,Utility,0,1800,110 Mana,,Cooldown,"BUFF, DEFENSIVE, LONG_BUFF",https://www.wowhead.com/tbc/spell=706,
Warlock,Class-wide / Shared,Ability,Demon Armor,1086,706,Rank 2,30,"Protects the caster, increasing armor by 300, Shadow resistance by 6 and restores 9 health every 5 sec. Only one type of Armor spell can be active on the Warlock at any time. Lasts 30 min.",Defensive,Utility,0,1800,208 Mana,,Cooldown,"BUFF, DEFENSIVE, LONG_BUFF",https://www.wowhead.com/tbc/spell=1086,
Warlock,Class-wide / Shared,Ability,Demon Armor,11733,706,Rank 3,40,"Protects the caster, increasing armor by 390, Shadow resistance by 9 and restores 11 health every 5 sec. Only one type of Armor spell can be active on the Warlock at any time. Lasts 30 min.",Defensive,Utility,0,1800,320 Mana,,Cooldown,"BUFF, DEFENSIVE, LONG_BUFF",https://www.wowhead.com/tbc/spell=11733,
Warlock,Class-wide / Shared,Ability,Demon Armor,11734,706,Rank 4,50,"Protects the caster, increasing armor by 480, Shadow resistance by 12 and restores 13 health every 5 sec. Only one type of Armor spell can be active on the Warlock at any time. Lasts 30 min.",Defensive,Utility,0,1800,460 Mana,,Cooldown,"BUFF, DEFENSIVE, LONG_BUFF",https://www.wowhead.com/tbc/spell=11734,
Warlock,Class-wide / Shared,Ability,Demon Armor,11735,706,Rank 5,60,"Protects the caster, increasing armor by 570, Shadow resistance by 15 and restores 15 health every 5 sec. Only one type of Armor spell can be active on the Warlock at any time. Lasts 30 min.",Defensive,Utility,0,1800,632 Mana,,Cooldown,"BUFF, DEFENSIVE, LONG_BUFF",https://www.wowhead.com/tbc/spell=11735,
Warlock,Class-wide / Shared,Ability,Demon Armor,27260,706,Rank 6,70,"Protects the caster, increasing armor by 660, Shadow resistance by 18 and restores 18 health every 5 sec. Only one type of Armor spell can be active on the Warlock at any time. Lasts 30 min.",Defensive,Utility,0,1800,820 Mana,,Cooldown,"BUFF, DEFENSIVE, LONG_BUFF",https://www.wowhead.com/tbc/spell=27260,
Warlock,Class-wide / Shared,Ability,Demon Skin,687,687,Rank 1,1,"Protects the caster, increasing armor by 40 and restores 3 Health per 5 sec. for 30 min.",Defensive,Utility,0,1800,20 Mana,,Cooldown,"BUFF, DEFENSIVE, LONG_BUFF",https://www.wowhead.com/tbc/spell=687,
Warlock,Class-wide / Shared,Ability,Demon Skin,696,687,Rank 2,10,"Protects the caster, increasing armor by 120 and restores 5 Health per 5 sec. for 30 min.",Defensive,Utility,0,1800,48 Mana,,Cooldown,"BUFF, DEFENSIVE, LONG_BUFF",https://www.wowhead.com/tbc/spell=696,
Warlock,Class-wide / Shared,Ability,Detect Invisibility,132,132,,26,Allows the friendly target to detect lesser invisibility for 10 min.,Utility,Utility,0,600,8% of base mana,,Cooldown,"BUFF, LONG_BUFF, OUT_OF_COMBAT, SITUATIONAL, UTILITY",https://www.wowhead.com/tbc/spell=132,
Warlock,Class-wide / Shared,Ability,Devour Magic,19505,19505,Rank 1,30,"Purges 1 harmful magic effect from a friend or 1 beneficial magic effect from an enemy. If an effect is devoured, the Felhunter will be healed for 
258.",Utility,Utility,8,,100 Mana,,Cooldown,"DISPEL_MAGIC, PET",https://www.wowhead.com/tbc/spell=19505,
Warlock,Class-wide / Shared,Ability,Devour Magic,19731,19505,Rank 2,38,"Purges 1 harmful magic effect from a friend or 1 beneficial magic effect from an enemy. If an effect is devoured, the Felhunter will be healed for 
348.",Utility,Utility,8,,130 Mana,,Cooldown,"DISPEL_MAGIC, PET",https://www.wowhead.com/tbc/spell=19731,
Warlock,Class-wide / Shared,Ability,Devour Magic,19734,19505,Rank 3,46,"Purges 1 harmful magic effect from a friend or 1 beneficial magic effect from an enemy. If an effect is devoured, the Felhunter will be healed for 
473.",Utility,Utility,8,,170 Mana,,Cooldown,"DISPEL_MAGIC, PET",https://www.wowhead.com/tbc/spell=19734,
Warlock,Class-wide / Shared,Ability,Devour Magic,19736,19505,Rank 4,54,"Purges 1 harmful magic effect from a friend or 1 beneficial magic effect from an enemy. If an effect is devoured, the Felhunter will be healed for 
619.",Utility,Utility,8,,215 Mana,,Cooldown,"DISPEL_MAGIC, PET",https://www.wowhead.com/tbc/spell=19736,
Warlock,Class-wide / Shared,Ability,Devour Magic,27276,19505,Rank 5,62,"Purges 1 harmful magic effect from a friend or 1 beneficial magic effect from an enemy. If an effect is devoured, the Felhunter will be healed for 
775.",Utility,Utility,8,,270 Mana,,Cooldown,"DISPEL_MAGIC, PET",https://www.wowhead.com/tbc/spell=27276,
Warlock,Class-wide / Shared,Ability,Devour Magic,27277,19505,Rank 6,70,"Purges 1 harmful magic effect from a friend or 1 beneficial magic effect from an enemy. If an effect is devoured, the Felhunter will be healed for 
915.",Utility,Utility,8,,330 Mana,,Cooldown,"DISPEL_MAGIC, PET",https://www.wowhead.com/tbc/spell=27277,
Warlock,Class-wide / Shared,Ability,Drain Life,689,689,Rank 1,14,Transfers 10 health every 1 sec from the target to the caster. Lasts 5 sec.,Healing,Utility,0,5,55 Mana,,Cooldown,"DPS, FILLER, HEAL_SINGLE, PVP",https://www.wowhead.com/tbc/spell=689,
Warlock,Class-wide / Shared,Ability,Drain Life,699,689,Rank 2,22,Transfers 17 health every 1 sec from the target to the caster. Lasts 5 sec.,Healing,Utility,0,5,85 Mana,,Cooldown,"DPS, FILLER, HEAL_SINGLE, PVP",https://www.wowhead.com/tbc/spell=699,
Warlock,Class-wide / Shared,Ability,Drain Life,709,689,Rank 3,30,Transfers 29 health every 1 sec from the target to the caster. Lasts 5 sec.,Healing,Utility,0,5,135 Mana,,Cooldown,"DPS, FILLER, HEAL_SINGLE, PVP",https://www.wowhead.com/tbc/spell=709,
Warlock,Class-wide / Shared,Ability,Drain Life,7651,689,Rank 4,38,Transfers 41 health every 1 sec from the target to the caster. Lasts 5 sec.,Healing,Utility,0,5,185 Mana,,Cooldown,"DPS, FILLER, HEAL_SINGLE, PVP",https://www.wowhead.com/tbc/spell=7651,
Warlock,Class-wide / Shared,Ability,Drain Life,11699,689,Rank 5,46,Transfers 55 health every 1 sec from the target to the caster. Lasts 5 sec.,Healing,Utility,0,5,240 Mana,,Cooldown,"DPS, FILLER, HEAL_SINGLE, PVP",https://www.wowhead.com/tbc/spell=11699,
Warlock,Class-wide / Shared,Ability,Drain Life,11700,689,Rank 6,54,Transfers 71 health every 1 sec from the target to the caster. Lasts 5 sec.,Healing,Utility,0,5,300 Mana,,Cooldown,"DPS, FILLER, HEAL_SINGLE, PVP",https://www.wowhead.com/tbc/spell=11700,
Warlock,Class-wide / Shared,Ability,Drain Life,27219,689,Rank 7,62,Transfers 87 health every 1 sec from the target to the caster. Lasts 5 sec.,Healing,Utility,0,5,355 Mana,,Cooldown,"DPS, FILLER, HEAL_SINGLE, PVP",https://www.wowhead.com/tbc/spell=27219,
Warlock,Class-wide / Shared,Ability,Drain Life,27220,689,Rank 8,69,Transfers 108 health every 1 sec from the target to the caster. Lasts 5 sec.,Healing,Utility,0,5,425 Mana,,Cooldown,"DPS, FILLER, HEAL_SINGLE, PVP",https://www.wowhead.com/tbc/spell=27220,
Warlock,Class-wide / Shared,Ability,Drain Mana,5138,5138,Rank 1,24,Transfers 42 Mana every 1 sec from the target to the caster. Lasts 5 sec.,Utility,Utility,0,5,95 Mana,,Cooldown,"FILLER, PVP, RESOURCE, UTILITY",https://www.wowhead.com/tbc/spell=5138,
Warlock,Class-wide / Shared,Ability,Drain Mana,6226,5138,Rank 2,34,Transfers 68 Mana every 1 sec from the target to the caster. Lasts 5 sec.,Utility,Utility,0,5,155 Mana,,Cooldown,"FILLER, PVP, RESOURCE, UTILITY",https://www.wowhead.com/tbc/spell=6226,
Warlock,Class-wide / Shared,Ability,Drain Mana,11703,5138,Rank 3,44,Transfers 99 Mana every 1 sec from the target to the caster. Lasts 5 sec.,Utility,Utility,0,5,225 Mana,,Cooldown,"FILLER, PVP, RESOURCE, UTILITY",https://www.wowhead.com/tbc/spell=11703,
Warlock,Class-wide / Shared,Ability,Drain Mana,11704,5138,Rank 4,54,Transfers 136 Mana every 1 sec from the target to the caster. Lasts 5 sec.,Utility,Utility,0,5,310 Mana,,Cooldown,"FILLER, PVP, RESOURCE, UTILITY",https://www.wowhead.com/tbc/spell=11704,
Warlock,Class-wide / Shared,Ability,Drain Mana,27221,5138,Rank 5,63,Transfers 169 Mana every 1 sec from the target to the caster. Lasts 5 sec.,Utility,Utility,0,5,385 Mana,,Cooldown,"FILLER, PVP, RESOURCE, UTILITY",https://www.wowhead.com/tbc/spell=27221,
Warlock,Class-wide / Shared,Ability,Drain Mana,30908,5138,Rank 6,70,Transfers 200 Mana every 1 sec from the target to the caster. Lasts 5 sec.,Utility,Utility,0,5,455 Mana,,Cooldown,"FILLER, PVP, RESOURCE, UTILITY",https://www.wowhead.com/tbc/spell=30908,
Warlock,Class-wide / Shared,Ability,Drain Soul,1120,1120,Rank 1,10,"Drains the soul of the target, causing 55 Shadow damage over 15 sec. If the target dies while being drained, and yields experience or honor, the caster gains a Soul Shard. Soul Shards are required for other spells.",Resource,Main,0,15,55 Mana,,Cooldown,"DPS, FILLER, PVE, RESOURCE",https://www.wowhead.com/tbc/spell=1120,
Warlock,Class-wide / Shared,Ability,Drain Soul,8288,1120,Rank 2,24,"Drains the soul of the target, causing 155 Shadow damage over 15 sec. If the target dies while being drained, and yields experience or honor, the caster gains a Soul Shard. Soul Shards are required for other spells.",Resource,Main,0,15,125 Mana,,Cooldown,"DPS, FILLER, PVE, RESOURCE",https://www.wowhead.com/tbc/spell=8288,
Warlock,Class-wide / Shared,Ability,Drain Soul,8289,1120,Rank 3,38,"Drains the soul of the target, causing 295 Shadow damage over 15 sec. If the target dies while being drained, and yields experience or honor, the caster gains a Soul Shard. Soul Shards are required for other spells.",Resource,Main,0,15,210 Mana,,Cooldown,"DPS, FILLER, PVE, RESOURCE",https://www.wowhead.com/tbc/spell=8289,
Warlock,Class-wide / Shared,Ability,Drain Soul,11675,1120,Rank 4,52,"Drains the soul of the target, causing 455 Shadow damage over 15 sec. If the target dies while being drained, and yields experience or honor, the caster gains a Soul Shard. Soul Shards are required for other spells.",Resource,Main,0,15,290 Mana,,Cooldown,"DPS, FILLER, PVE, RESOURCE",https://www.wowhead.com/tbc/spell=11675,
Warlock,Class-wide / Shared,Ability,Drain Soul,27217,1120,Rank 5,67,"Drains the soul of the target, causing 620 Shadow damage over 15 sec. If the target dies while being drained, and yields experience or honor, the caster gains a Soul Shard. Soul Shards are required for other spells.",Resource,Main,0,15,360 Mana,,Cooldown,"DPS, FILLER, PVE, RESOURCE",https://www.wowhead.com/tbc/spell=27217,
Warlock,Class-wide / Shared,Ability,Eye of Kilrogg,126,126,,22,Summons an Eye of Kilrogg and binds your vision to it. The eye moves quickly but is very fragile.,Utility,Utility,0,45,100 Mana,,Cooldown,"OUT_OF_COMBAT, UTILITY",https://www.wowhead.com/tbc/spell=126,
Warlock,Class-wide / Shared,Ability,Fear,5782,5782,Rank 1,8,"Strikes fear in the enemy, causing it to run in fear for up to 10 sec. Damage caused may interrupt the effect. Only 1 target can be feared at a time.",Crowd Control,Utility,0,20,12% of base mana,,Cooldown,"CC_HARD, FEAR",https://www.wowhead.com/tbc/spell=5782,
Warlock,Class-wide / Shared,Ability,Fear,6213,5782,Rank 2,32,"Strikes fear in the enemy, causing it to run in fear for up to 15 sec. Damage caused may interrupt the effect. Only 1 target can be feared at a time.",Crowd Control,Utility,0,20,12% of base mana,,Cooldown,"CC_HARD, FEAR",https://www.wowhead.com/tbc/spell=6213,
Warlock,Class-wide / Shared,Ability,Fear,6215,5782,Rank 3,56,"Strikes fear in the enemy, causing it to run in fear for up to 20 sec. Damage caused may interrupt the effect. Only 1 target can be feared at a time.",Crowd Control,Utility,0,20,12% of base mana,,Cooldown,"CC_HARD, FEAR",https://www.wowhead.com/tbc/spell=6215,
Warlock,Class-wide / Shared,Ability,Fel Armor,28176,28176,Rank 1,62,"Surrounds the caster with fel energy, increasing the amount of health generated through spells and effects by 20% and increasing spell damage by up to 50. Only one type of Armor spell can be active on the Warlock at any time. Lasts 30 min.",Defensive,Utility,0,1800,637 Mana,,Cooldown,"BUFF, DEFENSIVE, LONG_BUFF",https://www.wowhead.com/tbc/spell=28176,
Warlock,Class-wide / Shared,Ability,Fel Armor,28189,28176,Rank 2,69,"Surrounds the caster with fel energy, increasing the amount of health generated through spells and effects by 20% and increasing spell damage by up to 100. Only one type of Armor spell can be active on the Warlock at any time. Lasts 30 min.",Defensive,Utility,0,1800,725 Mana,,Cooldown,"BUFF, DEFENSIVE, LONG_BUFF",https://www.wowhead.com/tbc/spell=28189,
Warlock,Class-wide / Shared,Ability,Fel Energy,18792,18792,,,Restores 2% of total Mana every 4 sec. Obtained by sacrificing a Felhunter.,Resource,Main,0,1800,,,Cooldown,"BUFF, LONG_BUFF, RESOURCE",https://www.wowhead.com/tbc/spell=18792,
Warlock,Class-wide / Shared,Ability,Fel Stamina,18790,18790,,,Increases your Stamina by 15%. Obtained by sacrificing a Voidwalker.,Defensive,Utility,0,1800,,,Cooldown,"BUFF, DEFENSIVE, LONG_BUFF",https://www.wowhead.com/tbc/spell=18790,
Warlock,Class-wide / Shared,Ability,Hellfire,1949,1949,Rank 1,30,"Ignites the area surrounding the caster, causing 
87 Fire damage to 
himself
and 
87 Fire damage to all nearby enemies every 1 sec. Lasts 15 sec.",Offensive,Main,0,15,645 Mana,,Cooldown,"AOE, DPS, FILLER, PVE",https://www.wowhead.com/tbc/spell=1949,
Warlock,Class-wide / Shared,Ability,Hellfire,11683,1949,Rank 2,42,"Ignites the area surrounding the caster, causing 
144 Fire damage to 
himself
and 
144 Fire damage to all nearby enemies every 1 sec. Lasts 15 sec.",Offensive,Main,0,15,975 Mana,,Cooldown,"AOE, DPS, FILLER, PVE",https://www.wowhead.com/tbc/spell=11683,
Warlock,Class-wide / Shared,Ability,Hellfire,11684,1949,Rank 3,54,"Ignites the area surrounding the caster, causing 
215 Fire damage to 
himself
and 
215 Fire damage to all nearby enemies every 1 sec. Lasts 15 sec.",Offensive,Main,0,15,1300 Mana,,Cooldown,"AOE, DPS, FILLER, PVE",https://www.wowhead.com/tbc/spell=11684,
Warlock,Class-wide / Shared,Ability,Hellfire,27213,1949,Rank 4,68,"Ignites the area surrounding the caster, causing 
308 Fire damage to 
himself
and 
308 Fire damage to all nearby enemies every 1 sec. Lasts 15 sec.",Offensive,Main,0,15,1665 Mana,,Cooldown,"AOE, DPS, FILLER, PVE",https://www.wowhead.com/tbc/spell=27213,
Warlock,Class-wide / Shared,Ability,Inferno,1122,1122,,50,"Summons a meteor from the Twisting Nether, causing 200 Fire damage and stunning all enemy targets in the area for 2 sec. An Infernal rises from the crater, under the command of the caster for 5 min. Once control is lost, the Infernal must be Subjugated to maintain control. Can only be used outdoors.",Pet,Main,3600,300,80% of base mana,,Cooldown,"DPS, MAJOR, PET_SUMMON, PET_SUMMON_TEMP",https://www.wowhead.com/tbc/spell=1122,
Warlock,Class-wide / Shared,Ability,Life Tap,1454,1454,Rank 1,6,"Converts 
30 health into 
30 mana.",Resource,Main,0,,,,Cooldown,RESOURCE,https://www.wowhead.com/tbc/spell=1454,
Warlock,Class-wide / Shared,Ability,Life Tap,1455,1454,Rank 2,16,"Converts 
75 health into 
75 mana.",Resource,Main,0,,,,Cooldown,RESOURCE,https://www.wowhead.com/tbc/spell=1455,
Warlock,Class-wide / Shared,Ability,Life Tap,1456,1454,Rank 3,26,"Converts 
140 health into 
140 mana.",Resource,Main,0,,,,Cooldown,RESOURCE,https://www.wowhead.com/tbc/spell=1456,
Warlock,Class-wide / Shared,Ability,Life Tap,11687,1454,Rank 4,36,"Converts 
220 health into 
220 mana.",Resource,Main,0,,,,Cooldown,RESOURCE,https://www.wowhead.com/tbc/spell=11687,
Warlock,Class-wide / Shared,Ability,Life Tap,11688,1454,Rank 5,46,"Converts 
310 health into 
310 mana.",Resource,Main,0,,,,Cooldown,RESOURCE,https://www.wowhead.com/tbc/spell=11688,
Warlock,Class-wide / Shared,Ability,Life Tap,11689,1454,Rank 6,56,"Converts 
430 health into 
430 mana.",Resource,Main,0,,,,Cooldown,RESOURCE,https://www.wowhead.com/tbc/spell=11689,
Warlock,Class-wide / Shared,Ability,Life Tap,27222,1454,Rank 7,68,"Converts 
582 health into 
582 mana.",Resource,Main,0,,,,Cooldown,RESOURCE,https://www.wowhead.com/tbc/spell=27222,
Warlock,Class-wide / Shared,Ability,Rain of Fire,5740,5740,Rank 1,20,"Calls down a fiery rain to burn enemies in the area of effect for (
44 * 4) Fire damage over 8 sec.",Offensive,Main,0,8,295 Mana,,Cooldown,"AOE, DPS, FILLER, PVE",https://www.wowhead.com/tbc/spell=5740,
Warlock,Class-wide / Shared,Ability,Rain of Fire,6219,5740,Rank 2,34,"Calls down a fiery rain to burn enemies in the area of effect for (
98 * 4) Fire damage over 8 sec.",Offensive,Main,0,8,605 Mana,,Cooldown,"AOE, DPS, FILLER, PVE",https://www.wowhead.com/tbc/spell=6219,
Warlock,Class-wide / Shared,Ability,Rain of Fire,11677,5740,Rank 3,46,"Calls down a fiery rain to burn enemies in the area of effect for (
158 * 4) Fire damage over 8 sec.",Offensive,Main,0,8,885 Mana,,Cooldown,"AOE, DPS, FILLER, PVE",https://www.wowhead.com/tbc/spell=11677,
Warlock,Class-wide / Shared,Ability,Rain of Fire,11678,5740,Rank 4,58,"Calls down a fiery rain to burn enemies in the area of effect for (
229 * 4) Fire damage over 8 sec.",Offensive,Main,0,8,1185 Mana,,Cooldown,"AOE, DPS, FILLER, PVE",https://www.wowhead.com/tbc/spell=11678,
Warlock,Class-wide / Shared,Ability,Rain of Fire,27212,5740,Rank 5,69,"Calls down a fiery rain to burn enemies in the area of effect for (
304 * 4) Fire damage over 8 sec.",Offensive,Main,0,8,1480 Mana,,Cooldown,"AOE, DPS, FILLER, PVE",https://www.wowhead.com/tbc/spell=27212,
Warlock,Class-wide / Shared,Ability,Ritual of Doom,18540,18540,,60,"Begins a ritual that sacrifices a random participant to summon a doomguard. The doomguard must be immediately subjugated or it will attack the ritual participants. Requires the caster and 4 additional party members to complete the ritual. In order to participate, all players must right-click the portal and not move until the ritual is complete.",Pet,Main,3600,,80% of base mana,,Cooldown,"DPS, MAJOR, OUT_OF_COMBAT, PET_SUMMON",https://www.wowhead.com/tbc/spell=18540,
Warlock,Class-wide / Shared,Ability,Ritual of Summoning,698,698,,20,"Begins a ritual that summons the targeted group member. Requires the caster and 2 additional party members to complete the ritual. In order to participate, all players must be out of combat and right-click the portal and not move until the ritual is complete.",Utility,Utility,0,,300 Mana,,Cooldown,"OUT_OF_COMBAT, UTILITY",https://www.wowhead.com/tbc/spell=698,
Warlock,Class-wide / Shared,Ability,Sacrifice,7812,7812,Rank 1,16,"Sacrifices the Voidwalker, giving its owner a shield that will absorb 
319 damage for 30 sec. While the shield holds, spellcasting will not be interrupted by damage.",Defensive,Utility,0,30,,,Cooldown + aura,"DEFENSIVE, HAS_BUFF, MAJOR, PET",https://www.wowhead.com/tbc/spell=7812,
Warlock,Class-wide / Shared,Ability,Sacrifice,19438,7812,Rank 2,24,"Sacrifices the Voidwalker, giving its owner a shield that will absorb 
529 damage for 30 sec. While the shield holds, spellcasting will not be interrupted by damage.",Defensive,Utility,0,30,,,Cooldown + aura,"DEFENSIVE, HAS_BUFF, MAJOR, PET",https://www.wowhead.com/tbc/spell=19438,
Warlock,Class-wide / Shared,Ability,Sacrifice,19440,7812,Rank 3,32,"Sacrifices the Voidwalker, giving its owner a shield that will absorb 
794 damage for 30 sec. While the shield holds, spellcasting will not be interrupted by damage.",Defensive,Utility,0,30,,,Cooldown + aura,"DEFENSIVE, HAS_BUFF, MAJOR, PET",https://www.wowhead.com/tbc/spell=19440,
Warlock,Class-wide / Shared,Ability,Sacrifice,19441,7812,Rank 4,40,"Sacrifices the Voidwalker, giving its owner a shield that will absorb 
1124 damage for 30 sec. While the shield holds, spellcasting will not be interrupted by damage.",Defensive,Utility,0,30,,,Cooldown + aura,"DEFENSIVE, HAS_BUFF, MAJOR, PET",https://www.wowhead.com/tbc/spell=19441,
Warlock,Class-wide / Shared,Ability,Sacrifice,19442,7812,Rank 5,48,"Sacrifices the Voidwalker, giving its owner a shield that will absorb 
1503 damage for 30 sec. While the shield holds, spellcasting will not be interrupted by damage.",Defensive,Utility,0,30,,,Cooldown + aura,"DEFENSIVE, HAS_BUFF, MAJOR, PET",https://www.wowhead.com/tbc/spell=19442,
Warlock,Class-wide / Shared,Ability,Sacrifice,19443,7812,Rank 6,56,"Sacrifices the Voidwalker, giving its owner a shield that will absorb 
1944 damage for 30 sec. While the shield holds, spellcasting will not be interrupted by damage.",Defensive,Utility,0,30,,,Cooldown + aura,"DEFENSIVE, HAS_BUFF, MAJOR, PET",https://www.wowhead.com/tbc/spell=19443,
Warlock,Class-wide / Shared,Ability,Sacrifice,27273,7812,Rank 7,64,"Sacrifices the Voidwalker, giving its owner a shield that will absorb 
2900 damage for 30 sec. While the shield holds, spellcasting will not be interrupted by damage.",Defensive,Utility,0,30,,,Cooldown + aura,"DEFENSIVE, HAS_BUFF, MAJOR, PET",https://www.wowhead.com/tbc/spell=27273,
Warlock,Class-wide / Shared,Ability,Searing Pain,5676,5676,Rank 1,18,"Inflict searing pain on the enemy target, causing 
38 to 
47 Fire damage. Causes a high amount of threat.",Offensive,Main,0,,45 Mana,,Cooldown,"DPS, FILLER, PVP",https://www.wowhead.com/tbc/spell=5676,
Warlock,Class-wide / Shared,Ability,Searing Pain,17919,5676,Rank 2,26,"Inflict searing pain on the enemy target, causing 
65 to 
77 Fire damage. Causes a high amount of threat.",Offensive,Main,0,,68 Mana,,Cooldown,"DPS, FILLER, PVP",https://www.wowhead.com/tbc/spell=17919,
Warlock,Class-wide / Shared,Ability,Searing Pain,17920,5676,Rank 3,34,"Inflict searing pain on the enemy target, causing 
93 to 
112 Fire damage. Causes a high amount of threat.",Offensive,Main,0,,91 Mana,,Cooldown,"DPS, FILLER, PVP",https://www.wowhead.com/tbc/spell=17920,
Warlock,Class-wide / Shared,Ability,Searing Pain,17921,5676,Rank 4,42,"Inflict searing pain on the enemy target, causing 
131 to 
155 Fire damage. Causes a high amount of threat.",Offensive,Main,0,,118 Mana,,Cooldown,"DPS, FILLER, PVP",https://www.wowhead.com/tbc/spell=17921,
Warlock,Class-wide / Shared,Ability,Searing Pain,17922,5676,Rank 5,50,"Inflict searing pain on the enemy target, causing 
168 to 
199 Fire damage. Causes a high amount of threat.",Offensive,Main,0,,141 Mana,,Cooldown,"DPS, FILLER, PVP",https://www.wowhead.com/tbc/spell=17922,
Warlock,Class-wide / Shared,Ability,Searing Pain,17923,5676,Rank 6,58,"Inflict searing pain on the enemy target, causing 
216 to 
252 Fire damage. Causes a high amount of threat.",Offensive,Main,0,,168 Mana,,Cooldown,"DPS, FILLER, PVP",https://www.wowhead.com/tbc/spell=17923,
Warlock,Class-wide / Shared,Ability,Searing Pain,27210,5676,Rank 7,65,"Inflict searing pain on the enemy target, causing 
252 to 
297 Fire damage. Causes a high amount of threat.",Offensive,Main,0,,191 Mana,,Cooldown,"DPS, FILLER, PVP",https://www.wowhead.com/tbc/spell=27210,
Warlock,Class-wide / Shared,Ability,Searing Pain,30459,5676,Rank 8,70,"Inflict searing pain on the enemy target, causing 
270 to 
320 Fire damage. Causes a high amount of threat.",Offensive,Main,0,,205 Mana,,Cooldown,"DPS, FILLER, PVP",https://www.wowhead.com/tbc/spell=30459,
Warlock,Class-wide / Shared,Ability,Seduction,6358,6358,,26,"Seduces the target, preventing all actions for up to 15 sec. Any damage caused will remove the effect. Only works against Humanoids.",Crowd Control,Utility,0,15,24% of base mana,,Cooldown,"CC_HARD, DISORIENT, PET",https://www.wowhead.com/tbc/spell=6358,
Warlock,Class-wide / Shared,Ability,Shadow Bolt,686,686,Rank 1,1,"Sends a shadowy bolt at the enemy, causing 
13 to 
18 Shadow damage.",Offensive,Main,0,,25 Mana,,Cooldown,"DPS, FILLER, PVE_PVP",https://www.wowhead.com/tbc/spell=686,
Warlock,Class-wide / Shared,Ability,Shadow Bolt,695,686,Rank 2,6,"Sends a shadowy bolt at the enemy, causing 
26 to 
32 Shadow damage.",Offensive,Main,0,,40 Mana,,Cooldown,"DPS, FILLER, PVE_PVP",https://www.wowhead.com/tbc/spell=695,
Warlock,Class-wide / Shared,Ability,Shadow Bolt,705,686,Rank 3,12,"Sends a shadowy bolt at the enemy, causing 
52 to 
61 Shadow damage.",Offensive,Main,0,,70 Mana,,Cooldown,"DPS, FILLER, PVE_PVP",https://www.wowhead.com/tbc/spell=705,
Warlock,Class-wide / Shared,Ability,Shadow Bolt,1088,686,Rank 4,20,"Sends a shadowy bolt at the enemy, causing 
92 to 
104 Shadow damage.",Offensive,Main,0,,110 Mana,,Cooldown,"DPS, FILLER, PVE_PVP",https://www.wowhead.com/tbc/spell=1088,
Warlock,Class-wide / Shared,Ability,Shadow Bolt,1106,686,Rank 5,28,"Sends a shadowy bolt at the enemy, causing 
150 to 
170 Shadow damage.",Offensive,Main,0,,160 Mana,,Cooldown,"DPS, FILLER, PVE_PVP",https://www.wowhead.com/tbc/spell=1106,
Warlock,Class-wide / Shared,Ability,Shadow Bolt,7641,686,Rank 6,36,"Sends a shadowy bolt at the enemy, causing 
213 to 
240 Shadow damage.",Offensive,Main,0,,210 Mana,,Cooldown,"DPS, FILLER, PVE_PVP",https://www.wowhead.com/tbc/spell=7641,
Warlock,Class-wide / Shared,Ability,Shadow Bolt,11659,686,Rank 7,44,"Sends a shadowy bolt at the enemy, causing 
292 to 
327 Shadow damage.",Offensive,Main,0,,265 Mana,,Cooldown,"DPS, FILLER, PVE_PVP",https://www.wowhead.com/tbc/spell=11659,
Warlock,Class-wide / Shared,Ability,Shadow Bolt,11660,686,Rank 8,52,"Sends a shadowy bolt at the enemy, causing 
373 to 
415 Shadow damage.",Offensive,Main,0,,315 Mana,,Cooldown,"DPS, FILLER, PVE_PVP",https://www.wowhead.com/tbc/spell=11660,
Warlock,Class-wide / Shared,Ability,Shadow Bolt,11661,686,Rank 9,60,"Sends a shadowy bolt at the enemy, causing 
470 to 
522 Shadow damage.",Offensive,Main,0,,370 Mana,,Cooldown,"DPS, FILLER, PVE_PVP",https://www.wowhead.com/tbc/spell=11661,
Warlock,Class-wide / Shared,Ability,Shadow Bolt,25307,686,Rank 10,60,"Sends a shadowy bolt at the enemy, causing 
497 to 
554 Shadow damage.",Offensive,Main,0,,380 Mana,,Cooldown,"DPS, FILLER, PVE_PVP",https://www.wowhead.com/tbc/spell=25307,
Warlock,Class-wide / Shared,Ability,Shadow Bolt,27209,686,Rank 11,69,"Sends a shadowy bolt at the enemy, causing 
544 to 
607 Shadow damage.",Offensive,Main,0,,420 Mana,,Cooldown,"DPS, FILLER, PVE_PVP",https://www.wowhead.com/tbc/spell=27209,
Warlock,Class-wide / Shared,Ability,Shadow Ward,6229,6229,Rank 1,32,Absorbs 290 shadow damage. Lasts 30 sec.,Defensive,Utility,30,30,135 Mana,,Cooldown + aura,"DEFENSIVE, HAS_BUFF, MINOR",https://www.wowhead.com/tbc/spell=6229,
Warlock,Class-wide / Shared,Ability,Shadow Ward,11739,6229,Rank 2,42,Absorbs 470 shadow damage. Lasts 30 sec.,Defensive,Utility,30,30,195 Mana,,Cooldown + aura,"DEFENSIVE, HAS_BUFF, MINOR",https://www.wowhead.com/tbc/spell=11739,
Warlock,Class-wide / Shared,Ability,Shadow Ward,11740,6229,Rank 3,52,Absorbs 675 shadow damage. Lasts 30 sec.,Defensive,Utility,30,30,255 Mana,,Cooldown + aura,"DEFENSIVE, HAS_BUFF, MINOR",https://www.wowhead.com/tbc/spell=11740,
Warlock,Class-wide / Shared,Ability,Shadow Ward,28610,6229,Rank 4,60,Absorbs 875 shadow damage. Lasts 30 sec.,Defensive,Utility,30,30,320 Mana,,Cooldown + aura,"DEFENSIVE, HAS_BUFF, MINOR",https://www.wowhead.com/tbc/spell=28610,
Warlock,Class-wide / Shared,Ability,Soulshatter,29858,29858,,66,Reduces threat by 50% for all enemies within 50 yards.,Utility,Utility,300,,,,Cooldown,UTILITY,https://www.wowhead.com/tbc/spell=29858,
Warlock,Class-wide / Shared,Ability,Spell Lock,19244,19244,Rank 1,36,"Silences the enemy for 3 sec. If used on a casting target, it will counter the enemy's spellcast, preventing any spell from that school of magic from being cast for 5 sec.",Interrupt,Utility,24,6,120 Mana,,Cooldown,"INTERRUPT, PET",https://www.wowhead.com/tbc/spell=19244,
Warlock,Class-wide / Shared,Ability,Spell Lock,19647,19244,Rank 2,52,"Silences the enemy for 3 sec. If used on a casting target, it will counter the enemy's spellcast, preventing any spell from that school of magic from being cast for 6 sec.",Interrupt,Utility,24,6,200 Mana,,Cooldown,"INTERRUPT, PET",https://www.wowhead.com/tbc/spell=19647,
Warlock,Class-wide / Shared,Ability,Subjugate Demon,1098,1098,Rank 1,30,"Subjugates the target demon, up to level 
45, forcing it to do your bidding. While subjugated, the time between the demon's attacks is increased by 40% and its casting speed is slowed by 30%. Lasts up to 5 min. If you repeatedly subjugate the same demon, it will become more difficult to control with each attempt.",Crowd Control,Utility,0,300,300 Mana,,Cooldown,"CC_HARD, FILLER",https://www.wowhead.com/tbc/spell=1098,
Warlock,Class-wide / Shared,Ability,Subjugate Demon,11725,1098,Rank 2,44,"Subjugates the target demon, up to level 
59, forcing it to do your bidding. While subjugated, the time between the demon's attacks is increased by 40% and its casting speed is slowed by 30%. Lasts up to 5 min. If you repeatedly subjugate the same demon, it will become more difficult to control with each attempt.",Crowd Control,Utility,0,300,500 Mana,,Cooldown,"CC_HARD, FILLER",https://www.wowhead.com/tbc/spell=11725,
Warlock,Class-wide / Shared,Ability,Subjugate Demon,11726,1098,Rank 3,58,"Subjugates the target demon, up to level 
74, forcing it to do your bidding. While subjugated, the time between the demon's attacks is increased by 40% and its casting speed is slowed by 30%. Lasts up to 5 min. If you repeatedly subjugate the same demon, it will become more difficult to control with each attempt.",Crowd Control,Utility,0,300,700 Mana,,Cooldown,"CC_HARD, FILLER",https://www.wowhead.com/tbc/spell=11726,
Warlock,Class-wide / Shared,Ability,Summon Felhunter,691,691,,30,Summons a Felhunter under the command of the Warlock.,Utility,Utility,0,,80% of base mana,,Cooldown,"OUT_OF_COMBAT, PET_SUMMON, UTILITY",https://www.wowhead.com/tbc/spell=691,
Warlock,Class-wide / Shared,Ability,Summon Imp,688,688,,1,Summons an Imp under the command of the Warlock.,Utility,Utility,0,,64% of base mana,,Cooldown,"OUT_OF_COMBAT, PET_SUMMON, UTILITY",https://www.wowhead.com/tbc/spell=688,
Warlock,Class-wide / Shared,Ability,Summon Succubus,712,712,,20,Summons a Succubus under the command of the Warlock.,Utility,Utility,0,,80% of base mana,,Cooldown,"OUT_OF_COMBAT, PET_SUMMON, UTILITY",https://www.wowhead.com/tbc/spell=712,
Warlock,Class-wide / Shared,Ability,Summon Voidwalker,697,697,,10,Summons a Voidwalker under the command of the Warlock.,Utility,Utility,0,,80% of base mana,,Cooldown,"OUT_OF_COMBAT, PET_SUMMON, UTILITY",https://www.wowhead.com/tbc/spell=697,
Warlock,Class-wide / Shared,Ability,Touch of Shadow,18791,18791,,,Increases your Shadow damage by 15%. Obtained by sacrificing a Succubus.,Offensive,Main,0,1800,,,Cooldown,"BUFF, DPS, LONG_BUFF",https://www.wowhead.com/tbc/spell=18791,
Warlock,Class-wide / Shared,Ability,Touch of Shadow,35701,35701,,,Increases your damage done by 10%. Obtained by sacrificing a Felguard.,Offensive,Main,0,1800,,,Cooldown,"BUFF, DPS, LONG_BUFF",https://www.wowhead.com/tbc/spell=35701,
Warlock,Class-wide / Shared,Ability,Unending Breath,5697,5697,,16,Allows the target to breathe underwater for 10 min.,Utility,Utility,0,600,50 Mana,,Cooldown,"BUFF, LONG_BUFF, OUT_OF_COMBAT, SITUATIONAL, UTILITY",https://www.wowhead.com/tbc/spell=5697,
Warlock,Class-wide / Shared,Talent Ability,Dark Pact,18937,18220,Rank 2,50,"Drains 440 of your pet's Mana, returning 100% to you.",Resource,Main,0,,,,Cooldown,RESOURCE,https://www.wowhead.com/tbc/spell=18937,Talent-required
Warlock,Class-wide / Shared,Talent Ability,Dark Pact,18938,18220,Rank 3,60,"Drains 545 of your pet's Mana, returning 100% to you.",Resource,Main,0,,,,Cooldown,RESOURCE,https://www.wowhead.com/tbc/spell=18938,Talent-required
Warlock,Class-wide / Shared,Talent Ability,Dark Pact,27265,18220,Rank 4,70,"Drains 700 of your pet's Mana, returning 100% to you.",Resource,Main,0,,,,Cooldown,RESOURCE,https://www.wowhead.com/tbc/spell=27265,Talent-required
Warlock,Demonology,Talent,Demonic Aegis,30143,30143,Rank 1/3,,Increases the effectiveness of your Demon Armor and Fel Armor spells by 10%.,Talent Passive,Data only,,,,,Data only,TALENT,https://www.wowhead.com/tbc/spell=30143,Talent: Demonic Aegis; tree row 3
Warlock,Demonology,Talent,Demonic Aegis,30144,30143,Rank 2/3,,Increases the effectiveness of your Demon Armor and Fel Armor spells by 20%.,Talent Passive,Data only,,,,,Data only,TALENT,https://www.wowhead.com/tbc/spell=30144,Talent: Demonic Aegis; tree row 3
Warlock,Demonology,Talent,Demonic Aegis,30145,30143,Rank 3/3,,Increases the effectiveness of your Demon Armor and Fel Armor spells by 30%.,Talent Passive,Data only,,,,,Data only,TALENT,https://www.wowhead.com/tbc/spell=30145,Talent: Demonic Aegis; tree row 3
Warlock,Demonology,Talent,Demonic Embrace,18697,18697,Rank 1/5,,Increases your total Stamina by 3% but reduces your total Spirit by 1%.,Talent Passive,Data only,,,,,Data only,TALENT,https://www.wowhead.com/tbc/spell=18697,Talent: Demonic Embrace; tree row 1
Warlock,Demonology,Talent,Demonic Embrace,18698,18697,Rank 2/5,,Increases your total Stamina by 6% but reduces your total Spirit by 2%.,Talent Passive,Data only,,,,,Data only,TALENT,https://www.wowhead.com/tbc/spell=18698,Talent: Demonic Embrace; tree row 1
Warlock,Demonology,Talent,Demonic Embrace,18699,18697,Rank 3/5,,Increases your total Stamina by 9% but reduces your total Spirit by 3%.,Talent Passive,Data only,,,,,Data only,TALENT,https://www.wowhead.com/tbc/spell=18699,Talent: Demonic Embrace; tree row 1
Warlock,Demonology,Talent,Demonic Embrace,18700,18697,Rank 4/5,,Increases your total Stamina by 12% but reduces your total Spirit by 4%.,Talent Passive,Data only,,,,,Data only,TALENT,https://www.wowhead.com/tbc/spell=18700,Talent: Demonic Embrace; tree row 1
Warlock,Demonology,Talent,Demonic Embrace,18701,18697,Rank 5/5,,Increases your total Stamina by 15% but reduces your total Spirit by 5%.,Talent Passive,Data only,,,,,Data only,TALENT,https://www.wowhead.com/tbc/spell=18701,Talent: Demonic Embrace; tree row 1
Warlock,Demonology,Talent,Demonic Knowledge,35691,35691,Rank 1/3,,Increases your spell damage by an amount equal to 4% of the total of your active demon's Stamina plus Intellect.,Talent Passive,Data only,,,,,Data only,TALENT,https://www.wowhead.com/tbc/spell=35691,Talent: Demonic Knowledge; tree row 7
Warlock,Demonology,Talent,Demonic Knowledge,35692,35691,Rank 2/3,,Increases your spell damage by an amount equal to 8% of the total of your active demon's Stamina plus Intellect.,Talent Passive,Data only,,,,,Data only,TALENT,https://www.wowhead.com/tbc/spell=35692,Talent: Demonic Knowledge; tree row 7
Warlock,Demonology,Talent,Demonic Knowledge,35693,35691,Rank 3/3,,Increases your spell damage by an amount equal to 12% of the total of your active demon's Stamina plus Intellect.,Talent Passive,Data only,,,,,Data only,TALENT,https://www.wowhead.com/tbc/spell=35693,Talent: Demonic Knowledge; tree row 7
Warlock,Demonology,Talent,Demonic Resilience,30319,30319,Rank 1/3,,Reduces the chance you'll be critically hit by melee and spells by 1% and reduces all damage your summoned demon takes by 5%.,Talent Passive,Data only,,,,,Data only,TALENT,https://www.wowhead.com/tbc/spell=30319,Talent: Demonic Resilience; tree row 7
Warlock,Demonology,Talent,Demonic Resilience,30320,30319,Rank 2/3,,Reduces the chance you'll be critically hit by melee and spells by 2% and reduces all damage your summoned demon takes by 10%.,Talent Passive,Data only,,,,,Data only,TALENT,https://www.wowhead.com/tbc/spell=30320,Talent: Demonic Resilience; tree row 7
Warlock,Demonology,Talent,Demonic Resilience,30321,30319,Rank 3/3,,Reduces the chance you'll be critically hit by melee and spells by 3% and reduces all damage your summoned demon takes by 15%.,Talent Passive,Data only,,,,,Data only,TALENT,https://www.wowhead.com/tbc/spell=30321,Talent: Demonic Resilience; tree row 7
Warlock,Demonology,Talent Ability,Demonic Sacrifice,18788,18788,Rank 1/1,,"When activated, sacrifices your summoned demon to grant you an effect that lasts 30 min. The effect is canceled if any Demon is summoned.
Imp: Increases your Fire damage by 15%.
Voidwalker: Restores 2% of total health every 4 sec.
Succubus/Incubus: Increases your Shadow damage by 15%.
Felhunter: Restores 3% of total mana every 4 sec.
Felguard: Increases your Shadow damage by 10% and restores 2% of total mana every 4 sec.",Offensive,Main,0,1800,,"18789, 18790, 18791, 18792, 35701",Cooldown + aura,"BUFF, DPS, OUT_OF_COMBAT",https://www.wowhead.com/tbc/spell=18788,Talent-required | Talent: Demonic Sacrifice
Warlock,Demonology,Talent,Demonic Tactics,30242,30242,Rank 1/5,,Increases melee and spell critical strike chance for you and your summoned demon by 1%.,Talent Passive,Data only,,,,,Data only,TALENT,https://www.wowhead.com/tbc/spell=30242,Talent: Demonic Tactics; tree row 8
Warlock,Demonology,Talent,Demonic Tactics,30245,30242,Rank 2/5,,Increases melee and spell critical strike chance for you and your summoned demon by 2%.,Talent Passive,Data only,,,,,Data only,TALENT,https://www.wowhead.com/tbc/spell=30245,Talent: Demonic Tactics; tree row 8
Warlock,Demonology,Talent,Demonic Tactics,30246,30242,Rank 3/5,,Increases melee and spell critical strike chance for you and your summoned demon by 3%.,Talent Passive,Data only,,,,,Data only,TALENT,https://www.wowhead.com/tbc/spell=30246,Talent: Demonic Tactics; tree row 8
Warlock,Demonology,Talent,Demonic Tactics,30247,30242,Rank 4/5,,Increases melee and spell critical strike chance for you and your summoned demon by 4%.,Talent Passive,Data only,,,,,Data only,TALENT,https://www.wowhead.com/tbc/spell=30247,Talent: Demonic Tactics; tree row 8
Warlock,Demonology,Talent,Demonic Tactics,30248,30242,Rank 5/5,,Increases melee and spell critical strike chance for you and your summoned demon by 5%.,Talent Passive,Data only,,,,,Data only,TALENT,https://www.wowhead.com/tbc/spell=30248,Talent: Demonic Tactics; tree row 8
Warlock,Demonology,Talent Ability,Fel Domination,18708,18708,Rank 1/1,,"Your next Imp, Voidwalker, Succubus, Incubus, Felhunter or Felguard Summon spell has its casting time reduced by 5.5 sec and its Mana cost reduced by 50%.",Utility,Utility,900,,,,Cooldown,"PET_SUMMON, UTILITY",https://www.wowhead.com/tbc/spell=18708,Talent-required | Talent: Fel Domination
Warlock,Demonology,Talent,Fel Intellect,18731,18731,Rank 1/3,,"Increases the Intellect of your Imp, Voidwalker, Succubus, Incubus, Felhunter and Felguard by 5% and increases your maximum mana by 1%.",Talent Passive,Data only,,,,,Data only,TALENT,https://www.wowhead.com/tbc/spell=18731,Talent: Fel Intellect; tree row 2
Warlock,Demonology,Talent,Fel Intellect,18743,18731,Rank 2/3,,"Increases the Intellect of your Imp, Voidwalker, Succubus, Incubus, Felhunter and Felguard by 10% and increases your maximum mana by 2%.",Talent Passive,Data only,,,,,Data only,TALENT,https://www.wowhead.com/tbc/spell=18743,Talent: Fel Intellect; tree row 2
Warlock,Demonology,Talent,Fel Intellect,18744,18731,Rank 3/3,,"Increases the Intellect of your Imp, Voidwalker, Succubus, Incubus, Felhunter and Felguard by 15% and increases your maximum mana by 3%.",Talent Passive,Data only,,,,,Data only,TALENT,https://www.wowhead.com/tbc/spell=18744,Talent: Fel Intellect; tree row 2
Warlock,Demonology,Talent,Fel Stamina,18748,18748,Rank 1/3,,"Increases the Stamina of your Imp, Voidwalker, Succubus, Incubus, Felhunter and Felguard by 5% and increases your maximum health by 1%.",Talent Passive,Data only,,,,,Data only,TALENT,https://www.wowhead.com/tbc/spell=18748,Talent: Fel Stamina; tree row 3
Warlock,Demonology,Talent,Fel Stamina,18749,18748,Rank 2/3,,"Increases the Stamina of your Imp, Voidwalker, Succubus, Incubus, Felhunter and Felguard by 10% and increases your maximum health by 2%.",Talent Passive,Data only,,,,,Data only,TALENT,https://www.wowhead.com/tbc/spell=18749,Talent: Fel Stamina; tree row 3
Warlock,Demonology,Talent,Fel Stamina,18750,18748,Rank 3/3,,"Increases the Stamina of your Imp, Voidwalker, Succubus, Incubus, Felhunter and Felguard by 15% and increases your maximum health by 3%.",Talent Passive,Data only,,,,,Data only,TALENT,https://www.wowhead.com/tbc/spell=18750,Talent: Fel Stamina; tree row 3
Warlock,Demonology,Talent,Improved Health Funnel,18703,18703,Rank 1/2,,Increases the amount of Health transferred by your Health Funnel spell by 10% and reduces the initial health cost by 10%.,Talent Passive,Data only,,,,,Data only,TALENT,https://www.wowhead.com/tbc/spell=18703,Talent: Improved Health Funnel; tree row 2
Warlock,Demonology,Talent,Improved Health Funnel,18704,18703,Rank 2/2,,Increases the amount of Health transferred by your Health Funnel spell by 20% and reduces the initial health cost by 20%.,Talent Passive,Data only,,,,,Data only,TALENT,https://www.wowhead.com/tbc/spell=18704,Talent: Improved Health Funnel; tree row 2
Warlock,Demonology,Talent,Improved Healthstone,18692,18692,Rank 1/2,,Increases the amount of Health restored by your Healthstone by 10%.,Talent Passive,Data only,,,,,Data only,TALENT,https://www.wowhead.com/tbc/spell=18692,Talent: Improved Healthstone; tree row 1
Warlock,Demonology,Talent,Improved Healthstone,18693,18692,Rank 2/2,,Increases the amount of Health restored by your Healthstone by 20%.,Talent Passive,Data only,,,,,Data only,TALENT,https://www.wowhead.com/tbc/spell=18693,Talent: Improved Healthstone; tree row 1
Warlock,Demonology,Talent,Improved Imp,18694,18694,Rank 1/3,,"Increases the effect of your Imp's Firebolt, Fire Shield, and Blood Pact spells by 10%.",Talent Passive,Data only,,,,,Data only,TALENT,https://www.wowhead.com/tbc/spell=18694,Talent: Improved Imp; tree row 1
Warlock,Demonology,Talent,Improved Imp,18695,18694,Rank 2/3,,"Increases the effect of your Imp's Firebolt, Fire Shield, and Blood Pact spells by 20%.",Talent Passive,Data only,,,,,Data only,TALENT,https://www.wowhead.com/tbc/spell=18695,Talent: Improved Imp; tree row 1
Warlock,Demonology,Talent,Improved Imp,18696,18694,Rank 3/3,,"Increases the effect of your Imp's Firebolt, Fire Shield, and Blood Pact spells by 30%.",Talent Passive,Data only,,,,,Data only,TALENT,https://www.wowhead.com/tbc/spell=18696,Talent: Improved Imp; tree row 1
Warlock,Demonology,Talent,Improved Sayaad,18754,18754,Rank 1/3,,"Increases the effect of your Succubus' and Incubus' Lash of Pain and Soothing Kiss spells by 10%, and increases the duration of your Succubus' and Incubus' Seduction and Lesser Invisibility spells by 10%.",Talent Passive,Data only,,,,,Data only,TALENT,https://www.wowhead.com/tbc/spell=18754,Talent: Improved Sayaad; tree row 3
Warlock,Demonology,Talent,Improved Sayaad,18755,18754,Rank 2/3,,"Increases the effect of your Succubus' and Incubus' Lash of Pain and Soothing Kiss spells by 20%, and increases the duration of your Succubus' and Incubus' Seduction and Lesser Invisibility spells by 20%.",Talent Passive,Data only,,,,,Data only,TALENT,https://www.wowhead.com/tbc/spell=18755,Talent: Improved Sayaad; tree row 3
Warlock,Demonology,Talent,Improved Sayaad,18756,18754,Rank 3/3,,"Increases the effect of your Succubus' and Incubus' Lash of Pain and Soothing Kiss spells by 30%, and increases the duration of your Succubus' and Incubus' Seduction and Lesser Invisibility spells by 30%.",Talent Passive,Data only,,,,,Data only,TALENT,https://www.wowhead.com/tbc/spell=18756,Talent: Improved Sayaad; tree row 3
Warlock,Demonology,Talent,Improved Subjugate Demon,18821,18821,Rank 1/2,,Reduces the Attack Speed and Casting Speed penalty of your Subjugate Demon spell by 5% and reduces the resist chance by 5%.,Talent Passive,Data only,,,,,Data only,TALENT,https://www.wowhead.com/tbc/spell=18821,Talent: Improved Subjugate Demon; tree row 5
Warlock,Demonology,Talent,Improved Subjugate Demon,18822,18821,Rank 2/2,,Reduces the Attack Speed and Casting Speed penalty of your Subjugate Demon spell by 10% and reduces the resist chance by 10%.,Talent Passive,Data only,,,,,Data only,TALENT,https://www.wowhead.com/tbc/spell=18822,Talent: Improved Subjugate Demon; tree row 5
Warlock,Demonology,Talent,Improved Voidwalker,18705,18705,Rank 1/3,,"Increases the effectiveness of your Voidwalker's Torment, Consume Shadows, Sacrifice and Suffering spells by 10%.",Talent Passive,Data only,,,,,Data only,TALENT,https://www.wowhead.com/tbc/spell=18705,Talent: Improved Voidwalker; tree row 2
Warlock,Demonology,Talent,Improved Voidwalker,18706,18705,Rank 2/3,,"Increases the effectiveness of your Voidwalker's Torment, Consume Shadows, Sacrifice and Suffering spells by 20%.",Talent Passive,Data only,,,,,Data only,TALENT,https://www.wowhead.com/tbc/spell=18706,Talent: Improved Voidwalker; tree row 2
Warlock,Demonology,Talent,Improved Voidwalker,18707,18705,Rank 3/3,,"Increases the effectiveness of your Voidwalker's Torment, Consume Shadows, Sacrifice and Suffering spells by 30%.",Talent Passive,Data only,,,,,Data only,TALENT,https://www.wowhead.com/tbc/spell=18707,Talent: Improved Voidwalker; tree row 2
Warlock,Demonology,Talent,Mana Feed,30326,30326,Rank 1/3,,"When you gain mana from Drain Mana or Life Tap spells, your pet gains 33% of the mana you gain.",Talent Passive,Data only,,,,,Data only,TALENT,https://www.wowhead.com/tbc/spell=30326,Talent: Mana Feed; tree row 6
Warlock,Demonology,Talent,Mana Feed,30327,30326,Rank 2/3,,"When you gain mana from Drain Mana or Life Tap spells, your pet gains 66% of the mana you gain.",Talent Passive,Data only,,,,,Data only,TALENT,https://www.wowhead.com/tbc/spell=30327,Talent: Mana Feed; tree row 6
Warlock,Demonology,Talent,Mana Feed,30328,30326,Rank 3/3,,"When you gain mana from Drain Mana or Life Tap spells, your pet gains 100% of the mana you gain.",Talent Passive,Data only,,,,,Data only,TALENT,https://www.wowhead.com/tbc/spell=30328,Talent: Mana Feed; tree row 6
Warlock,Demonology,Talent,Master Conjuror,18767,18767,Rank 1/2,,Increases the bonus Fire damage from Firestones and the Firestone effect by 15% and increases the spell critical strike rating bonus of your Spellstone by 15%.,Talent Passive,Data only,,,,,Data only,TALENT,https://www.wowhead.com/tbc/spell=18767,Talent: Master Conjuror; tree row 5
Warlock,Demonology,Talent,Master Conjuror,18768,18767,Rank 2/2,,Increases the bonus Fire damage from Firestones and the Firestone effect by 30% and increases the spell critical strike rating bonus of your Spellstone by 30%.,Talent Passive,Data only,,,,,Data only,TALENT,https://www.wowhead.com/tbc/spell=18768,Talent: Master Conjuror; tree row 5
Warlock,Demonology,Talent,Master Demonologist,23785,23785,Rank 1/5,,"Grants both the Warlock and the summoned demon an effect as long as that demon is active.
Imp - Reduces threat caused by 4%.
Voidwalker - Reduces physical damage taken by 2%.
Succubus/Incubus - Increases all damage caused by 2%.
Felhunter - Increases all resistances by .2 per level.
Felguard - Increases all damage caused by 1% and all resistances by .1 per level.",Talent Passive,Data only,,,,,Data only,TALENT,https://www.wowhead.com/tbc/spell=23785,Talent: Master Demonologist; tree row 6
Warlock,Demonology,Talent,Master Demonologist,23822,23785,Rank 2/5,,"Grants both the Warlock and the summoned demon an effect as long as that demon is active.
Imp - Reduces threat caused by 8%.
Voidwalker - Reduces physical damage taken by 4%.
Succubus/Incubus - Increases all damage caused by 4%.
Felhunter - Increases all resistances by .4 per level.
Felguard - Increases all damage caused by 2% and all resistances by .2 per level.",Talent Passive,Data only,,,,,Data only,TALENT,https://www.wowhead.com/tbc/spell=23822,Talent: Master Demonologist; tree row 6
Warlock,Demonology,Talent,Master Demonologist,23823,23785,Rank 3/5,,"Grants both the Warlock and the summoned demon an effect as long as that demon is active.
Imp - Reduces threat caused by 12%.
Voidwalker - Reduces physical damage taken by 6%.
Succubus/Incubus - Increases all damage caused by 6%.
Felhunter - Increases all resistances by .6 per level.
Felguard - Increases all damage caused by 3% and all resistances by .3 per level.",Talent Passive,Data only,,,,,Data only,TALENT,https://www.wowhead.com/tbc/spell=23823,Talent: Master Demonologist; tree row 6
Warlock,Demonology,Talent,Master Demonologist,23824,23785,Rank 4/5,,"Grants both the Warlock and the summoned demon an effect as long as that demon is active.
Imp - Reduces threat caused by 16%.
Voidwalker - Reduces physical damage taken by 8%.
Succubus/Incubus - Increases all damage caused by 8%.
Felhunter - Increases all resistances by .8 per level.
Felguard - Increases all damage caused by 4% and all resistances by .4 per level.",Talent Passive,Data only,,,,,Data only,TALENT,https://www.wowhead.com/tbc/spell=23824,Talent: Master Demonologist; tree row 6
Warlock,Demonology,Talent,Master Demonologist,23825,23785,Rank 5/5,,"Grants both the Warlock and the summoned demon an effect as long as that demon is active.
Imp - Reduces threat caused by 20%.
Voidwalker - Reduces physical damage taken by 10%.
Succubus/Incubus - Increases all damage caused by 10%.
Felhunter - Increases all resistances by 1 per level.
Felguard - Increases all damage caused by 5% and all resistances by .5 per level.",Talent Passive,Data only,,,,,Data only,TALENT,https://www.wowhead.com/tbc/spell=23825,Talent: Master Demonologist; tree row 6
Warlock,Demonology,Talent,Master Summoner,18709,18709,Rank 1/2,,"Reduces the casting time of your Imp, Voidwalker, Succubus, Incubus, Felhunter and Fel Guard Summoning spells by 2 sec and the Mana cost by 20%.",Talent Passive,Data only,,,,,Data only,TALENT,https://www.wowhead.com/tbc/spell=18709,Talent: Master Summoner; tree row 4
Warlock,Demonology,Talent,Master Summoner,18710,18709,Rank 2/2,,"Reduces the casting time of your Imp, Voidwalker, Succubus, Incubus, Felhunter and Fel Guard Summoning spells by 4 sec and the Mana cost by 40%.",Talent Passive,Data only,,,,,Data only,TALENT,https://www.wowhead.com/tbc/spell=18710,Talent: Master Summoner; tree row 4
Warlock,Demonology,Talent Ability,Soul Link,19028,19028,Rank 1/1,,"When active, 20% of all damage taken by the caster is taken by your Imp, Voidwalker, Succubus, Incubus, Felhunter, Felguard, or subjugated demon instead. That damage cannot be prevented. In addition, both the demon and master will inflict 5% more damage. Lasts as long as the demon is active and controlled.",Defensive,Utility,0,0,16% of base mana,,Cooldown,"BUFF, DEFENSIVE, LONG_BUFF, REQUIRES_PET",https://www.wowhead.com/tbc/spell=19028,Talent-required | Talent: Soul Link
Warlock,Demonology,Talent Ability,Summon Felguard,30146,30146,Rank 1/1,,Summons a Felguard under the command of the Warlock.,Utility,Utility,0,,80% of base mana,,Cooldown,"OUT_OF_COMBAT, PET_SUMMON, UTILITY",https://www.wowhead.com/tbc/spell=30146,Talent-required | Talent: Summon Felguard
Warlock,Demonology,Talent,Unholy Power,18769,18769,Rank 1/5,,"Increases the damage done by your Voidwalker, Succubus, Incubus, Felhunter and Felguard's melee attacks and your Imp's Firebolt by 4%.",Talent Passive,Data only,,,,,Data only,TALENT,https://www.wowhead.com/tbc/spell=18769,Talent: Unholy Power; tree row 4
Warlock,Demonology,Talent,Unholy Power,18770,18769,Rank 2/5,,"Increases the damage done by your Voidwalker, Succubus, Incubus, Felhunter and Felguard's melee attacks and your Imp's Firebolt by 8%.",Talent Passive,Data only,,,,,Data only,TALENT,https://www.wowhead.com/tbc/spell=18770,Talent: Unholy Power; tree row 4
Warlock,Demonology,Talent,Unholy Power,18771,18769,Rank 3/5,,"Increases the damage done by your Voidwalker, Succubus, Incubus, Felhunter and Felguard's melee attacks and your Imp's Firebolt by 12%.",Talent Passive,Data only,,,,,Data only,TALENT,https://www.wowhead.com/tbc/spell=18771,Talent: Unholy Power; tree row 4
Warlock,Demonology,Talent,Unholy Power,18772,18769,Rank 4/5,,"Increases the damage done by your Voidwalker, Succubus, Incubus, Felhunter and Felguard's melee attacks and your Imp's Firebolt by 16%.",Talent Passive,Data only,,,,,Data only,TALENT,https://www.wowhead.com/tbc/spell=18772,Talent: Unholy Power; tree row 4
Warlock,Demonology,Talent,Unholy Power,18773,18769,Rank 5/5,,"Increases the damage done by your Voidwalker, Succubus, Incubus, Felhunter and Felguard's melee attacks and your Imp's Firebolt by 20%.",Talent Passive,Data only,,,,,Data only,TALENT,https://www.wowhead.com/tbc/spell=18773,Talent: Unholy Power; tree row 4
Warlock,Destruction,Ability,Immolate,348,348,Rank 1,1,"Burns the enemy for 
11 Fire damage and then an additional 20 Fire damage over 15 sec.",Offensive,Main,0,15,25 Mana,,Cooldown,"DEBUFF, DPS, PVE, ROTATIONAL",https://www.wowhead.com/tbc/spell=348,
Warlock,Destruction,Ability,Immolate,707,348,Rank 2,10,"Burns the enemy for 
24 Fire damage and then an additional 40 Fire damage over 15 sec.",Offensive,Main,0,15,45 Mana,,Cooldown,"DEBUFF, DPS, PVE, ROTATIONAL",https://www.wowhead.com/tbc/spell=707,
Warlock,Destruction,Ability,Immolate,1094,348,Rank 3,20,"Burns the enemy for 
53 Fire damage and then an additional 90 Fire damage over 15 sec.",Offensive,Main,0,15,90 Mana,,Cooldown,"DEBUFF, DPS, PVE, ROTATIONAL",https://www.wowhead.com/tbc/spell=1094,
Warlock,Destruction,Ability,Immolate,2941,348,Rank 4,30,"Burns the enemy for 
101 Fire damage and then an additional 165 Fire damage over 15 sec.",Offensive,Main,0,15,155 Mana,,Cooldown,"DEBUFF, DPS, PVE, ROTATIONAL",https://www.wowhead.com/tbc/spell=2941,
Warlock,Destruction,Ability,Immolate,11665,348,Rank 5,40,"Burns the enemy for 
148 Fire damage and then an additional 255 Fire damage over 15 sec.",Offensive,Main,0,15,220 Mana,,Cooldown,"DEBUFF, DPS, PVE, ROTATIONAL",https://www.wowhead.com/tbc/spell=11665,
Warlock,Destruction,Ability,Immolate,11667,348,Rank 6,50,"Burns the enemy for 
208 Fire damage and then an additional 365 Fire damage over 15 sec.",Offensive,Main,0,15,295 Mana,,Cooldown,"DEBUFF, DPS, PVE, ROTATIONAL",https://www.wowhead.com/tbc/spell=11667,
Warlock,Destruction,Ability,Immolate,11668,348,Rank 7,60,"Burns the enemy for 
277 Fire damage and then an additional 485 Fire damage over 15 sec.",Offensive,Main,0,15,370 Mana,,Cooldown,"DEBUFF, DPS, PVE, ROTATIONAL",https://www.wowhead.com/tbc/spell=11668,
Warlock,Destruction,Ability,Immolate,25309,348,Rank 8,60,"Burns the enemy for 
299 Fire damage and then an additional 510 Fire damage over 15 sec.",Offensive,Main,0,15,380 Mana,,Cooldown,"DEBUFF, DPS, PVE, ROTATIONAL",https://www.wowhead.com/tbc/spell=25309,
Warlock,Destruction,Ability,Immolate,27215,348,Rank 9,69,"Burns the enemy for 
332 Fire damage and then an additional 615 Fire damage over 15 sec.",Offensive,Main,0,15,445 Mana,,Cooldown,"DEBUFF, DPS, PVE, ROTATIONAL",https://www.wowhead.com/tbc/spell=27215,
Warlock,Destruction,Ability,Incinerate,29722,29722,Rank 1,64,"Deals 
416 to 
480 Fire damage to your target and an additional 
103 to 
120 Fire damage if the target is affected by an Immolate spell.",Offensive,Main,0,,325 Mana,,Cooldown,"DPS, FILLER, PVE",https://www.wowhead.com/tbc/spell=29722,
Warlock,Destruction,Ability,Incinerate,32231,29722,Rank 2,70,"Deals 
444 to 
514 Fire damage to your target and an additional 
111 to 
128 Fire damage if the target is affected by an Immolate spell.",Offensive,Main,0,,355 Mana,,Cooldown,"DPS, FILLER, PVE",https://www.wowhead.com/tbc/spell=32231,
Warlock,Destruction,Ability,Soul Fire,6353,6353,Rank 1,48,"Burn the enemy's soul, causing 
640 to 
801 Fire damage.",Offensive,Main,60,,170 Mana,,Cooldown,"DPS, MINOR, PVE",https://www.wowhead.com/tbc/spell=6353,
Warlock,Destruction,Ability,Soul Fire,17924,6353,Rank 2,56,"Burn the enemy's soul, causing 
721 to 
900 Fire damage.",Offensive,Main,60,,185 Mana,,Cooldown,"DPS, MINOR, PVE",https://www.wowhead.com/tbc/spell=17924,
Warlock,Destruction,Ability,Soul Fire,27211,6353,Rank 3,64,"Burn the enemy's soul, causing 
853 to 
1065 Fire damage.",Offensive,Main,60,,215 Mana,,Cooldown,"DPS, MINOR, PVE",https://www.wowhead.com/tbc/spell=27211,
Warlock,Destruction,Ability,Soul Fire,30545,6353,Rank 4,70,"Burn the enemy's soul, causing 
1003 to 
1257 Fire damage.",Offensive,Main,60,,250 Mana,,Cooldown,"DPS, MINOR, PVE",https://www.wowhead.com/tbc/spell=30545,
Warlock,Destruction,Talent,Aftermath,18119,18119,Rank 1/5,,Gives your Destruction spells a 2% chance to daze the target for 5 sec.,Talent Passive,Data only,,5,,,Data only,TALENT,https://www.wowhead.com/tbc/spell=18119,Talent: Aftermath; tree row 2
Warlock,Destruction,Talent,Aftermath,18120,18119,Rank 2/5,,Gives your Destruction spells a 4% chance to daze the target for 5 sec.,Talent Passive,Data only,,5,,,Data only,TALENT,https://www.wowhead.com/tbc/spell=18120,Talent: Aftermath; tree row 2
Warlock,Destruction,Talent,Aftermath,18121,18119,Rank 3/5,,Gives your Destruction spells a 6% chance to daze the target for 5 sec.,Talent Passive,Data only,,5,,,Data only,TALENT,https://www.wowhead.com/tbc/spell=18121,Talent: Aftermath; tree row 2
Warlock,Destruction,Talent,Aftermath,18122,18119,Rank 4/5,,Gives your Destruction spells a 8% chance to daze the target for 5 sec.,Talent Passive,Data only,,5,,,Data only,TALENT,https://www.wowhead.com/tbc/spell=18122,Talent: Aftermath; tree row 2
Warlock,Destruction,Talent,Aftermath,18123,18119,Rank 5/5,,Gives your Destruction spells a 10% chance to daze the target for 5 sec.,Talent Passive,Data only,,5,,,Data only,TALENT,https://www.wowhead.com/tbc/spell=18123,Talent: Aftermath; tree row 2
Warlock,Destruction,Talent,Backlash,34935,34935,Rank 1/3,,Increases your critical strike chance with spells by an additional 1% and gives you a 8% chance when hit by a physical attack to reduce the cast time of your next Shadow Bolt or Incinerate spell by 100%. This effect lasts 8 sec and will not occur more than once every 8 seconds.,Talent Passive,Data only,,8,,,Data only,TALENT,https://www.wowhead.com/tbc/spell=34935,Talent: Backlash; tree row 7
Warlock,Destruction,Talent,Backlash,34938,34935,Rank 2/3,,Increases your critical strike chance with spells by an additional 2% and gives you a 16% chance when hit by a physical attack to reduce the cast time of your next Shadow Bolt or Incinerate spell by 100%. This effect lasts 8 sec and will not occur more than once every 8 seconds.,Talent Passive,Data only,,8,,,Data only,TALENT,https://www.wowhead.com/tbc/spell=34938,Talent: Backlash; tree row 7
Warlock,Destruction,Talent,Backlash,34939,34935,Rank 3/3,,Increases your critical strike chance with spells by an additional 3% and gives you a 25% chance when hit by a physical attack to reduce the cast time of your next Shadow Bolt or Incinerate spell by 100%. This effect lasts 8 sec and will not occur more than once every 8 seconds.,Talent Passive,Data only,,8,,,Data only,TALENT,https://www.wowhead.com/tbc/spell=34939,Talent: Backlash; tree row 7
Warlock,Destruction,Talent,Bane,17788,17788,Rank 1/5,,Reduces the casting time of your Shadow Bolt and Immolate spells by 0.1 sec and your Soul Fire spell by 0.4 sec.,Talent Passive,Data only,,,,,Data only,TALENT,https://www.wowhead.com/tbc/spell=17788,Talent: Bane; tree row 2
Warlock,Destruction,Talent,Bane,17789,17788,Rank 2/5,,Reduces the casting time of your Shadow Bolt and Immolate spells by 0.2 sec and your Soul Fire spell by 0.8 sec.,Talent Passive,Data only,,,,,Data only,TALENT,https://www.wowhead.com/tbc/spell=17789,Talent: Bane; tree row 2
Warlock,Destruction,Talent,Bane,17790,17788,Rank 3/5,,Reduces the casting time of your Shadow Bolt and Immolate spells by 0.3 sec and your Soul Fire spell by 1.2 sec.,Talent Passive,Data only,,,,,Data only,TALENT,https://www.wowhead.com/tbc/spell=17790,Talent: Bane; tree row 2
Warlock,Destruction,Talent,Bane,17791,17788,Rank 4/5,,Reduces the casting time of your Shadow Bolt and Immolate spells by 0.4 sec and your Soul Fire spell by 1.6 sec.,Talent Passive,Data only,,,,,Data only,TALENT,https://www.wowhead.com/tbc/spell=17791,Talent: Bane; tree row 2
Warlock,Destruction,Talent,Bane,17792,17788,Rank 5/5,,Reduces the casting time of your Shadow Bolt and Immolate spells by 0.5 sec and your Soul Fire spell by 2 sec.,Talent Passive,Data only,,,,,Data only,TALENT,https://www.wowhead.com/tbc/spell=17792,Talent: Bane; tree row 2
Warlock,Destruction,Talent,Cataclysm,17778,17778,Rank 1/5,,Reduces the Mana cost of your Destruction spells by 1%.,Talent Passive,Data only,,,,,Data only,TALENT,https://www.wowhead.com/tbc/spell=17778,Talent: Cataclysm; tree row 1
Warlock,Destruction,Talent,Cataclysm,17779,17778,Rank 2/5,,Reduces the Mana cost of your Destruction spells by 2%.,Talent Passive,Data only,,,,,Data only,TALENT,https://www.wowhead.com/tbc/spell=17779,Talent: Cataclysm; tree row 1
Warlock,Destruction,Talent,Cataclysm,17780,17778,Rank 3/5,,Reduces the Mana cost of your Destruction spells by 3%.,Talent Passive,Data only,,,,,Data only,TALENT,https://www.wowhead.com/tbc/spell=17780,Talent: Cataclysm; tree row 1
Warlock,Destruction,Talent,Cataclysm,17781,17778,Rank 4/5,,Reduces the Mana cost of your Destruction spells by 4%.,Talent Passive,Data only,,,,,Data only,TALENT,https://www.wowhead.com/tbc/spell=17781,Talent: Cataclysm; tree row 1
Warlock,Destruction,Talent,Cataclysm,17782,17778,Rank 5/5,,Reduces the Mana cost of your Destruction spells by 5%.,Talent Passive,Data only,,,,,Data only,TALENT,https://www.wowhead.com/tbc/spell=17782,Talent: Cataclysm; tree row 1
Warlock,Destruction,Talent Ability,Conflagrate,17962,17962,Rank 1/1,,"Ignites a target that is already afflicted by your Immolate, dealing 
249 to 
316 Fire damage and consuming the Immolate spell.",Offensive,Main,10,,165 Mana,,Cooldown,"DPS, ROTATIONAL",https://www.wowhead.com/tbc/spell=17962,Talent-required | Talent: Conflagrate
Warlock,Destruction,Talent,Destructive Reach,17917,17917,Rank 1/2,,Increases the range of your Destruction spells by 10% and reduces threat caused by Destruction spells by 5%.,Talent Passive,Data only,,,,,Data only,TALENT,https://www.wowhead.com/tbc/spell=17917,Talent: Destructive Reach; tree row 4
Warlock,Destruction,Talent,Destructive Reach,17918,17917,Rank 2/2,,Increases the range of your Destruction spells by 20% and reduces threat caused by Destruction spells by 10%.,Talent Passive,Data only,,,,,Data only,TALENT,https://www.wowhead.com/tbc/spell=17918,Talent: Destructive Reach; tree row 4
Warlock,Destruction,Talent,Devastation,18130,18130,Rank 1/5,,Increases the critical strike chance of your Destruction spells by 1%.,Talent Passive,Data only,,,,,Data only,TALENT,https://www.wowhead.com/tbc/spell=18130,Talent: Devastation; tree row 3
Warlock,Destruction,Talent,Devastation,18131,18130,Rank 2/5,,Increases the critical strike chance of your Destruction spells by 2%.,Talent Passive,Data only,,,,,Data only,TALENT,https://www.wowhead.com/tbc/spell=18131,Talent: Devastation; tree row 3
Warlock,Destruction,Talent,Devastation,18132,18130,Rank 3/5,,Increases the critical strike chance of your Destruction spells by 3%.,Talent Passive,Data only,,,,,Data only,TALENT,https://www.wowhead.com/tbc/spell=18132,Talent: Devastation; tree row 3
Warlock,Destruction,Talent,Devastation,18133,18130,Rank 4/5,,Increases the critical strike chance of your Destruction spells by 4%.,Talent Passive,Data only,,,,,Data only,TALENT,https://www.wowhead.com/tbc/spell=18133,Talent: Devastation; tree row 3
Warlock,Destruction,Talent,Devastation,18134,18130,Rank 5/5,,Increases the critical strike chance of your Destruction spells by 5%.,Talent Passive,Data only,,,,,Data only,TALENT,https://www.wowhead.com/tbc/spell=18134,Talent: Devastation; tree row 3
Warlock,Destruction,Talent,Emberstorm,17954,17954,Rank 1/5,,Increases the damage done by your Fire spells by 2% and reduces the cast time of your Incinerate spell by 2%.,Talent Passive,Data only,,,,,Data only,TALENT,https://www.wowhead.com/tbc/spell=17954,Talent: Emberstorm; tree row 6
Warlock,Destruction,Talent,Emberstorm,17955,17954,Rank 2/5,,"Increases the damage done by your Fire spells by 4%, and reduces the cast time of your Incinerate spell by 4%.",Talent Passive,Data only,,,,,Data only,TALENT,https://www.wowhead.com/tbc/spell=17955,Talent: Emberstorm; tree row 6
Warlock,Destruction,Talent,Emberstorm,17956,17954,Rank 3/5,,"Increases the damage done by your Fire spells by 6%, and reduces the cast time of your Incinerate spell by 6%.",Talent Passive,Data only,,,,,Data only,TALENT,https://www.wowhead.com/tbc/spell=17956,Talent: Emberstorm; tree row 6
Warlock,Destruction,Talent,Emberstorm,17957,17954,Rank 4/5,,"Increases the damage done by your Fire spells by 8%, and reduces the cast time of your Incinerate spell by 8%.",Talent Passive,Data only,,,,,Data only,TALENT,https://www.wowhead.com/tbc/spell=17957,Talent: Emberstorm; tree row 6
Warlock,Destruction,Talent,Emberstorm,17958,17954,Rank 5/5,,"Increases the damage done by your Fire spells by 10%, and reduces the cast time of your Incinerate spell by 10%.",Talent Passive,Data only,,,,,Data only,TALENT,https://www.wowhead.com/tbc/spell=17958,Talent: Emberstorm; tree row 6
Warlock,Destruction,Talent,Improved Firebolt,18126,18126,Rank 1/2,,Reduces the casting time of your Imp's Firebolt spell by 0.25 sec.,Talent Passive,Data only,,,,,Data only,TALENT,https://www.wowhead.com/tbc/spell=18126,Talent: Improved Firebolt; tree row 3
Warlock,Destruction,Talent,Improved Firebolt,18127,18126,Rank 2/2,,Reduces the casting time of your Imp's Firebolt spell by 0.5 sec.,Talent Passive,Data only,,,,,Data only,TALENT,https://www.wowhead.com/tbc/spell=18127,Talent: Improved Firebolt; tree row 3
Warlock,Destruction,Talent,Improved Immolate,17815,17815,Rank 1/5,,Increases the initial damage of your Immolate spell by 5%.,Talent Passive,Data only,,,,,Data only,TALENT,https://www.wowhead.com/tbc/spell=17815,Talent: Improved Immolate; tree row 5
Warlock,Destruction,Talent,Improved Immolate,17833,17815,Rank 2/5,,Increases the initial damage of your Immolate spell by 10%.,Talent Passive,Data only,,,,,Data only,TALENT,https://www.wowhead.com/tbc/spell=17833,Talent: Improved Immolate; tree row 5
Warlock,Destruction,Talent,Improved Immolate,17834,17815,Rank 3/5,,Increases the initial damage of your Immolate spell by 15%.,Talent Passive,Data only,,,,,Data only,TALENT,https://www.wowhead.com/tbc/spell=17834,Talent: Improved Immolate; tree row 5
Warlock,Destruction,Talent,Improved Immolate,17835,17815,Rank 4/5,,Increases the initial damage of your Immolate spell by 20%.,Talent Passive,Data only,,,,,Data only,TALENT,https://www.wowhead.com/tbc/spell=17835,Talent: Improved Immolate; tree row 5
Warlock,Destruction,Talent,Improved Immolate,17836,17815,Rank 5/5,,Increases the initial damage of your Immolate spell by 25%.,Talent Passive,Data only,,,,,Data only,TALENT,https://www.wowhead.com/tbc/spell=17836,Talent: Improved Immolate; tree row 5
Warlock,Destruction,Talent,Improved Lash of Pain,18128,18128,Rank 1/2,,Reduces the cooldown of your Succubus' and Incubus' Lash of Pain spell by 3 sec.,Talent Passive,Data only,,,,,Data only,TALENT,https://www.wowhead.com/tbc/spell=18128,Talent: Improved Lash of Pain; tree row 3
Warlock,Destruction,Talent,Improved Lash of Pain,18129,18128,Rank 2/2,,Reduces the cooldown of your Succubus' and Incubus' Lash of Pain spell by 6 sec.,Talent Passive,Data only,,,,,Data only,TALENT,https://www.wowhead.com/tbc/spell=18129,Talent: Improved Lash of Pain; tree row 3
Warlock,Destruction,Talent,Improved Searing Pain,17927,17927,Rank 1/3,,Increases the critical strike chance of your Searing Pain spell by 4%.,Talent Passive,Data only,,,,,Data only,TALENT,https://www.wowhead.com/tbc/spell=17927,Talent: Improved Searing Pain; tree row 4
Warlock,Destruction,Talent,Improved Searing Pain,17929,17927,Rank 2/3,,Increases the critical strike chance of your Searing Pain spell by 7%.,Talent Passive,Data only,,,,,Data only,TALENT,https://www.wowhead.com/tbc/spell=17929,Talent: Improved Searing Pain; tree row 4
Warlock,Destruction,Talent,Improved Searing Pain,17930,17927,Rank 3/3,,Increases the critical strike chance of your Searing Pain spell by 10%.,Talent Passive,Data only,,,,,Data only,TALENT,https://www.wowhead.com/tbc/spell=17930,Talent: Improved Searing Pain; tree row 4
Warlock,Destruction,Talent,Improved Shadow Bolt,17793,17793,Rank 1/5,,Your Shadow Bolt critical strikes increase Shadow damage dealt to the target by 4% until 4 non-periodic damage sources are applied. Effect lasts a maximum of 12 sec.,Talent Passive,Data only,,,,,Data only,TALENT,https://www.wowhead.com/tbc/spell=17793,Talent: Improved Shadow Bolt; tree row 1
Warlock,Destruction,Talent,Improved Shadow Bolt,17796,17793,Rank 2/5,,Your Shadow Bolt critical strikes increase Shadow damage dealt to the target by 8% until 4 non-periodic damage sources are applied. Effect lasts a maximum of 12 sec.,Talent Passive,Data only,,,,,Data only,TALENT,https://www.wowhead.com/tbc/spell=17796,Talent: Improved Shadow Bolt; tree row 1
Warlock,Destruction,Talent,Improved Shadow Bolt,17801,17793,Rank 3/5,,Your Shadow Bolt critical strikes increase Shadow damage dealt to the target by 12% until 4 non-periodic damage sources are applied. Effect lasts a maximum of 12 sec.,Talent Passive,Data only,,,,,Data only,TALENT,https://www.wowhead.com/tbc/spell=17801,Talent: Improved Shadow Bolt; tree row 1
Warlock,Destruction,Talent,Improved Shadow Bolt,17802,17793,Rank 4/5,,Your Shadow Bolt critical strikes increase Shadow damage dealt to the target by 16% until 4 non-periodic damage sources are applied. Effect lasts a maximum of 12 sec.,Talent Passive,Data only,,,,,Data only,TALENT,https://www.wowhead.com/tbc/spell=17802,Talent: Improved Shadow Bolt; tree row 1
Warlock,Destruction,Talent,Improved Shadow Bolt,17803,17793,Rank 5/5,,Your Shadow Bolt critical strikes increase Shadow damage dealt to the target by 20% until 4 non-periodic damage sources are applied. Effect lasts a maximum of 12 sec.,Talent Passive,Data only,,,,,Data only,TALENT,https://www.wowhead.com/tbc/spell=17803,Talent: Improved Shadow Bolt; tree row 1
Warlock,Destruction,Talent,Intensity,18135,18135,Rank 1/2,,Gives you a 35% chance to resist interruption caused by damage while casting or channeling any Destruction spell.,Talent Passive,Data only,,,,,Data only,TALENT,https://www.wowhead.com/tbc/spell=18135,Talent: Intensity; tree row 4
Warlock,Destruction,Talent,Intensity,18136,18135,Rank 2/2,,Gives you a 70% chance to resist interruption caused by damage while casting or channeling any Destruction spell.,Talent Passive,Data only,,,,,Data only,TALENT,https://www.wowhead.com/tbc/spell=18136,Talent: Intensity; tree row 4
Warlock,Destruction,Talent,Nether Protection,30299,30299,Rank 1/3,,"After being hit with a Shadow or Fire spell, you have a 10% chance to become immune to Shadow and Fire spells for 4 sec.",Talent Passive,Data only,,4,,,Data only,TALENT,https://www.wowhead.com/tbc/spell=30299,Talent: Nether Protection; tree row 6
Warlock,Destruction,Talent,Nether Protection,30301,30299,Rank 2/3,,"After being hit with a Shadow or Fire spell, you have a 20% chance to become immune to Shadow and Fire spells for 4 sec.",Talent Passive,Data only,,4,,,Data only,TALENT,https://www.wowhead.com/tbc/spell=30301,Talent: Nether Protection; tree row 6
Warlock,Destruction,Talent,Nether Protection,30302,30299,Rank 3/3,,"After being hit with a Shadow or Fire spell, you have a 30% chance to become immune to Shadow and Fire spells for 4 sec.",Talent Passive,Data only,,4,,,Data only,TALENT,https://www.wowhead.com/tbc/spell=30302,Talent: Nether Protection; tree row 6
Warlock,Destruction,Talent,Pyroclasm,18073,18096,Rank 2/2,,"Gives your Rain of Fire, Hellfire, and Soul Fire spells a 26% chance to stun the target for 3 sec.",Talent Passive,Data only,,3,,,Data only,TALENT,https://www.wowhead.com/tbc/spell=18073,Talent: Pyroclasm; tree row 5
Warlock,Destruction,Talent,Pyroclasm,18096,18096,Rank 1/2,,"Gives your Rain of Fire, Hellfire, and Soul Fire spells a 13% chance to stun the target for 3 sec.",Talent Passive,Data only,,3,,,Data only,TALENT,https://www.wowhead.com/tbc/spell=18096,Talent: Pyroclasm; tree row 5
Warlock,Destruction,Talent,Ruin,17959,17959,Rank 1/1,,Increases the critical strike damage bonus of your Destruction spells by 100%.,Talent Passive,Data only,,,,,Data only,TALENT,https://www.wowhead.com/tbc/spell=17959,Talent: Ruin; tree row 5
Warlock,Destruction,Talent,Shadow and Flame,30288,30288,Rank 1/5,,Your Shadow Bolt and Incinerate spells gain an additional 4% of your bonus spell damage effects.,Talent Passive,Data only,,,,,Data only,TALENT,https://www.wowhead.com/tbc/spell=30288,Talent: Shadow and Flame; tree row 8
Warlock,Destruction,Talent,Shadow and Flame,30289,30288,Rank 2/5,,Your Shadow Bolt and Incinerate spells gain an additional 8% of your bonus spell damage effects.,Talent Passive,Data only,,,,,Data only,TALENT,https://www.wowhead.com/tbc/spell=30289,Talent: Shadow and Flame; tree row 8
Warlock,Destruction,Talent,Shadow and Flame,30290,30288,Rank 3/5,,Your Shadow Bolt and Incinerate spells gain an additional 12% of your bonus spell damage effects.,Talent Passive,Data only,,,,,Data only,TALENT,https://www.wowhead.com/tbc/spell=30290,Talent: Shadow and Flame; tree row 8
Warlock,Destruction,Talent,Shadow and Flame,30291,30288,Rank 4/5,,Your Shadow Bolt and Incinerate spells gain an additional 16% of your bonus spell damage effects.,Talent Passive,Data only,,,,,Data only,TALENT,https://www.wowhead.com/tbc/spell=30291,Talent: Shadow and Flame; tree row 8
Warlock,Destruction,Talent,Shadow and Flame,30292,30288,Rank 5/5,,Your Shadow Bolt and Incinerate spells gain an additional 20% of your bonus spell damage effects.,Talent Passive,Data only,,,,,Data only,TALENT,https://www.wowhead.com/tbc/spell=30292,Talent: Shadow and Flame; tree row 8
Warlock,Destruction,Talent Ability,Shadowburn,17877,17877,Rank 1/1,,"Instantly blasts the target for 
91 to 
104 Shadow damage. If the target dies within 5 sec of Shadowburn, and yields experience or honor, the caster gains a Soul Shard.",Offensive,Main,15,,105 Mana,,Cooldown,"DPS, FINISHER, ROTATIONAL",https://www.wowhead.com/tbc/spell=17877,Talent-required | Talent: Shadowburn
Warlock,Destruction,Talent Ability,Shadowburn,18867,17877,Rank 2,24,"Instantly blasts the target for 
123 to 
140 Shadow damage. If the target dies within 5 sec of Shadowburn, and yields experience or honor, the caster gains a Soul Shard.",Offensive,Main,15,,130 Mana,,Cooldown,"DPS, FINISHER, ROTATIONAL",https://www.wowhead.com/tbc/spell=18867,Talent-required
Warlock,Destruction,Talent Ability,Shadowburn,18868,17877,Rank 3,32,"Instantly blasts the target for 
196 to 
221 Shadow damage. If the target dies within 5 sec of Shadowburn, and yields experience or honor, the caster gains a Soul Shard.",Offensive,Main,15,,190 Mana,,Cooldown,"DPS, FINISHER, ROTATIONAL",https://www.wowhead.com/tbc/spell=18868,Talent-required
Warlock,Destruction,Talent Ability,Shadowburn,18869,17877,Rank 4,40,"Instantly blasts the target for 
274 to 
307 Shadow damage. If the target dies within 5 sec of Shadowburn, and yields experience or honor, the caster gains a Soul Shard.",Offensive,Main,15,,245 Mana,,Cooldown,"DPS, FINISHER, ROTATIONAL",https://www.wowhead.com/tbc/spell=18869,Talent-required
Warlock,Destruction,Talent Ability,Shadowburn,18870,17877,Rank 5,48,"Instantly blasts the target for 
365 to 
408 Shadow damage. If the target dies within 5 sec of Shadowburn, and yields experience or honor, the caster gains a Soul Shard.",Offensive,Main,15,,305 Mana,,Cooldown,"DPS, FINISHER, ROTATIONAL",https://www.wowhead.com/tbc/spell=18870,Talent-required
Warlock,Destruction,Talent Ability,Shadowburn,18871,17877,Rank 6,56,"Instantly blasts the target for 
468 to 
520 Shadow damage. If the target dies within 5 sec of Shadowburn, and yields experience or honor, the caster gains a Soul Shard.",Offensive,Main,15,,365 Mana,,Cooldown,"DPS, FINISHER, ROTATIONAL",https://www.wowhead.com/tbc/spell=18871,Talent-required
Warlock,Destruction,Talent Ability,Shadowburn,27263,17877,Rank 7,63,"Instantly blasts the target for 
538 to 
599 Shadow damage. If the target dies within 5 sec of Shadowburn, and yields experience or honor, the caster gains a Soul Shard.",Offensive,Main,15,,435 Mana,,Cooldown,"DPS, FINISHER, ROTATIONAL",https://www.wowhead.com/tbc/spell=27263,Talent-required
Warlock,Destruction,Talent Ability,Shadowburn,30546,17877,Rank 8,70,"Instantly blasts the target for 
597 to 
665 Shadow damage. If the target dies within 5 sec of Shadowburn, and yields experience or honor, the caster gains a Soul Shard.",Offensive,Main,15,,515 Mana,,Cooldown,"DPS, FINISHER, ROTATIONAL",https://www.wowhead.com/tbc/spell=30546,Talent-required
Warlock,Destruction,Talent Ability,Shadowfury,30283,30283,Rank 1/1,,"Shadowfury is unleashed, causing 
357 to 
422 Shadow damage and stunning all enemies within 8 yds for 2 sec.",Crowd Control,Utility,20,2,440 Mana,,Cooldown,"AOE, CC_HARD, DPS, MINOR",https://www.wowhead.com/tbc/spell=30283,Talent-required | Talent: Shadowfury
Warlock,Destruction,Talent Ability,Shadowfury,30413,30283,Rank 2,60,"Shadowfury is unleashed, causing 
476 to 
565 Shadow damage and stunning all enemies within 8 yds for 2 sec.",Crowd Control,Utility,20,2,545 Mana,,Cooldown,"AOE, CC_HARD, DPS, MINOR",https://www.wowhead.com/tbc/spell=30413,Talent-required
Warlock,Destruction,Talent Ability,Shadowfury,30414,30283,Rank 3,70,"Shadowfury is unleashed, causing 
612 to 
728 Shadow damage and stunning all enemies within 8 yds for 2 sec.",Crowd Control,Utility,20,2,710 Mana,,Cooldown,"AOE, CC_HARD, DPS, MINOR",https://www.wowhead.com/tbc/spell=30414,Talent-required
Warlock,Destruction,Talent,Soul Leech,30293,30293,Rank 1/3,,"Gives your Shadow Bolt, Shadowburn, Soul Fire, Incinerate, Searing Pain and Conflagrate spells a 10% chance to return health equal to 20% of the damage caused.",Talent Passive,Data only,,,,,Data only,TALENT,https://www.wowhead.com/tbc/spell=30293,Talent: Soul Leech; tree row 7
Warlock,Destruction,Talent,Soul Leech,30295,30293,Rank 2/3,,"Gives your Shadow Bolt, Shadowburn, Soul Fire, Incinerate, Searing Pain and Conflagrate spells a 20% chance to return health equal to 20% of the damage caused.",Talent Passive,Data only,,,,,Data only,TALENT,https://www.wowhead.com/tbc/spell=30295,Talent: Soul Leech; tree row 7
Warlock,Destruction,Talent,Soul Leech,30296,30293,Rank 3/3,,"Gives your Shadow Bolt, Shadowburn, Soul Fire, Incinerate, Searing Pain and Conflagrate spells a 30% chance to return health equal to 20% of the damage caused.",Talent Passive,Data only,,,,,Data only,TALENT,https://www.wowhead.com/tbc/spell=30296,Talent: Soul Leech; tree row 7
Warrior,Arms,Ability,Overpower,7384,7384,Rank 1,12,"Instantly overpower the enemy, causing weapon damage plus 5. Only useable after the target dodges. The Overpower cannot be blocked, dodged or parried.",Offensive,Main,5,,5 Rage,,Cooldown,"DPS, PVE_PVP, REACTIVE, ROTATIONAL",https://www.wowhead.com/tbc/spell=7384,
Warrior,Arms,Ability,Overpower,7887,7384,Rank 2,28,"Instantly overpower the enemy, causing weapon damage plus 15. Only useable after the target dodges. The Overpower cannot be blocked, dodged or parried.",Offensive,Main,5,,5 Rage,,Cooldown,"DPS, PVE_PVP, REACTIVE, ROTATIONAL",https://www.wowhead.com/tbc/spell=7887,
Warrior,Arms,Ability,Overpower,11584,7384,Rank 3,44,"Instantly overpower the enemy, causing weapon damage plus 25. Only useable after the target dodges. The Overpower cannot be blocked, dodged or parried.",Offensive,Main,5,,5 Rage,,Cooldown,"DPS, PVE_PVP, REACTIVE, ROTATIONAL",https://www.wowhead.com/tbc/spell=11584,
Warrior,Arms,Ability,Overpower,11585,7384,Rank 4,60,"Instantly overpower the enemy, causing weapon damage plus 35. Only useable after the target dodges. The Overpower cannot be blocked, dodged or parried.",Offensive,Main,5,,5 Rage,,Cooldown,"DPS, PVE_PVP, REACTIVE, ROTATIONAL",https://www.wowhead.com/tbc/spell=11585,
Warrior,Arms,Ability,Retaliation,20230,20230,Rank 1,20,Instantly counterattack any enemy that strikes you in melee for 15 sec. Melee attacks made from behind cannot be counterattacked. A maximum of 30 attacks will cause retaliation.,Defensive,Utility,1800,15,,,Cooldown + aura,"DEFENSIVE, DPS, HAS_BUFF, MAJOR",https://www.wowhead.com/tbc/spell=20230,
Warrior,Arms,Ability,Retaliation,20240,20230,Rank 2,1,Designer note: This costs 1 rage to prevent its damage from generating rage.,Defensive,Utility,1800,15,1 Rage,,Cooldown + aura,"DEFENSIVE, DPS, HAS_BUFF, MAJOR",https://www.wowhead.com/tbc/spell=20240,
Warrior,Arms,Talent,Anger Management,12296,12296,Rank 1/1,,Generates 1 rage per 3 seconds while in combat.,Talent Passive,Data only,,,,,Data only,TALENT,https://www.wowhead.com/tbc/spell=12296,Talent: Anger Management; tree row 3
Warrior,Arms,Talent,Blood Frenzy,29836,29836,Rank 1/2,,Your Rend and Deep Wounds abilities also increase all physical damage caused to that target by 2%.,Talent Passive,Data only,,,,,Data only,TALENT,https://www.wowhead.com/tbc/spell=29836,Talent: Blood Frenzy; tree row 7
Warrior,Arms,Talent,Blood Frenzy,29859,29836,Rank 2/2,,Your Rend and Deep Wounds abilities also increase all physical damage caused to that target by 4%.,Talent Passive,Data only,,,,,Data only,TALENT,https://www.wowhead.com/tbc/spell=29859,Talent: Blood Frenzy; tree row 7
Warrior,Arms,Talent Ability,Death Wish,12292,12292,Rank 1/1,,"When activated, increases your physical damage by 20% and makes you immune to Fear effects, but increases all damage taken by 5%. Lasts 30 sec.",Offensive,Main,180,30,10 Rage,,Cooldown + aura,"DPS, HAS_BUFF, MAJOR",https://www.wowhead.com/tbc/spell=12292,Talent-required | Talent: Death Wish
Warrior,Arms,Talent,Deep Wounds,12834,12834,Rank 1/3,,"Your critical strikes cause the opponent to bleed, dealing 20% of your melee weapon's average damage over 12 sec.",Talent Passive,Data only,,,,,Data only,TALENT,https://www.wowhead.com/tbc/spell=12834,Talent: Deep Wounds; tree row 3
Warrior,Arms,Talent,Deep Wounds,12849,12834,Rank 2/3,,"Your critical strikes cause the opponent to bleed, dealing 40% of your melee weapon's average damage over 12 sec.",Talent Passive,Data only,,,,,Data only,TALENT,https://www.wowhead.com/tbc/spell=12849,Talent: Deep Wounds; tree row 3
Warrior,Arms,Talent,Deep Wounds,12867,12834,Rank 3/3,,"Your critical strikes cause the opponent to bleed, dealing 60% of your melee weapon's average damage over 12 sec.",Talent Passive,Data only,,,,,Data only,TALENT,https://www.wowhead.com/tbc/spell=12867,Talent: Deep Wounds; tree row 3
Warrior,Arms,Talent,Deflection,16462,16462,Rank 1/5,,Increases your Parry chance by 1%.,Talent Passive,Data only,,,,,Data only,TALENT,https://www.wowhead.com/tbc/spell=16462,Talent: Deflection; tree row 1
Warrior,Arms,Talent,Deflection,16463,16462,Rank 2/5,,Increases your Parry chance by 2%.,Talent Passive,Data only,,,,,Data only,TALENT,https://www.wowhead.com/tbc/spell=16463,Talent: Deflection; tree row 1
Warrior,Arms,Talent,Deflection,16464,16462,Rank 3/5,,Increases your Parry chance by 3%.,Talent Passive,Data only,,,,,Data only,TALENT,https://www.wowhead.com/tbc/spell=16464,Talent: Deflection; tree row 1
Warrior,Arms,Talent,Deflection,16465,16462,Rank 4/5,,Increases your Parry chance by 4%.,Talent Passive,Data only,,,,,Data only,TALENT,https://www.wowhead.com/tbc/spell=16465,Talent: Deflection; tree row 1
Warrior,Arms,Talent,Deflection,16466,16462,Rank 5/5,,Increases your Parry chance by 5%.,Talent Passive,Data only,,,,,Data only,TALENT,https://www.wowhead.com/tbc/spell=16466,Talent: Deflection; tree row 1
Warrior,Arms,Talent,Endless Rage,29623,29623,Rank 1/1,,You generate 25% more rage from damage dealt.,Talent Passive,Data only,,,,,Data only,TALENT,https://www.wowhead.com/tbc/spell=29623,Talent: Endless Rage; tree row 9
Warrior,Arms,Talent,Impale,16493,16493,Rank 1/2,,"Increases the critical strike damage bonus of your abilities in Battle, Defensive, and Berserker stance by 10%.",Talent Passive,Data only,,,,,Data only,TALENT,https://www.wowhead.com/tbc/spell=16493,Talent: Impale; tree row 4
Warrior,Arms,Talent,Impale,16494,16493,Rank 2/2,,"Increases the critical strike damage bonus of your abilities in Battle, Defensive, and Berserker stance by 20%.",Talent Passive,Data only,,,,,Data only,TALENT,https://www.wowhead.com/tbc/spell=16494,Talent: Impale; tree row 4
Warrior,Arms,Talent,Improved Charge,12285,12285,Rank 1/2,,Increases the amount of rage generated by your Charge ability by 3.,Talent Passive,Data only,,,,,Data only,TALENT,https://www.wowhead.com/tbc/spell=12285,Talent: Improved Charge; tree row 2
Warrior,Arms,Talent,Improved Charge,12697,12285,Rank 2/2,,Increases the amount of rage generated by your Charge ability by 6.,Talent Passive,Data only,,,,,Data only,TALENT,https://www.wowhead.com/tbc/spell=12697,Talent: Improved Charge; tree row 2
Warrior,Arms,Talent,Improved Disciplines,29723,29723,Rank 1/3,,"Reduces the cooldown of your Retaliation, Recklessness and Shield Wall abilities by 4 min and increases their duration by 2 sec.",Talent Passive,Data only,,,,,Data only,TALENT,https://www.wowhead.com/tbc/spell=29723,Talent: Improved Disciplines; tree row 6
Warrior,Arms,Talent,Improved Disciplines,29724,29723,Rank 2/3,,"Reduces the cooldown of your Retaliation, Recklessness and Shield Wall abilities by 7 min and increases their duration by 4 sec.",Talent Passive,Data only,,,,,Data only,TALENT,https://www.wowhead.com/tbc/spell=29724,Talent: Improved Disciplines; tree row 6
Warrior,Arms,Talent,Improved Disciplines,29725,29723,Rank 3/3,,"Reduces the cooldown of your Retaliation, Recklessness and Shield Wall abilities by 10 min and increases their duration by 6 sec.",Talent Passive,Data only,,,,,Data only,TALENT,https://www.wowhead.com/tbc/spell=29725,Talent: Improved Disciplines; tree row 6
Warrior,Arms,Talent,Improved Hamstring,12289,12289,Rank 1/3,,Gives your Hamstring ability a 5% chance to immobilize the target for 5 sec.,Talent Passive,Data only,,5,,,Data only,TALENT,https://www.wowhead.com/tbc/spell=12289,Talent: Improved Hamstring; tree row 6
Warrior,Arms,Talent,Improved Hamstring,12668,12289,Rank 2/3,,Gives your Hamstring ability a 10% chance to immobilize the target for 5 sec.,Talent Passive,Data only,,5,,,Data only,TALENT,https://www.wowhead.com/tbc/spell=12668,Talent: Improved Hamstring; tree row 6
Warrior,Arms,Talent,Improved Hamstring,23695,12289,Rank 3/3,,Gives your Hamstring ability a 15% chance to immobilize the target for 5 sec.,Talent Passive,Data only,,5,,,Data only,TALENT,https://www.wowhead.com/tbc/spell=23695,Talent: Improved Hamstring; tree row 6
Warrior,Arms,Talent,Improved Heroic Strike,12282,12282,Rank 1/3,,Reduces the cost of your Heroic Strike ability by 1 rage point.,Talent Passive,Data only,,,,,Data only,TALENT,https://www.wowhead.com/tbc/spell=12282,Talent: Improved Heroic Strike; tree row 1
Warrior,Arms,Talent,Improved Heroic Strike,12663,12282,Rank 2/3,,Reduces the cost of your Heroic Strike ability by 2 rage points.,Talent Passive,Data only,,,,,Data only,TALENT,https://www.wowhead.com/tbc/spell=12663,Talent: Improved Heroic Strike; tree row 1
Warrior,Arms,Talent,Improved Heroic Strike,12664,12282,Rank 3/3,,Reduces the cost of your Heroic Strike ability by 3 rage points.,Talent Passive,Data only,,,,,Data only,TALENT,https://www.wowhead.com/tbc/spell=12664,Talent: Improved Heroic Strike; tree row 1
Warrior,Arms,Talent,Improved Intercept,29888,29888,Rank 1/2,,Reduces the cooldown of your Intercept ability by 5 sec.,Talent Passive,Data only,,,,,Data only,TALENT,https://www.wowhead.com/tbc/spell=29888,Talent: Improved Intercept; tree row 6
Warrior,Arms,Talent,Improved Intercept,29889,29888,Rank 2/2,,Reduces the cooldown of your Intercept ability by 10 sec.,Talent Passive,Data only,,,,,Data only,TALENT,https://www.wowhead.com/tbc/spell=29889,Talent: Improved Intercept; tree row 6
Warrior,Arms,Talent,Improved Mortal Strike,35446,35446,Rank 1/5,,Reduces the cooldown of your Mortal Strike ability by 0.2 sec and increases the damage it causes by 1%.,Talent Passive,Data only,,,,,Data only,TALENT,https://www.wowhead.com/tbc/spell=35446,Talent: Improved Mortal Strike; tree row 8
Warrior,Arms,Talent,Improved Mortal Strike,35448,35446,Rank 2/5,,Reduces the cooldown of your Mortal Strike ability by 0.4 sec and increases the damage it causes by 2%.,Talent Passive,Data only,,,,,Data only,TALENT,https://www.wowhead.com/tbc/spell=35448,Talent: Improved Mortal Strike; tree row 8
Warrior,Arms,Talent,Improved Mortal Strike,35449,35446,Rank 3/5,,Reduces the cooldown of your Mortal Strike ability by 0.6 sec and increases the damage it causes by 3%.,Talent Passive,Data only,,,,,Data only,TALENT,https://www.wowhead.com/tbc/spell=35449,Talent: Improved Mortal Strike; tree row 8
Warrior,Arms,Talent,Improved Mortal Strike,35450,35446,Rank 4/5,,Reduces the cooldown of your Mortal Strike ability by 0.8 sec and increases the damage it causes by 4%.,Talent Passive,Data only,,,,,Data only,TALENT,https://www.wowhead.com/tbc/spell=35450,Talent: Improved Mortal Strike; tree row 8
Warrior,Arms,Talent,Improved Mortal Strike,35451,35446,Rank 5/5,,Reduces the cooldown of your Mortal Strike ability by 1 sec and increases the damage it causes by 5%.,Talent Passive,Data only,,,,,Data only,TALENT,https://www.wowhead.com/tbc/spell=35451,Talent: Improved Mortal Strike; tree row 8
Warrior,Arms,Talent,Improved Overpower,12290,12290,Rank 1/2,,Increases the critical strike chance of your Overpower ability by 25%.,Talent Passive,Data only,,,,,Data only,TALENT,https://www.wowhead.com/tbc/spell=12290,Talent: Improved Overpower; tree row 3
Warrior,Arms,Talent,Improved Overpower,12963,12290,Rank 2/2,,Increases the critical strike chance of your Overpower ability by 50%.,Talent Passive,Data only,,,,,Data only,TALENT,https://www.wowhead.com/tbc/spell=12963,Talent: Improved Overpower; tree row 3
Warrior,Arms,Talent,Improved Rend,12286,12286,Rank 1/3,,Increases the bleed damage done by your Rend ability by 25%.,Talent Passive,Data only,,,,,Data only,TALENT,https://www.wowhead.com/tbc/spell=12286,Talent: Improved Rend; tree row 1
Warrior,Arms,Talent,Improved Rend,12658,12286,Rank 2/3,,Increases the bleed damage done by your Rend ability by 50%.,Talent Passive,Data only,,,,,Data only,TALENT,https://www.wowhead.com/tbc/spell=12658,Talent: Improved Rend; tree row 1
Warrior,Arms,Talent,Improved Rend,12659,12286,Rank 3/3,,Increases the bleed damage done by your Rend ability by 75%.,Talent Passive,Data only,,,,,Data only,TALENT,https://www.wowhead.com/tbc/spell=12659,Talent: Improved Rend; tree row 1
Warrior,Arms,Talent,Improved Thunder Clap,12287,12287,Rank 1/3,,Reduces the cost of your Thunder Clap ability by 1 rage point and increases the damage by 40% and the slowing effect by an additional 4%.,Talent Passive,Data only,,,,,Data only,TALENT,https://www.wowhead.com/tbc/spell=12287,Talent: Improved Thunder Clap; tree row 2
Warrior,Arms,Talent,Improved Thunder Clap,12665,12287,Rank 2/3,,Reduces the cost of your Thunder Clap ability by 2 rage points and increases the damage by 70% and the slowing effect by an additional 7%.,Talent Passive,Data only,,,,,Data only,TALENT,https://www.wowhead.com/tbc/spell=12665,Talent: Improved Thunder Clap; tree row 2
Warrior,Arms,Talent,Improved Thunder Clap,12666,12287,Rank 3/3,,Reduces the cost of your Thunder Clap ability by 4 rage points and increases the damage by 100% and the slowing effect by an additional 10%.,Talent Passive,Data only,,,,,Data only,TALENT,https://www.wowhead.com/tbc/spell=12666,Talent: Improved Thunder Clap; tree row 2
Warrior,Arms,Talent,Iron Will,12300,12300,Rank 1/5,,Increases your chance to resist Stun and Charm effects by an additional 3%.,Talent Passive,Data only,,,,,Data only,TALENT,https://www.wowhead.com/tbc/spell=12300,Talent: Iron Will; tree row 2
Warrior,Arms,Talent,Iron Will,12959,12300,Rank 2/5,,Increases your chance to resist Stun and Charm effects by an additional 6%.,Talent Passive,Data only,,,,,Data only,TALENT,https://www.wowhead.com/tbc/spell=12959,Talent: Iron Will; tree row 2
Warrior,Arms,Talent,Iron Will,12960,12300,Rank 3/5,,Increases your chance to resist Stun and Charm effects by an additional 9%.,Talent Passive,Data only,,,,,Data only,TALENT,https://www.wowhead.com/tbc/spell=12960,Talent: Iron Will; tree row 2
Warrior,Arms,Talent,Iron Will,12961,12300,Rank 4/5,,Increases your chance to resist Stun and Charm effects by an additional 12%.,Talent Passive,Data only,,,,,Data only,TALENT,https://www.wowhead.com/tbc/spell=12961,Talent: Iron Will; tree row 2
Warrior,Arms,Talent,Iron Will,12962,12300,Rank 5/5,,Increases your chance to resist Stun and Charm effects by an additional 15%.,Talent Passive,Data only,,,,,Data only,TALENT,https://www.wowhead.com/tbc/spell=12962,Talent: Iron Will; tree row 2
Warrior,Arms,Talent,Mace Specialization,12284,12284,Rank 1/5,,Gives your melee attacks a chance to stun your target for 3 sec and generate 7 rage when using a Mace.,Talent Passive,Data only,,3,,,Data only,TALENT,https://www.wowhead.com/tbc/spell=12284,Talent: Mace Specialization; tree row 5
Warrior,Arms,Talent,Mace Specialization,12701,12284,Rank 1,,Gives your melee attacks a chance to stun your target for 3 sec and generate 7 rage when using a Mace. More effective than Mace Specialization (Rank 1).,Talent Passive,Data only,,3,,,Data only,TALENT,https://www.wowhead.com/tbc/spell=12701,Talent: Mace Specialization; tree row 5
Warrior,Arms,Talent,Mace Specialization,12702,12284,Rank 2,,Gives your melee attacks a chance to stun your target for 3 sec and generate 7 rage when using a Mace. More effective than Mace Specialization (Rank 2).,Talent Passive,Data only,,3,,,Data only,TALENT,https://www.wowhead.com/tbc/spell=12702,Talent: Mace Specialization; tree row 5
Warrior,Arms,Talent,Mace Specialization,12703,12284,Rank 3,,Gives your melee attacks a chance to stun your target for 3 sec and generate 7 rage when using a Mace. More effective than Mace Specialization (Rank 3).,Talent Passive,Data only,,3,,,Data only,TALENT,https://www.wowhead.com/tbc/spell=12703,Talent: Mace Specialization; tree row 5
Warrior,Arms,Talent,Mace Specialization,12704,12284,Rank 4,,Gives your melee attacks a chance to stun your target for 3 sec and generate 7 rage when using a Mace. More effective than Mace Specialization (Rank 4).,Talent Passive,Data only,,3,,,Data only,TALENT,https://www.wowhead.com/tbc/spell=12704,Talent: Mace Specialization; tree row 5
Warrior,Arms,Talent Ability,Mortal Strike,12294,12294,Rank 1/1,,"A vicious strike that deals weapon damage plus 85 and wounds the target, reducing the effectiveness of any healing by 50% for 10 sec.",Offensive,Main,6,10,30 Rage,,Cooldown,"DEBUFF, DPS, PVE_PVP, ROTATIONAL",https://www.wowhead.com/tbc/spell=12294,Talent-required | Talent: Mortal Strike
Warrior,Arms,Talent Ability,Mortal Strike,21551,12294,Rank 2,48,"A vicious strike that deals weapon damage plus 110 and wounds the target, reducing the effectiveness of any healing by 50% for 10 sec.",Offensive,Main,6,10,30 Rage,,Cooldown,"DEBUFF, DPS, PVE_PVP, ROTATIONAL",https://www.wowhead.com/tbc/spell=21551,Talent-required
Warrior,Arms,Talent Ability,Mortal Strike,21552,12294,Rank 3,54,"A vicious strike that deals weapon damage plus 135 and wounds the target, reducing the effectiveness of any healing by 50% for 10 sec.",Offensive,Main,6,10,30 Rage,,Cooldown,"DEBUFF, DPS, PVE_PVP, ROTATIONAL",https://www.wowhead.com/tbc/spell=21552,Talent-required
Warrior,Arms,Talent Ability,Mortal Strike,21553,12294,Rank 4,60,"A vicious strike that deals weapon damage plus 160 and wounds the target, reducing the effectiveness of any healing by 50% for 10 sec.",Offensive,Main,6,10,30 Rage,,Cooldown,"DEBUFF, DPS, PVE_PVP, ROTATIONAL",https://www.wowhead.com/tbc/spell=21553,Talent-required
Warrior,Arms,Talent Ability,Mortal Strike,25248,12294,Rank 5,66,"A vicious strike that deals weapon damage plus 185 and wounds the target, reducing the effectiveness of any healing by 50% for 10 sec.",Offensive,Main,6,10,30 Rage,,Cooldown,"DEBUFF, DPS, PVE_PVP, ROTATIONAL",https://www.wowhead.com/tbc/spell=25248,Talent-required
Warrior,Arms,Talent Ability,Mortal Strike,27580,12294,Rank 6,60,"A vicious strike that deals weapon damage plus 160 and wounds the target, reducing the effectiveness of any healing by 50% for 10 sec.",Offensive,Main,6,10,,,Cooldown,"DEBUFF, DPS, PVE_PVP, ROTATIONAL",https://www.wowhead.com/tbc/spell=27580,Talent-required
Warrior,Arms,Talent Ability,Mortal Strike,30330,12294,Rank 7,70,"A vicious strike that deals weapon damage plus 210 and wounds the target, reducing the effectiveness of any healing by 50% for 10 sec.",Offensive,Main,6,10,30 Rage,,Cooldown,"DEBUFF, DPS, PVE_PVP, ROTATIONAL",https://www.wowhead.com/tbc/spell=30330,Talent-required
Warrior,Arms,Talent,Poleaxe Specialization,12700,12700,Rank 1/5,,Increases your chance to get a critical strike with Axes and Polearms by 1%.,Talent Passive,Data only,,,,,Data only,TALENT,https://www.wowhead.com/tbc/spell=12700,Talent: Poleaxe Specialization; tree row 5
Warrior,Arms,Talent,Poleaxe Specialization,12781,12700,Rank 2/5,,Increases your chance to get a critical strike with Axes and Polearms by 2%.,Talent Passive,Data only,,,,,Data only,TALENT,https://www.wowhead.com/tbc/spell=12781,Talent: Poleaxe Specialization; tree row 5
Warrior,Arms,Talent,Poleaxe Specialization,12783,12700,Rank 3/5,,Increases your chance to get a critical strike with Axes and Polearms by 3%.,Talent Passive,Data only,,,,,Data only,TALENT,https://www.wowhead.com/tbc/spell=12783,Talent: Poleaxe Specialization; tree row 5
Warrior,Arms,Talent,Poleaxe Specialization,12784,12700,Rank 4/5,,Increases your chance to get a critical strike with Axes and Polearms by 4%.,Talent Passive,Data only,,,,,Data only,TALENT,https://www.wowhead.com/tbc/spell=12784,Talent: Poleaxe Specialization; tree row 5
Warrior,Arms,Talent,Poleaxe Specialization,12785,12700,Rank 5/5,,Increases your chance to get a critical strike with Axes and Polearms by 5%.,Talent Passive,Data only,,,,,Data only,TALENT,https://www.wowhead.com/tbc/spell=12785,Talent: Poleaxe Specialization; tree row 5
Warrior,Arms,Talent,Second Wind,29834,29834,Rank 1/2,,Whenever you are struck by a Stun or Immobilize effect you will generate 10 rage and 5% of your total health over 10 sec.,Talent Passive,Data only,,,,,Data only,TALENT,https://www.wowhead.com/tbc/spell=29834,Talent: Second Wind; tree row 7
Warrior,Arms,Talent,Second Wind,29838,29834,Rank 2/2,,Whenever you are struck by a Stun or Immobilize effect you will generate 20 rage and 10% of your total health over 10 sec.,Talent Passive,Data only,,,,,Data only,TALENT,https://www.wowhead.com/tbc/spell=29838,Talent: Second Wind; tree row 7
Warrior,Arms,Talent,Sword Specialization,12281,12281,Rank 1/5,,Gives you a 1% chance to get an extra attack on the same target after hitting your target with your Sword.,Talent Passive,Data only,,,,,Data only,TALENT,https://www.wowhead.com/tbc/spell=12281,Talent: Sword Specialization; tree row 5
Warrior,Arms,Talent,Sword Specialization,12812,12281,Rank 2/5,,Gives you a 2% chance to get an extra attack on the same target after hitting your target with your Sword.,Talent Passive,Data only,,,,,Data only,TALENT,https://www.wowhead.com/tbc/spell=12812,Talent: Sword Specialization; tree row 5
Warrior,Arms,Talent,Sword Specialization,12813,12281,Rank 3/5,,Gives you a 3% chance to get an extra attack on the same target after hitting your target with your Sword.,Talent Passive,Data only,,,,,Data only,TALENT,https://www.wowhead.com/tbc/spell=12813,Talent: Sword Specialization; tree row 5
Warrior,Arms,Talent,Sword Specialization,12814,12281,Rank 4/5,,Gives you a 4% chance to get an extra attack on the same target after hitting your target with your Sword.,Talent Passive,Data only,,,,,Data only,TALENT,https://www.wowhead.com/tbc/spell=12814,Talent: Sword Specialization; tree row 5
Warrior,Arms,Talent,Sword Specialization,12815,12281,Rank 5/5,,Gives you a 5% chance to get an extra attack on the same target after hitting your target with your Sword.,Talent Passive,Data only,,,,,Data only,TALENT,https://www.wowhead.com/tbc/spell=12815,Talent: Sword Specialization; tree row 5
Warrior,Arms,Talent,Two-Handed Weapon Specialization,12163,12163,Rank 1/5,,Increases the damage you deal with two-handed melee weapons by 1%.,Talent Passive,Data only,,,,,Data only,TALENT,https://www.wowhead.com/tbc/spell=12163,Talent: Two-Handed Weapon Specialization; tree row 4
Warrior,Arms,Talent,Two-Handed Weapon Specialization,12711,12163,Rank 2/5,,Increases the damage you deal with two-handed melee weapons by 2%.,Talent Passive,Data only,,,,,Data only,TALENT,https://www.wowhead.com/tbc/spell=12711,Talent: Two-Handed Weapon Specialization; tree row 4
Warrior,Arms,Talent,Two-Handed Weapon Specialization,12712,12163,Rank 3/5,,Increases the damage you deal with two-handed melee weapons by 3%.,Talent Passive,Data only,,,,,Data only,TALENT,https://www.wowhead.com/tbc/spell=12712,Talent: Two-Handed Weapon Specialization; tree row 4
Warrior,Arms,Talent,Two-Handed Weapon Specialization,12713,12163,Rank 4/5,,Increases the damage you deal with two-handed melee weapons by 4%.,Talent Passive,Data only,,,,,Data only,TALENT,https://www.wowhead.com/tbc/spell=12713,Talent: Two-Handed Weapon Specialization; tree row 4
Warrior,Arms,Talent,Two-Handed Weapon Specialization,12714,12163,Rank 5/5,,Increases the damage you deal with two-handed melee weapons by 5%.,Talent Passive,Data only,,,,,Data only,TALENT,https://www.wowhead.com/tbc/spell=12714,Talent: Two-Handed Weapon Specialization; tree row 4
Warrior,"Arms, Fury",Ability,Execute,5308,5308,Rank 1,24,"Attempt to finish off a wounded foe, causing 125 damage and converting each extra point of rage into 3 additional damage. Only usable on enemies that have less than 20% health.",Offensive,Main,0,,15 Rage,,Cooldown,"CONSUMES_ALL_RESOURCE, DPS, FINISHER, PVE_PVP, REACTIVE, ROTATIONAL",https://www.wowhead.com/tbc/spell=5308,
Warrior,"Arms, Fury",Ability,Execute,7160,5308,Rank 2,6,"Attempts to finish off a wounded enemy, inflicting normal damage plus 50. Execute can only be used on enemies that have 20% or less health.",Offensive,Main,0,,,,Cooldown,"CONSUMES_ALL_RESOURCE, DPS, FINISHER, PVE_PVP, REACTIVE, ROTATIONAL",https://www.wowhead.com/tbc/spell=7160,
Warrior,"Arms, Fury",Ability,Execute,20658,5308,Rank 3,32,"Attempt to finish off a wounded foe, causing 200 damage and converting each extra point of rage into 6 additional damage. Only usable on enemies that have less than 20% health.",Offensive,Main,0,,15 Rage,,Cooldown,"CONSUMES_ALL_RESOURCE, DPS, FINISHER, PVE_PVP, REACTIVE, ROTATIONAL",https://www.wowhead.com/tbc/spell=20658,
Warrior,"Arms, Fury",Ability,Execute,20660,5308,Rank 4,40,"Attempt to finish off a wounded foe, causing 325 damage and converting each extra point of rage into 9 additional damage. Only usable on enemies that have less than 20% health.",Offensive,Main,0,,15 Rage,,Cooldown,"CONSUMES_ALL_RESOURCE, DPS, FINISHER, PVE_PVP, REACTIVE, ROTATIONAL",https://www.wowhead.com/tbc/spell=20660,
Warrior,"Arms, Fury",Ability,Execute,20661,5308,Rank 5,48,"Attempt to finish off a wounded foe, causing 450 damage and converting each extra point of rage into 12 additional damage. Only usable on enemies that have less than 20% health.",Offensive,Main,0,,15 Rage,,Cooldown,"CONSUMES_ALL_RESOURCE, DPS, FINISHER, PVE_PVP, REACTIVE, ROTATIONAL",https://www.wowhead.com/tbc/spell=20661,
Warrior,"Arms, Fury",Ability,Execute,20662,5308,Rank 6,56,"Attempt to finish off a wounded foe, causing 600 damage and converting each extra point of rage into 15 additional damage. Only usable on enemies that have less than 20% health.",Offensive,Main,0,,15 Rage,,Cooldown,"CONSUMES_ALL_RESOURCE, DPS, FINISHER, PVE_PVP, REACTIVE, ROTATIONAL",https://www.wowhead.com/tbc/spell=20662,
Warrior,"Arms, Fury",Ability,Execute,25234,5308,Rank 7,65,"Attempt to finish off a wounded foe, causing 750 damage and converting each extra point of rage into 18 additional damage. Only usable on enemies that have less than 20% health.",Offensive,Main,0,,15 Rage,,Cooldown,"CONSUMES_ALL_RESOURCE, DPS, FINISHER, PVE_PVP, REACTIVE, ROTATIONAL",https://www.wowhead.com/tbc/spell=25234,
Warrior,"Arms, Fury",Ability,Execute,25236,5308,Rank 8,70,"Attempt to finish off a wounded foe, causing 925 damage and converting each extra point of rage into 21 additional damage. Only usable on enemies that have less than 20% health.",Offensive,Main,0,,15 Rage,,Cooldown,"CONSUMES_ALL_RESOURCE, DPS, FINISHER, PVE_PVP, REACTIVE, ROTATIONAL",https://www.wowhead.com/tbc/spell=25236,
Warrior,"Arms, Fury",Ability,Pummel,6552,6552,Rank 1,38,Pummel the target for 20 damage. It also interrupts spellcasting and prevents any spell in that school from being cast for 4 sec.,Interrupt,Utility,10,4,10 Rage,,Cooldown,INTERRUPT,https://www.wowhead.com/tbc/spell=6552,
Warrior,"Arms, Fury",Ability,Pummel,6554,6552,Rank 2,58,Pummel the target for 50 damage. It also interrupts spellcasting and prevents any spell in that school from being cast for 4 sec.,Interrupt,Utility,10,4,10 Rage,,Cooldown,INTERRUPT,https://www.wowhead.com/tbc/spell=6554,
Warrior,"Arms, Fury",Ability,Pummel,13491,6552,Rank 3,6,Pummel the target for 4 damage and interrupt the spell being cast for 5 sec.,Interrupt,Utility,10,4,10 Rage,,Cooldown,INTERRUPT,https://www.wowhead.com/tbc/spell=13491,
Warrior,"Arms, Fury",Ability,Victory Rush,34428,34428,,62,Instantly attack the target causing (Attack Power * 45 / 100) damage. Can only be used within 20 sec after you kill an enemy that yields experience or honor. Damage is based on your attack power.,Healing,Utility,0,,,,Cooldown + aura,"DPS, HEAL_SINGLE, PROC, PVE_PVP, REACTIVE, ROTATIONAL",https://www.wowhead.com/tbc/spell=34428,
Warrior,Class-wide / Shared,Ability,Battle Shout,2048,6673,Rank 1,69,"The warrior shouts, increasing the melee attack power of all party members within 20 yards by 
306. Lasts 2 min.",Utility,Utility,0,120,10 Rage,,Cooldown,"BUFF, LONG_BUFF, UTILITY",https://www.wowhead.com/tbc/spell=2048,
Warrior,Class-wide / Shared,Ability,Battle Shout,5242,6673,Rank 2,12,"The warrior shouts, increasing the melee attack power of all party members within 20 yards by 
40. Lasts 2 min.",Utility,Utility,0,120,10 Rage,,Cooldown,"BUFF, LONG_BUFF, UTILITY",https://www.wowhead.com/tbc/spell=5242,
Warrior,Class-wide / Shared,Ability,Battle Shout,6192,6673,Rank 3,22,"The warrior shouts, increasing the melee attack power of all party members within 20 yards by 
60. Lasts 2 min.",Utility,Utility,0,120,10 Rage,,Cooldown,"BUFF, LONG_BUFF, UTILITY",https://www.wowhead.com/tbc/spell=6192,
Warrior,Class-wide / Shared,Ability,Battle Shout,6673,6673,Rank 4,1,"The warrior shouts, increasing the melee attack power of all party members within 20 yards by 
20. Lasts 2 min.",Utility,Utility,0,120,10 Rage,,Cooldown,"BUFF, LONG_BUFF, UTILITY",https://www.wowhead.com/tbc/spell=6673,
Warrior,Class-wide / Shared,Ability,Battle Shout,11549,6673,Rank 5,32,"The warrior shouts, increasing the melee attack power of all party members within 20 yards by 
94. Lasts 2 min.",Utility,Utility,0,120,10 Rage,,Cooldown,"BUFF, LONG_BUFF, UTILITY",https://www.wowhead.com/tbc/spell=11549,
Warrior,Class-wide / Shared,Ability,Battle Shout,11550,6673,Rank 6,42,"The warrior shouts, increasing the melee attack power of all party members within 20 yards by 
139. Lasts 2 min.",Utility,Utility,0,120,10 Rage,,Cooldown,"BUFF, LONG_BUFF, UTILITY",https://www.wowhead.com/tbc/spell=11550,
Warrior,Class-wide / Shared,Ability,Battle Shout,11551,6673,Rank 7,52,"The warrior shouts, increasing the melee attack power of all party members within 20 yards by 
194. Lasts 2 min.",Utility,Utility,0,120,10 Rage,,Cooldown,"BUFF, LONG_BUFF, UTILITY",https://www.wowhead.com/tbc/spell=11551,
Warrior,Class-wide / Shared,Ability,Battle Shout,25289,6673,Rank 8,60,"The warrior shouts, increasing the melee attack power of all party members within 20 yards by 
240. Lasts 2 min.",Utility,Utility,0,120,10 Rage,,Cooldown,"BUFF, LONG_BUFF, UTILITY",https://www.wowhead.com/tbc/spell=25289,
Warrior,Class-wide / Shared,Ability,Battle Stance,2457,2457,,1,A balanced combat stance.,Ability,Data only,1,,,,Cooldown,STANCE,https://www.wowhead.com/tbc/spell=2457,
Warrior,Class-wide / Shared,Ability,Berserker Rage,18499,18499,,32,"The warrior enters a berserker rage, becoming immune to Fear, Sap and Incapacitate effects and generating extra rage when taking damage. Lasts 10 sec.",Defensive,Utility,30,10,,,Cooldown + aura,"CC_BREAK, CC_IMMUNITY, HAS_BUFF",https://www.wowhead.com/tbc/spell=18499,
Warrior,Class-wide / Shared,Ability,Berserker Stance,2458,2458,,30,An aggressive stance. Critical hit chance is increased by 3% and all damage taken is increased by 10%.,Ability,Data only,1,,,,Cooldown,STANCE,https://www.wowhead.com/tbc/spell=2458,
Warrior,Class-wide / Shared,Ability,Bloodrage,2687,2687,,10,"Generates 10 rage at the cost of health, and then generates an additional 10 rage over 10 sec.",Resource,Main,60,10,,29131,Cooldown + aura,"DPS, HAS_BUFF, MINOR, RESOURCE",https://www.wowhead.com/tbc/spell=2687,
Warrior,Class-wide / Shared,Ability,Charge,100,100,Rank 1,4,"Charge an enemy, generate 9 rage, and stun it for 1 sec. Cannot be used in combat.",Crowd Control,Utility,15,1,,7922,Cooldown + aura,"CC_HARD, MOVEMENT, MOVEMENT_GAP_CLOSE",https://www.wowhead.com/tbc/spell=100,
Warrior,Class-wide / Shared,Ability,Charge,6178,100,Rank 2,26,"Charge an enemy, generate 12 rage, and stun it for 1 sec. Cannot be used in combat.",Crowd Control,Utility,15,1,,7922,Cooldown + aura,"CC_HARD, MOVEMENT, MOVEMENT_GAP_CLOSE",https://www.wowhead.com/tbc/spell=6178,
Warrior,Class-wide / Shared,Ability,Charge,11578,100,Rank 3,46,"Charge an enemy, generate 15 rage, and stun it for 1 sec. Cannot be used in combat.",Crowd Control,Utility,15,1,,7922,Cooldown + aura,"CC_HARD, MOVEMENT, MOVEMENT_GAP_CLOSE",https://www.wowhead.com/tbc/spell=11578,
Warrior,Class-wide / Shared,Ability,Cleave,845,845,Rank 1,20,A sweeping attack that does your weapon damage plus 5 to the target and his nearest ally.,Offensive,Main,0,,20 Rage,,Cooldown,"AOE, DPS, FILLER, MINOR, PVE, SWING_RESET",https://www.wowhead.com/tbc/spell=845,
Warrior,Class-wide / Shared,Ability,Cleave,7369,845,Rank 2,30,A sweeping attack that does your weapon damage plus 10 to the target and his nearest ally.,Offensive,Main,0,,20 Rage,,Cooldown,"AOE, DPS, FILLER, MINOR, PVE, SWING_RESET",https://www.wowhead.com/tbc/spell=7369,
Warrior,Class-wide / Shared,Ability,Cleave,11608,845,Rank 3,40,A sweeping attack that does your weapon damage plus 18 to the target and his nearest ally.,Offensive,Main,0,,20 Rage,,Cooldown,"AOE, DPS, FILLER, MINOR, PVE, SWING_RESET",https://www.wowhead.com/tbc/spell=11608,
Warrior,Class-wide / Shared,Ability,Cleave,11609,845,Rank 4,50,A sweeping attack that does your weapon damage plus 32 to the target and his nearest ally.,Offensive,Main,0,,20 Rage,,Cooldown,"AOE, DPS, FILLER, MINOR, PVE, SWING_RESET",https://www.wowhead.com/tbc/spell=11609,
Warrior,Class-wide / Shared,Ability,Cleave,20569,845,Rank 5,60,A sweeping attack that does your weapon damage plus 50 to the target and his nearest ally.,Offensive,Main,0,,20 Rage,,Cooldown,"AOE, DPS, FILLER, MINOR, PVE, SWING_RESET",https://www.wowhead.com/tbc/spell=20569,
Warrior,Class-wide / Shared,Ability,Cleave,25231,845,Rank 6,68,A sweeping attack that does your weapon damage plus 70 to the target and his nearest ally.,Offensive,Main,0,,20 Rage,,Cooldown,"AOE, DPS, FILLER, MINOR, PVE, SWING_RESET",https://www.wowhead.com/tbc/spell=25231,
Warrior,Class-wide / Shared,Ability,Commanding Shout,469,469,,68,Increases maximum health of all party members within 20 yards by 1080. Lasts 2 min.,Utility,Utility,0,120,10 Rage,,Cooldown,"BUFF, LONG_BUFF, UTILITY",https://www.wowhead.com/tbc/spell=469,
Warrior,Class-wide / Shared,Ability,Defensive Stance,71,71,,10,A defensive combat stance. Decreases damage taken by 10% and damage caused by 10%. Increases threat generated.,Ability,Data only,1,,,,Cooldown,STANCE,https://www.wowhead.com/tbc/spell=71,
Warrior,Class-wide / Shared,Ability,Disarm,676,676,,18,Disarm the enemy's weapon for 10 sec.,Crowd Control,Utility,60,10,20 Rage,,Cooldown,CC_HARD,https://www.wowhead.com/tbc/spell=676,
Warrior,Class-wide / Shared,Ability,Hamstring,1715,1715,Rank 1,8,"Maims the enemy, causing 5 damage and slowing the enemy's movement by 40% for 15 sec.",Crowd Control,Utility,0,15,10 Rage,,Cooldown,"CC_SOFT, FILLER",https://www.wowhead.com/tbc/spell=1715,
Warrior,Class-wide / Shared,Ability,Hamstring,7372,1715,Rank 2,32,"Maims the enemy, causing 18 damage and slowing the enemy's movement by 45% for 15 sec.",Crowd Control,Utility,0,15,10 Rage,,Cooldown,"CC_SOFT, FILLER",https://www.wowhead.com/tbc/spell=7372,
Warrior,Class-wide / Shared,Ability,Hamstring,7373,1715,Rank 3,54,"Maims the enemy, causing 45 damage and slowing the enemy's movement by 50% for 15 sec.",Crowd Control,Utility,0,15,10 Rage,,Cooldown,"CC_SOFT, FILLER",https://www.wowhead.com/tbc/spell=7373,
Warrior,Class-wide / Shared,Ability,Hamstring,25212,1715,Rank 4,67,"Maims the enemy, causing 63 damage and slowing the enemy's movement to 50% of normal speed for 15 sec.",Crowd Control,Utility,0,15,10 Rage,,Cooldown,"CC_SOFT, FILLER",https://www.wowhead.com/tbc/spell=25212,
Warrior,Class-wide / Shared,Ability,Hamstring,27584,1715,Rank 5,54,"Maims the enemy, causing 45 damage and slowing the enemy's movement by 50% for 15 sec.",Crowd Control,Utility,0,15,,,Cooldown,"CC_SOFT, FILLER",https://www.wowhead.com/tbc/spell=27584,
Warrior,Class-wide / Shared,Ability,Heroic Strike,78,78,Rank 1,1,A strong attack that increases melee damage by 11 and causes a high amount of threat.,Offensive,Main,0,,15 Rage,,Cooldown,"DPS, FILLER, MINOR, PVE, SWING_RESET",https://www.wowhead.com/tbc/spell=78,
Warrior,Class-wide / Shared,Ability,Heroic Strike,284,78,Rank 2,8,A strong attack that increases melee damage by 21 and causes a high amount of threat.,Offensive,Main,0,,15 Rage,,Cooldown,"DPS, FILLER, MINOR, PVE, SWING_RESET",https://www.wowhead.com/tbc/spell=284,
Warrior,Class-wide / Shared,Ability,Heroic Strike,285,78,Rank 3,16,A strong attack that increases melee damage by 32 and causes a high amount of threat.,Offensive,Main,0,,15 Rage,,Cooldown,"DPS, FILLER, MINOR, PVE, SWING_RESET",https://www.wowhead.com/tbc/spell=285,
Warrior,Class-wide / Shared,Ability,Heroic Strike,1608,78,Rank 4,24,A strong attack that increases melee damage by 44 and causes a high amount of threat.,Offensive,Main,0,,15 Rage,,Cooldown,"DPS, FILLER, MINOR, PVE, SWING_RESET",https://www.wowhead.com/tbc/spell=1608,
Warrior,Class-wide / Shared,Ability,Heroic Strike,11564,78,Rank 5,32,A strong attack that increases melee damage by 58 and causes a high amount of threat.,Offensive,Main,0,,15 Rage,,Cooldown,"DPS, FILLER, MINOR, PVE, SWING_RESET",https://www.wowhead.com/tbc/spell=11564,
Warrior,Class-wide / Shared,Ability,Heroic Strike,11565,78,Rank 6,40,A strong attack that increases melee damage by 80 and causes a high amount of threat.,Offensive,Main,0,,15 Rage,,Cooldown,"DPS, FILLER, MINOR, PVE, SWING_RESET",https://www.wowhead.com/tbc/spell=11565,
Warrior,Class-wide / Shared,Ability,Heroic Strike,11566,78,Rank 7,48,A strong attack that increases melee damage by 111 and causes a high amount of threat.,Offensive,Main,0,,15 Rage,,Cooldown,"DPS, FILLER, MINOR, PVE, SWING_RESET",https://www.wowhead.com/tbc/spell=11566,
Warrior,Class-wide / Shared,Ability,Heroic Strike,11567,78,Rank 8,56,A strong attack that increases melee damage by 138 and causes a high amount of threat.,Offensive,Main,0,,15 Rage,,Cooldown,"DPS, FILLER, MINOR, PVE, SWING_RESET",https://www.wowhead.com/tbc/spell=11567,
Warrior,Class-wide / Shared,Ability,Heroic Strike,25286,78,Rank 9,60,A strong attack that increases melee damage by 157 and causes a high amount of threat.,Offensive,Main,0,,15 Rage,,Cooldown,"DPS, FILLER, MINOR, PVE, SWING_RESET",https://www.wowhead.com/tbc/spell=25286,
Warrior,Class-wide / Shared,Ability,Heroic Strike,25712,78,Rank 10,16,A strong attack that increases melee damage by 32 and causes a high amount of threat.,Offensive,Main,0,,,,Cooldown,"DPS, FILLER, MINOR, PVE, SWING_RESET",https://www.wowhead.com/tbc/spell=25712,
Warrior,Class-wide / Shared,Ability,Heroic Strike,29707,78,Rank 11,66,A strong attack that increases melee damage by 176 and causes a high amount of threat. Causes 62 additional damage against Dazed targets.,Offensive,Main,0,,15 Rage,,Cooldown,"DPS, FILLER, MINOR, PVE, SWING_RESET",https://www.wowhead.com/tbc/spell=29707,
Warrior,Class-wide / Shared,Ability,Heroic Strike,30324,78,Rank 12,70,A strong attack that increases melee damage by 208 and causes a high amount of threat. Causes 73 additional damage against Dazed targets.,Offensive,Main,0,,15 Rage,,Cooldown,"DPS, FILLER, MINOR, PVE, SWING_RESET",https://www.wowhead.com/tbc/spell=30324,
Warrior,Class-wide / Shared,Ability,Intercept,20252,20252,Rank 1,30,"Charge an enemy, causing 25 damage and stunning it for 3 sec.",Crowd Control,Utility,30,3,10 Rage,20615,Cooldown + aura,"CC_HARD, MOVEMENT, MOVEMENT_GAP_CLOSE",https://www.wowhead.com/tbc/spell=20252,
Warrior,Class-wide / Shared,Ability,Intercept,20616,20252,Rank 2,42,"Charge an enemy, causing 45 damage and stunning it for 3 sec.",Crowd Control,Utility,30,3,10 Rage,20615,Cooldown + aura,"CC_HARD, MOVEMENT, MOVEMENT_GAP_CLOSE",https://www.wowhead.com/tbc/spell=20616,
Warrior,Class-wide / Shared,Ability,Intercept,20617,20252,Rank 3,52,"Charge an enemy, causing 65 damage and stunning it for 3 sec.",Crowd Control,Utility,30,3,10 Rage,20615,Cooldown + aura,"CC_HARD, MOVEMENT, MOVEMENT_GAP_CLOSE",https://www.wowhead.com/tbc/spell=20617,
Warrior,Class-wide / Shared,Ability,Intercept,25272,20252,Rank 4,61,"Charge an enemy, causing 85 damage and stunning it for 3 sec.",Crowd Control,Utility,30,3,10 Rage,20615,Cooldown + aura,"CC_HARD, MOVEMENT, MOVEMENT_GAP_CLOSE",https://www.wowhead.com/tbc/spell=25272,
Warrior,Class-wide / Shared,Ability,Intercept,25275,20252,Rank 5,69,"Charge an enemy, causing 105 damage and stunning it for 3 sec.",Crowd Control,Utility,30,3,10 Rage,20615,Cooldown + aura,"CC_HARD, MOVEMENT, MOVEMENT_GAP_CLOSE",https://www.wowhead.com/tbc/spell=25275,
Warrior,Class-wide / Shared,Ability,Intervene,3411,3411,,70,"Run at high speed towards a party member, intercepting the next melee or ranged attack made against them.",Mobility,Utility,30,,10 Rage,,Cooldown,"MOVEMENT, MOVEMENT_GAP_CLOSE",https://www.wowhead.com/tbc/spell=3411,
Warrior,Class-wide / Shared,Ability,Intimidating Shout,5246,5246,,22,"The warrior shouts, causing enemies within 8 yards to cower in fear. Up to 5 total nearby enemies will flee in fear. Lasts 8 sec.",Crowd Control,Utility,180,8,25 Rage,20511,Cooldown + aura,"CC_HARD, FEAR",https://www.wowhead.com/tbc/spell=5246,
Warrior,Class-wide / Shared,Ability,Rend,772,772,Rank 1,4,Wounds the target causing them to bleed for 15 damage plus an additional [0.00743 * 3 * ((Mainhand weapon max base damage + Mainhand weapon min base damage) / 2 + Attack Power / 14 * Mainhand weapon max base speed)] (based on weapon damage) over 9 sec.,Offensive,Main,0,15,10 Rage,,Cooldown,"DEBUFF, DPS, PVE, ROTATIONAL",https://www.wowhead.com/tbc/spell=772,
Warrior,Class-wide / Shared,Ability,Rend,6546,772,Rank 2,10,Wounds the target causing them to bleed for 28 damage plus an additional [0.00743 * 4 * ((Mainhand weapon max base damage + Mainhand weapon min base damage) / 2 + Attack Power / 14 * Mainhand weapon max base speed)] (based on weapon damage) over 12 sec.,Offensive,Main,0,15,10 Rage,,Cooldown,"DEBUFF, DPS, PVE, ROTATIONAL",https://www.wowhead.com/tbc/spell=6546,
Warrior,Class-wide / Shared,Ability,Rend,6547,772,Rank 3,20,Wounds the target causing them to bleed for 45 damage plus an additional [0.00743 * 5 * ((Mainhand weapon max base damage + Mainhand weapon min base damage) / 2 + Attack Power / 14 * Mainhand weapon max base speed)] (based on weapon damage) over 15 sec.,Offensive,Main,0,15,10 Rage,,Cooldown,"DEBUFF, DPS, PVE, ROTATIONAL",https://www.wowhead.com/tbc/spell=6547,
Warrior,Class-wide / Shared,Ability,Rend,6548,772,Rank 4,30,Wounds the target causing them to bleed for 66 damage plus an additional [0.00743 * 6 * ((Mainhand weapon max base damage + Mainhand weapon min base damage) / 2 + Attack Power / 14 * Mainhand weapon max base speed)] (based on weapon damage) over 18 sec.,Offensive,Main,0,15,10 Rage,,Cooldown,"DEBUFF, DPS, PVE, ROTATIONAL",https://www.wowhead.com/tbc/spell=6548,
Warrior,Class-wide / Shared,Ability,Rend,11572,772,Rank 5,40,Wounds the target causing them to bleed for 98 damage plus an additional [0.00743 * 7 * ((Mainhand weapon max base damage + Mainhand weapon min base damage) / 2 + Attack Power / 14 * Mainhand weapon max base speed)] (based on weapon damage) over 21 sec.,Offensive,Main,0,15,10 Rage,,Cooldown,"DEBUFF, DPS, PVE, ROTATIONAL",https://www.wowhead.com/tbc/spell=11572,
Warrior,Class-wide / Shared,Ability,Rend,11573,772,Rank 6,50,Wounds the target causing them to bleed for 126 damage plus an additional [0.00743 * 7 * ((Mainhand weapon max base damage + Mainhand weapon min base damage) / 2 + Attack Power / 14 * Mainhand weapon max base speed)] (based on weapon damage) over 21 sec.,Offensive,Main,0,15,10 Rage,,Cooldown,"DEBUFF, DPS, PVE, ROTATIONAL",https://www.wowhead.com/tbc/spell=11573,
Warrior,Class-wide / Shared,Ability,Rend,11574,772,Rank 7,60,Wounds the target causing them to bleed for 147 damage plus an additional [0.00743 * 7 * ((Mainhand weapon max base damage + Mainhand weapon min base damage) / 2 + Attack Power / 14 * Mainhand weapon max base speed)] (based on weapon damage) over 21 sec.,Offensive,Main,0,15,10 Rage,,Cooldown,"DEBUFF, DPS, PVE, ROTATIONAL",https://www.wowhead.com/tbc/spell=11574,
Warrior,Class-wide / Shared,Ability,Rend,25208,772,Rank 8,68,Wounds the target causing them to bleed for 182 damage plus an additional [0.00743 * 7 * ((Mainhand weapon max base damage + Mainhand weapon min base damage) / 2 + Attack Power / 14 * Mainhand weapon max base speed)] (based on weapon damage) over 21 sec.,Offensive,Main,0,15,10 Rage,,Cooldown,"DEBUFF, DPS, PVE, ROTATIONAL",https://www.wowhead.com/tbc/spell=25208,
Warrior,Class-wide / Shared,Ability,Slam,1464,1464,Rank 1,30,"Slams the opponent, causing weapon damage plus 32.",Offensive,Main,0,,15 Rage,,Cooldown,"DPS, PVE, ROTATIONAL, SWING_RESET",https://www.wowhead.com/tbc/spell=1464,
Warrior,Class-wide / Shared,Ability,Slam,8820,1464,Rank 2,38,"Slams the opponent, causing weapon damage plus 43.",Offensive,Main,0,,15 Rage,,Cooldown,"DPS, PVE, ROTATIONAL, SWING_RESET",https://www.wowhead.com/tbc/spell=8820,
Warrior,Class-wide / Shared,Ability,Slam,11604,1464,Rank 3,46,"Slams the opponent, causing weapon damage plus 68.",Offensive,Main,0,,15 Rage,,Cooldown,"DPS, PVE, ROTATIONAL, SWING_RESET",https://www.wowhead.com/tbc/spell=11604,
Warrior,Class-wide / Shared,Ability,Slam,11605,1464,Rank 4,54,"Slams the opponent, causing weapon damage plus 87.",Offensive,Main,0,,15 Rage,,Cooldown,"DPS, PVE, ROTATIONAL, SWING_RESET",https://www.wowhead.com/tbc/spell=11605,
Warrior,Class-wide / Shared,Ability,Slam,25241,1464,Rank 5,61,"Slams the opponent, causing weapon damage plus 105.",Offensive,Main,0,,15 Rage,,Cooldown,"DPS, PVE, ROTATIONAL, SWING_RESET",https://www.wowhead.com/tbc/spell=25241,
Warrior,Class-wide / Shared,Ability,Slam,25242,1464,Rank 6,69,"Slams the opponent, causing weapon damage plus 140.",Offensive,Main,0,,15 Rage,,Cooldown,"DPS, PVE, ROTATIONAL, SWING_RESET",https://www.wowhead.com/tbc/spell=25242,
Warrior,Class-wide / Shared,Ability,Spell Reflection,23920,23920,,64,"Raise your shield, reflecting the next spell cast on you. Lasts 5 sec.",Defensive,Utility,10,5,25 Rage,,Cooldown + aura,"DEFENSIVE, HAS_BUFF, IMMUNITY, MINOR",https://www.wowhead.com/tbc/spell=23920,
Warrior,Fury,Ability,Recklessness,1719,1719,,50,"The warrior will cause critical hits with most attacks and will be immune to Fear effects for the next 15 sec, but all damage taken is increased by 20%.",Offensive,Main,1800,15,,,Cooldown + aura,"DPS, HAS_BUFF, MAJOR",https://www.wowhead.com/tbc/spell=1719,
Warrior,Fury,Talent,Blood Craze,16487,16487,Rank 1/3,,Regenerates 1% of your total Health over 6 sec after being the victim of a critical strike.,Talent Passive,Data only,,,,,Data only,TALENT,https://www.wowhead.com/tbc/spell=16487,Talent: Blood Craze; tree row 3
Warrior,Fury,Talent,Blood Craze,16489,16487,Rank 2/3,,Regenerates 2% of your total Health over 6 sec after being the victim of a critical strike.,Talent Passive,Data only,,,,,Data only,TALENT,https://www.wowhead.com/tbc/spell=16489,Talent: Blood Craze; tree row 3
Warrior,Fury,Talent,Blood Craze,16492,16487,Rank 3/3,,Regenerates 3% of your total Health over 6 sec after being the victim of a critical strike.,Talent Passive,Data only,,,,,Data only,TALENT,https://www.wowhead.com/tbc/spell=16492,Talent: Blood Craze; tree row 3
Warrior,Fury,Talent Ability,Bloodthirst,23881,23881,Rank 1/1,,"Instantly attack the target causing (Attack Power * 45 / 100) damage. In addition, the next 5 successful melee attacks will restore 10 health. This effect lasts 8 sec. Damage is based on your attack power.",Offensive,Main,6,8,30 Rage,,Cooldown,"DPS, PVE, ROTATIONAL",https://www.wowhead.com/tbc/spell=23881,Talent-required | Talent: Bloodthirst
Warrior,Fury,Talent Ability,Bloodthirst,23892,23881,Rank 2,48,"Instantly attack the target causing (Attack Power * 45 / 100) damage. In addition, the next 5 successful melee attacks will restore 13 health. This effect lasts 8 sec. Damage is based on your attack power.",Offensive,Main,6,8,30 Rage,,Cooldown,"DPS, PVE, ROTATIONAL",https://www.wowhead.com/tbc/spell=23892,Talent-required
Warrior,Fury,Talent Ability,Bloodthirst,23893,23881,Rank 3,54,"Instantly attack the target causing (Attack Power * 45 / 100) damage. In addition, the next 5 successful melee attacks will restore 17 health. This effect lasts 8 sec. Damage is based on your attack power.",Offensive,Main,6,8,30 Rage,,Cooldown,"DPS, PVE, ROTATIONAL",https://www.wowhead.com/tbc/spell=23893,Talent-required
Warrior,Fury,Talent Ability,Bloodthirst,23894,23881,Rank 4,60,"Instantly attack the target causing (Attack Power * 45 / 100) damage. In addition, the next 5 successful melee attacks will restore 20 health. This effect lasts 8 sec. Damage is based on your attack power.",Offensive,Main,6,8,30 Rage,,Cooldown,"DPS, PVE, ROTATIONAL",https://www.wowhead.com/tbc/spell=23894,Talent-required
Warrior,Fury,Talent Ability,Bloodthirst,25251,23881,Rank 5,66,"Instantly attack the target causing (Attack Power * 45 / 100) damage. In addition, the next 5 successful melee attacks will restore 25 health. This effect lasts 8 sec. Damage is based on your attack power.",Offensive,Main,6,8,30 Rage,,Cooldown,"DPS, PVE, ROTATIONAL",https://www.wowhead.com/tbc/spell=25251,Talent-required
Warrior,Fury,Talent Ability,Bloodthirst,30335,23881,Rank 6,70,"Instantly attack the target causing (Attack Power * 45 / 100) damage. In addition, the next 5 successful melee attacks will restore 30 health. This effect lasts 8 sec. Damage is based on your attack power.",Offensive,Main,6,8,30 Rage,,Cooldown,"DPS, PVE, ROTATIONAL",https://www.wowhead.com/tbc/spell=30335,Talent-required
Warrior,Fury,Talent,Booming Voice,12321,12321,Rank 1/5,,"Increases the area of effect and duration of your Battle Shout, Demoralizing Shout and Commanding Shout by 10%.",Talent Passive,Data only,,,,,Data only,TALENT,https://www.wowhead.com/tbc/spell=12321,Talent: Booming Voice; tree row 1
Warrior,Fury,Talent,Booming Voice,12835,12321,Rank 2/5,,"Increases the area of effect and duration of your Battle Shout, Demoralizing Shout and Commanding Shout by 20%.",Talent Passive,Data only,,,,,Data only,TALENT,https://www.wowhead.com/tbc/spell=12835,Talent: Booming Voice; tree row 1
Warrior,Fury,Talent,Booming Voice,12836,12321,Rank 3/5,,"Increases the area of effect and duration of your Battle Shout, Demoralizing Shout and Commanding Shout by 30%.",Talent Passive,Data only,,,,,Data only,TALENT,https://www.wowhead.com/tbc/spell=12836,Talent: Booming Voice; tree row 1
Warrior,Fury,Talent,Booming Voice,12837,12321,Rank 4/5,,"Increases the area of effect and duration of your Battle Shout, Demoralizing Shout and Commanding Shout by 40%.",Talent Passive,Data only,,,,,Data only,TALENT,https://www.wowhead.com/tbc/spell=12837,Talent: Booming Voice; tree row 1
Warrior,Fury,Talent,Booming Voice,12838,12321,Rank 5/5,,"Increases the area of effect and duration of your Battle Shout, Demoralizing Shout and Commanding Shout by 50%.",Talent Passive,Data only,,,,,Data only,TALENT,https://www.wowhead.com/tbc/spell=12838,Talent: Booming Voice; tree row 1
Warrior,Fury,Talent,Commanding Presence,12318,12318,Rank 1/5,,Increases the melee attack power bonus of your Battle Shout and the health bonus of your Commanding Shout by 5%.,Talent Passive,Data only,,,,,Data only,TALENT,https://www.wowhead.com/tbc/spell=12318,Talent: Commanding Presence; tree row 3
Warrior,Fury,Talent,Commanding Presence,12857,12318,Rank 2/5,,Increases the melee attack power bonus of your Battle Shout and the health bonus of your Commanding Shout by 10%.,Talent Passive,Data only,,,,,Data only,TALENT,https://www.wowhead.com/tbc/spell=12857,Talent: Commanding Presence; tree row 3
Warrior,Fury,Talent,Commanding Presence,12858,12318,Rank 3/5,,Increases the melee attack power bonus of your Battle Shout and the health bonus of your Commanding Shout by 15%.,Talent Passive,Data only,,,,,Data only,TALENT,https://www.wowhead.com/tbc/spell=12858,Talent: Commanding Presence; tree row 3
Warrior,Fury,Talent,Commanding Presence,12860,12318,Rank 4/5,,Increases the melee attack power bonus of your Battle Shout and the health bonus of your Commanding Shout by 20%.,Talent Passive,Data only,,,,,Data only,TALENT,https://www.wowhead.com/tbc/spell=12860,Talent: Commanding Presence; tree row 3
Warrior,Fury,Talent,Commanding Presence,12861,12318,Rank 5/5,,Increases the melee attack power bonus of your Battle Shout and the health bonus of your Commanding Shout by 25%.,Talent Passive,Data only,,,,,Data only,TALENT,https://www.wowhead.com/tbc/spell=12861,Talent: Commanding Presence; tree row 3
Warrior,Fury,Talent,Cruelty,12320,12320,Rank 1/5,,Increases your chance to get a critical strike with melee weapons by 1%.,Talent Passive,Data only,,,,,Data only,TALENT,https://www.wowhead.com/tbc/spell=12320,Talent: Cruelty; tree row 1
Warrior,Fury,Talent,Cruelty,12852,12320,Rank 2/5,,Increases your chance to get a critical strike with melee weapons by 2%.,Talent Passive,Data only,,,,,Data only,TALENT,https://www.wowhead.com/tbc/spell=12852,Talent: Cruelty; tree row 1
Warrior,Fury,Talent,Cruelty,12853,12320,Rank 3/5,,Increases your chance to get a critical strike with melee weapons by 3%.,Talent Passive,Data only,,,,,Data only,TALENT,https://www.wowhead.com/tbc/spell=12853,Talent: Cruelty; tree row 1
Warrior,Fury,Talent,Cruelty,12855,12320,Rank 4/5,,Increases your chance to get a critical strike with melee weapons by 4%.,Talent Passive,Data only,,,,,Data only,TALENT,https://www.wowhead.com/tbc/spell=12855,Talent: Cruelty; tree row 1
Warrior,Fury,Talent,Cruelty,12856,12320,Rank 5/5,,Increases your chance to get a critical strike with melee weapons by 5%.,Talent Passive,Data only,,,,,Data only,TALENT,https://www.wowhead.com/tbc/spell=12856,Talent: Cruelty; tree row 1
Warrior,Fury,Talent,Dual Wield Specialization,23584,23584,Rank 1/5,,Increases the damage done by your offhand weapon by 5%.,Talent Passive,Data only,,,,,Data only,TALENT,https://www.wowhead.com/tbc/spell=23584,Talent: Dual Wield Specialization; tree row 4
Warrior,Fury,Talent,Dual Wield Specialization,23585,23584,Rank 2/5,,Increases the damage done by your offhand weapon by 10%.,Talent Passive,Data only,,,,,Data only,TALENT,https://www.wowhead.com/tbc/spell=23585,Talent: Dual Wield Specialization; tree row 4
Warrior,Fury,Talent,Dual Wield Specialization,23586,23584,Rank 3/5,,Increases the damage done by your offhand weapon by 15%.,Talent Passive,Data only,,,,,Data only,TALENT,https://www.wowhead.com/tbc/spell=23586,Talent: Dual Wield Specialization; tree row 4
Warrior,Fury,Talent,Dual Wield Specialization,23587,23584,Rank 4/5,,Increases the damage done by your offhand weapon by 20%.,Talent Passive,Data only,,,,,Data only,TALENT,https://www.wowhead.com/tbc/spell=23587,Talent: Dual Wield Specialization; tree row 4
Warrior,Fury,Talent,Dual Wield Specialization,23588,23584,Rank 5/5,,Increases the damage done by your offhand weapon by 25%.,Talent Passive,Data only,,,,,Data only,TALENT,https://www.wowhead.com/tbc/spell=23588,Talent: Dual Wield Specialization; tree row 4
Warrior,Fury,Talent,Enrage,12317,12317,Rank 1/5,,Gives you a 5% melee damage bonus for 12 sec up to a maximum of 12 swings after being the victim of a critical strike.,Talent Passive,Data only,,12,,,Data only,TALENT,https://www.wowhead.com/tbc/spell=12317,Talent: Enrage; tree row 4
Warrior,Fury,Talent,Enrage,13045,12317,Rank 2/5,,Gives you a 10% melee damage bonus for 12 sec up to a maximum of 12 swings after being the victim of a critical strike.,Talent Passive,Data only,,12,,,Data only,TALENT,https://www.wowhead.com/tbc/spell=13045,Talent: Enrage; tree row 4
Warrior,Fury,Talent,Enrage,13046,12317,Rank 3/5,,Gives you a 15% melee damage bonus for 12 sec up to a maximum of 12 swings after being the victim of a critical strike.,Talent Passive,Data only,,12,,,Data only,TALENT,https://www.wowhead.com/tbc/spell=13046,Talent: Enrage; tree row 4
Warrior,Fury,Talent,Enrage,13047,12317,Rank 4/5,,Gives you a 20% melee damage bonus for 12 sec up to a maximum of 12 swings after being the victim of a critical strike.,Talent Passive,Data only,,12,,,Data only,TALENT,https://www.wowhead.com/tbc/spell=13047,Talent: Enrage; tree row 4
Warrior,Fury,Talent,Enrage,13048,12317,Rank 5/5,,Gives you a 25% melee damage bonus for 12 sec up to a maximum of 12 swings after being the victim of a critical strike.,Talent Passive,Data only,,12,,,Data only,TALENT,https://www.wowhead.com/tbc/spell=13048,Talent: Enrage; tree row 4
Warrior,Fury,Talent,Flurry,12319,12319,Rank 1/5,,Increases your attack speed by 5% for your next 3 swings after dealing a melee critical strike.,Talent Passive,Data only,,,,,Data only,TALENT,https://www.wowhead.com/tbc/spell=12319,Talent: Flurry; tree row 6
Warrior,Fury,Talent,Flurry,12971,12319,Rank 2/5,,Increases your attack speed by 10% for your next 3 swings after dealing a melee critical strike.,Talent Passive,Data only,,,,,Data only,TALENT,https://www.wowhead.com/tbc/spell=12971,Talent: Flurry; tree row 6
Warrior,Fury,Talent,Flurry,12972,12319,Rank 3/5,,Increases your attack speed by 15% for your next 3 swings after dealing a melee critical strike.,Talent Passive,Data only,,,,,Data only,TALENT,https://www.wowhead.com/tbc/spell=12972,Talent: Flurry; tree row 6
Warrior,Fury,Talent,Flurry,12973,12319,Rank 4/5,,Increases your attack speed by 20% for your next 3 swings after dealing a melee critical strike.,Talent Passive,Data only,,,,,Data only,TALENT,https://www.wowhead.com/tbc/spell=12973,Talent: Flurry; tree row 6
Warrior,Fury,Talent,Flurry,12974,12319,Rank 5/5,,Increases your attack speed by 25% for your next 3 swings after dealing a melee critical strike.,Talent Passive,Data only,,,,,Data only,TALENT,https://www.wowhead.com/tbc/spell=12974,Talent: Flurry; tree row 6
Warrior,Fury,Talent,Improved Berserker Rage,20500,20500,Rank 1/2,,The Berserker Rage ability will generate 5 rage when used.,Talent Passive,Data only,,,,,Data only,TALENT,https://www.wowhead.com/tbc/spell=20500,Talent: Improved Berserker Rage; tree row 6
Warrior,Fury,Talent,Improved Berserker Rage,20501,20500,Rank 2/2,,The Berserker Rage ability will generate 10 rage when used.,Talent Passive,Data only,,,,,Data only,TALENT,https://www.wowhead.com/tbc/spell=20501,Talent: Improved Berserker Rage; tree row 6
Warrior,Fury,Talent,Improved Berserker Stance,29759,29759,Rank 1/5,,Increases attack power by 2% and reduces threat caused by 2% while in Berserker Stance.,Talent Passive,Data only,,,,,Data only,TALENT,https://www.wowhead.com/tbc/spell=29759,Talent: Improved Berserker Stance; tree row 8
Warrior,Fury,Talent,Improved Berserker Stance,29760,29759,Rank 2/5,,Increases attack power by 4% and reduces threat caused by 4% while in Berserker Stance.,Talent Passive,Data only,,,,,Data only,TALENT,https://www.wowhead.com/tbc/spell=29760,Talent: Improved Berserker Stance; tree row 8
Warrior,Fury,Talent,Improved Berserker Stance,29761,29759,Rank 3/5,,Increases attack power by 6% and reduces threat caused by 6% while in Berserker Stance.,Talent Passive,Data only,,,,,Data only,TALENT,https://www.wowhead.com/tbc/spell=29761,Talent: Improved Berserker Stance; tree row 8
Warrior,Fury,Talent,Improved Berserker Stance,29762,29759,Rank 4/5,,Increases attack power by 8% and reduces threat caused by 8% while in Berserker Stance.,Talent Passive,Data only,,,,,Data only,TALENT,https://www.wowhead.com/tbc/spell=29762,Talent: Improved Berserker Stance; tree row 8
Warrior,Fury,Talent,Improved Berserker Stance,29763,29759,Rank 5/5,,Increases attack power by 10% and reduces threat caused by 10% while in Berserker Stance.,Talent Passive,Data only,,,,,Data only,TALENT,https://www.wowhead.com/tbc/spell=29763,Talent: Improved Berserker Stance; tree row 8
Warrior,Fury,Talent,Improved Cleave,12329,12329,Rank 1/3,,Increases the bonus damage done by your Cleave ability by 40%.,Talent Passive,Data only,,,,,Data only,TALENT,https://www.wowhead.com/tbc/spell=12329,Talent: Improved Cleave; tree row 3
Warrior,Fury,Talent,Improved Cleave,12950,12329,Rank 2/3,,Increases the bonus damage done by your Cleave ability by 80%.,Talent Passive,Data only,,,,,Data only,TALENT,https://www.wowhead.com/tbc/spell=12950,Talent: Improved Cleave; tree row 3
Warrior,Fury,Talent,Improved Cleave,20496,12329,Rank 3/3,,Increases the bonus damage done by your Cleave ability by 120%.,Talent Passive,Data only,,,,,Data only,TALENT,https://www.wowhead.com/tbc/spell=20496,Talent: Improved Cleave; tree row 3
Warrior,Fury,Talent,Improved Demoralizing Shout,12324,12324,Rank 1/5,,Increases the melee attack power reduction of your Demoralizing Shout by 8%.,Talent Passive,Data only,,,,,Data only,TALENT,https://www.wowhead.com/tbc/spell=12324,Talent: Improved Demoralizing Shout; tree row 2
Warrior,Fury,Talent,Improved Demoralizing Shout,12876,12324,Rank 2/5,,Increases the melee attack power reduction of your Demoralizing Shout by 16%.,Talent Passive,Data only,,,,,Data only,TALENT,https://www.wowhead.com/tbc/spell=12876,Talent: Improved Demoralizing Shout; tree row 2
Warrior,Fury,Talent,Improved Demoralizing Shout,12877,12324,Rank 3/5,,Increases the melee attack power reduction of your Demoralizing Shout by 24%.,Talent Passive,Data only,,,,,Data only,TALENT,https://www.wowhead.com/tbc/spell=12877,Talent: Improved Demoralizing Shout; tree row 2
Warrior,Fury,Talent,Improved Demoralizing Shout,12878,12324,Rank 4/5,,Increases the melee attack power reduction of your Demoralizing Shout by 32%.,Talent Passive,Data only,,,,,Data only,TALENT,https://www.wowhead.com/tbc/spell=12878,Talent: Improved Demoralizing Shout; tree row 2
Warrior,Fury,Talent,Improved Demoralizing Shout,12879,12324,Rank 5/5,,Increases the melee attack power reduction of your Demoralizing Shout by 40%.,Talent Passive,Data only,,,,,Data only,TALENT,https://www.wowhead.com/tbc/spell=12879,Talent: Improved Demoralizing Shout; tree row 2
Warrior,Fury,Talent,Improved Execute,20502,20502,Rank 1/2,,Reduces the rage cost of your Execute ability by 2.,Talent Passive,Data only,,,,,Data only,TALENT,https://www.wowhead.com/tbc/spell=20502,Talent: Improved Execute; tree row 4
Warrior,Fury,Talent,Improved Execute,20503,20502,Rank 2/2,,Reduces the rage cost of your Execute ability by 5.,Talent Passive,Data only,,,,,Data only,TALENT,https://www.wowhead.com/tbc/spell=20503,Talent: Improved Execute; tree row 4
Warrior,Fury,Talent,Improved Slam,12330,12862,Rank 2/2,,Decreases the casting time of your Slam ability by 1 sec.,Talent Passive,Data only,,,,,Data only,TALENT,https://www.wowhead.com/tbc/spell=12330,Talent: Improved Slam; tree row 5
Warrior,Fury,Talent,Improved Slam,12862,12862,Rank 1/2,,Decreases the casting time of your Slam ability by 0.5 sec.,Talent Passive,Data only,,,,,Data only,TALENT,https://www.wowhead.com/tbc/spell=12862,Talent: Improved Slam; tree row 5
Warrior,Fury,Talent,Improved Whirlwind,29721,29721,Rank 1/2,,Reduces the cooldown of your Whirlwind ability by 1 sec.,Talent Passive,Data only,,,,,Data only,TALENT,https://www.wowhead.com/tbc/spell=29721,Talent: Improved Whirlwind; tree row 7
Warrior,Fury,Talent,Improved Whirlwind,29776,29721,Rank 2/2,,Reduces the cooldown of your Whirlwind ability by 2 sec.,Talent Passive,Data only,,,,,Data only,TALENT,https://www.wowhead.com/tbc/spell=29776,Talent: Improved Whirlwind; tree row 7
Warrior,Fury,Talent Ability,Piercing Howl,12323,12323,Rank 1/1,,"Causes all enemies within 10 yards to be Dazed, reducing movement speed by 50% for 6 sec.",Crowd Control,Utility,0,6,10 Rage,,Cooldown,"CC_SOFT, FILLER",https://www.wowhead.com/tbc/spell=12323,Talent-required | Talent: Piercing Howl
Warrior,Fury,Talent,Precision,29590,29590,Rank 1/3,,Increases your chance to hit with melee weapons by 1%.,Talent Passive,Data only,,,,,Data only,TALENT,https://www.wowhead.com/tbc/spell=29590,Talent: Precision; tree row 7
Warrior,Fury,Talent,Precision,29591,29590,Rank 2/3,,Increases your chance to hit with melee weapons by 2%.,Talent Passive,Data only,,,,,Data only,TALENT,https://www.wowhead.com/tbc/spell=29591,Talent: Precision; tree row 7
Warrior,Fury,Talent,Precision,29592,29590,Rank 3/3,,Increases your chance to hit with melee weapons by 3%.,Talent Passive,Data only,,,,,Data only,TALENT,https://www.wowhead.com/tbc/spell=29592,Talent: Precision; tree row 7
Warrior,Fury,Talent Ability,Rampage,29801,29801,Rank 1/1,,"Warrior goes on a rampage, increasing attack power by 30 and causing most successful melee attacks to increase attack power by an additional 30. This effect will stack up to 5 times. Lasts 30 sec. This ability can only be used after scoring a critical hit.",Offensive,Main,0,30,20 Rage,"30029, 30031, 30032",Cooldown + aura,"BUFF, DPS, HAS_BUFF, PVE, REACTIVE, ROTATIONAL",https://www.wowhead.com/tbc/spell=29801,Talent-required | Talent: Rampage
Warrior,Fury,Talent Ability,Rampage,30030,29801,Rank 2,60,"Warrior goes on a rampage, increasing attack power by 40 and causing most successful melee attacks to increase attack power by an additional 40. This effect will stack up to 5 times. Lasts 30 sec. This ability can only be used after scoring a critical hit.",Offensive,Main,0,30,20 Rage,"30029, 30031, 30032",Cooldown + aura,"BUFF, DPS, HAS_BUFF, PVE, REACTIVE, ROTATIONAL",https://www.wowhead.com/tbc/spell=30030,Talent-required
Warrior,Fury,Talent Ability,Rampage,30033,29801,Rank 3,70,"Warrior goes on a rampage, increasing attack power by 50 and causing most successful melee attacks to increase attack power by an additional 50. This effect will stack up to 5 times. Lasts 30 sec. This ability can only be used after scoring a critical hit.",Offensive,Main,0,30,20 Rage,"30029, 30031, 30032",Cooldown + aura,"BUFF, DPS, HAS_BUFF, PVE, REACTIVE, ROTATIONAL",https://www.wowhead.com/tbc/spell=30033,Talent-required
Warrior,Fury,Talent Ability,Sweeping Strikes,12328,12328,Rank 1/1,,Your next 10 melee attacks strike an additional nearby opponent.,Offensive,Main,30,10,30 Rage,,Cooldown + aura,"DPS, HAS_BUFF, MINOR",https://www.wowhead.com/tbc/spell=12328,Talent-required | Talent: Sweeping Strikes
Warrior,Fury,Talent,Unbridled Wrath,12322,12322,Rank 1/5,,Gives you a chance to generate an additional rage point when you deal melee damage with a weapon.,Talent Passive,Data only,,,,,Data only,TALENT,https://www.wowhead.com/tbc/spell=12322,Talent: Unbridled Wrath; tree row 2
Warrior,Fury,Talent,Unbridled Wrath,12999,12322,Rank 1,,Gives you a chance to generate an additional rage point when you deal melee damage with a weapon. Effect occurs more often than Unbridled Wrath (Rank 1).,Talent Passive,Data only,,,,,Data only,TALENT,https://www.wowhead.com/tbc/spell=12999,Talent: Unbridled Wrath; tree row 2
Warrior,Fury,Talent,Unbridled Wrath,13000,12322,Rank 2,,Gives you a chance to generate an additional rage point when you deal melee damage with a weapon. Effect occurs more often than Unbridled Wrath (Rank 2).,Talent Passive,Data only,,,,,Data only,TALENT,https://www.wowhead.com/tbc/spell=13000,Talent: Unbridled Wrath; tree row 2
Warrior,Fury,Talent,Unbridled Wrath,13001,12322,Rank 3,,Gives you a chance to generate an additional rage point when you deal melee damage with a weapon. Effect occurs more often than Unbridled Wrath (Rank 3).,Talent Passive,Data only,,,,,Data only,TALENT,https://www.wowhead.com/tbc/spell=13001,Talent: Unbridled Wrath; tree row 2
Warrior,Fury,Talent,Unbridled Wrath,13002,12322,Rank 4,,Gives you a chance to generate an additional rage point when you deal melee damage with a weapon. Effect occurs more often than Unbridled Wrath (Rank 4).,Talent Passive,Data only,,,,,Data only,TALENT,https://www.wowhead.com/tbc/spell=13002,Talent: Unbridled Wrath; tree row 2
Warrior,Fury,Talent,Weapon Mastery,20504,20504,Rank 1/2,,Reduces the chance for your attacks to be dodged by 1% and reduces the duration of all Disarm effects used against you by 25%. This does not stack with other Disarm duration reducing effects.,Talent Passive,Data only,,,,,Data only,TALENT,https://www.wowhead.com/tbc/spell=20504,Talent: Weapon Mastery; tree row 5
Warrior,Fury,Talent,Weapon Mastery,20505,20504,Rank 2/2,,Reduces the chance for your attacks to be dodged by 2% and reduces the duration of all Disarm effects used against you by 50%. This does not stack with other Disarm duration reducing effects.,Talent Passive,Data only,,,,,Data only,TALENT,https://www.wowhead.com/tbc/spell=20505,Talent: Weapon Mastery; tree row 5
Warrior,"Fury, Arms",Ability,Whirlwind,1680,1680,,36,"In a whirlwind of steel you attack up to 4 enemies within 8 yards, causing weapon damage from both melee weapons to each enemy.",Offensive,Main,10,,25 Rage,,Cooldown,"AOE, DPS, PVE_PVP, ROTATIONAL",https://www.wowhead.com/tbc/spell=1680,
Warrior,"Fury, Arms",Talent Ability,Sweeping Strikes,12723,12328,Rank 2,1,Your next 0 melee weapon swings strike an additional nearby opponent.,Offensive,Main,30,10,,,Cooldown + aura,"DPS, HAS_BUFF, MINOR",https://www.wowhead.com/tbc/spell=12723,Talent-required
Warrior,"Fury, Arms",Talent Ability,Sweeping Strikes,26654,12328,Rank 3,1,Your next 0 melee weapon swings strike an additional nearby opponent.,Offensive,Main,30,10,,,Cooldown + aura,"DPS, HAS_BUFF, MINOR",https://www.wowhead.com/tbc/spell=26654,Talent-required
Warrior,Protection,Ability,Challenging Shout,1161,1161,,26,Forces all enemies within 10 yards to focus attacks on you for 6 sec.,Utility,Utility,600,6,5 Rage,,Cooldown,TAUNT,https://www.wowhead.com/tbc/spell=1161,
Warrior,Protection,Ability,Demoralizing Shout,1160,1160,Rank 1,14,"Reduces the melee attack power of all enemies within 10 yards by 
45 for 30 sec.",Offensive,Main,0,30,10 Rage,,Cooldown + aura,"DEBUFF, MAINTENANCE, PVE, TANK",https://www.wowhead.com/tbc/spell=1160,
Warrior,Protection,Ability,Demoralizing Shout,6190,1160,Rank 2,24,"Reduces the melee attack power of all enemies within 10 yards by 
65 for 30 sec.",Offensive,Main,0,30,10 Rage,,Cooldown + aura,"DEBUFF, MAINTENANCE, PVE, TANK",https://www.wowhead.com/tbc/spell=6190,
Warrior,Protection,Ability,Demoralizing Shout,11554,1160,Rank 3,34,"Reduces the melee attack power of all enemies within 10 yards by 
80 for 30 sec.",Offensive,Main,0,30,10 Rage,,Cooldown + aura,"DEBUFF, MAINTENANCE, PVE, TANK",https://www.wowhead.com/tbc/spell=11554,
Warrior,Protection,Ability,Demoralizing Shout,11555,1160,Rank 4,44,"Reduces the melee attack power of all enemies within 10 yards by 
115 for 30 sec.",Offensive,Main,0,30,10 Rage,,Cooldown + aura,"DEBUFF, MAINTENANCE, PVE, TANK",https://www.wowhead.com/tbc/spell=11555,
Warrior,Protection,Ability,Demoralizing Shout,11556,1160,Rank 5,54,"Reduces the melee attack power of all enemies within 10 yards by 
150 for 30 sec.",Offensive,Main,0,30,10 Rage,,Cooldown + aura,"DEBUFF, MAINTENANCE, PVE, TANK",https://www.wowhead.com/tbc/spell=11556,
Warrior,Protection,Ability,Demoralizing Shout,25202,1160,Rank 6,62,"Reduces the melee attack power of all enemies within 10 yards by 
228 for 30 sec.",Offensive,Main,0,30,10 Rage,,Cooldown + aura,"DEBUFF, MAINTENANCE, PVE, TANK",https://www.wowhead.com/tbc/spell=25202,
Warrior,Protection,Ability,Demoralizing Shout,25203,1160,Rank 7,70,"Reduces the melee attack power of all enemies within 10 yards by 
300 for 30 sec.",Offensive,Main,0,30,10 Rage,,Cooldown + aura,"DEBUFF, MAINTENANCE, PVE, TANK",https://www.wowhead.com/tbc/spell=25203,
Warrior,Protection,Ability,Demoralizing Shout,27579,1160,Rank 8,54,"Reduces the attack power of all enemies within 10 yards by 
150 for 30 sec.",Offensive,Main,0,30,,,Cooldown + aura,"DEBUFF, MAINTENANCE, PVE, TANK",https://www.wowhead.com/tbc/spell=27579,
Warrior,Protection,Ability,Mocking Blow,694,694,Rank 1,16,"A mocking attack that causes 22 damage, a moderate amount of threat and forces the target to focus attacks on you for 6 sec.",Utility,Utility,120,6,10 Rage,,Cooldown,TAUNT,https://www.wowhead.com/tbc/spell=694,
Warrior,Protection,Ability,Mocking Blow,7400,694,Rank 2,26,"A mocking attack that causes 31 damage, a moderate amount of threat and forces the target to focus attacks on you for 6 sec.",Utility,Utility,120,6,10 Rage,,Cooldown,TAUNT,https://www.wowhead.com/tbc/spell=7400,
Warrior,Protection,Ability,Mocking Blow,7402,694,Rank 3,36,"A mocking attack that causes 46 damage, a moderate amount of threat and forces the target to focus attacks on you for 6 sec.",Utility,Utility,120,6,10 Rage,,Cooldown,TAUNT,https://www.wowhead.com/tbc/spell=7402,
Warrior,Protection,Ability,Mocking Blow,20559,694,Rank 4,46,"A mocking attack that causes 71 damage, a moderate amount of threat and forces the target to focus attacks on you for 6 sec.",Utility,Utility,120,6,10 Rage,,Cooldown,TAUNT,https://www.wowhead.com/tbc/spell=20559,
Warrior,Protection,Ability,Mocking Blow,20560,694,Rank 5,56,"A mocking attack that causes 93 damage, a moderate amount of threat and forces the target to focus attacks on you for 6 sec.",Utility,Utility,120,6,10 Rage,,Cooldown,TAUNT,https://www.wowhead.com/tbc/spell=20560,
Warrior,Protection,Ability,Mocking Blow,25266,694,Rank 6,65,"A mocking attack that causes 114 damage, a moderate amount of threat and forces the target to focus attacks on you for 6 sec.",Utility,Utility,120,6,10 Rage,,Cooldown,TAUNT,https://www.wowhead.com/tbc/spell=25266,
Warrior,Protection,Ability,Revenge,6572,6572,Rank 1,14,"Instantly counterattack an enemy for 50 to 60 damage and a high amount of threat. Revenge must follow a block, dodge or parry.",Offensive,Main,5,,5 Rage,,Cooldown,"PVE, REACTIVE, ROTATIONAL, TANK",https://www.wowhead.com/tbc/spell=6572,
Warrior,Protection,Ability,Revenge,6574,6572,Rank 2,24,"Instantly counterattack an enemy for 77 to 93 damage and a high amount of threat. Revenge must follow a block, dodge or parry.",Offensive,Main,5,,5 Rage,,Cooldown,"PVE, REACTIVE, ROTATIONAL, TANK",https://www.wowhead.com/tbc/spell=6574,
Warrior,Protection,Ability,Revenge,7379,6572,Rank 3,34,"Instantly counterattack an enemy for 107 to 129 damage and a high amount of threat. Revenge must follow a block, dodge or parry.",Offensive,Main,5,,5 Rage,,Cooldown,"PVE, REACTIVE, ROTATIONAL, TANK",https://www.wowhead.com/tbc/spell=7379,
Warrior,Protection,Ability,Revenge,11600,6572,Rank 4,44,"Instantly counterattack an enemy for 180 to 220 damage and a high amount of threat. Revenge must follow a block, dodge or parry.",Offensive,Main,5,,5 Rage,,Cooldown,"PVE, REACTIVE, ROTATIONAL, TANK",https://www.wowhead.com/tbc/spell=11600,
Warrior,Protection,Ability,Revenge,11601,6572,Rank 5,54,"Instantly counterattack an enemy for 270 to 330 damage and a high amount of threat. Revenge must follow a block, dodge or parry.",Offensive,Main,5,,5 Rage,,Cooldown,"PVE, REACTIVE, ROTATIONAL, TANK",https://www.wowhead.com/tbc/spell=11601,
Warrior,Protection,Ability,Revenge,25269,6572,Rank 6,63,"Instantly counterattack an enemy for 360 to 440 damage and a high amount of threat. Revenge must follow a block, dodge or parry.",Offensive,Main,5,,5 Rage,,Cooldown,"PVE, REACTIVE, ROTATIONAL, TANK",https://www.wowhead.com/tbc/spell=25269,
Warrior,Protection,Ability,Revenge,25288,6572,Rank 7,60,"Instantly counterattack an enemy for 342 to 418 damage and a high amount of threat. Revenge must follow a block, dodge or parry.",Offensive,Main,5,,5 Rage,,Cooldown,"PVE, REACTIVE, ROTATIONAL, TANK",https://www.wowhead.com/tbc/spell=25288,
Warrior,Protection,Ability,Revenge,30357,6572,Rank 8,70,"Instantly counterattack an enemy for 414 to 506 damage and a high amount of threat. Revenge must follow a block, dodge or parry.",Offensive,Main,5,,5 Rage,,Cooldown,"PVE, REACTIVE, ROTATIONAL, TANK",https://www.wowhead.com/tbc/spell=30357,
Warrior,Protection,Ability,Shield Bash,72,72,Rank 1,12,Bashes the target with your shield for 6 damage. It also interrupts spellcasting and prevents any spell in that school from being cast for 6 sec.,Interrupt,Utility,12,6,10 Rage,,Cooldown,INTERRUPT,https://www.wowhead.com/tbc/spell=72,
Warrior,Protection,Ability,Shield Bash,1671,72,Rank 2,32,Bashes the target with your shield for 18 damage. It also interrupts spellcasting and prevents any spell in that school from being cast for 6 sec.,Interrupt,Utility,12,6,10 Rage,,Cooldown,INTERRUPT,https://www.wowhead.com/tbc/spell=1671,
Warrior,Protection,Ability,Shield Bash,1672,72,Rank 3,52,Bashes the target with your shield for 45 damage. It also interrupts spellcasting and prevents any spell in that school from being cast for 6 sec.,Interrupt,Utility,12,6,10 Rage,,Cooldown,INTERRUPT,https://www.wowhead.com/tbc/spell=1672,
Warrior,Protection,Ability,Shield Bash,29704,72,Rank 4,64,"Bashes the target with your shield for 63 damage. It also dazes the target and interrupts spellcasting, preventing any spell in that school from being cast for 6 sec.",Interrupt,Utility,12,6,10 Rage,,Cooldown,INTERRUPT,https://www.wowhead.com/tbc/spell=29704,
Warrior,Protection,Ability,Shield Block,2565,2565,,16,"Increases chance to block by 75% for 5 sec, but will only block 1 attack.",Defensive,Utility,5,5,10 Rage,,Cooldown + aura,"DEFENSIVE, HAS_BUFF, PVE, ROTATIONAL, TANK",https://www.wowhead.com/tbc/spell=2565,
Warrior,Protection,Ability,Shield Wall,871,871,,28,"Reduces the damage taken from melee attacks, ranged attacks and spells by 75% for 10 sec.",Defensive,Utility,1800,10,,,Cooldown + aura,"DAMAGE_REDUCTION, DEFENSIVE, HAS_BUFF, MAJOR",https://www.wowhead.com/tbc/spell=871,
Warrior,Protection,Ability,Sunder Armor,7386,7386,Rank 1,10,"Sunders the target's armor, reducing it by 90 per Sunder Armor and causes a high amount of threat. Can be applied up to 5 times. Lasts 30 sec.",Utility,Utility,0,30,15 Rage,,Cooldown,"DEBUFF, UTILITY",https://www.wowhead.com/tbc/spell=7386,
Warrior,Protection,Ability,Sunder Armor,7405,7386,Rank 2,22,"Sunders the target's armor, reducing it by 180 per Sunder Armor and causes a high amount of threat. Can be applied up to 5 times. Lasts 30 sec.",Utility,Utility,0,30,15 Rage,,Cooldown,"DEBUFF, UTILITY",https://www.wowhead.com/tbc/spell=7405,
Warrior,Protection,Ability,Sunder Armor,8380,7386,Rank 3,34,"Sunders the target's armor, reducing it by 270 per Sunder Armor and causes a high amount of threat. Can be applied up to 5 times. Lasts 30 sec.",Utility,Utility,0,30,15 Rage,,Cooldown,"DEBUFF, UTILITY",https://www.wowhead.com/tbc/spell=8380,
Warrior,Protection,Ability,Sunder Armor,11596,7386,Rank 4,46,"Sunders the target's armor, reducing it by 360 per Sunder Armor and causes a high amount of threat. Can be applied up to 5 times. Lasts 30 sec.",Utility,Utility,0,30,15 Rage,,Cooldown,"DEBUFF, UTILITY",https://www.wowhead.com/tbc/spell=11596,
Warrior,Protection,Ability,Sunder Armor,11597,7386,Rank 5,58,"Sunders the target's armor, reducing it by 450 per Sunder Armor and causes a high amount of threat. Can be applied up to 5 times. Lasts 30 sec.",Utility,Utility,0,30,15 Rage,,Cooldown,"DEBUFF, UTILITY",https://www.wowhead.com/tbc/spell=11597,
Warrior,Protection,Ability,Sunder Armor,25225,7386,Rank 6,67,"Sunders the target's armor, reducing it by 520 per Sunder Armor and causes a high amount of threat. Can be applied up to 5 times. Lasts 30 sec.",Utility,Utility,0,30,15 Rage,,Cooldown,"DEBUFF, UTILITY",https://www.wowhead.com/tbc/spell=25225,
Warrior,Protection,Ability,Taunt,355,355,,10,"Taunts the target to attack you, but has no effect if the target is already attacking you.",Utility,Utility,10,3,,,Cooldown,TAUNT,https://www.wowhead.com/tbc/spell=355,
Warrior,Protection,Ability,Thunder Clap,6343,6343,Rank 1,6,Blasts nearby enemies increasing the time between their attacks by 10% for 10 sec and doing 10 damage to them. This ability causes additonal threat and will affect up to 4 targets.,Crowd Control,Utility,4,30,20 Rage,,Cooldown + aura,"CC_SOFT, DEBUFF, MAINTENANCE, PVE, TANK",https://www.wowhead.com/tbc/spell=6343,
Warrior,Protection,Ability,Thunder Clap,8198,6343,Rank 2,18,Blasts nearby enemies increasing the time between their attacks by 10% for 14 sec and doing 23 damage to them. This ability causes additonal threat and will affect up to 4 targets.,Crowd Control,Utility,4,30,20 Rage,,Cooldown + aura,"CC_SOFT, DEBUFF, MAINTENANCE, PVE, TANK",https://www.wowhead.com/tbc/spell=8198,
Warrior,Protection,Ability,Thunder Clap,8204,6343,Rank 3,28,Blasts nearby enemies increasing the time between their attacks by 10% for 18 sec and doing 37 damage to them. This ability causes additonal threat and will affect up to 4 targets.,Crowd Control,Utility,4,30,20 Rage,,Cooldown + aura,"CC_SOFT, DEBUFF, MAINTENANCE, PVE, TANK",https://www.wowhead.com/tbc/spell=8204,
Warrior,Protection,Ability,Thunder Clap,8205,6343,Rank 4,38,Blasts nearby enemies increasing the time between their attacks by 10% for 22 sec and doing 55 damage to them. This ability causes additonal threat and will affect up to 4 targets.,Crowd Control,Utility,4,30,20 Rage,,Cooldown + aura,"CC_SOFT, DEBUFF, MAINTENANCE, PVE, TANK",https://www.wowhead.com/tbc/spell=8205,
Warrior,Protection,Ability,Thunder Clap,11580,6343,Rank 5,48,Blasts nearby enemies increasing the time between their attacks by 10% for 26 sec and doing 82 damage to them. This ability causes additonal threat and will affect up to 4 targets.,Crowd Control,Utility,4,30,20 Rage,,Cooldown + aura,"CC_SOFT, DEBUFF, MAINTENANCE, PVE, TANK",https://www.wowhead.com/tbc/spell=11580,
Warrior,Protection,Ability,Thunder Clap,11581,6343,Rank 6,58,Blasts nearby enemies increasing the time between their attacks by 10% for 30 sec and doing 103 damage to them. This ability causes additonal threat and will affect up to 4 targets.,Crowd Control,Utility,4,30,20 Rage,,Cooldown + aura,"CC_SOFT, DEBUFF, MAINTENANCE, PVE, TANK",https://www.wowhead.com/tbc/spell=11581,
Warrior,Protection,Ability,Thunder Clap,13532,6343,Rank 7,48,Blasts nearby enemies with thunder increasing the time between their attacks by 11% for 10 sec and doing 7 Nature damage to them. Will affect up to 4 targets.,Crowd Control,Utility,4,30,,,Cooldown + aura,"CC_SOFT, DEBUFF, MAINTENANCE, PVE, TANK",https://www.wowhead.com/tbc/spell=13532,
Warrior,Protection,Ability,Thunder Clap,25264,6343,Rank 8,67,Blasts nearby enemies increasing the time between their attacks by 10% for 30 sec and doing 123 damage to them. This ability causes additonal threat and will affect up to 4 targets.,Crowd Control,Utility,4,30,20 Rage,,Cooldown + aura,"CC_SOFT, DEBUFF, MAINTENANCE, PVE, TANK",https://www.wowhead.com/tbc/spell=25264,
Warrior,Protection,Talent,Anticipation,12297,12297,Rank 1/5,,Increases your Defense skill by 4.,Talent Passive,Data only,,,,,Data only,TALENT,https://www.wowhead.com/tbc/spell=12297,Talent: Anticipation; tree row 1
Warrior,Protection,Talent,Anticipation,12750,12297,Rank 2/5,,Increases your Defense skill by 8.,Talent Passive,Data only,,,,,Data only,TALENT,https://www.wowhead.com/tbc/spell=12750,Talent: Anticipation; tree row 1
Warrior,Protection,Talent,Anticipation,12751,12297,Rank 3/5,,Increases your Defense skill by 12.,Talent Passive,Data only,,,,,Data only,TALENT,https://www.wowhead.com/tbc/spell=12751,Talent: Anticipation; tree row 1
Warrior,Protection,Talent,Anticipation,12752,12297,Rank 4/5,,Increases your Defense skill by 16.,Talent Passive,Data only,,,,,Data only,TALENT,https://www.wowhead.com/tbc/spell=12752,Talent: Anticipation; tree row 1
Warrior,Protection,Talent,Anticipation,12753,12297,Rank 5/5,,Increases your Defense skill by 20.,Talent Passive,Data only,,,,,Data only,TALENT,https://www.wowhead.com/tbc/spell=12753,Talent: Anticipation; tree row 1
Warrior,Protection,Talent Ability,Concussion Blow,12809,12809,Rank 1/1,,Stuns the opponent for 5 sec.,Crowd Control,Utility,45,5,15 Rage,,Cooldown,CC_HARD,https://www.wowhead.com/tbc/spell=12809,Talent-required | Talent: Concussion Blow
Warrior,Protection,Talent,Defiance,12303,12303,Rank 1/3,,Increases the threat generated by your attacks by 5% while in Defensive Stance and increases your expertise by 2.,Talent Passive,Data only,,,,,Data only,TALENT,https://www.wowhead.com/tbc/spell=12303,Talent: Defiance; tree row 3
Warrior,Protection,Talent,Defiance,12788,12303,Rank 2/3,,Increases the threat generated by your attacks by 10% while in Defensive Stance and increases your expertise by 4.,Talent Passive,Data only,,,,,Data only,TALENT,https://www.wowhead.com/tbc/spell=12788,Talent: Defiance; tree row 3
Warrior,Protection,Talent,Defiance,12789,12303,Rank 3/3,,Increases the threat generated by your attacks by 15% while in Defensive Stance and increases your expertise by 6.,Talent Passive,Data only,,,,,Data only,TALENT,https://www.wowhead.com/tbc/spell=12789,Talent: Defiance; tree row 3
Warrior,Protection,Talent Ability,Devastate,20243,20243,Rank 1/1,,"Sunder the target's armor causing the Sunder Armor effect. In addition, causes 50% of weapon damage plus 15 for each application of Sunder Armor on the target. The Sunder Armor effect can stack up to 5 times.",Offensive,Main,0,,15 Rage,,Cooldown,"DEBUFF, PVE, ROTATIONAL, TANK",https://www.wowhead.com/tbc/spell=20243,Talent-required | Talent: Devastate
Warrior,Protection,Talent Ability,Devastate,30016,20243,Rank 2,60,"Sunder the target's armor causing the Sunder Armor effect. In addition, causes 50% of weapon damage plus 25 for each application of Sunder Armor on the target. The Sunder Armor effect can stack up to 5 times.",Offensive,Main,0,,15 Rage,,Cooldown,"DEBUFF, PVE, ROTATIONAL, TANK",https://www.wowhead.com/tbc/spell=30016,Talent-required
Warrior,Protection,Talent Ability,Devastate,30022,20243,Rank 3,70,"Sunder the target's armor causing the Sunder Armor effect. In addition, causes 50% of weapon damage plus 35 for each application of Sunder Armor on the target. The Sunder Armor effect can stack up to 5 times.",Offensive,Main,0,,15 Rage,,Cooldown,"DEBUFF, PVE, ROTATIONAL, TANK",https://www.wowhead.com/tbc/spell=30022,Talent-required
Warrior,Protection,Talent,Focused Rage,29787,29787,Rank 1/3,,Reduces the rage cost of your offensive abilities by 1.,Talent Passive,Data only,,,,,Data only,TALENT,https://www.wowhead.com/tbc/spell=29787,Talent: Focused Rage; tree row 7
Warrior,Protection,Talent,Focused Rage,29790,29787,Rank 2/3,,Reduces the rage cost of your offensive abilities by 2.,Talent Passive,Data only,,,,,Data only,TALENT,https://www.wowhead.com/tbc/spell=29790,Talent: Focused Rage; tree row 7
Warrior,Protection,Talent,Focused Rage,29792,29787,Rank 3/3,,Reduces the rage cost of your offensive abilities by 3.,Talent Passive,Data only,,,,,Data only,TALENT,https://www.wowhead.com/tbc/spell=29792,Talent: Focused Rage; tree row 7
Warrior,Protection,Talent,Improved Bloodrage,12301,12301,Rank 1/2,,Increases the instant rage generated by your Bloodrage ability by 3.,Talent Passive,Data only,,,,,Data only,TALENT,https://www.wowhead.com/tbc/spell=12301,Talent: Improved Bloodrage; tree row 1
Warrior,Protection,Talent,Improved Bloodrage,12818,12301,Rank 2/2,,Increases the instant rage generated by your Bloodrage ability by 6.,Talent Passive,Data only,,,,,Data only,TALENT,https://www.wowhead.com/tbc/spell=12818,Talent: Improved Bloodrage; tree row 1
Warrior,Protection,Talent,Improved Defensive Stance,29593,29593,Rank 1/3,,Reduces all spell damage taken while in Defensive Stance by 2%.,Talent Passive,Data only,,,,,Data only,TALENT,https://www.wowhead.com/tbc/spell=29593,Talent: Improved Defensive Stance; tree row 7
Warrior,Protection,Talent,Improved Defensive Stance,29594,29593,Rank 2/3,,Reduces all spell damage taken while in Defensive Stance by 4%.,Talent Passive,Data only,,,,,Data only,TALENT,https://www.wowhead.com/tbc/spell=29594,Talent: Improved Defensive Stance; tree row 7
Warrior,Protection,Talent,Improved Defensive Stance,29595,29593,Rank 3/3,,Reduces all spell damage taken while in Defensive Stance by 6%.,Talent Passive,Data only,,,,,Data only,TALENT,https://www.wowhead.com/tbc/spell=29595,Talent: Improved Defensive Stance; tree row 7
Warrior,Protection,Talent,Improved Disarm,12313,12313,Rank 1/3,,Increases the duration of your Disarm ability by 1 secs.,Talent Passive,Data only,,,,,Data only,TALENT,https://www.wowhead.com/tbc/spell=12313,Talent: Improved Disarm; tree row 4
Warrior,Protection,Talent,Improved Disarm,12804,12313,Rank 2/3,,Increases the duration of your Disarm ability by 2 secs.,Talent Passive,Data only,,,,,Data only,TALENT,https://www.wowhead.com/tbc/spell=12804,Talent: Improved Disarm; tree row 4
Warrior,Protection,Talent,Improved Disarm,12807,12313,Rank 3/3,,Increases the duration of your Disarm ability by 3 secs.,Talent Passive,Data only,,,,,Data only,TALENT,https://www.wowhead.com/tbc/spell=12807,Talent: Improved Disarm; tree row 4
Warrior,Protection,Talent,Improved Revenge,12797,12797,Rank 1/3,,Gives your Revenge ability a 15% chance to stun the target for 3 sec.,Talent Passive,Data only,,3,,,Data only,TALENT,https://www.wowhead.com/tbc/spell=12797,Talent: Improved Revenge; tree row 3
Warrior,Protection,Talent,Improved Revenge,12799,12797,Rank 2/3,,Gives your Revenge ability a 30% chance to stun the target for 3 sec.,Talent Passive,Data only,,3,,,Data only,TALENT,https://www.wowhead.com/tbc/spell=12799,Talent: Improved Revenge; tree row 3
Warrior,Protection,Talent,Improved Revenge,12800,12797,Rank 3/3,,Gives your Revenge ability a 45% chance to stun the target for 3 sec.,Talent Passive,Data only,,3,,,Data only,TALENT,https://www.wowhead.com/tbc/spell=12800,Talent: Improved Revenge; tree row 3
Warrior,Protection,Talent,Improved Shield Bash,12311,12311,Rank 1/2,,Gives your Shield Bash ability a 50% chance to silence the target for 3 sec.,Talent Passive,Data only,,3,,,Data only,TALENT,https://www.wowhead.com/tbc/spell=12311,Talent: Improved Shield Bash; tree row 5
Warrior,Protection,Talent,Improved Shield Bash,12958,12311,Rank 2/2,,Gives your Shield Bash ability a 100% chance to silence the target for 3 sec.,Talent Passive,Data only,,3,,,Data only,TALENT,https://www.wowhead.com/tbc/spell=12958,Talent: Improved Shield Bash; tree row 5
Warrior,Protection,Talent,Improved Shield Block,12945,12945,Rank 1/1,,Allows your Shield Block ability to block an additional attack and increases the duration by 1 second.,Talent Passive,Data only,,,,,Data only,TALENT,https://www.wowhead.com/tbc/spell=12945,Talent: Improved Shield Block; tree row 3
Warrior,Protection,Talent,Improved Shield Wall,12312,12312,Rank 1/2,,Increases the effect duration of your Shield Wall ability by 3 secs.,Talent Passive,Data only,,,,,Data only,TALENT,https://www.wowhead.com/tbc/spell=12312,Talent: Improved Shield Wall; tree row 5
Warrior,Protection,Talent,Improved Shield Wall,12803,12312,Rank 2/2,,Increases the effect duration of your Shield Wall ability by 5 secs.,Talent Passive,Data only,,,,,Data only,TALENT,https://www.wowhead.com/tbc/spell=12803,Talent: Improved Shield Wall; tree row 5
Warrior,Protection,Talent,Improved Sunder Armor,12308,12308,Rank 1/3,,Reduces the cost of your Sunder Armor and Devastate abilities by 1 rage point.,Talent Passive,Data only,,,,,Data only,TALENT,https://www.wowhead.com/tbc/spell=12308,Talent: Improved Sunder Armor; tree row 4
Warrior,Protection,Talent,Improved Sunder Armor,12810,12308,Rank 2/3,,Reduces the cost of your Sunder Armor and Devastate abilities by 2 rage point.,Talent Passive,Data only,,,,,Data only,TALENT,https://www.wowhead.com/tbc/spell=12810,Talent: Improved Sunder Armor; tree row 4
Warrior,Protection,Talent,Improved Sunder Armor,12811,12308,Rank 3/3,,Reduces the cost of your Sunder Armor and Devastate abilities by 3 rage point.,Talent Passive,Data only,,,,,Data only,TALENT,https://www.wowhead.com/tbc/spell=12811,Talent: Improved Sunder Armor; tree row 4
Warrior,Protection,Talent,Improved Taunt,12302,12302,Rank 1/2,,Reduces the cooldown of your Taunt ability by 1 sec.,Talent Passive,Data only,,,,,Data only,TALENT,https://www.wowhead.com/tbc/spell=12302,Talent: Improved Taunt; tree row 4
Warrior,Protection,Talent,Improved Taunt,12765,12302,Rank 2/2,,Reduces the cooldown of your Taunt ability by 2 sec.,Talent Passive,Data only,,,,,Data only,TALENT,https://www.wowhead.com/tbc/spell=12765,Talent: Improved Taunt; tree row 4
Warrior,Protection,Talent Ability,Last Stand,12975,12975,Rank 1/1,,"When activated, this ability temporarily grants you 30% of your maximum health for 20 sec. After the effect expires, the health is lost.",Defensive,Utility,480,20,,,Cooldown + aura,"DEFENSIVE, HAS_BUFF, MAJOR",https://www.wowhead.com/tbc/spell=12975,Talent-required | Talent: Last Stand
Warrior,Protection,Talent Ability,Last Stand,12976,12975,Rank 2,1,"When activated, this ability temporarily grants you 30% of your maximum health for 20 sec. After the effect expires, the health is lost.",Defensive,Utility,480,20,,,Cooldown + aura,"DEFENSIVE, HAS_BUFF, MAJOR",https://www.wowhead.com/tbc/spell=12976,Talent-required
Warrior,Protection,Talent,One-Handed Weapon Specialization,16538,16538,Rank 1/5,,Increases physical damage you deal when a one-handed melee weapon is equipped by 2%.,Talent Passive,Data only,,,,,Data only,TALENT,https://www.wowhead.com/tbc/spell=16538,Talent: One-Handed Weapon Specialization; tree row 6
Warrior,Protection,Talent,One-Handed Weapon Specialization,16539,16538,Rank 2/5,,Increases physical damage you deal when a one-handed melee weapon is equipped by 4%.,Talent Passive,Data only,,,,,Data only,TALENT,https://www.wowhead.com/tbc/spell=16539,Talent: One-Handed Weapon Specialization; tree row 6
Warrior,Protection,Talent,One-Handed Weapon Specialization,16540,16538,Rank 3/5,,Increases physical damage you deal when a one-handed melee weapon is equipped by 6%.,Talent Passive,Data only,,,,,Data only,TALENT,https://www.wowhead.com/tbc/spell=16540,Talent: One-Handed Weapon Specialization; tree row 6
Warrior,Protection,Talent,One-Handed Weapon Specialization,16541,16538,Rank 4/5,,Increases physical damage you deal when a one-handed melee weapon is equipped by 8%.,Talent Passive,Data only,,,,,Data only,TALENT,https://www.wowhead.com/tbc/spell=16541,Talent: One-Handed Weapon Specialization; tree row 6
Warrior,Protection,Talent,One-Handed Weapon Specialization,16542,16538,Rank 5/5,,Increases physical damage you deal when a one-handed melee weapon is equipped by 10%.,Talent Passive,Data only,,,,,Data only,TALENT,https://www.wowhead.com/tbc/spell=16542,Talent: One-Handed Weapon Specialization; tree row 6
Warrior,Protection,Talent,Shield Mastery,29598,29598,Rank 1/3,,Increases the amount of damage absorbed by your shield by 10%.,Talent Passive,Data only,,,,,Data only,TALENT,https://www.wowhead.com/tbc/spell=29598,Talent: Shield Mastery; tree row 6
Warrior,Protection,Talent,Shield Mastery,29599,29598,Rank 2/3,,Increases the amount of damage absorbed by your shield by 20%.,Talent Passive,Data only,,,,,Data only,TALENT,https://www.wowhead.com/tbc/spell=29599,Talent: Shield Mastery; tree row 6
Warrior,Protection,Talent,Shield Mastery,29600,29598,Rank 3/3,,Increases the amount of damage absorbed by your shield by 30%.,Talent Passive,Data only,,,,,Data only,TALENT,https://www.wowhead.com/tbc/spell=29600,Talent: Shield Mastery; tree row 6
Warrior,Protection,Talent Ability,Shield Slam,23922,23922,Rank 1/1,,"Slam the target with your shield, causing 225 to 235 damage, modified by your shield block value, and dispels 1 magic effect on the target. Also causes a high amount of threat.",Offensive,Main,6,,20 Rage,,Cooldown,"PVE, ROTATIONAL, TANK",https://www.wowhead.com/tbc/spell=23922,Talent-required | Talent: Shield Slam
Warrior,Protection,Talent Ability,Shield Slam,23923,23922,Rank 2,48,"Slam the target with your shield, causing 264 to 276 damage, modified by your shield block value, and dispels 1 magic effect on the target. Also causes a high amount of threat.",Offensive,Main,6,,20 Rage,,Cooldown,"PVE, ROTATIONAL, TANK",https://www.wowhead.com/tbc/spell=23923,Talent-required
Warrior,Protection,Talent Ability,Shield Slam,23924,23922,Rank 3,54,"Slam the target with your shield, causing 303 to 317 damage, modified by your shield block value, and dispels 1 magic effect on the target. Also causes a high amount of threat.",Offensive,Main,6,,20 Rage,,Cooldown,"PVE, ROTATIONAL, TANK",https://www.wowhead.com/tbc/spell=23924,Talent-required
Warrior,Protection,Talent Ability,Shield Slam,23925,23922,Rank 4,60,"Slam the target with your shield, causing 342 to 358 damage, modified by your shield block value, and dispels 1 magic effect on the target. Also causes a high amount of threat.",Offensive,Main,6,,20 Rage,,Cooldown,"PVE, ROTATIONAL, TANK",https://www.wowhead.com/tbc/spell=23925,Talent-required
Warrior,Protection,Talent Ability,Shield Slam,25258,23922,Rank 5,66,"Slam the target with your shield, causing 381 to 399 damage, modified by your shield block value, and dispels 1 magic effect on the target. Also causes a high amount of threat.",Offensive,Main,6,,20 Rage,,Cooldown,"PVE, ROTATIONAL, TANK",https://www.wowhead.com/tbc/spell=25258,Talent-required
Warrior,Protection,Talent Ability,Shield Slam,30356,23922,Rank 6,70,"Slam the target with your shield, causing 420 to 440 damage, modified by your shield block value, and dispels 1 magic effect on the target. Also causes a high amount of threat.",Offensive,Main,6,,20 Rage,,Cooldown,"PVE, ROTATIONAL, TANK",https://www.wowhead.com/tbc/spell=30356,Talent-required
Warrior,Protection,Talent,Shield Specialization,12298,12298,Rank 1/5,,Increases your chance to block attacks with a shield by 1% and has a 20% chance to generate 1 rage when a block occurs.,Talent Passive,Data only,,,,,Data only,TALENT,https://www.wowhead.com/tbc/spell=12298,Talent: Shield Specialization; tree row 2
Warrior,Protection,Talent,Shield Specialization,12724,12298,Rank 2/5,,Increases your chance to block attacks with a shield by 2% and has a 40% chance to generate 1 rage when a block occurs.,Talent Passive,Data only,,,,,Data only,TALENT,https://www.wowhead.com/tbc/spell=12724,Talent: Shield Specialization; tree row 2
Warrior,Protection,Talent,Shield Specialization,12725,12298,Rank 3/5,,Increases your chance to block attacks with a shield by 3% and has a 60% chance to generate 1 rage when a block occurs.,Talent Passive,Data only,,,,,Data only,TALENT,https://www.wowhead.com/tbc/spell=12725,Talent: Shield Specialization; tree row 2
Warrior,Protection,Talent,Shield Specialization,12726,12298,Rank 4/5,,Increases your chance to block attacks with a shield by 4% and has a 80% chance to generate 1 rage when a block occurs.,Talent Passive,Data only,,,,,Data only,TALENT,https://www.wowhead.com/tbc/spell=12726,Talent: Shield Specialization; tree row 2
Warrior,Protection,Talent,Shield Specialization,12727,12298,Rank 5/5,,Increases your chance to block attacks with a shield by 5% and has a 100% chance to generate 1 rage when a block occurs.,Talent Passive,Data only,,,,,Data only,TALENT,https://www.wowhead.com/tbc/spell=12727,Talent: Shield Specialization; tree row 2
Warrior,Protection,Talent,Tactical Mastery,12295,12295,Rank 1/3,,You retain up to an additional 5 of your rage points when you change stances. Also greatly increases the threat generated by your Bloodthirst and Mortal Strike abilities when you are in Defensive Stance.,Talent Passive,Data only,,,,,Data only,TALENT,https://www.wowhead.com/tbc/spell=12295,Talent: Tactical Mastery; tree row 1
Warrior,Protection,Talent,Tactical Mastery,12676,12295,Rank 1,,You retain up to an additional 10 of your rage points when you change stances. Also greatly increases the threat generated by your Bloodthirst and Mortal Strike abilities when you are in Defensive Stance (More effective than Rank 1).,Talent Passive,Data only,,,,,Data only,TALENT,https://www.wowhead.com/tbc/spell=12676,Talent: Tactical Mastery; tree row 1
Warrior,Protection,Talent,Tactical Mastery,12677,12295,Rank 2,,You retain up to an additional 15 of your rage points when you change stances. Also greatly increases the threat generated by your Bloodthirst and Mortal Strike abilities when you are in Defensive Stance (More effective than Rank 2).,Talent Passive,Data only,,,,,Data only,TALENT,https://www.wowhead.com/tbc/spell=12677,Talent: Tactical Mastery; tree row 1
Warrior,Protection,Talent,Toughness,12299,12299,Rank 1/5,,Increases your armor value from items by 2%.,Talent Passive,Data only,,,,,Data only,TALENT,https://www.wowhead.com/tbc/spell=12299,Talent: Toughness; tree row 2
Warrior,Protection,Talent,Toughness,12761,12299,Rank 2/5,,Increases your armor value from items by 4%.,Talent Passive,Data only,,,,,Data only,TALENT,https://www.wowhead.com/tbc/spell=12761,Talent: Toughness; tree row 2
Warrior,Protection,Talent,Toughness,12762,12299,Rank 3/5,,Increases your armor value from items by 6%.,Talent Passive,Data only,,,,,Data only,TALENT,https://www.wowhead.com/tbc/spell=12762,Talent: Toughness; tree row 2
Warrior,Protection,Talent,Toughness,12763,12299,Rank 4/5,,Increases your armor value from items by 8%.,Talent Passive,Data only,,,,,Data only,TALENT,https://www.wowhead.com/tbc/spell=12763,Talent: Toughness; tree row 2
Warrior,Protection,Talent,Toughness,12764,12299,Rank 5/5,,Increases your armor value from items by 10%.,Talent Passive,Data only,,,,,Data only,TALENT,https://www.wowhead.com/tbc/spell=12764,Talent: Toughness; tree row 2
Warrior,Protection,Talent,Vitality,29140,29140,Rank 1/5,,Increases your total Stamina by 1% and your total Strength by 2%.,Talent Passive,Data only,,,,,Data only,TALENT,https://www.wowhead.com/tbc/spell=29140,Talent: Vitality; tree row 8
Warrior,Protection,Talent,Vitality,29143,29140,Rank 2/5,,Increases your total Stamina by 2% and your total Strength by 4%.,Talent Passive,Data only,,,,,Data only,TALENT,https://www.wowhead.com/tbc/spell=29143,Talent: Vitality; tree row 8
Warrior,Protection,Talent,Vitality,29144,29140,Rank 3/5,,Increases your total Stamina by 3% and your total Strength by 6%.,Talent Passive,Data only,,,,,Data only,TALENT,https://www.wowhead.com/tbc/spell=29144,Talent: Vitality; tree row 8
Warrior,Protection,Talent,Vitality,29145,29140,Rank 4/5,,Increases your total Stamina by 4% and your total Strength by 8%.,Talent Passive,Data only,,,,,Data only,TALENT,https://www.wowhead.com/tbc/spell=29145,Talent: Vitality; tree row 8
Warrior,Protection,Talent,Vitality,29146,29140,Rank 5/5,,Increases your total Stamina by 5% and your total Strength by 10%.,Talent Passive,Data only,,,,,Data only,TALENT,https://www.wowhead.com/tbc/spell=29146,Talent: Vitality; tree row 8
