Specialization,Type,Name,Spell ID,Canonical ID,Rank,Learned Level,Description,Category,HUD Row,Cooldown,Duration,Resource Cost,Aura ID,Track Mode,Tags,Wowhead Source,Notes
Class-wide / Shared,Ability,Avenging Wrath,31884,31884,,70,"Increases all damage caused by 30% for 20 sec. Causes Forebearance, preventing the use of Divine Shield, Divine Protection, Blessing of Protection again for 1 min.",Offensive,Main,180,20,8% of base mana,25771,Cooldown + aura,"DPS, HAS_BUFF, MAJOR, PVE_PVP",https://www.wowhead.com/tbc/spell=31884,
Class-wide / Shared,Ability,Blessing of Freedom,1044,1044,,18,"Places a Blessing on the friendly target, granting immunity to movement impairing effects for 10 sec. Players may only have one Blessing on them per Paladin at any one time.",Defensive,Utility,25,10,8% of base mana,,Cooldown + aura,"CC_BREAK, DEFENSIVE, HAS_BUFF, IMPORTANT_EXTERNAL, MINOR",https://www.wowhead.com/tbc/spell=1044,
Class-wide / Shared,Ability,Blessing of Light,19977,19977,Rank 1,40,"Places a Blessing on the friendly target, increasing the effects of Holy Light spells used on the target by up to 210 and the effects of Flash of Light spells used on the target by up to 60. Lasts 10 min. Players may only have one Blessing on them per Paladin at any one time.",Healing,Utility,0,600,85 Mana,,Cooldown,"BUFF, HEAL, LONG_BUFF",https://www.wowhead.com/tbc/spell=19977,
Class-wide / Shared,Ability,Blessing of Light,19978,19977,Rank 2,50,"Places a Blessing on the friendly target, increasing the effects of Holy Light spells used on the target by up to 300 and the effects of Flash of Light spells used on the target by up to 85. Lasts 10 min. Players may only have one Blessing on them per Paladin at any one time.",Healing,Utility,0,600,110 Mana,,Cooldown,"BUFF, HEAL, LONG_BUFF",https://www.wowhead.com/tbc/spell=19978,
Class-wide / Shared,Ability,Blessing of Light,19979,19977,Rank 3,60,"Places a Blessing on the friendly target, increasing the effects of Holy Light spells used on the target by up to 400 and the effects of Flash of Light spells used on the target by up to 115. Lasts 10 min. Players may only have one Blessing on them per Paladin at any one time.",Healing,Utility,0,600,135 Mana,,Cooldown,"BUFF, HEAL, LONG_BUFF",https://www.wowhead.com/tbc/spell=19979,
Class-wide / Shared,Ability,Blessing of Light,27144,19977,Rank 4,69,"Places a Blessing on the friendly target, increasing the effects of Holy Light spells used on the target by up to 580 and the effects of Flash of Light spells used on the target by up to 185. Lasts 10 min. Players may only have one Blessing on them per Paladin at any one time.",Healing,Utility,0,600,180 Mana,,Cooldown,"BUFF, HEAL, LONG_BUFF",https://www.wowhead.com/tbc/spell=27144,
Class-wide / Shared,Ability,Blessing of Might,19740,19740,Rank 1,4,"Places a Blessing on the friendly target, increasing attack power by 20 for 10 min. Players may only have one Blessing on them per Paladin at any one time.",Utility,Utility,0,600,20 Mana,,Cooldown,"BUFF, LONG_BUFF, UTILITY",https://www.wowhead.com/tbc/spell=19740,
Class-wide / Shared,Ability,Blessing of Might,19834,19740,Rank 2,12,"Places a Blessing on the friendly target, increasing attack power by 35 for 10 min. Players may only have one Blessing on them per Paladin at any one time.",Utility,Utility,0,600,30 Mana,,Cooldown,"BUFF, LONG_BUFF, UTILITY",https://www.wowhead.com/tbc/spell=19834,
Class-wide / Shared,Ability,Blessing of Might,19835,19740,Rank 3,22,"Places a Blessing on the friendly target, increasing attack power by 55 for 10 min. Players may only have one Blessing on them per Paladin at any one time.",Utility,Utility,0,600,45 Mana,,Cooldown,"BUFF, LONG_BUFF, UTILITY",https://www.wowhead.com/tbc/spell=19835,
Class-wide / Shared,Ability,Blessing of Might,19836,19740,Rank 4,32,"Places a Blessing on the friendly target, increasing attack power by 85 for 10 min. Players may only have one Blessing on them per Paladin at any one time.",Utility,Utility,0,600,60 Mana,,Cooldown,"BUFF, LONG_BUFF, UTILITY",https://www.wowhead.com/tbc/spell=19836,
Class-wide / Shared,Ability,Blessing of Might,19837,19740,Rank 5,42,"Places a Blessing on the friendly target, increasing attack power by 115 for 10 min. Players may only have one Blessing on them per Paladin at any one time.",Utility,Utility,0,600,85 Mana,,Cooldown,"BUFF, LONG_BUFF, UTILITY",https://www.wowhead.com/tbc/spell=19837,
Class-wide / Shared,Ability,Blessing of Might,19838,19740,Rank 6,52,"Places a Blessing on the friendly target, increasing attack power by 155 for 10 min. Players may only have one Blessing on them per Paladin at any one time.",Utility,Utility,0,600,110 Mana,,Cooldown,"BUFF, LONG_BUFF, UTILITY",https://www.wowhead.com/tbc/spell=19838,
Class-wide / Shared,Ability,Blessing of Might,25291,19740,Rank 7,60,"Places a Blessing on the friendly target, increasing attack power by 185 for 10 min. Players may only have one Blessing on them per Paladin at any one time.",Utility,Utility,0,600,130 Mana,,Cooldown,"BUFF, LONG_BUFF, UTILITY",https://www.wowhead.com/tbc/spell=25291,
Class-wide / Shared,Ability,Blessing of Might,27140,19740,Rank 8,70,"Places a Blessing on the friendly target, increasing attack power by 220 for 10 min. Players may only have one Blessing on them per Paladin at any one time.",Utility,Utility,0,600,145 Mana,,Cooldown,"BUFF, LONG_BUFF, UTILITY",https://www.wowhead.com/tbc/spell=27140,
Class-wide / Shared,Ability,Blessing of Protection,1022,1022,Rank 1,10,"A targeted party member is protected from all physical attacks for 6 sec, but during that time they cannot attack or use physical abilities. Players may only have one Blessing on them per Paladin at any one time. Once protected, the target cannot be made invulnerable by Divine Shield, Divine Protection or Blessing of Protection again for 1 min.",Defensive,Utility,300,10,25 Mana,25771,Cooldown + aura,"EXTERNAL_DEFENSIVE, HAS_BUFF, IMMUNITY, IMPORTANT_EXTERNAL, MAJOR",https://www.wowhead.com/tbc/spell=1022,
Class-wide / Shared,Ability,Blessing of Protection,5599,1022,Rank 2,24,"A targeted party member is protected from all physical attacks for 8 sec, but during that time they cannot attack or use physical abilities. Players may only have one Blessing on them per Paladin at any one time. Once protected, the target cannot be made invulnerable by Divine Shield, Divine Protection or Blessing of Protection again for 1 min.",Defensive,Utility,300,10,45 Mana,25771,Cooldown + aura,"EXTERNAL_DEFENSIVE, HAS_BUFF, IMMUNITY, IMPORTANT_EXTERNAL, MAJOR",https://www.wowhead.com/tbc/spell=5599,
Class-wide / Shared,Ability,Blessing of Protection,10278,1022,Rank 3,38,"A targeted party member is protected from all physical attacks for 10 sec, but during that time they cannot attack or use physical abilities. Players may only have one Blessing on them per Paladin at any one time. Once protected, the target cannot be made invulnerable by Divine Shield, Divine Protection or Blessing of Protection again for 1 min.",Defensive,Utility,300,10,6% of base mana,25771,Cooldown + aura,"EXTERNAL_DEFENSIVE, HAS_BUFF, IMMUNITY, IMPORTANT_EXTERNAL, MAJOR",https://www.wowhead.com/tbc/spell=10278,
Class-wide / Shared,Ability,Blessing of Sacrifice,6940,6940,Rank 1,46,"Places a Blessing on the party member, transfering 45 damage taken per hit to the caster. Lasts 30 sec. Players may only have one Blessing on them per Paladin at any one time.",Defensive,Utility,30,30,80 Mana,,Cooldown + aura,"EXTERNAL_DEFENSIVE, HAS_BUFF, IMPORTANT_EXTERNAL, MINOR",https://www.wowhead.com/tbc/spell=6940,
Class-wide / Shared,Ability,Blessing of Sacrifice,20729,6940,Rank 2,54,"Places a Blessing on the party member, transfering 55 damage taken per hit to the caster. Lasts 30 sec. Players may only have one Blessing on them per Paladin at any one time.",Defensive,Utility,30,30,100 Mana,,Cooldown + aura,"EXTERNAL_DEFENSIVE, HAS_BUFF, IMPORTANT_EXTERNAL, MINOR",https://www.wowhead.com/tbc/spell=20729,
Class-wide / Shared,Ability,Blessing of Salvation,1038,1038,,26,"Places a Blessing on the party member, reducing the amount of all threat generated by 30% for 10 min. Players may only have one Blessing on them per Paladin at any one time.",Utility,Utility,0,600,6% of base mana,,Cooldown,"BUFF, LONG_BUFF, UTILITY",https://www.wowhead.com/tbc/spell=1038,
Class-wide / Shared,Ability,Blessing of Wisdom,19742,19742,Rank 1,14,"Places a Blessing on the friendly target, restoring 10 mana every 5 seconds for 10 min. Players may only have one Blessing on them per Paladin at any one time.",Utility,Utility,0,600,30 Mana,,Cooldown,"BUFF, LONG_BUFF, RESOURCE, UTILITY",https://www.wowhead.com/tbc/spell=19742,
Class-wide / Shared,Ability,Blessing of Wisdom,19850,19742,Rank 2,24,"Places a Blessing on the friendly target, restoring 15 mana every 5 seconds for 10 min. Players may only have one Blessing on them per Paladin at any one time.",Utility,Utility,0,600,45 Mana,,Cooldown,"BUFF, LONG_BUFF, RESOURCE, UTILITY",https://www.wowhead.com/tbc/spell=19850,
Class-wide / Shared,Ability,Blessing of Wisdom,19852,19742,Rank 3,34,"Places a Blessing on the friendly target, restoring 20 mana every 5 seconds for 10 min. Players may only have one Blessing on them per Paladin at any one time.",Utility,Utility,0,600,65 Mana,,Cooldown,"BUFF, LONG_BUFF, RESOURCE, UTILITY",https://www.wowhead.com/tbc/spell=19852,
Class-wide / Shared,Ability,Blessing of Wisdom,19853,19742,Rank 4,44,"Places a Blessing on the friendly target, restoring 25 mana every 5 seconds for 10 min. Players may only have one Blessing on them per Paladin at any one time.",Utility,Utility,0,600,90 Mana,,Cooldown,"BUFF, LONG_BUFF, RESOURCE, UTILITY",https://www.wowhead.com/tbc/spell=19853,
Class-wide / Shared,Ability,Blessing of Wisdom,19854,19742,Rank 5,54,"Places a Blessing on the friendly target, restoring 30 mana every 5 seconds for 10 min. Players may only have one Blessing on them per Paladin at any one time.",Utility,Utility,0,600,115 Mana,,Cooldown,"BUFF, LONG_BUFF, RESOURCE, UTILITY",https://www.wowhead.com/tbc/spell=19854,
Class-wide / Shared,Ability,Blessing of Wisdom,25290,19742,Rank 6,60,"Places a Blessing on the friendly target, restoring 33 mana every 5 seconds for 10 min. Players may only have one Blessing on them per Paladin at any one time.",Utility,Utility,0,600,125 Mana,,Cooldown,"BUFF, LONG_BUFF, RESOURCE, UTILITY",https://www.wowhead.com/tbc/spell=25290,
Class-wide / Shared,Ability,Blessing of Wisdom,27142,19742,Rank 7,65,"Places a Blessing on the friendly target, restoring 41 mana every 5 seconds for 10 min. Players may only have one Blessing on them per Paladin at any one time.",Utility,Utility,0,600,150 Mana,,Cooldown,"BUFF, LONG_BUFF, RESOURCE, UTILITY",https://www.wowhead.com/tbc/spell=27142,
Class-wide / Shared,Ability,Cleanse,4987,4987,,42,"Cleanses a friendly target, removing 1 poison effect, 1 disease effect, and 1 magic effect.",Utility,Utility,0,,6% of base mana,,Cooldown,"DISPEL_DISEASE, DISPEL_MAGIC, DISPEL_POISON, FILLER",https://www.wowhead.com/tbc/spell=4987,
Class-wide / Shared,Ability,Concentration Aura,19746,19746,,22,Gives a 35% chance of ignoring spell interruption when damaged to all party members within 30 yards. Players may only have one Aura on them per Paladin at any one time.,Utility,Utility,0,,,,Cooldown,"BUFF, LONG_BUFF, UTILITY",https://www.wowhead.com/tbc/spell=19746,
Class-wide / Shared,Ability,Devotion Aura,465,465,Rank 1,1,Gives 55 additional armor to party members within 30 yards. Players may only have one Aura on them per Paladin at any one time.,Ability,Data only,0,,,,Cooldown,"BUFF, LONG_BUFF, RAID_DEFENSIVE",https://www.wowhead.com/tbc/spell=465,
Class-wide / Shared,Ability,Devotion Aura,643,465,Rank 2,20,Gives 275 additional armor to party members within 30 yards. Players may only have one Aura on them per Paladin at any one time.,Ability,Data only,0,,,,Cooldown,"BUFF, LONG_BUFF, RAID_DEFENSIVE",https://www.wowhead.com/tbc/spell=643,
Class-wide / Shared,Ability,Devotion Aura,1032,465,Rank 3,40,Gives 505 additional armor to party members within 30 yards. Players may only have one Aura on them per Paladin at any one time.,Ability,Data only,0,,,,Cooldown,"BUFF, LONG_BUFF, RAID_DEFENSIVE",https://www.wowhead.com/tbc/spell=1032,
Class-wide / Shared,Ability,Devotion Aura,10290,465,Rank 4,10,Gives 160 additional armor to party members within 30 yards. Players may only have one Aura on them per Paladin at any one time.,Ability,Data only,0,,,,Cooldown,"BUFF, LONG_BUFF, RAID_DEFENSIVE",https://www.wowhead.com/tbc/spell=10290,
Class-wide / Shared,Ability,Devotion Aura,10291,465,Rank 5,30,Gives 390 additional armor to party members within 30 yards. Players may only have one Aura on them per Paladin at any one time.,Ability,Data only,0,,,,Cooldown,"BUFF, LONG_BUFF, RAID_DEFENSIVE",https://www.wowhead.com/tbc/spell=10291,
Class-wide / Shared,Ability,Devotion Aura,10292,465,Rank 6,50,Gives 620 additional armor to party members within 30 yards. Players may only have one Aura on them per Paladin at any one time.,Ability,Data only,0,,,,Cooldown,"BUFF, LONG_BUFF, RAID_DEFENSIVE",https://www.wowhead.com/tbc/spell=10292,
Class-wide / Shared,Ability,Devotion Aura,10293,465,Rank 7,60,Gives 735 additional armor to party members within 30 yards. Players may only have one Aura on them per Paladin at any one time.,Ability,Data only,0,,,,Cooldown,"BUFF, LONG_BUFF, RAID_DEFENSIVE",https://www.wowhead.com/tbc/spell=10293,
Class-wide / Shared,Ability,Devotion Aura,27149,465,Rank 8,70,Gives 861 additional armor to party members within 30 yards. Players may only have one Aura on them per Paladin at any one time.,Ability,Data only,0,,,,Cooldown,"BUFF, LONG_BUFF, RAID_DEFENSIVE",https://www.wowhead.com/tbc/spell=27149,
Class-wide / Shared,Ability,Divine Intervention,19752,19752,,30,"The paladin sacrifices 
himself
to remove the targeted party member from harms way. Enemies will stop attacking the protected party member, who will be immune to all harmful attacks but cannot take any action for 3 min.",Defensive,Utility,3600,180,,19753,Cooldown + aura,"DEFENSIVE, HAS_BUFF, IMPORTANT_EXTERNAL, MAJOR, UTILITY",https://www.wowhead.com/tbc/spell=19752,
Class-wide / Shared,Ability,Divine Protection,498,498,Rank 1,6,"You are protected from all physical attacks and spells for 6 sec, but during that time you cannot attack or use physical abilities yourself. Once protected, the target cannot be made invulnerable by Divine Shield, Divine Protection or Blessing of Protection again for 1 min.",Defensive,Utility,300,8,15 Mana,25771,Cooldown + aura,"DEFENSIVE, HAS_BUFF, IMMUNITY, MAJOR",https://www.wowhead.com/tbc/spell=498,
Class-wide / Shared,Ability,Divine Protection,5573,498,Rank 2,18,"You are protected from all physical attacks and spells for 8 sec, but during that time you cannot attack or use physical abilities yourself. Once protected, the target cannot be made invulnerable by Divine Shield, Divine Protection or Blessing of Protection again for 1 min.",Defensive,Utility,300,8,35 Mana,25771,Cooldown + aura,"DEFENSIVE, HAS_BUFF, IMMUNITY, MAJOR",https://www.wowhead.com/tbc/spell=5573,
Class-wide / Shared,Ability,Divine Shield,642,642,Rank 1,34,"Protects the paladin from all damage and spells for 10 sec, but increases the time between your attacks by 100%. Once protected, the target cannot be made invulnerable by Divine Shield, Divine Protection, Blessing of Protection again or use Avenging Wrath for 1 min.",Defensive,Utility,300,12,75 Mana,25771,Cooldown + aura,"DEFENSIVE, HAS_BUFF, IMMUNITY, MAJOR",https://www.wowhead.com/tbc/spell=642,
Class-wide / Shared,Ability,Divine Shield,1020,642,Rank 2,50,"Protects the paladin from all damage and spells for 12 sec, but increases the time between your attacks by 100%. Once protected, the target cannot be made invulnerable by Divine Shield, Divine Protection, Blessing of Protection again or use Avenging Wrath for 1 min.",Defensive,Utility,300,12,110 Mana,25771,Cooldown + aura,"DEFENSIVE, HAS_BUFF, IMMUNITY, MAJOR",https://www.wowhead.com/tbc/spell=1020,
Class-wide / Shared,Ability,Exorcism,879,879,Rank 1,20,"Causes 
90 to 
102 Holy damage to an Undead or Demon target.",Offensive,Main,15,,70 Mana,,Cooldown,"DPS, MINOR, PVE",https://www.wowhead.com/tbc/spell=879,
Class-wide / Shared,Ability,Exorcism,5614,879,Rank 2,28,"Causes 
160 to 
180 Holy damage to an Undead or Demon target.",Offensive,Main,15,,115 Mana,,Cooldown,"DPS, MINOR, PVE",https://www.wowhead.com/tbc/spell=5614,
Class-wide / Shared,Ability,Exorcism,5615,879,Rank 3,36,"Causes 
227 to 
255 Holy damage to an Undead or Demon target.",Offensive,Main,15,,155 Mana,,Cooldown,"DPS, MINOR, PVE",https://www.wowhead.com/tbc/spell=5615,
Class-wide / Shared,Ability,Exorcism,10312,879,Rank 4,44,"Causes 
316 to 
354 Holy damage to an Undead or Demon target.",Offensive,Main,15,,200 Mana,,Cooldown,"DPS, MINOR, PVE",https://www.wowhead.com/tbc/spell=10312,
Class-wide / Shared,Ability,Exorcism,10313,879,Rank 5,52,"Causes 
407 to 
453 Holy damage to an Undead or Demon target.",Offensive,Main,15,,240 Mana,,Cooldown,"DPS, MINOR, PVE",https://www.wowhead.com/tbc/spell=10313,
Class-wide / Shared,Ability,Exorcism,10314,879,Rank 6,60,"Causes 
521 to 
579 Holy damage to an Undead or Demon target.",Offensive,Main,15,,295 Mana,,Cooldown,"DPS, MINOR, PVE",https://www.wowhead.com/tbc/spell=10314,
Class-wide / Shared,Ability,Exorcism,27138,879,Rank 7,68,"Causes 
626 to 
698 Holy damage to an Undead or Demon target.",Offensive,Main,15,,340 Mana,,Cooldown,"DPS, MINOR, PVE",https://www.wowhead.com/tbc/spell=27138,
Class-wide / Shared,Ability,Exorcism,33632,879,Rank 8,20,Inflicts Holy damage to an undead or demon enemy.,Offensive,Main,15,,85 Mana,,Cooldown,"DPS, MINOR, PVE",https://www.wowhead.com/tbc/spell=33632,
Class-wide / Shared,Ability,Fire Resistance Aura,19891,19891,Rank 1,36,Gives 30 additional Fire resistance to all party members within 30 yards. Players may only have one Aura on them per Paladin at any one time.,Ability,Data only,0,,,,Cooldown,"BUFF, LONG_BUFF, RAID_DEFENSIVE",https://www.wowhead.com/tbc/spell=19891,
Class-wide / Shared,Ability,Fire Resistance Aura,19899,19891,Rank 2,48,Gives 45 additional Fire resistance to all party members within 30 yards. Players may only have one Aura on them per Paladin at any one time.,Ability,Data only,0,,,,Cooldown,"BUFF, LONG_BUFF, RAID_DEFENSIVE",https://www.wowhead.com/tbc/spell=19899,
Class-wide / Shared,Ability,Fire Resistance Aura,19900,19891,Rank 3,60,Gives 60 additional Fire resistance to all party members within 30 yards. Players may only have one Aura on them per Paladin at any one time.,Ability,Data only,0,,,,Cooldown,"BUFF, LONG_BUFF, RAID_DEFENSIVE",https://www.wowhead.com/tbc/spell=19900,
Class-wide / Shared,Ability,Fire Resistance Aura,27153,19891,Rank 4,70,Gives 70 additional Fire resistance to all party members within 30 yards. Players may only have one Aura on them per Paladin at any one time.,Ability,Data only,0,,,,Cooldown,"BUFF, LONG_BUFF, RAID_DEFENSIVE",https://www.wowhead.com/tbc/spell=27153,
Class-wide / Shared,Ability,Frost Resistance Aura,19888,19888,Rank 1,32,Gives 30 additional Frost resistance to all party members within 30 yards. Players may only have one Aura on them per Paladin at any one time.,Ability,Data only,0,,,,Cooldown,"BUFF, LONG_BUFF, RAID_DEFENSIVE",https://www.wowhead.com/tbc/spell=19888,
Class-wide / Shared,Ability,Frost Resistance Aura,19897,19888,Rank 2,44,Gives 45 additional Frost resistance to all party members within 30 yards. Players may only have one Aura on them per Paladin at any one time.,Ability,Data only,0,,,,Cooldown,"BUFF, LONG_BUFF, RAID_DEFENSIVE",https://www.wowhead.com/tbc/spell=19897,
Class-wide / Shared,Ability,Frost Resistance Aura,19898,19888,Rank 3,56,Gives 60 additional Frost resistance to all party members within 30 yards. Players may only have one Aura on them per Paladin at any one time.,Ability,Data only,0,,,,Cooldown,"BUFF, LONG_BUFF, RAID_DEFENSIVE",https://www.wowhead.com/tbc/spell=19898,
Class-wide / Shared,Ability,Frost Resistance Aura,27152,19888,Rank 4,68,Gives 70 additional Frost resistance to all party members within 30 yards. Players may only have one Aura on them per Paladin at any one time.,Ability,Data only,0,,,,Cooldown,"BUFF, LONG_BUFF, RAID_DEFENSIVE",https://www.wowhead.com/tbc/spell=27152,
Class-wide / Shared,Ability,Greater Blessing of Light,25890,25890,Rank 1,60,"Gives all members of the raid or group that share the same class with the target the Greater Blessing of Light, increasing the effects of Holy Light spells used on the target by up to 400 and the effects of Flash of Light spells used on the target by up to 115. Lasts 30 min. Players may only have one Blessing on them per Paladin at any one time.",Healing,Utility,0,1800,260 Mana,,Cooldown,"BUFF, HEAL, LONG_BUFF",https://www.wowhead.com/tbc/spell=25890,
Class-wide / Shared,Ability,Greater Blessing of Light,27145,25890,Rank 2,69,"Gives all members of the raid or group that share the same class with the target the Greater Blessing of Light, increasing the effects of Holy Light spells used on the target by up to 580 and the effects of Flash of Light spells used on the target by up to 185. Lasts 30 min. Players may only have one Blessing on them per Paladin at any one time.",Healing,Utility,0,1800,360 Mana,,Cooldown,"BUFF, HEAL, LONG_BUFF",https://www.wowhead.com/tbc/spell=27145,
Class-wide / Shared,Ability,Greater Blessing of Might,25782,25782,Rank 1,52,"Gives all members of the raid or group that share the same class with the target the Greater Blessing of Might, increasing attack power by 155 for 30 min. Players may only have one Blessing on them per Paladin at any one time.",Utility,Utility,0,1800,220 Mana,,Cooldown,"BUFF, LONG_BUFF, UTILITY",https://www.wowhead.com/tbc/spell=25782,
Class-wide / Shared,Ability,Greater Blessing of Might,25916,25782,Rank 2,60,"Gives all members of the raid or group that share the same class with the target the Greater Blessing of Might, increasing attack power by 185 for 30 min. Players may only have one Blessing on them per Paladin at any one time.",Utility,Utility,0,1800,260 Mana,,Cooldown,"BUFF, LONG_BUFF, UTILITY",https://www.wowhead.com/tbc/spell=25916,
Class-wide / Shared,Ability,Greater Blessing of Might,27141,25782,Rank 3,70,"Gives all members of the raid or group that share the same class with the target the Greater Blessing of Might, increasing attack power by 220 for 30 min. Players may only have one Blessing on them per Paladin at any one time.",Utility,Utility,0,1800,295 Mana,,Cooldown,"BUFF, LONG_BUFF, UTILITY",https://www.wowhead.com/tbc/spell=27141,
Class-wide / Shared,Ability,Greater Blessing of Salvation,25895,25895,,60,"Gives all members of the raid or group that share the same class with the target the Greater Blessing of Salvation, reducing the amount of all threat generated by 30% for 30 min. Players may only have one Blessing on them per Paladin at any one time.",Utility,Utility,0,1800,13% of base mana,,Cooldown,"BUFF, LONG_BUFF, UTILITY",https://www.wowhead.com/tbc/spell=25895,
Class-wide / Shared,Ability,Greater Blessing of Wisdom,25894,25894,Rank 1,54,"Gives all members of the raid or group that share the same class with the target the Greater Blessing of Wisdom, restoring 30 mana every 5 seconds for 30 min. Players may only have one Blessing on them per Paladin at any one time.",Utility,Utility,0,1800,230 Mana,,Cooldown,"BUFF, LONG_BUFF, RESOURCE, UTILITY",https://www.wowhead.com/tbc/spell=25894,
Class-wide / Shared,Ability,Greater Blessing of Wisdom,25918,25894,Rank 2,60,"Gives all members of the raid or group that share the same class with the target the Greater Blessing of Wisdom, restoring 33 mana every 5 seconds for 30 min. Players may only have one Blessing on them per Paladin at any one time.",Utility,Utility,0,1800,250 Mana,,Cooldown,"BUFF, LONG_BUFF, RESOURCE, UTILITY",https://www.wowhead.com/tbc/spell=25918,
Class-wide / Shared,Ability,Greater Blessing of Wisdom,27143,25894,Rank 3,65,"Gives all members of the raid or group that share the same class with the target the Greater Blessing of Wisdom, restoring 41 mana every 5 seconds for 30 min. Players may only have one Blessing on them per Paladin at any one time.",Utility,Utility,0,1800,310 Mana,,Cooldown,"BUFF, LONG_BUFF, RESOURCE, UTILITY",https://www.wowhead.com/tbc/spell=27143,
Class-wide / Shared,Ability,Hammer of Justice,853,853,Rank 1,8,Stuns the target for 3 sec.,Crowd Control,Utility,60,6,30 Mana,,Cooldown,CC_HARD,https://www.wowhead.com/tbc/spell=853,
Class-wide / Shared,Ability,Hammer of Justice,5588,853,Rank 2,24,Stuns the target for 4 sec.,Crowd Control,Utility,60,6,50 Mana,,Cooldown,CC_HARD,https://www.wowhead.com/tbc/spell=5588,
Class-wide / Shared,Ability,Hammer of Justice,5589,853,Rank 3,40,Stuns the target for 5 sec.,Crowd Control,Utility,60,6,75 Mana,,Cooldown,CC_HARD,https://www.wowhead.com/tbc/spell=5589,
Class-wide / Shared,Ability,Hammer of Justice,10308,853,Rank 4,54,Stuns the target for 6 sec.,Crowd Control,Utility,60,6,100 Mana,,Cooldown,CC_HARD,https://www.wowhead.com/tbc/spell=10308,
Class-wide / Shared,Ability,Holy Wrath,2812,2812,Rank 1,50,"Sends bolts of holy power in all directions, causing 
368 to 
435 Holy damage to all Undead and Demon targets within 20 yds.",Offensive,Main,60,,550 Mana,,Cooldown,"AOE, DPS",https://www.wowhead.com/tbc/spell=2812,
Class-wide / Shared,Ability,Holy Wrath,10318,2812,Rank 2,60,"Sends bolts of holy power in all directions, causing 
497 to 
584 Holy damage to all Undead and Demon targets within 20 yds.",Offensive,Main,60,,685 Mana,,Cooldown,"AOE, DPS",https://www.wowhead.com/tbc/spell=10318,
Class-wide / Shared,Ability,Holy Wrath,27139,2812,Rank 3,69,"Sends bolts of holy power in all directions, causing 
637 to 
748 Holy damage to all Undead and Demon targets within 20 yds.",Offensive,Main,60,,825 Mana,,Cooldown,"AOE, DPS",https://www.wowhead.com/tbc/spell=27139,
Class-wide / Shared,Ability,Lay on Hands,633,633,Rank 1,10,Heals a friendly target for an amount equal to the Paladin's maximum health. Drains all of the Paladin's remaining mana when used.,Defensive,Utility,3600,,,,Cooldown,"EXTERNAL_DEFENSIVE, HEAL, HEAL_SINGLE, MAJOR",https://www.wowhead.com/tbc/spell=633,
Class-wide / Shared,Ability,Lay on Hands,2800,633,Rank 2,30,Heals a friendly target for an amount equal to the Paladin's maximum health and restores 250 of their mana. Drains all of the Paladin's remaining mana when used.,Defensive,Utility,3600,,,,Cooldown,"EXTERNAL_DEFENSIVE, HEAL, HEAL_SINGLE, MAJOR",https://www.wowhead.com/tbc/spell=2800,
Class-wide / Shared,Ability,Lay on Hands,10310,633,Rank 3,50,Heals a friendly target for an amount equal to the Paladin's maximum health and restores 550 of their mana. Drains all of the Paladin's remaining mana when used.,Defensive,Utility,3600,,,,Cooldown,"EXTERNAL_DEFENSIVE, HEAL, HEAL_SINGLE, MAJOR",https://www.wowhead.com/tbc/spell=10310,
Class-wide / Shared,Ability,Lay on Hands,27154,633,Rank 4,69,Heals a friendly target for an amount equal to the Paladin's maximum health and restores 900 of their mana. Drains all of the Paladin's remaining mana when used.,Defensive,Utility,3600,,,,Cooldown,"EXTERNAL_DEFENSIVE, HEAL, HEAL_SINGLE, MAJOR",https://www.wowhead.com/tbc/spell=27154,
Class-wide / Shared,Ability,Purify,1152,1152,,8,"Purifies the friendly target, removing 1 disease effect and 1 poison effect.",Utility,Utility,0,,6% of base mana,,Cooldown,"DISPEL_DISEASE, DISPEL_POISON, FILLER",https://www.wowhead.com/tbc/spell=1152,
Class-wide / Shared,Ability,Retribution Aura,7294,7294,Rank 1,16,Causes 5 Holy damage to any creature that strikes a party member within 30 yards. Players may only have one Aura on them per Paladin at any one time.,Offensive,Main,0,,,,Cooldown,"BUFF, DPS, LONG_BUFF",https://www.wowhead.com/tbc/spell=7294,
Class-wide / Shared,Ability,Retribution Aura,10298,7294,Rank 2,26,Causes 8 Holy damage to any creature that strikes a party member within 30 yards. Players may only have one Aura on them per Paladin at any one time.,Offensive,Main,0,,,,Cooldown,"BUFF, DPS, LONG_BUFF",https://www.wowhead.com/tbc/spell=10298,
Class-wide / Shared,Ability,Retribution Aura,10299,7294,Rank 3,36,Causes 12 Holy damage to any creature that strikes a party member within 30 yards. Players may only have one Aura on them per Paladin at any one time.,Offensive,Main,0,,,,Cooldown,"BUFF, DPS, LONG_BUFF",https://www.wowhead.com/tbc/spell=10299,
Class-wide / Shared,Ability,Retribution Aura,10300,7294,Rank 4,46,Causes 16 Holy damage to any creature that strikes a party member within 30 yards. Players may only have one Aura on them per Paladin at any one time.,Offensive,Main,0,,,,Cooldown,"BUFF, DPS, LONG_BUFF",https://www.wowhead.com/tbc/spell=10300,
Class-wide / Shared,Ability,Retribution Aura,10301,7294,Rank 5,56,Causes 20 Holy damage to any creature that strikes a party member within 30 yards. Players may only have one Aura on them per Paladin at any one time.,Offensive,Main,0,,,,Cooldown,"BUFF, DPS, LONG_BUFF",https://www.wowhead.com/tbc/spell=10301,
Class-wide / Shared,Ability,Retribution Aura,27150,7294,Rank 6,66,Causes 26 Holy damage to any creature that strikes a party member within 30 yards. Players may only have one Aura on them per Paladin at any one time.,Offensive,Main,0,,,,Cooldown,"BUFF, DPS, LONG_BUFF",https://www.wowhead.com/tbc/spell=27150,
Class-wide / Shared,Ability,Seal of Justice,20164,20164,Rank 1,22,"Fills the Paladin with the spirit of justice for 30 sec, giving each melee attack a chance to stun for 2 sec. Only one Seal can be active on the Paladin at any one time.
Unleashing this Seal's energy will judge an enemy for 20 sec, preventing them from fleeing. Your melee strikes will refresh the spell's duration. Only one Judgement per Paladin can be active at any one time.",Crowd Control,Utility,0,30,10% of base mana,,Cooldown,"BUFF, CC_HARD, UTILITY",https://www.wowhead.com/tbc/spell=20164,
Class-wide / Shared,Ability,Seal of Justice,31895,20164,Rank 2,48,"Fills the Paladin with the spirit of justice for 30 sec, giving each melee attack a chance to stun for 2 sec. Only one Seal can be active on the Paladin at any one time.
Unleashing this Seal's energy will judge an enemy for 20 sec, preventing them from fleeing and limiting their movement speed. Your melee strikes will refresh the spell's duration. Only one Judgement per Paladin can be active at any one time.",Crowd Control,Utility,0,30,10% of base mana,,Cooldown,"BUFF, CC_HARD, UTILITY",https://www.wowhead.com/tbc/spell=31895,
Class-wide / Shared,Ability,Seal of Light,20165,20165,Rank 1,30,"Fills the Paladin with divine light for 30 sec, giving each melee attack a chance to heal the Paladin for 39. Only one Seal can be active on the Paladin at any one time.
Unleashing this Seal's energy will judge an enemy for 20 sec, granting melee attacks made against the judged enemy a chance of healing the attacker for 25. Your melee strikes will refresh the spell's duration. Only one Judgement per Paladin can be active at any one time.",Healing,Utility,0,30,110 Mana,,Cooldown + aura,"BUFF, HEAL, MAINTENANCE",https://www.wowhead.com/tbc/spell=20165,
Class-wide / Shared,Ability,Seal of Light,20347,20165,Rank 2,40,"Fills the Paladin with divine light for 30 sec, giving each melee attack a chance to heal the Paladin for 53. Only one Seal can be active on the Paladin at any one time.
Unleashing this Seal's energy will judge an enemy for 20 sec, granting melee attacks made against the judged enemy a chance of healing the attacker for 34. Your melee strikes will refresh the spell's duration. Only one Judgement per Paladin can be active at any one time.",Healing,Utility,0,30,140 Mana,,Cooldown + aura,"BUFF, HEAL, MAINTENANCE",https://www.wowhead.com/tbc/spell=20347,
Class-wide / Shared,Ability,Seal of Light,20348,20165,Rank 3,50,"Fills the Paladin with divine light for 30 sec, giving each melee attack a chance to heal the Paladin for 76. Only one Seal can be active on the Paladin at any one time.
Unleashing this Seal's energy will judge an enemy for 20 sec, granting melee attacks made against the judged enemy a chance of healing the attacker for 49. Your melee strikes will refresh the spell's duration. Only one Judgement per Paladin can be active at any one time.",Healing,Utility,0,30,180 Mana,,Cooldown + aura,"BUFF, HEAL, MAINTENANCE",https://www.wowhead.com/tbc/spell=20348,
Class-wide / Shared,Ability,Seal of Light,20349,20165,Rank 4,60,"Fills the Paladin with divine light for 30 sec, giving each melee attack a chance to heal the Paladin for 94. Only one Seal can be active on the Paladin at any one time.
Unleashing this Seal's energy will judge an enemy for 20 sec, granting melee attacks made against the judged enemy a chance of healing the attacker for 61. Your melee strikes will refresh the spell's duration. Only one Judgement per Paladin can be active at any one time.",Healing,Utility,0,30,210 Mana,,Cooldown + aura,"BUFF, HEAL, MAINTENANCE",https://www.wowhead.com/tbc/spell=20349,
Class-wide / Shared,Ability,Seal of Light,27160,20165,Rank 5,69,"Fills the Paladin with divine light for 30 sec, giving each melee attack a chance to heal the Paladin for 133. Only one Seal can be active on the Paladin at any one time.
Unleashing this Seal's energy will judge an enemy for 20 sec, granting melee attacks made against the judged enemy a chance of healing the attacker for 95. Your melee strikes will refresh the spell's duration. Only one Judgement per Paladin can be active at any one time.",Healing,Utility,0,30,280 Mana,,Cooldown + aura,"BUFF, HEAL, MAINTENANCE",https://www.wowhead.com/tbc/spell=27160,
Class-wide / Shared,Ability,Seal of Righteousness,20154,20154,Rank 1,1,"Fills the Paladin with holy spirit for 30 sec, granting each melee attack an additional [1.2 * (
216 * 1.2 * 1.03 * Mainhand weapon max base speed / 100) + 0.03 * (Mainhand weapon max damage + Mainhand weapon min damage) / 2 + 1] Holy damage. Only one Seal can be active on the Paladin at any one time.",Offensive,Main,0,30,20 Mana,,Cooldown + aura,"BUFF, DPS, MAINTENANCE",https://www.wowhead.com/tbc/spell=20154,
Class-wide / Shared,Ability,Seal of Righteousness,20287,20154,Rank 2,10,"Fills the Paladin with holy spirit for 30 sec, granting each melee attack an additional [1.2 * (
318 * 1.2 * 1.03 * Mainhand weapon max base speed / 100) + 0.03 * (Mainhand weapon max damage + Mainhand weapon min damage) / 2 + 1] Holy damage. Only one Seal can be active on the Paladin at any one time.
Unleashing this Seal's energy will cause 
36 to 
39 Holy damage to an enemy.",Offensive,Main,0,30,40 Mana,,Cooldown + aura,"BUFF, DPS, MAINTENANCE",https://www.wowhead.com/tbc/spell=20287,
Class-wide / Shared,Ability,Seal of Righteousness,20288,20154,Rank 3,18,"Fills the Paladin with holy spirit for 30 sec, granting each melee attack an additional [1.2 * (
490 * 1.2 * 1.03 * Mainhand weapon max base speed / 100) + 0.03 * (Mainhand weapon max damage + Mainhand weapon min damage) / 2 + 1] Holy damage. Only one Seal can be active on the Paladin at any one time.
Unleashing this Seal's energy will cause 
53 to 
58 Holy damage to an enemy.",Offensive,Main,0,30,60 Mana,,Cooldown + aura,"BUFF, DPS, MAINTENANCE",https://www.wowhead.com/tbc/spell=20288,
Class-wide / Shared,Ability,Seal of Righteousness,20289,20154,Rank 4,26,"Fills the Paladin with holy spirit for 30 sec, granting each melee attack an additional [1.2 * (
727 * 1.2 * 1.03 * Mainhand weapon max base speed / 100) + 0.03 * (Mainhand weapon max damage + Mainhand weapon min damage) / 2 + 1] Holy damage. Only one Seal can be active on the Paladin at any one time.
Unleashing this Seal's energy will cause 
73 to 
80 Holy damage to an enemy.",Offensive,Main,0,30,90 Mana,,Cooldown + aura,"BUFF, DPS, MAINTENANCE",https://www.wowhead.com/tbc/spell=20289,
Class-wide / Shared,Ability,Seal of Righteousness,20290,20154,Rank 5,34,"Fills the Paladin with holy spirit for 30 sec, granting each melee attack an additional [1.2 * (
1007 * 1.2 * 1.03 * Mainhand weapon max base speed / 100) + 0.03 * (Mainhand weapon max damage + Mainhand weapon min damage) / 2 + 1] Holy damage. Only one Seal can be active on the Paladin at any one time.
Unleashing this Seal's energy will cause 
96 to 
105 Holy damage to an enemy.",Offensive,Main,0,30,120 Mana,,Cooldown + aura,"BUFF, DPS, MAINTENANCE",https://www.wowhead.com/tbc/spell=20290,
Class-wide / Shared,Ability,Seal of Righteousness,20291,20154,Rank 6,42,"Fills the Paladin with holy spirit for 30 sec, granting each melee attack an additional [1.2 * (
1328 * 1.2 * 1.03 * Mainhand weapon max base speed / 100) + 0.03 * (Mainhand weapon max damage + Mainhand weapon min damage) / 2 + 1] Holy damage. Only one Seal can be active on the Paladin at any one time.
Unleashing this Seal's energy will cause 
124 to 
135 Holy damage to an enemy.",Offensive,Main,0,30,140 Mana,,Cooldown + aura,"BUFF, DPS, MAINTENANCE",https://www.wowhead.com/tbc/spell=20291,
Class-wide / Shared,Ability,Seal of Righteousness,20292,20154,Rank 7,50,"Fills the Paladin with holy spirit for 30 sec, granting each melee attack an additional [1.2 * (
1689 * 1.2 * 1.03 * Mainhand weapon max base speed / 100) + 0.03 * (Mainhand weapon max damage + Mainhand weapon min damage) / 2 + 1] Holy damage. Only one Seal can be active on the Paladin at any one time.
Unleashing this Seal's energy will cause 
155 to 
168 Holy damage to an enemy.",Offensive,Main,0,30,170 Mana,,Cooldown + aura,"BUFF, DPS, MAINTENANCE",https://www.wowhead.com/tbc/spell=20292,
Class-wide / Shared,Ability,Seal of Righteousness,20293,20154,Rank 8,58,"Fills the Paladin with holy spirit for 30 sec, granting each melee attack an additional [1.2 * (
2068 * 1.2 * 1.03 * Mainhand weapon max base speed / 100) + 0.03 * (Mainhand weapon max damage + Mainhand weapon min damage) / 2 + 1] Holy damage. Only one Seal can be active on the Paladin at any one time.
Unleashing this Seal's energy will cause 
186 to 
203 Holy damage to an enemy.",Offensive,Main,0,30,200 Mana,,Cooldown + aura,"BUFF, DPS, MAINTENANCE",https://www.wowhead.com/tbc/spell=20293,
Class-wide / Shared,Ability,Seal of Righteousness,27155,20154,Rank 9,66,"Fills the Paladin with holy spirit for 30 sec, granting each melee attack an additional [1.2 * (
2324 * 1.2 * 1.03 * Mainhand weapon max base speed / 100) + 0.03 * (Mainhand weapon max damage + Mainhand weapon min damage) / 2 + 1] Holy damage. Only one Seal can be active on the Paladin at any one time.
Unleashing this Seal's energy will cause 
225 to 
246 Holy damage to an enemy.",Offensive,Main,0,30,260 Mana,,Cooldown + aura,"BUFF, DPS, MAINTENANCE",https://www.wowhead.com/tbc/spell=27155,
Class-wide / Shared,Ability,Seal of Vengeance,31801,31801,,64,"Fills the Paladin with holy power, granting each melee attack a chance to cause 150 Holy damage over 15 sec. This effect can stack up to 5 times. Only one Seal can be active on the Paladin at any one time. Lasts 30 sec.
Unleashing this Seal's energy will judge an enemy, instantly causing 120 Holy damage per application of Holy Vengeance.",Offensive,Main,0,30,250 Mana,,Cooldown + aura,"BUFF, DPS, MAINTENANCE",https://www.wowhead.com/tbc/spell=31801,
Class-wide / Shared,Ability,Seal of Wisdom,20166,20166,Rank 1,38,"Fills the Paladin with divine wisdom for 30 sec, giving each melee attack a chance to restore 50 of the Paladin's mana. Only one Seal can be active on the Paladin at any one time.
Unleashing this Seal's energy will judge an enemy for 20 sec, granting attacks and spells used against the judged enemy a chance to restore 33 mana to the attacker. Your melee strikes will refresh the spell's duration. Only one Judgement per Paladin can be active at any one time.",Resource,Main,0,30,135 Mana,,Cooldown + aura,"BUFF, MAINTENANCE, RESOURCE",https://www.wowhead.com/tbc/spell=20166,
Class-wide / Shared,Ability,Seal of Wisdom,20356,20166,Rank 2,48,"Fills the Paladin with divine wisdom for 30 sec, giving each melee attack a chance to restore 71 of the Paladin's mana. Only one Seal can be active on the Paladin at any one time.
Unleashing this Seal's energy will judge an enemy for 20 sec, granting attacks and spells used against the judged enemy a chance to restore 46 mana to the attacker. Your melee strikes will refresh the spell's duration. Only one Judgement per Paladin can be active at any one time.",Resource,Main,0,30,170 Mana,,Cooldown + aura,"BUFF, MAINTENANCE, RESOURCE",https://www.wowhead.com/tbc/spell=20356,
Class-wide / Shared,Ability,Seal of Wisdom,20357,20166,Rank 3,58,"Fills the Paladin with divine wisdom for 30 sec, giving each melee attack a chance to restore 90 of the Paladin's mana. Only one Seal can be active on the Paladin at any one time.
Unleashing this Seal's energy will judge an enemy for 20 sec, granting attacks and spells used against the judged enemy a chance to restore 59 mana to the attacker. Your melee strikes will refresh the spell's duration. Only one Judgement per Paladin can be active at any one time.",Resource,Main,0,30,200 Mana,,Cooldown + aura,"BUFF, MAINTENANCE, RESOURCE",https://www.wowhead.com/tbc/spell=20357,
Class-wide / Shared,Ability,Seal of Wisdom,27166,20166,Rank 4,67,"Fills the Paladin with divine wisdom for 30 sec, giving each melee attack a chance to restore 121 of the Paladin's mana. Only one Seal can be active on the Paladin at any one time.
Unleashing this Seal's energy will judge an enemy for 20 sec, granting attacks and spells used against the judged enemy a chance to restore 74 mana to the attacker. Your melee strikes will refresh the spell's duration. Only one Judgement per Paladin can be active at any one time.",Resource,Main,0,30,270 Mana,,Cooldown + aura,"BUFF, MAINTENANCE, RESOURCE",https://www.wowhead.com/tbc/spell=27166,
Class-wide / Shared,Ability,Seal of the Crusader,20162,21082,Rank 1,12,"Fills the Paladin with the spirit of a crusader for 30 sec, granting 
68 melee attack power. The Paladin also attacks 40% faster, but deals less damage with each attack. Only one Seal can be active on the Paladin at any one time.
Unleashing this Seal's energy will judge an enemy for 20 sec, increasing Holy damage taken by up to 35. Your melee strikes will refresh the spell's duration. Only one Judgement per Paladin can be active at any one time.",Offensive,Main,0,30,40 Mana,,Cooldown + aura,"BUFF, DPS, MAINTENANCE",https://www.wowhead.com/tbc/spell=20162,
Class-wide / Shared,Ability,Seal of the Crusader,20305,21082,Rank 2,22,"Fills the Paladin with the spirit of a crusader for 30 sec, granting 
122 melee attack power. The Paladin also attacks 40% faster, but deals less damage with each attack. Only one Seal can be active on the Paladin at any one time.
Unleashing this Seal's energy will judge an enemy for 20 sec, increasing Holy damage taken by up to 58. Your melee strikes will refresh the spell's duration. Only one Judgement per Paladin can be active at any one time.",Offensive,Main,0,30,65 Mana,,Cooldown + aura,"BUFF, DPS, MAINTENANCE",https://www.wowhead.com/tbc/spell=20305,
Class-wide / Shared,Ability,Seal of the Crusader,20306,21082,Rank 3,32,"Fills the Paladin with the spirit of a crusader for 30 sec, granting 
183 melee attack power. The Paladin also attacks 40% faster, but deals less damage with each attack. Only one Seal can be active on the Paladin at any one time.
Unleashing this Seal's energy will judge an enemy for 20 sec, increasing Holy damage taken by up to 92. Your melee strikes will refresh the spell's duration. Only one Judgement per Paladin can be active at any one time.",Offensive,Main,0,30,90 Mana,,Cooldown + aura,"BUFF, DPS, MAINTENANCE",https://www.wowhead.com/tbc/spell=20306,
Class-wide / Shared,Ability,Seal of the Crusader,20307,21082,Rank 4,42,"Fills the Paladin with the spirit of a crusader for 30 sec, granting 
272 melee attack power. The Paladin also attacks 40% faster, but deals less damage with each attack. Only one Seal can be active on the Paladin at any one time.
Unleashing this Seal's energy will judge an enemy for 20 sec, increasing Holy damage taken by up to 127. Your melee strikes will refresh the spell's duration. Only one Judgement per Paladin can be active at any one time.",Offensive,Main,0,30,125 Mana,,Cooldown + aura,"BUFF, DPS, MAINTENANCE",https://www.wowhead.com/tbc/spell=20307,
Class-wide / Shared,Ability,Seal of the Crusader,20308,21082,Rank 5,52,"Fills the Paladin with the spirit of a crusader for 30 sec, granting 
372 melee attack power. The Paladin also attacks 40% faster, but deals less damage with each attack. Only one Seal can be active on the Paladin at any one time.
Unleashing this Seal's energy will judge an enemy for 20 sec, increasing Holy damage taken by up to 161. Your melee strikes will refresh the spell's duration. Only one Judgement per Paladin can be active at any one time.",Offensive,Main,0,30,160 Mana,,Cooldown + aura,"BUFF, DPS, MAINTENANCE",https://www.wowhead.com/tbc/spell=20308,
Class-wide / Shared,Ability,Seal of the Crusader,21082,21082,Rank 6,6,"Fills the Paladin with the spirit of a crusader for 30 sec, granting 
41 melee attack power. The Paladin also attacks 40% faster, but deals less damage with each attack. Only one Seal can be active on the Paladin at any one time.
Unleashing this Seal's energy will judge an enemy for 20 sec, increasing Holy damage taken by up to 23. Your melee strikes will refresh the spell's duration. Only one Judgement per Paladin can be active at any one time.",Offensive,Main,0,30,25 Mana,,Cooldown + aura,"BUFF, DPS, MAINTENANCE",https://www.wowhead.com/tbc/spell=21082,
Class-wide / Shared,Ability,Seal of the Crusader,27158,21082,Rank 7,61,"Fills the Paladin with the spirit of a crusader for 30 sec, granting 
495 melee attack power. The Paladin also attacks 40% faster, but deals less damage with each attack. Only one Seal can be active on the Paladin at any one time.
Unleashing this Seal's energy will judge an enemy for 20 sec, increasing Holy damage taken by up to 219. Your melee strikes will refresh the spell's duration. Only one Judgement per Paladin can be active at any one time.",Offensive,Main,0,30,210 Mana,,Cooldown + aura,"BUFF, DPS, MAINTENANCE",https://www.wowhead.com/tbc/spell=27158,
Class-wide / Shared,Ability,Shadow Resistance Aura,19876,19876,Rank 1,28,Gives 30 additional Shadow resistance to all party members within 30 yards. Players may only have one Aura on them per Paladin at any one time.,Ability,Data only,0,,,,Cooldown,"BUFF, LONG_BUFF, RAID_DEFENSIVE",https://www.wowhead.com/tbc/spell=19876,
Class-wide / Shared,Ability,Shadow Resistance Aura,19895,19876,Rank 2,40,Gives 45 additional Shadow resistance to all party members within 30 yards. Players may only have one Aura on them per Paladin at any one time.,Ability,Data only,0,,,,Cooldown,"BUFF, LONG_BUFF, RAID_DEFENSIVE",https://www.wowhead.com/tbc/spell=19895,
Class-wide / Shared,Ability,Shadow Resistance Aura,19896,19876,Rank 3,52,Gives 60 additional Shadow resistance to all party members within 30 yards. Players may only have one Aura on them per Paladin at any one time.,Ability,Data only,0,,,,Cooldown,"BUFF, LONG_BUFF, RAID_DEFENSIVE",https://www.wowhead.com/tbc/spell=19896,
Class-wide / Shared,Ability,Shadow Resistance Aura,27151,19876,Rank 4,63,Gives 70 additional Shadow resistance to all party members within 30 yards. Players may only have one Aura on them per Paladin at any one time.,Ability,Data only,0,,,,Cooldown,"BUFF, LONG_BUFF, RAID_DEFENSIVE",https://www.wowhead.com/tbc/spell=27151,
Class-wide / Shared,Ability,Turn Evil,10326,2878,Rank 3,52,The targeted undead or demon enemy will be compelled to flee for up to 20 sec. Damage caused may interrupt the effect. Only one target can be turned at a time.,Crowd Control,Utility,30,20,75 Mana,,Cooldown,"CC_HARD, FEAR",https://www.wowhead.com/tbc/spell=10326,
Class-wide / Shared,Ability,Turn Undead,2878,2878,Rank 1,24,The targeted undead enemy will be compelled to flee for up to 10 sec. Damage caused may interrupt the effect. Only one target can be turned at a time.,Crowd Control,Utility,30,20,35 Mana,,Cooldown,"CC_HARD, FEAR",https://www.wowhead.com/tbc/spell=2878,
Class-wide / Shared,Ability,Turn Undead,5627,2878,Rank 2,38,The targeted undead enemy will be compelled to flee for up to 15 sec. Damage caused may interrupt the effect. Only one target can be turned at a time.,Crowd Control,Utility,30,20,50 Mana,,Cooldown,"CC_HARD, FEAR",https://www.wowhead.com/tbc/spell=5627,
Class-wide / Shared,Talent Ability,Greater Blessing of Kings,25898,25898,,60,"Gives all members of the raid or group that share the same class with the target the Greater Blessing of Kings, increasing total stats by 10% for 30 min. Players may only have one Blessing on them per Paladin at any one time.",Utility,Utility,0,1800,12% of base mana,,Cooldown,"BUFF, LONG_BUFF, UTILITY",https://www.wowhead.com/tbc/spell=25898,Talent-required
Holy,Ability,Flash of Light,19750,19750,Rank 1,20,"Heals a friendly target for 
67 to 
77.",Healing,Utility,0,,35 Mana,,Cooldown,"FILLER, HEAL, HEAL_SINGLE, PVE_PVP",https://www.wowhead.com/tbc/spell=19750,
Holy,Ability,Flash of Light,19939,19750,Rank 2,26,"Heals a friendly target for 
102 to 
117.",Healing,Utility,0,,50 Mana,,Cooldown,"FILLER, HEAL, HEAL_SINGLE, PVE_PVP",https://www.wowhead.com/tbc/spell=19939,
Holy,Ability,Flash of Light,19940,19750,Rank 3,34,"Heals a friendly target for 
153 to 
171.",Healing,Utility,0,,70 Mana,,Cooldown,"FILLER, HEAL, HEAL_SINGLE, PVE_PVP",https://www.wowhead.com/tbc/spell=19940,
Holy,Ability,Flash of Light,19941,19750,Rank 4,42,"Heals a friendly target for 
206 to 
231.",Healing,Utility,0,,90 Mana,,Cooldown,"FILLER, HEAL, HEAL_SINGLE, PVE_PVP",https://www.wowhead.com/tbc/spell=19941,
Holy,Ability,Flash of Light,19942,19750,Rank 5,50,"Heals a friendly target for 
278 to 
310.",Healing,Utility,0,,115 Mana,,Cooldown,"FILLER, HEAL, HEAL_SINGLE, PVE_PVP",https://www.wowhead.com/tbc/spell=19942,
Holy,Ability,Flash of Light,19943,19750,Rank 6,58,"Heals a friendly target for 
356 to 
396.",Healing,Utility,0,,140 Mana,,Cooldown,"FILLER, HEAL, HEAL_SINGLE, PVE_PVP",https://www.wowhead.com/tbc/spell=19943,
Holy,Ability,Flash of Light,27137,19750,Rank 7,66,"Heals a friendly target for 
458 to 
513.",Healing,Utility,0,,180 Mana,,Cooldown,"FILLER, HEAL, HEAL_SINGLE, PVE_PVP",https://www.wowhead.com/tbc/spell=27137,
Holy,Ability,Holy Light,635,635,Rank 1,1,"Heals a friendly target for 
42 to 
51.",Healing,Utility,0,,35 Mana,,Cooldown,"FILLER, HEAL, HEAL_SINGLE, PVE",https://www.wowhead.com/tbc/spell=635,
Holy,Ability,Holy Light,639,635,Rank 2,6,"Heals a friendly target for 
81 to 
96.",Healing,Utility,0,,60 Mana,,Cooldown,"FILLER, HEAL, HEAL_SINGLE, PVE",https://www.wowhead.com/tbc/spell=639,
Holy,Ability,Holy Light,647,635,Rank 3,14,"Heals a friendly target for 
167 to 
196.",Healing,Utility,0,,110 Mana,,Cooldown,"FILLER, HEAL, HEAL_SINGLE, PVE",https://www.wowhead.com/tbc/spell=647,
Holy,Ability,Holy Light,1026,635,Rank 4,22,"Heals a friendly target for 
322 to 
368.",Healing,Utility,0,,190 Mana,,Cooldown,"FILLER, HEAL, HEAL_SINGLE, PVE",https://www.wowhead.com/tbc/spell=1026,
Holy,Ability,Holy Light,1042,635,Rank 5,30,"Heals a friendly target for 
506 to 
569.",Healing,Utility,0,,275 Mana,,Cooldown,"FILLER, HEAL, HEAL_SINGLE, PVE",https://www.wowhead.com/tbc/spell=1042,
Holy,Ability,Holy Light,3472,635,Rank 6,38,"Heals a friendly target for 
717 to 
799.",Healing,Utility,0,,365 Mana,,Cooldown,"FILLER, HEAL, HEAL_SINGLE, PVE",https://www.wowhead.com/tbc/spell=3472,
Holy,Ability,Holy Light,10328,635,Rank 7,46,"Heals a friendly target for 
968 to 
1076.",Healing,Utility,0,,465 Mana,,Cooldown,"FILLER, HEAL, HEAL_SINGLE, PVE",https://www.wowhead.com/tbc/spell=10328,
Holy,Ability,Holy Light,10329,635,Rank 8,54,"Heals a friendly target for 
1272 to 
1414.",Healing,Utility,0,,580 Mana,,Cooldown,"FILLER, HEAL, HEAL_SINGLE, PVE",https://www.wowhead.com/tbc/spell=10329,
Holy,Ability,Holy Light,25292,635,Rank 9,60,"Heals a friendly target for 
1619 to 
1799.",Healing,Utility,0,,660 Mana,,Cooldown,"FILLER, HEAL, HEAL_SINGLE, PVE",https://www.wowhead.com/tbc/spell=25292,
Holy,Ability,Holy Light,27135,635,Rank 10,62,"Heals a friendly target for 
1773 to 
1971.",Healing,Utility,0,,710 Mana,,Cooldown,"FILLER, HEAL, HEAL_SINGLE, PVE",https://www.wowhead.com/tbc/spell=27135,
Holy,Ability,Holy Light,27136,635,Rank 11,70,"Heals a friendly target for 
2196 to 
2446.",Healing,Utility,0,,840 Mana,,Cooldown,"FILLER, HEAL, HEAL_SINGLE, PVE",https://www.wowhead.com/tbc/spell=27136,
Holy,Talent,Aura Mastery,31821,31821,Rank 1/1,,Increases the radius of your Auras to 40 yards.,Talent Passive,Data only,,,,,Data only,TALENT,https://www.wowhead.com/tbc/spell=31821,Talent: Aura Mastery; tree row 3
Holy,Talent,Blessed Life,31828,31828,Rank 1/3,,All attacks against you have a 4% chance to cause half damage.,Talent Passive,Data only,,,,,Data only,TALENT,https://www.wowhead.com/tbc/spell=31828,Talent: Blessed Life; tree row 7
Holy,Talent,Blessed Life,31829,31828,Rank 2/3,,All attacks against you have a 7% chance to cause half damage.,Talent Passive,Data only,,,,,Data only,TALENT,https://www.wowhead.com/tbc/spell=31829,Talent: Blessed Life; tree row 7
Holy,Talent,Blessed Life,31830,31828,Rank 3/3,,All attacks against you have a 10% chance to cause half damage.,Talent Passive,Data only,,,,,Data only,TALENT,https://www.wowhead.com/tbc/spell=31830,Talent: Blessed Life; tree row 7
Holy,Talent Ability,Divine Favor,20216,20216,Rank 1/1,,"When activated, gives your next Flash of Light, Holy Light, or Holy Shock spell a 100% critical effect chance.",Healing,Utility,120,,3% of base mana,,Cooldown + aura,"HAS_BUFF, HEAL, MAJOR",https://www.wowhead.com/tbc/spell=20216,Talent-required | Talent: Divine Favor
Holy,Talent Ability,Divine Illumination,31842,31842,Rank 1/1,,Reduces the mana cost of all spells by 50% for 15 sec.,Healing,Utility,180,15,,,Cooldown + aura,"HAS_BUFF, HEAL, MAJOR, PVE, RESOURCE",https://www.wowhead.com/tbc/spell=31842,Talent-required | Talent: Divine Illumination
Holy,Talent,Divine Intellect,20257,20257,Rank 1/5,,Increases your total Intellect by 2%.,Talent Passive,Data only,,,,,Data only,TALENT,https://www.wowhead.com/tbc/spell=20257,Talent: Divine Intellect; tree row 1
Holy,Talent,Divine Intellect,20258,20257,Rank 2/5,,Increases your total Intellect by 4%.,Talent Passive,Data only,,,,,Data only,TALENT,https://www.wowhead.com/tbc/spell=20258,Talent: Divine Intellect; tree row 1
Holy,Talent,Divine Intellect,20259,20257,Rank 3/5,,Increases your total Intellect by 6%.,Talent Passive,Data only,,,,,Data only,TALENT,https://www.wowhead.com/tbc/spell=20259,Talent: Divine Intellect; tree row 1
Holy,Talent,Divine Intellect,20260,20257,Rank 4/5,,Increases your total Intellect by 8%.,Talent Passive,Data only,,,,,Data only,TALENT,https://www.wowhead.com/tbc/spell=20260,Talent: Divine Intellect; tree row 1
Holy,Talent,Divine Intellect,20261,20257,Rank 5/5,,Increases your total Intellect by 10%.,Talent Passive,Data only,,,,,Data only,TALENT,https://www.wowhead.com/tbc/spell=20261,Talent: Divine Intellect; tree row 1
Holy,Talent,Divine Strength,20262,20262,Rank 1/5,,Increases your total Strength by 2%.,Talent Passive,Data only,,,,,Data only,TALENT,https://www.wowhead.com/tbc/spell=20262,Talent: Divine Strength; tree row 1
Holy,Talent,Divine Strength,20263,20262,Rank 2/5,,Increases your total Strength by 4%.,Talent Passive,Data only,,,,,Data only,TALENT,https://www.wowhead.com/tbc/spell=20263,Talent: Divine Strength; tree row 1
Holy,Talent,Divine Strength,20264,20262,Rank 3/5,,Increases your total Strength by 6%.,Talent Passive,Data only,,,,,Data only,TALENT,https://www.wowhead.com/tbc/spell=20264,Talent: Divine Strength; tree row 1
Holy,Talent,Divine Strength,20265,20262,Rank 4/5,,Increases your total Strength by 8%.,Talent Passive,Data only,,,,,Data only,TALENT,https://www.wowhead.com/tbc/spell=20265,Talent: Divine Strength; tree row 1
Holy,Talent,Divine Strength,20266,20262,Rank 5/5,,Increases your total Strength by 10%.,Talent Passive,Data only,,,,,Data only,TALENT,https://www.wowhead.com/tbc/spell=20266,Talent: Divine Strength; tree row 1
Holy,Talent,Healing Light,20237,20237,Rank 1/3,,Increases the amount healed by your Holy Light and Flash of Light spells by 4%.,Talent Passive,Data only,,,,,Data only,TALENT,https://www.wowhead.com/tbc/spell=20237,Talent: Healing Light; tree row 3
Holy,Talent,Healing Light,20238,20237,Rank 2/3,,Increases the amount healed by your Holy Light and Flash of Light spells by 8%.,Talent Passive,Data only,,,,,Data only,TALENT,https://www.wowhead.com/tbc/spell=20238,Talent: Healing Light; tree row 3
Holy,Talent,Healing Light,20239,20237,Rank 3/3,,Increases the amount healed by your Holy Light and Flash of Light spells by 12%.,Talent Passive,Data only,,,,,Data only,TALENT,https://www.wowhead.com/tbc/spell=20239,Talent: Healing Light; tree row 3
Holy,Talent,Holy Guidance,31837,31837,Rank 1/5,,Increases your spell damage and healing by 7% of your total Intellect.,Talent Passive,Data only,,,,,Data only,TALENT,https://www.wowhead.com/tbc/spell=31837,Talent: Holy Guidance; tree row 8
Holy,Talent,Holy Guidance,31838,31837,Rank 2/5,,Increases your spell damage and healing by 14% of your total Intellect.,Talent Passive,Data only,,,,,Data only,TALENT,https://www.wowhead.com/tbc/spell=31838,Talent: Holy Guidance; tree row 8
Holy,Talent,Holy Guidance,31839,31837,Rank 3/5,,Increases your spell damage and healing by 21% of your total Intellect.,Talent Passive,Data only,,,,,Data only,TALENT,https://www.wowhead.com/tbc/spell=31839,Talent: Holy Guidance; tree row 8
Holy,Talent,Holy Guidance,31840,31837,Rank 4/5,,Increases your spell damage and healing by 28% of your total Intellect.,Talent Passive,Data only,,,,,Data only,TALENT,https://www.wowhead.com/tbc/spell=31840,Talent: Holy Guidance; tree row 8
Holy,Talent,Holy Guidance,31841,31837,Rank 5/5,,Increases your spell damage and healing by 35% of your total Intellect.,Talent Passive,Data only,,,,,Data only,TALENT,https://www.wowhead.com/tbc/spell=31841,Talent: Holy Guidance; tree row 8
Holy,Talent,Holy Power,5923,5923,Rank 1/5,,Increases the critical effect chance of your Holy spells by 1%.,Talent Passive,Data only,,,,,Data only,TALENT,https://www.wowhead.com/tbc/spell=5923,Talent: Holy Power; tree row 6
Holy,Talent,Holy Power,5924,5923,Rank 2/5,,Increases the critical effect chance of your Holy spells by 2%.,Talent Passive,Data only,,,,,Data only,TALENT,https://www.wowhead.com/tbc/spell=5924,Talent: Holy Power; tree row 6
Holy,Talent,Holy Power,5925,5923,Rank 3/5,,Increases the critical effect chance of your Holy spells by 3%.,Talent Passive,Data only,,,,,Data only,TALENT,https://www.wowhead.com/tbc/spell=5925,Talent: Holy Power; tree row 6
Holy,Talent,Holy Power,5926,5923,Rank 4/5,,Increases the critical effect chance of your Holy spells by 4%.,Talent Passive,Data only,,,,,Data only,TALENT,https://www.wowhead.com/tbc/spell=5926,Talent: Holy Power; tree row 6
Holy,Talent,Holy Power,25829,5923,Rank 5/5,,Increases the critical effect chance of your Holy spells by 5%.,Talent Passive,Data only,,,,,Data only,TALENT,https://www.wowhead.com/tbc/spell=25829,Talent: Holy Power; tree row 6
Holy,Talent Ability,Holy Shock,20473,20473,Rank 1/1,,"Blasts the target with Holy energy, causing 277 to 299 Holy damage to an enemy, or 351 to 379 healing to an ally.",Healing,Utility,15,,335 Mana,,Cooldown,"HEAL, HEAL_SINGLE, PVE_PVP, ROTATIONAL",https://www.wowhead.com/tbc/spell=20473,Talent-required | Talent: Holy Shock
Holy,Talent Ability,Holy Shock,20929,20473,Rank 2,48,"Blasts the target with Holy energy, causing 379 to 409 Holy damage to an enemy, or 480 to 518 healing to an ally.",Healing,Utility,15,,410 Mana,,Cooldown,"HEAL, HEAL_SINGLE, PVE_PVP, ROTATIONAL",https://www.wowhead.com/tbc/spell=20929,Talent-required
Holy,Talent Ability,Holy Shock,20930,20473,Rank 3,56,"Blasts the target with Holy energy, causing 496 to 536 Holy damage to an enemy, or 628 to 680 healing to an ally.",Healing,Utility,15,,485 Mana,,Cooldown,"HEAL, HEAL_SINGLE, PVE_PVP, ROTATIONAL",https://www.wowhead.com/tbc/spell=20930,Talent-required
Holy,Talent Ability,Holy Shock,27174,20473,Rank 4,64,"Blasts the target with Holy energy, causing 614 to 664 Holy damage to an enemy, or 777 to 841 healing to an ally.",Healing,Utility,15,,575 Mana,,Cooldown,"HEAL, HEAL_SINGLE, PVE_PVP, ROTATIONAL",https://www.wowhead.com/tbc/spell=27174,Talent-required
Holy,Talent Ability,Holy Shock,33072,20473,Rank 5,70,"Blasts the target with Holy energy, causing 721 to 779 Holy damage to an enemy, or 913 to 987 healing to an ally.",Healing,Utility,15,,650 Mana,,Cooldown,"HEAL, HEAL_SINGLE, PVE_PVP, ROTATIONAL",https://www.wowhead.com/tbc/spell=33072,Talent-required
Holy,Talent,Illumination,20210,20210,Rank 1/5,,"After getting a critical effect from your Flash of Light, Holy Light, or Holy Shock heal spell, gives you a 20% chance to gain mana equal to 60% of the base cost of the spell.",Talent Passive,Data only,,,,,Data only,TALENT,https://www.wowhead.com/tbc/spell=20210,Talent: Illumination; tree row 4
Holy,Talent,Illumination,20212,20210,Rank 2/5,,"After getting a critical effect from your Flash of Light, Holy Light, or Holy Shock heal spell, gives you a 40% chance to gain mana equal to 60% of the base cost of the spell.",Talent Passive,Data only,,,,,Data only,TALENT,https://www.wowhead.com/tbc/spell=20212,Talent: Illumination; tree row 4
Holy,Talent,Illumination,20213,20210,Rank 3/5,,"After getting a critical effect from your Flash of Light, Holy Light, or Holy Shock heal spell, gives you a 60% chance to gain mana equal to 60% of the base cost of the spell.",Talent Passive,Data only,,,,,Data only,TALENT,https://www.wowhead.com/tbc/spell=20213,Talent: Illumination; tree row 4
Holy,Talent,Illumination,20214,20210,Rank 4/5,,"After getting a critical effect from your Flash of Light, Holy Light, or Holy Shock heal spell, gives you a 80% chance to gain mana equal to 60% of the base cost of the spell.",Talent Passive,Data only,,,,,Data only,TALENT,https://www.wowhead.com/tbc/spell=20214,Talent: Illumination; tree row 4
Holy,Talent,Illumination,20215,20210,Rank 5/5,,"After getting a critical effect from your Flash of Light, Holy Light, or Holy Shock heal spell, gives you a 100% chance to gain mana equal to 60% of the base cost of the spell.",Talent Passive,Data only,,,,,Data only,TALENT,https://www.wowhead.com/tbc/spell=20215,Talent: Illumination; tree row 4
Holy,Talent,Improved Blessing of Wisdom,20244,20244,Rank 1/2,,Increases the effect of your Blessing of Wisdom spell by 10%.,Talent Passive,Data only,,,,,Data only,TALENT,https://www.wowhead.com/tbc/spell=20244,Talent: Improved Blessing of Wisdom; tree row 4
Holy,Talent,Improved Blessing of Wisdom,20245,20244,Rank 2/2,,Increases the effect of your Blessing of Wisdom spell by 20%.,Talent Passive,Data only,,,,,Data only,TALENT,https://www.wowhead.com/tbc/spell=20245,Talent: Improved Blessing of Wisdom; tree row 4
Holy,Talent,Improved Lay on Hands,20234,20234,Rank 1/2,,"Gives the target of your Lay on Hands spell a 15% bonus to their armor value from items for 2 min. In addition, the cooldown for your Lay on Hands spell is reduced by 10 min.",Talent Passive,Data only,,120,,,Data only,TALENT,https://www.wowhead.com/tbc/spell=20234,Talent: Improved Lay on Hands; tree row 3
Holy,Talent,Improved Lay on Hands,20235,20234,Rank 2/2,,"Gives the target of your Lay on Hands spell a 30% bonus to their armor value from items for 2 min. In addition, the cooldown for your Lay on Hands spell is reduced by 20 min.",Talent Passive,Data only,,120,,,Data only,TALENT,https://www.wowhead.com/tbc/spell=20235,Talent: Improved Lay on Hands; tree row 3
Holy,Talent,Improved Seal of Righteousness,20224,20224,Rank 1/5,,Increases the damage done by your Seal of Righteousness and Judgement of Righteousness by 3%.,Talent Passive,Data only,,,,,Data only,TALENT,https://www.wowhead.com/tbc/spell=20224,Talent: Improved Seal of Righteousness; tree row 2
Holy,Talent,Improved Seal of Righteousness,20225,20224,Rank 2/5,,Increases the damage done by your Seal of Righteousness and Judgement of Righteousness by 6%.,Talent Passive,Data only,,,,,Data only,TALENT,https://www.wowhead.com/tbc/spell=20225,Talent: Improved Seal of Righteousness; tree row 2
Holy,Talent,Improved Seal of Righteousness,20330,20224,Rank 3/5,,Increases the damage done by your Seal of Righteousness and Judgement of Righteousness by 9%.,Talent Passive,Data only,,,,,Data only,TALENT,https://www.wowhead.com/tbc/spell=20330,Talent: Improved Seal of Righteousness; tree row 2
Holy,Talent,Improved Seal of Righteousness,20331,20224,Rank 4/5,,Increases the damage done by your Seal of Righteousness and Judgement of Righteousness by 12%.,Talent Passive,Data only,,,,,Data only,TALENT,https://www.wowhead.com/tbc/spell=20331,Talent: Improved Seal of Righteousness; tree row 2
Holy,Talent,Improved Seal of Righteousness,20332,20224,Rank 5/5,,Increases the damage done by your Seal of Righteousness and Judgement of Righteousness by 15%.,Talent Passive,Data only,,,,,Data only,TALENT,https://www.wowhead.com/tbc/spell=20332,Talent: Improved Seal of Righteousness; tree row 2
Holy,Talent,Light's Grace,31833,31833,Rank 1/3,,Gives your Holy Light spell a 33% chance to reduce the cast time of your next Holy Light spell by 0.5 sec. This effect lasts 15 sec.,Talent Passive,Data only,,15,,,Data only,TALENT,https://www.wowhead.com/tbc/spell=31833,Talent: Light's Grace; tree row 7
Holy,Talent,Light's Grace,31835,31833,Rank 2/3,,Gives your Holy Light spell a 66% chance to reduce the cast time of your next Holy Light spell by 0.5 sec. This effect lasts 15 sec.,Talent Passive,Data only,,15,,,Data only,TALENT,https://www.wowhead.com/tbc/spell=31835,Talent: Light's Grace; tree row 7
Holy,Talent,Light's Grace,31836,31833,Rank 3/3,,Gives your Holy Light spell a 100% chance to reduce the cast time of your next Holy Light spell by 0.5 sec. This effect lasts 15 sec.,Talent Passive,Data only,,15,,,Data only,TALENT,https://www.wowhead.com/tbc/spell=31836,Talent: Light's Grace; tree row 7
Holy,Talent,Pure of Heart,31822,31822,Rank 1/3,,Increases your resistance to Curse and Disease effects by 5%.,Talent Passive,Data only,,,,,Data only,TALENT,https://www.wowhead.com/tbc/spell=31822,Talent: Pure of Heart; tree row 5
Holy,Talent,Pure of Heart,31823,31822,Rank 2/3,,Increases your resistance to Curse and Disease effects by 10%.,Talent Passive,Data only,,,,,Data only,TALENT,https://www.wowhead.com/tbc/spell=31823,Talent: Pure of Heart; tree row 5
Holy,Talent,Pure of Heart,31824,31822,Rank 3/3,,Increases your resistance to Curse and Disease effects by 15%.,Talent Passive,Data only,,,,,Data only,TALENT,https://www.wowhead.com/tbc/spell=31824,Talent: Pure of Heart; tree row 5
Holy,Talent,Purifying Power,31825,31825,Rank 1/2,,"Reduces the mana cost of your Cleanse, Purify and Consecration spells by 5% and increases the critical strike chance of your Exorcism and Holy Wrath spells by 10%.",Talent Passive,Data only,,,,,Data only,TALENT,https://www.wowhead.com/tbc/spell=31825,Talent: Purifying Power; tree row 6
Holy,Talent,Purifying Power,31826,31825,Rank 2/2,,"Reduces the mana cost of your Cleanse, Purify and Consecration spells by 10% and increases the critical strike chance of your Exorcism and Holy Wrath spells by 20%.",Talent Passive,Data only,,,,,Data only,TALENT,https://www.wowhead.com/tbc/spell=31826,Talent: Purifying Power; tree row 6
Holy,Talent,Sanctified Light,20359,20359,Rank 1/3,,Increases the critical effect chance of your Holy Light spell by 2%.,Talent Passive,Data only,,,,,Data only,TALENT,https://www.wowhead.com/tbc/spell=20359,Talent: Sanctified Light; tree row 5
Holy,Talent,Sanctified Light,20360,20359,Rank 2/3,,Increases the critical effect chance of your Holy Light spell by 4%.,Talent Passive,Data only,,,,,Data only,TALENT,https://www.wowhead.com/tbc/spell=20360,Talent: Sanctified Light; tree row 5
Holy,Talent,Sanctified Light,20361,20359,Rank 3/3,,Increases the critical effect chance of your Holy Light spell by 6%.,Talent Passive,Data only,,,,,Data only,TALENT,https://www.wowhead.com/tbc/spell=20361,Talent: Sanctified Light; tree row 5
Holy,Talent,Spiritual Focus,20205,20205,Rank 1/5,,Gives your Flash of Light and Holy Light spells a 14% chance to not lose casting time when you take damage.,Talent Passive,Data only,,,,,Data only,TALENT,https://www.wowhead.com/tbc/spell=20205,Talent: Spiritual Focus; tree row 2
Holy,Talent,Spiritual Focus,20206,20205,Rank 2/5,,Gives your Flash of Light and Holy Light spells a 28% chance to not lose casting time when you take damage.,Talent Passive,Data only,,,,,Data only,TALENT,https://www.wowhead.com/tbc/spell=20206,Talent: Spiritual Focus; tree row 2
Holy,Talent,Spiritual Focus,20207,20205,Rank 3/5,,Gives your Flash of Light and Holy Light spells a 42% chance to not lose casting time when you take damage.,Talent Passive,Data only,,,,,Data only,TALENT,https://www.wowhead.com/tbc/spell=20207,Talent: Spiritual Focus; tree row 2
Holy,Talent,Spiritual Focus,20208,20205,Rank 5/5,,Gives your Flash of Light and Holy Light spells a 70% chance to not lose casting time when you take damage.,Talent Passive,Data only,,,,,Data only,TALENT,https://www.wowhead.com/tbc/spell=20208,Talent: Spiritual Focus; tree row 2
Holy,Talent,Spiritual Focus,20209,20205,Rank 4/5,,Gives your Flash of Light and Holy Light spells a 56% chance to not lose casting time when you take damage.,Talent Passive,Data only,,,,,Data only,TALENT,https://www.wowhead.com/tbc/spell=20209,Talent: Spiritual Focus; tree row 2
Holy,Talent,Unyielding Faith,9453,9453,Rank 1/2,,Increases your chance to resist Fear and Disorient effects by an additional 5%.,Talent Passive,Data only,,,,,Data only,TALENT,https://www.wowhead.com/tbc/spell=9453,Talent: Unyielding Faith; tree row 3
Holy,Talent,Unyielding Faith,25836,9453,Rank 2/2,,Increases your chance to resist Fear and Disorient effects by an additional 10%.,Talent Passive,Data only,,,,,Data only,TALENT,https://www.wowhead.com/tbc/spell=25836,Talent: Unyielding Faith; tree row 3
Protection,Ability,Righteous Defense,31789,31789,,14,"Come to the defense of a friendly target, commanding up to 3 enemies attacking the target to attack the Paladin instead.",Utility,Utility,15,3,4% of base mana,,Cooldown,TAUNT,https://www.wowhead.com/tbc/spell=31789,
Protection,Ability,Righteous Fury,25780,25780,,16,Increases the threat generated by your Holy spells by 60%. Lasts 30 min.,Defensive,Utility,0,1800,24% of base mana,,Cooldown,"BUFF, DEFENSIVE, LONG_BUFF",https://www.wowhead.com/tbc/spell=25780,
Protection,Talent,Anticipation,20096,20096,Rank 1/5,,Increases your Defense skill by 4.,Talent Passive,Data only,,,,,Data only,TALENT,https://www.wowhead.com/tbc/spell=20096,Talent: Anticipation; tree row 3
Protection,Talent,Anticipation,20097,20096,Rank 2/5,,Increases your Defense skill by 8.,Talent Passive,Data only,,,,,Data only,TALENT,https://www.wowhead.com/tbc/spell=20097,Talent: Anticipation; tree row 3
Protection,Talent,Anticipation,20098,20096,Rank 3/5,,Increases your Defense skill by 12.,Talent Passive,Data only,,,,,Data only,TALENT,https://www.wowhead.com/tbc/spell=20098,Talent: Anticipation; tree row 3
Protection,Talent,Anticipation,20099,20096,Rank 4/5,,Increases your Defense skill by 16.,Talent Passive,Data only,,,,,Data only,TALENT,https://www.wowhead.com/tbc/spell=20099,Talent: Anticipation; tree row 3
Protection,Talent,Anticipation,20100,20096,Rank 5/5,,Increases your Defense skill by 20.,Talent Passive,Data only,,,,,Data only,TALENT,https://www.wowhead.com/tbc/spell=20100,Talent: Anticipation; tree row 3
Protection,Talent,Ardent Defender,31850,31850,Rank 1/5,,"When you have less than 35% health, all damage taken is reduced by 6%.",Talent Passive,Data only,,,,,Data only,TALENT,https://www.wowhead.com/tbc/spell=31850,Talent: Ardent Defender; tree row 7
Protection,Talent,Ardent Defender,31851,31850,Rank 2/5,,"When you have less than 35% health, all damage taken is reduced by 12%.",Talent Passive,Data only,,,,,Data only,TALENT,https://www.wowhead.com/tbc/spell=31851,Talent: Ardent Defender; tree row 7
Protection,Talent,Ardent Defender,31852,31850,Rank 3/5,,"When you have less than 35% health, all damage taken is reduced by 18%.",Talent Passive,Data only,,,,,Data only,TALENT,https://www.wowhead.com/tbc/spell=31852,Talent: Ardent Defender; tree row 7
Protection,Talent,Ardent Defender,31853,31850,Rank 4/5,,"When you have less than 35% health, all damage taken is reduced by 24%.",Talent Passive,Data only,,,,,Data only,TALENT,https://www.wowhead.com/tbc/spell=31853,Talent: Ardent Defender; tree row 7
Protection,Talent,Ardent Defender,31854,31850,Rank 5/5,,"When you have less than 35% health, all damage taken is reduced by 30%.",Talent Passive,Data only,,,,,Data only,TALENT,https://www.wowhead.com/tbc/spell=31854,Talent: Ardent Defender; tree row 7
Protection,Talent Ability,Avenger's Shield,31935,31935,Rank 1/1,,"Hurls a holy shield at the enemy, dealing 270 to 330 Holy damage, Dazing them and then jumping to additional nearby enemies. Affects 3 total targets. Lasts 6 sec.",Crowd Control,Utility,30,6,500 Mana,,Cooldown,"CC_SOFT, PVE, ROTATIONAL, TANK",https://www.wowhead.com/tbc/spell=31935,Talent-required | Talent: Avenger's Shield
Protection,Talent Ability,Blessing of Kings,20217,20217,Rank 1/1,,"Places a Blessing on the friendly target, increasing total stats by 10% for 10 min. Players may only have one Blessing on them per Paladin at any one time.",Utility,Utility,0,600,6% of base mana,,Cooldown,"BUFF, LONG_BUFF, UTILITY",https://www.wowhead.com/tbc/spell=20217,Talent-required | Talent: Blessing of Kings
Protection,Talent Ability,Blessing of Sanctuary,20911,20911,Rank 1/1,,"Places a Blessing on the friendly target, reducing damage dealt from all sources by up to 10 for 10 min. In addition, when the target blocks a melee attack the attacker will take 14 Holy damage. Players may only have one Blessing on them per Paladin at any one time.",Defensive,Utility,0,600,60 Mana,,Cooldown,"BUFF, EXTERNAL_DEFENSIVE, LONG_BUFF",https://www.wowhead.com/tbc/spell=20911,Talent-required | Talent: Blessing of Sanctuary
Protection,Talent Ability,Blessing of Sanctuary,20912,20911,Rank 2,40,"Places a Blessing on the friendly target, reducing damage dealt from all sources by up to 14 for 10 min. In addition, when the target blocks a melee attack the attacker will take 21 Holy damage. Players may only have one Blessing on them per Paladin at any one time.",Defensive,Utility,0,600,85 Mana,,Cooldown,"BUFF, EXTERNAL_DEFENSIVE, LONG_BUFF",https://www.wowhead.com/tbc/spell=20912,Talent-required
Protection,Talent Ability,Blessing of Sanctuary,20913,20911,Rank 3,50,"Places a Blessing on the friendly target, reducing damage dealt from all sources by up to 19 for 10 min. In addition, when the target blocks a melee attack the attacker will take 28 Holy damage. Players may only have one Blessing on them per Paladin at any one time.",Defensive,Utility,0,600,110 Mana,,Cooldown,"BUFF, EXTERNAL_DEFENSIVE, LONG_BUFF",https://www.wowhead.com/tbc/spell=20913,Talent-required
Protection,Talent Ability,Blessing of Sanctuary,20914,20911,Rank 4,60,"Places a Blessing on the friendly target, reducing damage dealt from all sources by up to 24 for 10 min. In addition, when the target blocks a melee attack the attacker will take 35 Holy damage. Players may only have one Blessing on them per Paladin at any one time.",Defensive,Utility,0,600,135 Mana,,Cooldown,"BUFF, EXTERNAL_DEFENSIVE, LONG_BUFF",https://www.wowhead.com/tbc/spell=20914,Talent-required
Protection,Talent Ability,Blessing of Sanctuary,27168,20911,Rank 5,70,"Places a Blessing on the friendly target, reducing damage dealt from all sources by up to 80 for 10 min. In addition, when the target blocks a melee attack the attacker will take 46 Holy damage. Players may only have one Blessing on them per Paladin at any one time.",Defensive,Utility,0,600,180 Mana,,Cooldown,"BUFF, EXTERNAL_DEFENSIVE, LONG_BUFF",https://www.wowhead.com/tbc/spell=27168,Talent-required
Protection,Talent,Combat Expertise,31858,31858,Rank 1/5,,Increases your expertise by 1 and your total Stamina by 2%.,Talent Passive,Data only,,,,,Data only,TALENT,https://www.wowhead.com/tbc/spell=31858,Talent: Combat Expertise; tree row 8
Protection,Talent,Combat Expertise,31859,31858,Rank 2/5,,Increases your expertise by 2 and your total Stamina by 4%.,Talent Passive,Data only,,,,,Data only,TALENT,https://www.wowhead.com/tbc/spell=31859,Talent: Combat Expertise; tree row 8
Protection,Talent,Combat Expertise,31860,31858,Rank 3/5,,Increases your expertise by 3 and your total Stamina by 6%.,Talent Passive,Data only,,,,,Data only,TALENT,https://www.wowhead.com/tbc/spell=31860,Talent: Combat Expertise; tree row 8
Protection,Talent,Combat Expertise,31861,31858,Rank 4/5,,Increases your expertise by 4 and your total Stamina by 8%.,Talent Passive,Data only,,,,,Data only,TALENT,https://www.wowhead.com/tbc/spell=31861,Talent: Combat Expertise; tree row 8
Protection,Talent,Combat Expertise,31862,31858,Rank 5/5,,Increases your expertise by 5 and your total Stamina by 10%.,Talent Passive,Data only,,,,,Data only,TALENT,https://www.wowhead.com/tbc/spell=31862,Talent: Combat Expertise; tree row 8
Protection,Talent Ability,Greater Blessing of Sanctuary,25899,25899,Rank 1,60,"Gives all members of the raid or group that share the same class with the target the Greater Blessing of Sanctuary, reducing damage dealt from all sources by up to 24 for 30 min. In addition, when the target blocks a melee attack the attacker will take 35 Holy damage. Players may only have one Blessing on them per Paladin at any one time.",Defensive,Utility,0,1800,270 Mana,,Cooldown,"BUFF, EXTERNAL_DEFENSIVE, LONG_BUFF",https://www.wowhead.com/tbc/spell=25899,Talent-required
Protection,Talent Ability,Greater Blessing of Sanctuary,27169,25899,Rank 2,70,"Gives all members of the raid or group that share the same class with the target the Greater Blessing of Sanctuary, reducing damage dealt from all sources by up to 80 for 30 min. In addition, when the target blocks a melee attack the attacker will take 46 Holy damage. Players may only have one Blessing on them per Paladin at any one time.",Defensive,Utility,0,1800,360 Mana,,Cooldown,"BUFF, EXTERNAL_DEFENSIVE, LONG_BUFF",https://www.wowhead.com/tbc/spell=27169,Talent-required
Protection,Talent,Guardian's Favor,20174,20174,Rank 1/2,,Reduces the cooldown of your Blessing of Protection by 60 sec and increases the duration of your Blessing of Freedom by 2 sec.,Talent Passive,Data only,,,,,Data only,TALENT,https://www.wowhead.com/tbc/spell=20174,Talent: Guardian's Favor; tree row 2
Protection,Talent,Guardian's Favor,20175,20174,Rank 2/2,,Reduces the cooldown of your Blessing of Protection by 120 sec and increases the duration of your Blessing of Freedom by 4 sec.,Talent Passive,Data only,,,,,Data only,TALENT,https://www.wowhead.com/tbc/spell=20175,Talent: Guardian's Favor; tree row 2
Protection,Talent Ability,Holy Shield,20925,20925,Rank 1/1,,Increases chance to block by 30% for 10 sec and deals 59 Holy damage for each attack blocked while active. Damage caused by Holy Shield causes 35% additional threat. Each block expends a charge. 4 charges.,Defensive,Utility,10,10,135 Mana,,Cooldown + aura,"DEFENSIVE, HAS_BUFF, PVE, ROTATIONAL, TANK",https://www.wowhead.com/tbc/spell=20925,Talent-required | Talent: Holy Shield
Protection,Talent Ability,Holy Shield,20927,20925,Rank 2,50,Increases chance to block by 30% for 10 sec and deals 86 Holy damage for each attack blocked while active. Damage caused by Holy Shield causes 35% additional threat. Each block expends a charge. 4 charges.,Defensive,Utility,10,10,175 Mana,,Cooldown + aura,"DEFENSIVE, HAS_BUFF, PVE, ROTATIONAL, TANK",https://www.wowhead.com/tbc/spell=20927,Talent-required
Protection,Talent Ability,Holy Shield,20928,20925,Rank 3,60,Increases chance to block by 30% for 10 sec and deals 117 Holy damage for each attack blocked while active. Damage caused by Holy Shield causes 35% additional threat. Each block expends a charge. 4 charges.,Defensive,Utility,10,10,215 Mana,,Cooldown + aura,"DEFENSIVE, HAS_BUFF, PVE, ROTATIONAL, TANK",https://www.wowhead.com/tbc/spell=20928,Talent-required
Protection,Talent Ability,Holy Shield,27179,20925,Rank 4,70,Increases chance to block by 30% for 10 sec and deals 155 Holy damage for each attack blocked while active. Damage caused by Holy Shield causes 35% additional threat. Each block expends a charge. 4 charges.,Defensive,Utility,10,10,280 Mana,,Cooldown + aura,"DEFENSIVE, HAS_BUFF, PVE, ROTATIONAL, TANK",https://www.wowhead.com/tbc/spell=27179,Talent-required
Protection,Talent,Improved Concentration Aura,20254,20254,Rank 1/3,,Increases the effect of your Concentration Aura by an additional 5% and reduces the duration of any Silence or Interrupt effect used against an affected group member by 10%. The duration reduction does not stack with any other effects.,Talent Passive,Data only,,,,,Data only,TALENT,https://www.wowhead.com/tbc/spell=20254,Talent: Improved Concentration Aura; tree row 4
Protection,Talent,Improved Concentration Aura,20255,20254,Rank 2/3,,Increases the effect of your Concentration Aura by an additional 10% and reduces the duration of any Silence or Interrupt effect used against an affected group member by 20%. The duration reduction does not stack with any other effects.,Talent Passive,Data only,,,,,Data only,TALENT,https://www.wowhead.com/tbc/spell=20255,Talent: Improved Concentration Aura; tree row 4
Protection,Talent,Improved Concentration Aura,20256,20254,Rank 3/3,,Increases the effect of your Concentration Aura by an additional 15% and reduces the duration of any Silence or Interrupt effect used against an affected group member by 30%. The duration reduction does not stack with any other effects.,Talent Passive,Data only,,,,,Data only,TALENT,https://www.wowhead.com/tbc/spell=20256,Talent: Improved Concentration Aura; tree row 4
Protection,Talent,Improved Devotion Aura,20138,20138,Rank 1/5,,Increases the armor bonus of your Devotion Aura by 8%.,Talent Passive,Data only,,,,,Data only,TALENT,https://www.wowhead.com/tbc/spell=20138,Talent: Improved Devotion Aura; tree row 1
Protection,Talent,Improved Devotion Aura,20139,20138,Rank 2/5,,Increases the armor bonus of your Devotion Aura by 16%.,Talent Passive,Data only,,,,,Data only,TALENT,https://www.wowhead.com/tbc/spell=20139,Talent: Improved Devotion Aura; tree row 1
Protection,Talent,Improved Devotion Aura,20140,20138,Rank 3/5,,Increases the armor bonus of your Devotion Aura by 24%.,Talent Passive,Data only,,,,,Data only,TALENT,https://www.wowhead.com/tbc/spell=20140,Talent: Improved Devotion Aura; tree row 1
Protection,Talent,Improved Devotion Aura,20141,20138,Rank 4/5,,Increases the armor bonus of your Devotion Aura by 32%.,Talent Passive,Data only,,,,,Data only,TALENT,https://www.wowhead.com/tbc/spell=20141,Talent: Improved Devotion Aura; tree row 1
Protection,Talent,Improved Devotion Aura,20142,20138,Rank 5/5,,Increases the armor bonus of your Devotion Aura by 40%.,Talent Passive,Data only,,,,,Data only,TALENT,https://www.wowhead.com/tbc/spell=20142,Talent: Improved Devotion Aura; tree row 1
Protection,Talent,Improved Hammer of Justice,20487,20487,Rank 1/3,,Decreases the cooldown of your Hammer of Justice spell by 5 sec.,Talent Passive,Data only,,,,,Data only,TALENT,https://www.wowhead.com/tbc/spell=20487,Talent: Improved Hammer of Justice; tree row 4
Protection,Talent,Improved Hammer of Justice,20488,20487,Rank 2/3,,Decreases the cooldown of your Hammer of Justice spell by 10 sec.,Talent Passive,Data only,,,,,Data only,TALENT,https://www.wowhead.com/tbc/spell=20488,Talent: Improved Hammer of Justice; tree row 4
Protection,Talent,Improved Hammer of Justice,20489,20487,Rank 3/3,,Decreases the cooldown of your Hammer of Justice spell by 15 sec.,Talent Passive,Data only,,,,,Data only,TALENT,https://www.wowhead.com/tbc/spell=20489,Talent: Improved Hammer of Justice; tree row 4
Protection,Talent,Improved Holy Shield,41021,41021,Rank 1/2,,Increases damage caused by your Holy Shield by 10% and increases the number of charges of your Holy Shield by 2.,Talent Passive,Data only,,,,,Data only,TALENT,https://www.wowhead.com/tbc/spell=41021,Talent: Improved Holy Shield; tree row 7
Protection,Talent,Improved Holy Shield,41026,41021,Rank 2/2,,Increases damage caused by your Holy Shield by 20% and increases the number of charges of your Holy Shield by 4.,Talent Passive,Data only,,,,,Data only,TALENT,https://www.wowhead.com/tbc/spell=41026,Talent: Improved Holy Shield; tree row 7
Protection,Talent,Improved Righteous Fury,20468,20468,Rank 1/3,,"While Righteous Fury is active, all damage taken is reduced by 2% and increases the amount of threat generated by your Righteous Fury spell by 16%.",Talent Passive,Data only,,,,,Data only,TALENT,https://www.wowhead.com/tbc/spell=20468,Talent: Improved Righteous Fury; tree row 3
Protection,Talent,Improved Righteous Fury,20469,20468,Rank 2/3,,"While Righteous Fury is active, all damage taken is reduced by 4% and increases the amount of threat generated by your Righteous Fury spell by 33%.",Talent Passive,Data only,,,,,Data only,TALENT,https://www.wowhead.com/tbc/spell=20469,Talent: Improved Righteous Fury; tree row 3
Protection,Talent,Improved Righteous Fury,20470,20468,Rank 3/3,,"While Righteous Fury is active, all damage taken is reduced by 6% and increases the amount of threat generated by your Righteous Fury spell by 50%.",Talent Passive,Data only,,,,,Data only,TALENT,https://www.wowhead.com/tbc/spell=20470,Talent: Improved Righteous Fury; tree row 3
Protection,Talent,One-Handed Weapon Specialization,20196,20196,Rank 1/5,,Increases all damage you deal when a one-handed melee weapon is equipped by 1%.,Talent Passive,Data only,,,,,Data only,TALENT,https://www.wowhead.com/tbc/spell=20196,Talent: One-Handed Weapon Specialization; tree row 6
Protection,Talent,One-Handed Weapon Specialization,20197,20196,Rank 2/5,,Increases all damage you deal when a one-handed melee weapon is equipped by 2%.,Talent Passive,Data only,,,,,Data only,TALENT,https://www.wowhead.com/tbc/spell=20197,Talent: One-Handed Weapon Specialization; tree row 6
Protection,Talent,One-Handed Weapon Specialization,20198,20196,Rank 3/5,,Increases all damage you deal when a one-handed melee weapon is equipped by 3%.,Talent Passive,Data only,,,,,Data only,TALENT,https://www.wowhead.com/tbc/spell=20198,Talent: One-Handed Weapon Specialization; tree row 6
Protection,Talent,One-Handed Weapon Specialization,20199,20196,Rank 4/5,,Increases all damage you deal when a one-handed melee weapon is equipped by 4%.,Talent Passive,Data only,,,,,Data only,TALENT,https://www.wowhead.com/tbc/spell=20199,Talent: One-Handed Weapon Specialization; tree row 6
Protection,Talent,One-Handed Weapon Specialization,20200,20196,Rank 5/5,,Increases all damage you deal when a one-handed melee weapon is equipped by 5%.,Talent Passive,Data only,,,,,Data only,TALENT,https://www.wowhead.com/tbc/spell=20200,Talent: One-Handed Weapon Specialization; tree row 6
Protection,Talent,Precision,20189,20189,Rank 1/3,,Increases your chance to hit with melee weapons and spells by 1%.,Talent Passive,Data only,,,,,Data only,TALENT,https://www.wowhead.com/tbc/spell=20189,Talent: Precision; tree row 2
Protection,Talent,Precision,20192,20189,Rank 2/3,,Increases your chance to hit with melee weapons and spells by 2%.,Talent Passive,Data only,,,,,Data only,TALENT,https://www.wowhead.com/tbc/spell=20192,Talent: Precision; tree row 2
Protection,Talent,Precision,20193,20189,Rank 3/3,,Increases your chance to hit with melee weapons and spells by 3%.,Talent Passive,Data only,,,,,Data only,TALENT,https://www.wowhead.com/tbc/spell=20193,Talent: Precision; tree row 2
Protection,Talent,Reckoning,20177,20177,Rank 1/5,,Gives you a 2% chance after being hit by any damaging attack that the next 4 weapon swings within 8 sec will generate an additional attack.,Talent Passive,Data only,,,,,Data only,TALENT,https://www.wowhead.com/tbc/spell=20177,Talent: Reckoning; tree row 5
Protection,Talent,Reckoning,20179,20177,Rank 2/5,,Gives you a 4% chance after being hit by any damaging attack that the next 4 weapon swings within 8 sec will generate an additional attack.,Talent Passive,Data only,,,,,Data only,TALENT,https://www.wowhead.com/tbc/spell=20179,Talent: Reckoning; tree row 5
Protection,Talent,Reckoning,20180,20177,Rank 4/5,,Gives you a 8% chance after being hit by any damaging attack that the next 4 weapon swings within 8 sec will generate an additional attack.,Talent Passive,Data only,,,,,Data only,TALENT,https://www.wowhead.com/tbc/spell=20180,Talent: Reckoning; tree row 5
Protection,Talent,Reckoning,20181,20177,Rank 3/5,,Gives you a 6% chance after being hit by any damaging attack that the next 4 weapon swings within 8 sec will generate an additional attack.,Talent Passive,Data only,,,,,Data only,TALENT,https://www.wowhead.com/tbc/spell=20181,Talent: Reckoning; tree row 5
Protection,Talent,Reckoning,20182,20177,Rank 5/5,,Gives you a 10% chance after being hit by any damaging attack that the next 4 weapon swings within 8 sec will generate an additional attack.,Talent Passive,Data only,,,,,Data only,TALENT,https://www.wowhead.com/tbc/spell=20182,Talent: Reckoning; tree row 5
Protection,Talent,Redoubt,20127,20127,Rank 1/5,,Damaging melee and ranged attacks against you have a 10% chance to increase your chance to block by 6%. Lasts 10 sec or 5 blocks.,Talent Passive,Data only,,10,,,Data only,TALENT,https://www.wowhead.com/tbc/spell=20127,Talent: Redoubt; tree row 1
Protection,Talent,Redoubt,20130,20127,Rank 2/5,,Damaging melee and ranged attacks against you have a 10% chance to increase your chance to block by 12%. Lasts 10 sec or 5 blocks.,Talent Passive,Data only,,10,,,Data only,TALENT,https://www.wowhead.com/tbc/spell=20130,Talent: Redoubt; tree row 1
Protection,Talent,Redoubt,20135,20127,Rank 3/5,,Damaging melee and ranged attacks against you have a 10% chance to increase your chance to block by 18%. Lasts 10 sec or 5 blocks.,Talent Passive,Data only,,10,,,Data only,TALENT,https://www.wowhead.com/tbc/spell=20135,Talent: Redoubt; tree row 1
Protection,Talent,Redoubt,20136,20127,Rank 4/5,,Damaging melee and ranged attacks against you have a 10% chance to increase your chance to block by 24%. Lasts 10 sec or 5 blocks.,Talent Passive,Data only,,10,,,Data only,TALENT,https://www.wowhead.com/tbc/spell=20136,Talent: Redoubt; tree row 1
Protection,Talent,Redoubt,20137,20127,Rank 5/5,,Damaging melee and ranged attacks against you have a 10% chance to increase your chance to block by 30%. Lasts 10 sec or 5 blocks.,Talent Passive,Data only,,10,,,Data only,TALENT,https://www.wowhead.com/tbc/spell=20137,Talent: Redoubt; tree row 1
Protection,Talent,Sacred Duty,31848,31848,Rank 1/2,,"Increases your total Stamina by 3%, reduces the cooldown of your Divine Shield spell by 30 sec and reduces the attack speed penalty by 50%.",Talent Passive,Data only,,,,,Data only,TALENT,https://www.wowhead.com/tbc/spell=31848,Talent: Sacred Duty; tree row 6
Protection,Talent,Sacred Duty,31849,31848,Rank 2/2,,"Increases your total Stamina by 6%, reduces the cooldown of your Divine Shield spell by 60 sec and reduces the attack speed penalty by 100%.",Talent Passive,Data only,,,,,Data only,TALENT,https://www.wowhead.com/tbc/spell=31849,Talent: Sacred Duty; tree row 6
Protection,Talent,Shield Specialization,20148,20148,Rank 1/3,,Increases the amount of damage absorbed by your shield by 10%.,Talent Passive,Data only,,,,,Data only,TALENT,https://www.wowhead.com/tbc/spell=20148,Talent: Shield Specialization; tree row 3
Protection,Talent,Shield Specialization,20149,20148,Rank 2/3,,Increases the amount of damage absorbed by your shield by 20%.,Talent Passive,Data only,,,,,Data only,TALENT,https://www.wowhead.com/tbc/spell=20149,Talent: Shield Specialization; tree row 3
Protection,Talent,Shield Specialization,20150,20148,Rank 3/3,,Increases the amount of damage absorbed by your shield by 30%.,Talent Passive,Data only,,,,,Data only,TALENT,https://www.wowhead.com/tbc/spell=20150,Talent: Shield Specialization; tree row 3
Protection,Talent,Spell Warding,31846,31846,Rank 1/2,,All spell damage taken is reduced by 2%.,Talent Passive,Data only,,,,,Data only,TALENT,https://www.wowhead.com/tbc/spell=31846,Talent: Spell Warding; tree row 5
Protection,Talent,Spell Warding,31847,31846,Rank 2/2,,All spell damage taken is reduced by 4%.,Talent Passive,Data only,,,,,Data only,TALENT,https://www.wowhead.com/tbc/spell=31847,Talent: Spell Warding; tree row 5
Protection,Talent,Stoicism,31844,31844,Rank 1/2,,Increases your resistance to Stun effects by an additional 5% and reduces the chance your spells will be dispelled by an additional 15%.,Talent Passive,Data only,,,,,Data only,TALENT,https://www.wowhead.com/tbc/spell=31844,Talent: Stoicism; tree row 4
Protection,Talent,Stoicism,31845,31844,Rank 2/2,,Increases your resistance to Stun effects by an additional 10% and reduces the chance your spells will be dispelled by an additional 30%.,Talent Passive,Data only,,,,,Data only,TALENT,https://www.wowhead.com/tbc/spell=31845,Talent: Stoicism; tree row 4
Protection,Talent,Toughness,20143,20143,Rank 1/5,,Increases your armor value from items by 2%.,Talent Passive,Data only,,,,,Data only,TALENT,https://www.wowhead.com/tbc/spell=20143,Talent: Toughness; tree row 2
Protection,Talent,Toughness,20144,20143,Rank 2/5,,Increases your armor value from items by 4%.,Talent Passive,Data only,,,,,Data only,TALENT,https://www.wowhead.com/tbc/spell=20144,Talent: Toughness; tree row 2
Protection,Talent,Toughness,20145,20143,Rank 3/5,,Increases your armor value from items by 6%.,Talent Passive,Data only,,,,,Data only,TALENT,https://www.wowhead.com/tbc/spell=20145,Talent: Toughness; tree row 2
Protection,Talent,Toughness,20146,20143,Rank 4/5,,Increases your armor value from items by 8%.,Talent Passive,Data only,,,,,Data only,TALENT,https://www.wowhead.com/tbc/spell=20146,Talent: Toughness; tree row 2
Protection,Talent,Toughness,20147,20143,Rank 5/5,,Increases your armor value from items by 10%.,Talent Passive,Data only,,,,,Data only,TALENT,https://www.wowhead.com/tbc/spell=20147,Talent: Toughness; tree row 2
Retribution,Ability,Hammer of Wrath,24239,24275,Rank 1,60,"Hurls a hammer that strikes an enemy for 
519 to 
572 Holy damage. Only usable on enemies that have 20% or less health.",Offensive,Main,6,,340 Mana,,Cooldown,"DPS, FINISHER, PVE_PVP, REACTIVE, ROTATIONAL",https://www.wowhead.com/tbc/spell=24239,
Retribution,Ability,Hammer of Wrath,24274,24275,Rank 2,52,"Hurls a hammer that strikes an enemy for 
412 to 
455 Holy damage. Only usable on enemies that have 20% or less health.",Offensive,Main,6,,290 Mana,,Cooldown,"DPS, FINISHER, PVE_PVP, REACTIVE, ROTATIONAL",https://www.wowhead.com/tbc/spell=24274,
Retribution,Ability,Hammer of Wrath,24275,24275,Rank 3,44,"Hurls a hammer that strikes an enemy for 
316 to 
348 Holy damage. Only usable on enemies that have 20% or less health.",Offensive,Main,6,,235 Mana,,Cooldown,"DPS, FINISHER, PVE_PVP, REACTIVE, ROTATIONAL",https://www.wowhead.com/tbc/spell=24275,
Retribution,Ability,Hammer of Wrath,27180,24275,Rank 4,68,"Hurls a hammer that strikes an enemy for 
672 to 
742 Holy damage. Only usable on enemies that have 20% or less health.",Offensive,Main,6,,440 Mana,,Cooldown,"DPS, FINISHER, PVE_PVP, REACTIVE, ROTATIONAL",https://www.wowhead.com/tbc/spell=27180,
Retribution,Ability,Hammer of Wrath,32772,24275,Rank 5,,Hurls a hammer that strikes an enemy for 1313 to 1687 Holy damage. Only usable on enemies that have 20% or less health.,Offensive,Main,6,,300 Mana,,Cooldown,"DPS, FINISHER, PVE_PVP, REACTIVE, ROTATIONAL",https://www.wowhead.com/tbc/spell=32772,
Retribution,Talent,Benediction,20101,20101,Rank 1/5,,Reduces the mana cost of your Judgement and Seal spells by 3%.,Talent Passive,Data only,,,,,Data only,TALENT,https://www.wowhead.com/tbc/spell=20101,Talent: Benediction; tree row 1
Retribution,Talent,Benediction,20102,20101,Rank 2/5,,Reduces the mana cost of your Judgement and Seal spells by 6%.,Talent Passive,Data only,,,,,Data only,TALENT,https://www.wowhead.com/tbc/spell=20102,Talent: Benediction; tree row 1
Retribution,Talent,Benediction,20103,20101,Rank 3/5,,Reduces the mana cost of your Judgement and Seal spells by 9%.,Talent Passive,Data only,,,,,Data only,TALENT,https://www.wowhead.com/tbc/spell=20103,Talent: Benediction; tree row 1
Retribution,Talent,Benediction,20104,20101,Rank 4/5,,Reduces the mana cost of your Judgement and Seal spells by 12%.,Talent Passive,Data only,,,,,Data only,TALENT,https://www.wowhead.com/tbc/spell=20104,Talent: Benediction; tree row 1
Retribution,Talent,Benediction,20105,20101,Rank 5/5,,Reduces the mana cost of your Judgement and Seal spells by 15%.,Talent Passive,Data only,,,,,Data only,TALENT,https://www.wowhead.com/tbc/spell=20105,Talent: Benediction; tree row 1
Retribution,Talent,Conviction,20117,20117,Rank 1/5,,Increases your chance to get a critical strike with melee weapons by 1%.,Talent Passive,Data only,,,,,Data only,TALENT,https://www.wowhead.com/tbc/spell=20117,Talent: Conviction; tree row 3
Retribution,Talent,Conviction,20118,20117,Rank 2/5,,Increases your chance to get a critical strike with melee weapons by 2%.,Talent Passive,Data only,,,,,Data only,TALENT,https://www.wowhead.com/tbc/spell=20118,Talent: Conviction; tree row 3
Retribution,Talent,Conviction,20119,20117,Rank 3/5,,Increases your chance to get a critical strike with melee weapons by 3%.,Talent Passive,Data only,,,,,Data only,TALENT,https://www.wowhead.com/tbc/spell=20119,Talent: Conviction; tree row 3
Retribution,Talent,Conviction,20120,20117,Rank 4/5,,Increases your chance to get a critical strike with melee weapons by 4%.,Talent Passive,Data only,,,,,Data only,TALENT,https://www.wowhead.com/tbc/spell=20120,Talent: Conviction; tree row 3
Retribution,Talent,Conviction,20121,20117,Rank 5/5,,Increases your chance to get a critical strike with melee weapons by 5%.,Talent Passive,Data only,,,,,Data only,TALENT,https://www.wowhead.com/tbc/spell=20121,Talent: Conviction; tree row 3
Retribution,Talent,Crusade,31866,31866,Rank 1/3,,"Increases all damage caused against Humanoids, Demons, Undead and Elementals by 1%.",Talent Passive,Data only,,,,,Data only,TALENT,https://www.wowhead.com/tbc/spell=31866,Talent: Crusade; tree row 4
Retribution,Talent,Crusade,31867,31866,Rank 2/3,,"Increases all damage caused against Humanoids, Demons, Undead and Elementals by 2%.",Talent Passive,Data only,,,,,Data only,TALENT,https://www.wowhead.com/tbc/spell=31867,Talent: Crusade; tree row 4
Retribution,Talent,Crusade,31868,31866,Rank 3/3,,"Increases all damage caused against Humanoids, Demons, Undead and Elementals by 3%.",Talent Passive,Data only,,,,,Data only,TALENT,https://www.wowhead.com/tbc/spell=31868,Talent: Crusade; tree row 4
Retribution,Talent Ability,Crusader Strike,35395,35395,Rank 1/1,,An instant strike that causes 110% weapon damage and refreshes all Judgements on the target.,Offensive,Main,6,,8% of base mana,,Cooldown,"DPS, PVE_PVP, ROTATIONAL",https://www.wowhead.com/tbc/spell=35395,Talent-required | Talent: Crusader Strike
Retribution,Talent,Deflection,20060,20060,Rank 1/5,,Increases your Parry chance by 1%.,Talent Passive,Data only,,,,,Data only,TALENT,https://www.wowhead.com/tbc/spell=20060,Talent: Deflection; tree row 2
Retribution,Talent,Deflection,20061,20060,Rank 2/5,,Increases your Parry chance by 2%.,Talent Passive,Data only,,,,,Data only,TALENT,https://www.wowhead.com/tbc/spell=20061,Talent: Deflection; tree row 2
Retribution,Talent,Deflection,20062,20060,Rank 3/5,,Increases your Parry chance by 3%.,Talent Passive,Data only,,,,,Data only,TALENT,https://www.wowhead.com/tbc/spell=20062,Talent: Deflection; tree row 2
Retribution,Talent,Deflection,20063,20060,Rank 4/5,,Increases your Parry chance by 4%.,Talent Passive,Data only,,,,,Data only,TALENT,https://www.wowhead.com/tbc/spell=20063,Talent: Deflection; tree row 2
Retribution,Talent,Deflection,20064,20060,Rank 5/5,,Increases your Parry chance by 5%.,Talent Passive,Data only,,,,,Data only,TALENT,https://www.wowhead.com/tbc/spell=20064,Talent: Deflection; tree row 2
Retribution,Talent,Divine Purpose,31871,31871,Rank 1/3,,Melee and ranged critical strikes against you cause 4% less damage.,Talent Passive,Data only,,,,,Data only,TALENT,https://www.wowhead.com/tbc/spell=31871,Talent: Divine Purpose; tree row 7
Retribution,Talent,Divine Purpose,31872,31871,Rank 2/3,,Melee and ranged critical strikes against you cause 7% less damage.,Talent Passive,Data only,,,,,Data only,TALENT,https://www.wowhead.com/tbc/spell=31872,Talent: Divine Purpose; tree row 7
Retribution,Talent,Divine Purpose,31873,31871,Rank 3/3,,Melee and ranged critical strikes against you cause 10% less damage.,Talent Passive,Data only,,,,,Data only,TALENT,https://www.wowhead.com/tbc/spell=31873,Talent: Divine Purpose; tree row 7
Retribution,Talent,Eye for an Eye,9799,9799,Rank 1/2,,All spell criticals against you cause 15% of the damage taken to the caster as well. The damage caused by Eye for an Eye will not exceed 50% of the Paladin's total health.,Talent Passive,Data only,,,,,Data only,TALENT,https://www.wowhead.com/tbc/spell=9799,Talent: Eye for an Eye; tree row 4
Retribution,Talent,Eye for an Eye,25988,9799,Rank 2/2,,All spell criticals against you cause 30% of the damage taken to the caster as well. The damage caused by Eye for an Eye will not exceed 50% of the Paladin's total health.,Talent Passive,Data only,,,,,Data only,TALENT,https://www.wowhead.com/tbc/spell=25988,Talent: Eye for an Eye; tree row 4
Retribution,Talent,Fanaticism,31879,31879,Rank 1/5,,Increases the critical strike chance of all Judgements capable of a critical hit by 3% and reduces threat caused by all actions by 6% except when under the effects of Righteous Fury.,Talent Passive,Data only,,,,,Data only,TALENT,https://www.wowhead.com/tbc/spell=31879,Talent: Fanaticism; tree row 8
Retribution,Talent,Fanaticism,31880,31879,Rank 2/5,,Increases the critical strike chance of all Judgements capable of a critical hit by 6% and reduces threat caused by all actions by 12% except when under the effects of Righteous Fury.,Talent Passive,Data only,,,,,Data only,TALENT,https://www.wowhead.com/tbc/spell=31880,Talent: Fanaticism; tree row 8
Retribution,Talent,Fanaticism,31881,31879,Rank 3/5,,Increases the critical strike chance of all Judgements capable of a critical hit by 9% and reduces threat caused by all actions by 18% except when under the effects of Righteous Fury.,Talent Passive,Data only,,,,,Data only,TALENT,https://www.wowhead.com/tbc/spell=31881,Talent: Fanaticism; tree row 8
Retribution,Talent,Fanaticism,31882,31879,Rank 4/5,,Increases the critical strike chance of all Judgements capable of a critical hit by 12% and reduces threat caused by all actions by 24% except when under the effects of Righteous Fury.,Talent Passive,Data only,,,,,Data only,TALENT,https://www.wowhead.com/tbc/spell=31882,Talent: Fanaticism; tree row 8
Retribution,Talent,Fanaticism,31883,31879,Rank 5/5,,Increases the critical strike chance of all Judgements capable of a critical hit by 15% and reduces threat caused by all actions by 30% except when under the effects of Righteous Fury.,Talent Passive,Data only,,,,,Data only,TALENT,https://www.wowhead.com/tbc/spell=31883,Talent: Fanaticism; tree row 8
Retribution,Talent,Improved Blessing of Might,20042,20042,Rank 1/5,,Increases the attack power bonus of your Blessing of Might by 4%.,Talent Passive,Data only,,,,,Data only,TALENT,https://www.wowhead.com/tbc/spell=20042,Talent: Improved Blessing of Might; tree row 1
Retribution,Talent,Improved Blessing of Might,20045,20042,Rank 2/5,,Increases the attack power bonus of your Blessing of Might by 8%.,Talent Passive,Data only,,,,,Data only,TALENT,https://www.wowhead.com/tbc/spell=20045,Talent: Improved Blessing of Might; tree row 1
Retribution,Talent,Improved Blessing of Might,20046,20042,Rank 3/5,,Increases the attack power bonus of your Blessing of Might by 12%.,Talent Passive,Data only,,,,,Data only,TALENT,https://www.wowhead.com/tbc/spell=20046,Talent: Improved Blessing of Might; tree row 1
Retribution,Talent,Improved Blessing of Might,20047,20042,Rank 4/5,,Increases the attack power bonus of your Blessing of Might by 16%.,Talent Passive,Data only,,,,,Data only,TALENT,https://www.wowhead.com/tbc/spell=20047,Talent: Improved Blessing of Might; tree row 1
Retribution,Talent,Improved Blessing of Might,20048,20042,Rank 5/5,,Increases the attack power bonus of your Blessing of Might by 20%.,Talent Passive,Data only,,,,,Data only,TALENT,https://www.wowhead.com/tbc/spell=20048,Talent: Improved Blessing of Might; tree row 1
Retribution,Talent,Improved Judgement,25956,25956,Rank 1/2,,Decreases the cooldown of your Judgement spell by 1 sec.,Talent Passive,Data only,,,,,Data only,TALENT,https://www.wowhead.com/tbc/spell=25956,Talent: Improved Judgement; tree row 2
Retribution,Talent,Improved Judgement,25957,25956,Rank 2/2,,Decreases the cooldown of your Judgement spell by 2 sec.,Talent Passive,Data only,,,,,Data only,TALENT,https://www.wowhead.com/tbc/spell=25957,Talent: Improved Judgement; tree row 2
Retribution,Talent,Improved Retribution Aura,20091,20091,Rank 1/2,,Increases the damage done by your Retribution Aura by 25%.,Talent Passive,Data only,,,,,Data only,TALENT,https://www.wowhead.com/tbc/spell=20091,Talent: Improved Retribution Aura; tree row 4
Retribution,Talent,Improved Retribution Aura,20092,20091,Rank 2/2,,Increases the damage done by your Retribution Aura by 50%.,Talent Passive,Data only,,,,,Data only,TALENT,https://www.wowhead.com/tbc/spell=20092,Talent: Improved Retribution Aura; tree row 4
Retribution,Talent,Improved Sanctity Aura,31869,31869,Rank 1/2,,The amount of damage caused by targets affected by Sanctity Aura is increased by 1%.,Talent Passive,Data only,,,,,Data only,TALENT,https://www.wowhead.com/tbc/spell=31869,Talent: Improved Sanctity Aura; tree row 5
Retribution,Talent,Improved Sanctity Aura,31870,31869,Rank 2/2,,The amount of damage caused by targets affected by Sanctity Aura is increased by 2%.,Talent Passive,Data only,,,,,Data only,TALENT,https://www.wowhead.com/tbc/spell=31870,Talent: Improved Sanctity Aura; tree row 5
Retribution,Talent,Improved Seal of the Crusader,20335,20335,Rank 1/3,,"In addition to the normal effect, your Judgement of the Crusader spell will also increase the critical strike chance of all attacks made against that target by an additional 1%.",Talent Passive,Data only,,,,,Data only,TALENT,https://www.wowhead.com/tbc/spell=20335,Talent: Improved Seal of the Crusader; tree row 2
Retribution,Talent,Improved Seal of the Crusader,20336,20335,Rank 2/3,,"In addition to the normal effect, your Judgement of the Crusader spell will also increase the critical strike chance of all attacks made against that target by an additional 2%.",Talent Passive,Data only,,,,,Data only,TALENT,https://www.wowhead.com/tbc/spell=20336,Talent: Improved Seal of the Crusader; tree row 2
Retribution,Talent,Improved Seal of the Crusader,20337,20335,Rank 3/3,,"In addition to the normal effect, your Judgement of the Crusader spell will also increase the critical strike chance of all attacks made against that target by an additional 3%.",Talent Passive,Data only,,,,,Data only,TALENT,https://www.wowhead.com/tbc/spell=20337,Talent: Improved Seal of the Crusader; tree row 2
Retribution,Talent,Pursuit of Justice,26022,26022,Rank 1/3,,Reduces the chance you'll be hit by spells by 1% and increases movement and mounted movement speed by 5%. This does not stack with other movement speed increasing effects.,Talent Passive,Data only,,,,,Data only,TALENT,https://www.wowhead.com/tbc/spell=26022,Talent: Pursuit of Justice; tree row 3
Retribution,Talent,Pursuit of Justice,26023,26022,Rank 2/3,,Reduces the chance you'll be hit by spells by 2% and increases movement and mounted movement speed by 10%. This does not stack with other movement speed increasing effects.,Talent Passive,Data only,,,,,Data only,TALENT,https://www.wowhead.com/tbc/spell=26023,Talent: Pursuit of Justice; tree row 3
Retribution,Talent,Pursuit of Justice,44414,26022,Rank 3/3,,Reduces the chance you'll be hit by spells by 3% and increases movement and mounted movement speed by 15%. This does not stack with other movement speed increasing effects.,Talent Passive,Data only,,,,,Data only,TALENT,https://www.wowhead.com/tbc/spell=44414,Talent: Pursuit of Justice; tree row 3
Retribution,Talent Ability,Repentance,20066,20066,Rank 1/1,,"Puts the enemy target in a state of meditation, incapacitating them for up to 6 sec. Any damage caused will awaken the target. Only works against Humanoids.",Crowd Control,Utility,60,6,60 Mana,,Cooldown,"CC_HARD, DISORIENT",https://www.wowhead.com/tbc/spell=20066,Talent-required | Talent: Repentance
Retribution,Talent,Sanctified Judgement,31876,31876,Rank 1/3,,Gives your Judgement spell a 33% chance to return 80% of the mana cost of the judged seal.,Talent Passive,Data only,,,,,Data only,TALENT,https://www.wowhead.com/tbc/spell=31876,Talent: Sanctified Judgement; tree row 6
Retribution,Talent,Sanctified Judgement,31877,31876,Rank 2/3,,Gives your Judgement spell a 66% chance to return 80% of the mana cost of the judged seal.,Talent Passive,Data only,,,,,Data only,TALENT,https://www.wowhead.com/tbc/spell=31877,Talent: Sanctified Judgement; tree row 6
Retribution,Talent,Sanctified Judgement,31878,31876,Rank 3/3,,Gives your Judgement spell a 100% chance to return 80% of the mana cost of the judged seal.,Talent Passive,Data only,,,,,Data only,TALENT,https://www.wowhead.com/tbc/spell=31878,Talent: Sanctified Judgement; tree row 6
Retribution,Talent,Sanctified Seals,32043,32043,Rank 1/3,,Increases your chance to critically hit with all spells and melee attacks by 1% and reduces the chance your Seals will be dispelled by 33%.,Talent Passive,Data only,,,,,Data only,TALENT,https://www.wowhead.com/tbc/spell=32043,Talent: Sanctified Seals; tree row 7
Retribution,Talent,Sanctified Seals,35396,32043,Rank 2/3,,Increases your chance to critically hit with all spells and melee attacks by 2% and reduces the chance your Seals will be dispelled by 66%.,Talent Passive,Data only,,,,,Data only,TALENT,https://www.wowhead.com/tbc/spell=35396,Talent: Sanctified Seals; tree row 7
Retribution,Talent,Sanctified Seals,35397,32043,Rank 3/3,,Increases your chance to critically hit with all spells and melee attacks by 3% and reduces the chance your Seals will be dispelled by 100%.,Talent Passive,Data only,,,,,Data only,TALENT,https://www.wowhead.com/tbc/spell=35397,Talent: Sanctified Seals; tree row 7
Retribution,Talent Ability,Sanctity Aura,20218,20218,Rank 1/1,,Increases Holy damage done by party members within 30 yards by 10%. Players may only have one Aura on them per Paladin at any one time.,Offensive,Main,0,,,,Cooldown,"BUFF, DPS, LONG_BUFF",https://www.wowhead.com/tbc/spell=20218,Talent-required | Talent: Sanctity Aura
Retribution,Talent Ability,Seal of Command,20375,20375,Rank 1/1,,"Gives the Paladin a chance to deal additional Holy damage equal to 70% of normal weapon damage. Only one Seal can be active on the Paladin at any one time. Lasts 30 sec.
Unleashing this Seal's energy will judge an enemy, instantly causing 
68 to 
73 Holy damage, 
137 to 
146 if the target is stunned or incapacitated.",Offensive,Main,0,30,65 Mana,,Cooldown + aura,"BUFF, DPS, MAINTENANCE",https://www.wowhead.com/tbc/spell=20375,Talent-required | Talent: Seal of Command
Retribution,Talent Ability,Seal of Command,20915,20375,Rank 2,30,"Gives the Paladin a chance to deal additional Holy damage equal to 70% of normal weapon damage. Only one Seal can be active on the Paladin at any one time. Lasts 30 sec.
Unleashing this Seal's energy will judge an enemy, instantly causing 
97 to 
105 Holy damage, 
194 to 
209 if the target is stunned or incapacitated.",Offensive,Main,0,30,110 Mana,,Cooldown + aura,"BUFF, DPS, MAINTENANCE",https://www.wowhead.com/tbc/spell=20915,Talent-required
Retribution,Talent Ability,Seal of Command,20918,20375,Rank 3,40,"Gives the Paladin a chance to deal additional Holy damage equal to 70% of normal weapon damage. Only one Seal can be active on the Paladin at any one time. Lasts 30 sec.
Unleashing this Seal's energy will judge an enemy, instantly causing 
124 to 
135 Holy damage, 
248 to 
269 if the target is stunned or incapacitated.",Offensive,Main,0,30,140 Mana,,Cooldown + aura,"BUFF, DPS, MAINTENANCE",https://www.wowhead.com/tbc/spell=20918,Talent-required
Retribution,Talent Ability,Seal of Command,20919,20375,Rank 4,50,"Gives the Paladin a chance to deal additional Holy damage equal to 70% of normal weapon damage. Only one Seal can be active on the Paladin at any one time. Lasts 30 sec.
Unleashing this Seal's energy will judge an enemy, instantly causing 
154 to 
168 Holy damage, 
309 to 
336 if the target is stunned or incapacitated.",Offensive,Main,0,30,180 Mana,,Cooldown + aura,"BUFF, DPS, MAINTENANCE",https://www.wowhead.com/tbc/spell=20919,Talent-required
Retribution,Talent Ability,Seal of Command,20920,20375,Rank 5,60,"Gives the Paladin a chance to deal additional Holy damage equal to 70% of normal weapon damage. Only one Seal can be active on the Paladin at any one time. Lasts 30 sec.
Unleashing this Seal's energy will judge an enemy, instantly causing 
193 to 
211 Holy damage, 
387 to 
422 if the target is stunned or incapacitated.",Offensive,Main,0,30,210 Mana,,Cooldown + aura,"BUFF, DPS, MAINTENANCE",https://www.wowhead.com/tbc/spell=20920,Talent-required
Retribution,Talent Ability,Seal of Command,27170,20375,Rank 6,70,"Gives the Paladin a chance to deal additional Holy damage equal to 70% of normal weapon damage. Only one Seal can be active on the Paladin at any one time. Lasts 30 sec.
Unleashing this Seal's energy will judge an enemy, instantly causing 
228 to 
252 Holy damage, 
456 to 
504 if the target is stunned or incapacitated.",Offensive,Main,0,30,280 Mana,,Cooldown + aura,"BUFF, DPS, MAINTENANCE",https://www.wowhead.com/tbc/spell=27170,Talent-required
Retribution,Talent,Two-Handed Weapon Specialization,20111,20111,Rank 1/3,,Increases the damage you deal with two-handed melee weapons by 2%.,Talent Passive,Data only,,,,,Data only,TALENT,https://www.wowhead.com/tbc/spell=20111,Talent: Two-Handed Weapon Specialization; tree row 5
Retribution,Talent,Two-Handed Weapon Specialization,20112,20111,Rank 2/3,,Increases the damage you deal with two-handed melee weapons by 4%.,Talent Passive,Data only,,,,,Data only,TALENT,https://www.wowhead.com/tbc/spell=20112,Talent: Two-Handed Weapon Specialization; tree row 5
Retribution,Talent,Two-Handed Weapon Specialization,20113,20111,Rank 3/3,,Increases the damage you deal with two-handed melee weapons by 6%.,Talent Passive,Data only,,,,,Data only,TALENT,https://www.wowhead.com/tbc/spell=20113,Talent: Two-Handed Weapon Specialization; tree row 5
Retribution,Talent,Vengeance,20049,20049,Rank 1/5,,"Gives you a 1% bonus to Physical and Holy damage you deal for 30 sec after dealing a critical strike from a weapon swing, spell, or ability. This effect stacks up to 3 times.",Talent Passive,Data only,,30,,,Data only,TALENT,https://www.wowhead.com/tbc/spell=20049,Talent: Vengeance; tree row 6
Retribution,Talent,Vengeance,20056,20049,Rank 2/5,,"Gives you a 2% bonus to Physical and Holy damage you deal for 30 sec after dealing a critical strike from a weapon swing, spell, or ability. This effect stacks up to 3 times.",Talent Passive,Data only,,30,,,Data only,TALENT,https://www.wowhead.com/tbc/spell=20056,Talent: Vengeance; tree row 6
Retribution,Talent,Vengeance,20057,20049,Rank 3/5,,"Gives you a 3% bonus to Physical and Holy damage you deal for 30 sec after dealing a critical strike from a weapon swing, spell, or ability. This effect stacks up to 3 times.",Talent Passive,Data only,,30,,,Data only,TALENT,https://www.wowhead.com/tbc/spell=20057,Talent: Vengeance; tree row 6
Retribution,Talent,Vengeance,20058,20049,Rank 4/5,,"Gives you a 4% bonus to Physical and Holy damage you deal for 30 sec after dealing a critical strike from a weapon swing, spell, or ability. This effect stacks up to 3 times.",Talent Passive,Data only,,30,,,Data only,TALENT,https://www.wowhead.com/tbc/spell=20058,Talent: Vengeance; tree row 6
Retribution,Talent,Vengeance,20059,20049,Rank 5/5,,"Gives you a 5% bonus to Physical and Holy damage you deal for 30 sec after dealing a critical strike from a weapon swing, spell, or ability. This effect stacks up to 3 times.",Talent Passive,Data only,,30,,,Data only,TALENT,https://www.wowhead.com/tbc/spell=20059,Talent: Vengeance; tree row 6
Retribution,Talent,Vindication,9452,9452,Rank 1/3,,Gives the Paladin's damaging melee attacks a chance to reduce the target's attributes by 5% for 15 sec.,Talent Passive,Data only,,15,,,Data only,TALENT,https://www.wowhead.com/tbc/spell=9452,Talent: Vindication; tree row 3
Retribution,Talent,Vindication,26016,9452,Rank 2/3,,Gives the Paladin's damaging melee attacks a chance to reduce the target's attributes by 10% for 15 sec.,Talent Passive,Data only,,15,,,Data only,TALENT,https://www.wowhead.com/tbc/spell=26016,Talent: Vindication; tree row 3
Retribution,Talent,Vindication,26021,9452,Rank 3/3,,Gives the Paladin's damaging melee attacks a chance to reduce the target's attributes by 15% for 15 sec.,Talent Passive,Data only,,15,,,Data only,TALENT,https://www.wowhead.com/tbc/spell=26021,Talent: Vindication; tree row 3
"Retribution, Protection",Ability,Judgement,20271,20271,,4,Unleashes the energy of a Seal spell upon an enemy. Refer to individual Seals for Judgement effect.,Offensive,Main,10,,5% of base mana,,Cooldown,"DPS, PVE_PVP, ROTATIONAL",https://www.wowhead.com/tbc/spell=20271,
"Retribution, Protection",Ability,Seal of Blood,31892,31892,,64,"All melee attacks deal additional Holy damage equal to 35% of normal weapon damage, but the Paladin loses health equal to 10% of the total damage inflicted.
Unleashing this Seal's energy will judge an enemy, instantly causing 295 to 325 Holy damage at the cost of health equal to 33% of the damage caused.",Offensive,Main,0,30,210 Mana,,Cooldown + aura,"BUFF, DPS, MAINTENANCE, PVE",https://www.wowhead.com/tbc/spell=31892,
"Retribution, Protection",Talent Ability,Consecration,20116,26573,Rank 1,30,"Consecrates the land beneath the Paladin, doing 120 Holy damage over 8 sec to enemies who enter the area.",Offensive,Main,8,8,205 Mana,,Cooldown,"AOE, DPS, PVE_PVP, ROTATIONAL, TIMED_EFFECT",https://www.wowhead.com/tbc/spell=20116,Talent-required
"Retribution, Protection",Talent Ability,Consecration,20922,26573,Rank 2,40,"Consecrates the land beneath the Paladin, doing 192 Holy damage over 8 sec to enemies who enter the area.",Offensive,Main,8,8,290 Mana,,Cooldown,"AOE, DPS, PVE_PVP, ROTATIONAL, TIMED_EFFECT",https://www.wowhead.com/tbc/spell=20922,Talent-required
"Retribution, Protection",Talent Ability,Consecration,20923,26573,Rank 3,50,"Consecrates the land beneath the Paladin, doing 280 Holy damage over 8 sec to enemies who enter the area.",Offensive,Main,8,8,390 Mana,,Cooldown,"AOE, DPS, PVE_PVP, ROTATIONAL, TIMED_EFFECT",https://www.wowhead.com/tbc/spell=20923,Talent-required
"Retribution, Protection",Talent Ability,Consecration,20924,26573,Rank 4,60,"Consecrates the land beneath the Paladin, doing 384 Holy damage over 8 sec to enemies who enter the area.",Offensive,Main,8,8,505 Mana,,Cooldown,"AOE, DPS, PVE_PVP, ROTATIONAL, TIMED_EFFECT",https://www.wowhead.com/tbc/spell=20924,Talent-required
"Retribution, Protection",Talent Ability,Consecration,26573,26573,Rank 5,20,"Consecrates the land beneath the Paladin, doing 64 Holy damage over 8 sec to enemies who enter the area.",Offensive,Main,8,8,120 Mana,,Cooldown,"AOE, DPS, PVE_PVP, ROTATIONAL, TIMED_EFFECT",https://www.wowhead.com/tbc/spell=26573,Talent-required
"Retribution, Protection",Talent Ability,Consecration,27173,26573,Rank 6,70,"Consecrates the land beneath the Paladin, doing 512 Holy damage over 8 sec to enemies who enter the area.",Offensive,Main,8,8,660 Mana,,Cooldown,"AOE, DPS, PVE_PVP, ROTATIONAL, TIMED_EFFECT",https://www.wowhead.com/tbc/spell=27173,Talent-required
