Specialization,Type,Name,Spell ID,Canonical ID,Rank,Learned Level,Description,Category,HUD Row,Cooldown,Duration,Resource Cost,Aura ID,Track Mode,Tags,Wowhead Source,Notes
Class-wide / Shared,Ability,Astral Recall,556,556,,30,Yanks the caster through the twisting nether back to Hearthstone Location. Speak to an Innkeeper in a different place to change your home location.,Utility,Utility,900,,150 Mana,,Cooldown,"OUT_OF_COMBAT, UTILITY",https://www.wowhead.com/tbc/spell=556,
Class-wide / Shared,Ability,Bloodlust,2825,2825,,70,"Increases melee, ranged, and spell casting speed by 30% for all party members. Lasts 40 sec.",Offensive,Main,600,40,750 Mana,,Cooldown + aura,"DPS, HAS_BUFF, IMPORTANT_EXTERNAL, MAJOR, RAID_DEFENSIVE",https://www.wowhead.com/tbc/spell=2825,
Class-wide / Shared,Ability,Cure Disease,2870,2870,,22,Cures 1 disease on the target.,Utility,Utility,0,,7% of base mana,,Cooldown,"DISPEL_DISEASE, FILLER",https://www.wowhead.com/tbc/spell=2870,
Class-wide / Shared,Ability,Cure Poison,526,526,,16,Cures 1 poison effect on the target.,Utility,Utility,0,,7% of base mana,,Cooldown,"DISPEL_POISON, FILLER",https://www.wowhead.com/tbc/spell=526,
Class-wide / Shared,Ability,Disease Cleansing Totem,8170,8170,,38,Summons a Disease Cleansing Totem with 5 health at the feet of the caster that attempts to remove 1 disease effect from party members within 20 yards every 5 seconds. Lasts 2 min.,Utility,Utility,0,120,8% of base mana,,Cooldown,"DISPEL_DISEASE, FILLER, TOTEM, TOTEM_WATER, UTILITY",https://www.wowhead.com/tbc/spell=8170,
Class-wide / Shared,Ability,Earth Elemental Totem,2062,2062,,66,"Summon an elemental totem that calls forth a greater earth elemental to protect the caster and 
his
allies. Lasts 2 min.",Defensive,Utility,1200,120,705 Mana,,Cooldown,"DEFENSIVE, MAJOR, PET_SUMMON, PET_SUMMON_TEMP, TAUNT, TOTEM, TOTEM_EARTH",https://www.wowhead.com/tbc/spell=2062,
Class-wide / Shared,Ability,Earthbind Totem,2484,2484,,6,Summons an Earthbind Totem with 5 health at the feet of the caster for 45 sec that slows the movement speed of enemies within 10 yards.,Crowd Control,Utility,15,45,5% of base mana,3600,Cooldown + aura,"CC_SOFT, TOTEM, TOTEM_EARTH, UTILITY",https://www.wowhead.com/tbc/spell=2484,
Class-wide / Shared,Ability,Fire Elemental Totem,2894,2894,,68,Summons an elemental totem that calls forth a greater fire elemental to rain destruction on the caster's enemies. Lasts 2 min.,Pet,Main,1200,120,680 Mana,,Cooldown,"DPS, MAJOR, PET_SUMMON, PET_SUMMON_TEMP, TOTEM, TOTEM_FIRE",https://www.wowhead.com/tbc/spell=2894,
Class-wide / Shared,Ability,Fire Nova Totem,1535,1535,Rank 1,12,"Summons a Fire Nova Totem that has 5 health and lasts 5 sec. Unless it is destroyed within 4 sec., the totem inflicts 
53 to 
62 fire damage to enemies within 10 yd.",Offensive,Main,15,5,95 Mana,,Cooldown,"AOE, DPS, MINOR, TOTEM, TOTEM_FIRE",https://www.wowhead.com/tbc/spell=1535,
Class-wide / Shared,Ability,Fire Nova Totem,8498,1535,Rank 2,22,"Summons a Fire Nova Totem that has 5 health and lasts 5 sec. Unless it is destroyed within 4 sec., the totem inflicts 
110 to 
124 fire damage to enemies within 10 yd.",Offensive,Main,15,5,170 Mana,,Cooldown,"AOE, DPS, MINOR, TOTEM, TOTEM_FIRE",https://www.wowhead.com/tbc/spell=8498,
Class-wide / Shared,Ability,Fire Nova Totem,8499,1535,Rank 3,32,"Summons a Fire Nova Totem that has 5 health and lasts 5 sec. Unless it is destroyed within 4 sec., the totem inflicts 
195 to 
219 fire damage to enemies within 10 yd.",Offensive,Main,15,5,280 Mana,,Cooldown,"AOE, DPS, MINOR, TOTEM, TOTEM_FIRE",https://www.wowhead.com/tbc/spell=8499,
Class-wide / Shared,Ability,Fire Nova Totem,11314,1535,Rank 4,42,"Summons a Fire Nova Totem that has 5 health and lasts 5 sec. Unless it is destroyed within 4 sec., the totem inflicts 
295 to 
331 fire damage to enemies within 10 yd.",Offensive,Main,15,5,395 Mana,,Cooldown,"AOE, DPS, MINOR, TOTEM, TOTEM_FIRE",https://www.wowhead.com/tbc/spell=11314,
Class-wide / Shared,Ability,Fire Nova Totem,11315,1535,Rank 5,52,"Summons a Fire Nova Totem that has 5 health and lasts 5 sec. Unless it is destroyed within 4 sec., the totem inflicts 
413 to 
459 fire damage to enemies within 10 yd.",Offensive,Main,15,5,520 Mana,,Cooldown,"AOE, DPS, MINOR, TOTEM, TOTEM_FIRE",https://www.wowhead.com/tbc/spell=11315,
Class-wide / Shared,Ability,Fire Nova Totem,25546,1535,Rank 6,61,"Summons a Fire Nova Totem that has 5 health and lasts 5 sec. Unless it is destroyed within 4 sec., the totem inflicts 
537 to 
598 fire damage to enemies within 10 yd.",Offensive,Main,15,5,640 Mana,,Cooldown,"AOE, DPS, MINOR, TOTEM, TOTEM_FIRE",https://www.wowhead.com/tbc/spell=25546,
Class-wide / Shared,Ability,Fire Nova Totem,25547,1535,Rank 7,70,"Summons a Fire Nova Totem that has 5 health and lasts 5 sec. Unless it is destroyed within 4 sec., the totem inflicts 
654 to 
730 fire damage to enemies within 10 yd.",Offensive,Main,15,5,765 Mana,,Cooldown,"AOE, DPS, MINOR, TOTEM, TOTEM_FIRE",https://www.wowhead.com/tbc/spell=25547,
Class-wide / Shared,Ability,Fire Resistance Totem,8184,8184,Rank 1,28,Summons a Fire Resistance Totem with 5 health at the feet of the caster for 2 min that increases the fire resistance of party members within 20 yards by 30.,Ability,Data only,0,120,75 Mana,"8185, 10534, 10535, 25562",Cooldown + aura,"BUFF, RAID_DEFENSIVE, TOTEM, TOTEM_WATER",https://www.wowhead.com/tbc/spell=8184,
Class-wide / Shared,Ability,Fire Resistance Totem,10537,8184,Rank 2,42,Summons a Fire Resistance Totem with 5 health at the feet of the caster for 2 min that increases the fire resistance of party members within 20 yards by 45.,Ability,Data only,0,120,120 Mana,"8185, 10534, 10535, 25562",Cooldown + aura,"BUFF, RAID_DEFENSIVE, TOTEM, TOTEM_WATER",https://www.wowhead.com/tbc/spell=10537,
Class-wide / Shared,Ability,Fire Resistance Totem,10538,8184,Rank 3,58,Summons a Fire Resistance Totem with 5 health at the feet of the caster for 2 min that increases the fire resistance of party members within 20 yards by 60.,Ability,Data only,0,120,180 Mana,"8185, 10534, 10535, 25562",Cooldown + aura,"BUFF, RAID_DEFENSIVE, TOTEM, TOTEM_WATER",https://www.wowhead.com/tbc/spell=10538,
Class-wide / Shared,Ability,Fire Resistance Totem,25563,8184,Rank 4,68,Summons a Fire Resistance Totem with 5 health at the feet of the caster for 2 min that increases the fire resistance of party members within 20 yards by 70.,Ability,Data only,0,120,245 Mana,"8185, 10534, 10535, 25562",Cooldown + aura,"BUFF, RAID_DEFENSIVE, TOTEM, TOTEM_WATER",https://www.wowhead.com/tbc/spell=25563,
Class-wide / Shared,Ability,Flametongue Totem,8227,8227,Rank 1,28,Summons a Flametongue Totem that enchants all party members' main-hand weapons with fire if they are within 20 yards. Each hit causes 6.4 to 19.6 additional Fire damage. Lasts 2 min.,Utility,Utility,0,120,90 Mana,,Cooldown,"BUFF, TOTEM, TOTEM_FIRE, UTILITY",https://www.wowhead.com/tbc/spell=8227,
Class-wide / Shared,Ability,Flametongue Totem,8249,8227,Rank 2,38,Summons a Flametongue Totem that enchants all party members' main-hand weapons with fire if they are within 20 yards. Each hit causes 9.1 to 27.9 additional Fire damage. Lasts 2 min.,Utility,Utility,0,120,140 Mana,,Cooldown,"BUFF, TOTEM, TOTEM_FIRE, UTILITY",https://www.wowhead.com/tbc/spell=8249,
Class-wide / Shared,Ability,Flametongue Totem,10526,8227,Rank 3,48,Summons a Flametongue Totem that enchants all party members' main-hand weapons with fire if they are within 20 yards. Each hit causes 12.3 to 37.9 additional Fire damage. Lasts 2 min.,Utility,Utility,0,120,200 Mana,,Cooldown,"BUFF, TOTEM, TOTEM_FIRE, UTILITY",https://www.wowhead.com/tbc/spell=10526,
Class-wide / Shared,Ability,Flametongue Totem,16387,8227,Rank 4,58,Summons a Flametongue Totem that enchants all party members' main-hand weapons with fire if they are within 20 yards. Each hit causes 15.8 to 48.7 additional Fire damage. Lasts 2 min.,Utility,Utility,0,120,275 Mana,,Cooldown,"BUFF, TOTEM, TOTEM_FIRE, UTILITY",https://www.wowhead.com/tbc/spell=16387,
Class-wide / Shared,Ability,Flametongue Totem,25557,8227,Rank 5,67,Summons a Flametongue Totem that enchants all party members' main-hand weapons with fire if they are within 20 yards. Each hit causes 19.4 to 59.7 additional Fire damage. Lasts 2 min.,Utility,Utility,0,120,325 Mana,,Cooldown,"BUFF, TOTEM, TOTEM_FIRE, UTILITY",https://www.wowhead.com/tbc/spell=25557,
Class-wide / Shared,Ability,Flametongue Weapon,8024,8024,Rank 1,10,"Imbue the Shaman's weapon with fire. Each hit causes 
6 to 
18 additional Fire damage, based on the speed of the weapon. Slower weapons cause more fire damage per swing. Lasts 30 minutes.",Utility,Utility,0,1800,30 Mana,,Cooldown,"BUFF, LONG_BUFF, UTILITY",https://www.wowhead.com/tbc/spell=8024,
Class-wide / Shared,Ability,Flametongue Weapon,8027,8024,Rank 2,18,"Imbue the Shaman's weapon with fire. Each hit causes 
9 to 
26 additional Fire damage, based on the speed of the weapon. Slower weapons cause more fire damage per swing. Lasts 30 minutes.",Utility,Utility,0,1800,55 Mana,,Cooldown,"BUFF, LONG_BUFF, UTILITY",https://www.wowhead.com/tbc/spell=8027,
Class-wide / Shared,Ability,Flametongue Weapon,8030,8024,Rank 3,26,"Imbue the Shaman's weapon with fire. Each hit causes 
14 to 
42 additional Fire damage, based on the speed of the weapon. Slower weapons cause more fire damage per swing. Lasts 30 minutes.",Utility,Utility,0,1800,80 Mana,,Cooldown,"BUFF, LONG_BUFF, UTILITY",https://www.wowhead.com/tbc/spell=8030,
Class-wide / Shared,Ability,Flametongue Weapon,16339,8024,Rank 4,36,"Imbue the Shaman's weapon with fire. Each hit causes 
22 to 
69 additional Fire damage, based on the speed of the weapon. Slower weapons cause more fire damage per swing. Lasts 30 minutes.",Utility,Utility,0,1800,105 Mana,,Cooldown,"BUFF, LONG_BUFF, UTILITY",https://www.wowhead.com/tbc/spell=16339,
Class-wide / Shared,Ability,Flametongue Weapon,16341,8024,Rank 5,46,"Imbue the Shaman's weapon with fire. Each hit causes 
31 to 
95 additional Fire damage, based on the speed of the weapon. Slower weapons cause more fire damage per swing. Lasts 30 minutes.",Utility,Utility,0,1800,130 Mana,,Cooldown,"BUFF, LONG_BUFF, UTILITY",https://www.wowhead.com/tbc/spell=16341,
Class-wide / Shared,Ability,Flametongue Weapon,16342,8024,Rank 6,56,"Imbue the Shaman's weapon with fire. Each hit causes 
40 to 
124 additional Fire damage, based on the speed of the weapon. Slower weapons cause more fire damage per swing. Lasts 30 minutes.",Utility,Utility,0,1800,155 Mana,,Cooldown,"BUFF, LONG_BUFF, UTILITY",https://www.wowhead.com/tbc/spell=16342,
Class-wide / Shared,Ability,Flametongue Weapon,25489,8024,Rank 7,64,"Imbue the Shaman's weapon with fire. Each hit causes 
46 to 
140 additional Fire damage, based on the speed of the weapon. Slower weapons cause more fire damage per swing. Lasts 30 minutes.",Utility,Utility,0,1800,180 Mana,,Cooldown,"BUFF, LONG_BUFF, UTILITY",https://www.wowhead.com/tbc/spell=25489,
Class-wide / Shared,Ability,Frost Resistance Totem,8181,8181,Rank 1,24,"Summons a Frost Resistance Totem with 5 health at the feet of the caster for 2 min. The totem increases party members' frost resistance by 30, if within 20 yards.",Ability,Data only,0,120,75 Mana,"8182, 10476, 10477, 25559",Cooldown + aura,"BUFF, RAID_DEFENSIVE, TOTEM, TOTEM_FIRE",https://www.wowhead.com/tbc/spell=8181,
Class-wide / Shared,Ability,Frost Resistance Totem,10478,8181,Rank 2,38,"Summons a Frost Resistance Totem with 5 health at the feet of the caster for 2 min. The totem increases party members' frost resistance by 45, if within 20 yards.",Ability,Data only,0,120,120 Mana,"8182, 10476, 10477, 25559",Cooldown + aura,"BUFF, RAID_DEFENSIVE, TOTEM, TOTEM_FIRE",https://www.wowhead.com/tbc/spell=10478,
Class-wide / Shared,Ability,Frost Resistance Totem,10479,8181,Rank 3,54,"Summons a Frost Resistance Totem with 5 health at the feet of the caster for 2 min. The totem increases party members' frost resistance by 60, if within 20 yards.",Ability,Data only,0,120,180 Mana,"8182, 10476, 10477, 25559",Cooldown + aura,"BUFF, RAID_DEFENSIVE, TOTEM, TOTEM_FIRE",https://www.wowhead.com/tbc/spell=10479,
Class-wide / Shared,Ability,Frost Resistance Totem,25560,8181,Rank 4,67,"Summons a Frost Resistance Totem with 5 health at the feet of the caster for 2 min. The totem increases party members' frost resistance by 70, if within 20 yards.",Ability,Data only,0,120,235 Mana,"8182, 10476, 10477, 25559",Cooldown + aura,"BUFF, RAID_DEFENSIVE, TOTEM, TOTEM_FIRE",https://www.wowhead.com/tbc/spell=25560,
Class-wide / Shared,Ability,Frost Shock,8056,8056,Rank 1,20,"Instantly shocks the target with frost, causing 
95 to 
101 Frost damage and slowing movement speed by 50%. Lasts 8 sec. Causes a high amount of threat.",Crowd Control,Utility,6,8,115 Mana,,Cooldown,CC_SOFT,https://www.wowhead.com/tbc/spell=8056,
Class-wide / Shared,Ability,Frost Shock,8058,8056,Rank 2,34,"Instantly shocks the target with frost, causing 
215 to 
230 Frost damage and slowing movement speed by 50%. Lasts 8 sec. Causes a high amount of threat.",Crowd Control,Utility,6,8,225 Mana,,Cooldown,CC_SOFT,https://www.wowhead.com/tbc/spell=8058,
Class-wide / Shared,Ability,Frost Shock,10472,8056,Rank 3,46,"Instantly shocks the target with frost, causing 
345 to 
366 Frost damage and slowing movement speed by 50%. Lasts 8 sec. Causes a high amount of threat.",Crowd Control,Utility,6,8,325 Mana,,Cooldown,CC_SOFT,https://www.wowhead.com/tbc/spell=10472,
Class-wide / Shared,Ability,Frost Shock,10473,8056,Rank 4,58,"Instantly shocks the target with frost, causing 
501 to 
529 Frost damage and slowing movement speed by 50%. Lasts 8 sec. Causes a high amount of threat.",Crowd Control,Utility,6,8,430 Mana,,Cooldown,CC_SOFT,https://www.wowhead.com/tbc/spell=10473,
Class-wide / Shared,Ability,Frost Shock,25464,8056,Rank 5,68,"Instantly shocks the target with frost, causing 
647 to 
683 Frost damage and slowing movement speed to 50% of normal. Lasts 8 sec. Causes a high amount of threat.",Crowd Control,Utility,6,8,525 Mana,,Cooldown,CC_SOFT,https://www.wowhead.com/tbc/spell=25464,
Class-wide / Shared,Ability,Frostbrand Weapon,8033,8033,Rank 1,20,"Imbue the Shaman's weapon with frost. Each hit has a chance of causing 
48 additional Frost damage and slowing the target's movement speed by 25% for 8 sec. Lasts 30 minutes.",Crowd Control,Utility,0,1800,60 Mana,,Cooldown,"BUFF, CC_SOFT, LONG_BUFF, UTILITY",https://www.wowhead.com/tbc/spell=8033,
Class-wide / Shared,Ability,Frostbrand Weapon,8038,8033,Rank 2,28,"Imbue the Shaman's weapon with frost. Each hit has a chance of causing 
77 additional Frost damage and slowing the target's movement speed by 25% for 8 sec. Lasts 30 minutes.",Crowd Control,Utility,0,1800,85 Mana,,Cooldown,"BUFF, CC_SOFT, LONG_BUFF, UTILITY",https://www.wowhead.com/tbc/spell=8038,
Class-wide / Shared,Ability,Frostbrand Weapon,10456,8033,Rank 3,38,"Imbue the Shaman's weapon with frost. Each hit has a chance of causing 
124 additional Frost damage and slowing the target's movement speed by 25% for 8 sec. Lasts 30 minutes.",Crowd Control,Utility,0,1800,110 Mana,,Cooldown,"BUFF, CC_SOFT, LONG_BUFF, UTILITY",https://www.wowhead.com/tbc/spell=10456,
Class-wide / Shared,Ability,Frostbrand Weapon,16355,8033,Rank 4,48,"Imbue the Shaman's weapon with frost. Each hit has a chance of causing 
166 additional Frost damage and slowing the target's movement speed by 25% for 8 sec. Lasts 30 minutes.",Crowd Control,Utility,0,1800,135 Mana,,Cooldown,"BUFF, CC_SOFT, LONG_BUFF, UTILITY",https://www.wowhead.com/tbc/spell=16355,
Class-wide / Shared,Ability,Frostbrand Weapon,16356,8033,Rank 5,58,"Imbue the Shaman's weapon with frost. Each hit has a chance of causing 
215 additional Frost damage and slowing the target's movement speed by 25% for 8 sec. Lasts 30 minutes.",Crowd Control,Utility,0,1800,160 Mana,,Cooldown,"BUFF, CC_SOFT, LONG_BUFF, UTILITY",https://www.wowhead.com/tbc/spell=16356,
Class-wide / Shared,Ability,Frostbrand Weapon,25500,8033,Rank 6,66,"Imbue the Shaman's weapon with frost. Each hit has a chance of causing 
246 additional Frost damage and slowing the target's movement speed by 25% for 8 sec. Lasts 30 minutes.",Crowd Control,Utility,0,1800,185 Mana,,Cooldown,"BUFF, CC_SOFT, LONG_BUFF, UTILITY",https://www.wowhead.com/tbc/spell=25500,
Class-wide / Shared,Ability,Ghost Wolf,2645,2645,,20,"Turns the Shaman into a Ghost Wolf, increasing speed by 40%. Only useable outdoors.",Mobility,Utility,0,,100 Mana,,Cooldown,"MOVEMENT, MOVEMENT_SPEED, OUT_OF_COMBAT, SHAPESHIFT",https://www.wowhead.com/tbc/spell=2645,
Class-wide / Shared,Ability,Grace of Air Totem,8835,8835,Rank 1,42,Summons a Grace of Air Totem with 5 health at the feet of the caster. The totem increases the agility of party members within 20 yards by 43. Lasts 2 min.,Ability,Data only,0,120,155 Mana,"8836, 10626, 25360",Cooldown + aura,"BUFF, RAID_DEFENSIVE, TOTEM, TOTEM_AIR",https://www.wowhead.com/tbc/spell=8835,
Class-wide / Shared,Ability,Grace of Air Totem,10627,8835,Rank 2,56,Summons a Grace of Air Totem with 5 health at the feet of the caster. The totem increases the agility of party members within 20 yards by 67. Lasts 2 min.,Ability,Data only,0,120,250 Mana,"8836, 10626, 25360",Cooldown + aura,"BUFF, RAID_DEFENSIVE, TOTEM, TOTEM_AIR",https://www.wowhead.com/tbc/spell=10627,
Class-wide / Shared,Ability,Grace of Air Totem,25359,8835,Rank 3,60,Summons a Grace of Air Totem with 5 health at the feet of the caster. The totem increases the agility of party members within 20 yards by 77. Lasts 2 min.,Ability,Data only,0,120,310 Mana,"8836, 10626, 25360",Cooldown + aura,"BUFF, RAID_DEFENSIVE, TOTEM, TOTEM_AIR",https://www.wowhead.com/tbc/spell=25359,
Class-wide / Shared,Ability,Grounding Totem,8177,8177,,30,"Summons a Grounding Totem with 5 health at the feet of the caster that will redirect one harmful spell cast on a nearby party member to itself, destroying the totem. Will not redirect area of effect spells. Lasts 45 sec.",Defensive,Utility,15,45,5% of base mana,,Cooldown,"CC_IMMUNITY, TOTEM, TOTEM_AIR, UTILITY",https://www.wowhead.com/tbc/spell=8177,
Class-wide / Shared,Ability,Healing Stream Totem,5394,5394,Rank 1,20,Summons a Healing Stream Totem with 5 health at the feet of the caster for 2 min that heals group members within 20 yards for 6 every 2 seconds.,Utility,Utility,0,120,40 Mana,"5672, 6371, 6372, 10460, 10461, 25566",Cooldown + aura,"HEAL_AOE, TOTEM, TOTEM_WATER, UTILITY",https://www.wowhead.com/tbc/spell=5394,
Class-wide / Shared,Ability,Healing Stream Totem,6375,5394,Rank 2,30,Summons a Healing Stream Totem with 5 health at the feet of the caster for 2 min that heals group members within 20 yards for 8 every 2 seconds.,Utility,Utility,0,120,50 Mana,"5672, 6371, 6372, 10460, 10461, 25566",Cooldown + aura,"HEAL_AOE, TOTEM, TOTEM_WATER, UTILITY",https://www.wowhead.com/tbc/spell=6375,
Class-wide / Shared,Ability,Healing Stream Totem,6377,5394,Rank 3,40,Summons a Healing Stream Totem with 5 health at the feet of the caster for 2 min that heals group members within 20 yards for 10 every 2 seconds.,Utility,Utility,0,120,60 Mana,"5672, 6371, 6372, 10460, 10461, 25566",Cooldown + aura,"HEAL_AOE, TOTEM, TOTEM_WATER, UTILITY",https://www.wowhead.com/tbc/spell=6377,
Class-wide / Shared,Ability,Healing Stream Totem,10462,5394,Rank 4,50,Summons a Healing Stream Totem with 5 health at the feet of the caster for 2 min that heals group members within 20 yards for 12 every 2 seconds.,Utility,Utility,0,120,70 Mana,"5672, 6371, 6372, 10460, 10461, 25566",Cooldown + aura,"HEAL_AOE, TOTEM, TOTEM_WATER, UTILITY",https://www.wowhead.com/tbc/spell=10462,
Class-wide / Shared,Ability,Healing Stream Totem,10463,5394,Rank 5,60,Summons a Healing Stream Totem with 5 health at the feet of the caster for 2 min that heals group members within 20 yards for 14 every 2 seconds.,Utility,Utility,0,120,80 Mana,"5672, 6371, 6372, 10460, 10461, 25566",Cooldown + aura,"HEAL_AOE, TOTEM, TOTEM_WATER, UTILITY",https://www.wowhead.com/tbc/spell=10463,
Class-wide / Shared,Ability,Healing Stream Totem,25567,5394,Rank 6,69,Summons a Healing Stream Totem with 5 health at the feet of the caster for 2 min that heals group members within 20 yards for 18 every 2 seconds.,Utility,Utility,0,120,95 Mana,"5672, 6371, 6372, 10460, 10461, 25566",Cooldown + aura,"HEAL_AOE, TOTEM, TOTEM_WATER, UTILITY",https://www.wowhead.com/tbc/spell=25567,
Class-wide / Shared,Ability,Heroism,32182,32182,,70,"Increases melee, ranged, and spell haste by 30% for all party and raid members. Lasts 40 sec.
Allies receiving this effect will become Exhausted and be unable to benefit from Heroism again for 10 min.",Offensive,Main,600,40,750 Mana,,Cooldown + aura,"DPS, HAS_BUFF, IMPORTANT_EXTERNAL, MAJOR, RAID_DEFENSIVE",https://www.wowhead.com/tbc/spell=32182,
Class-wide / Shared,Ability,Magma Totem,8190,8190,Rank 1,26,Summons a Magma Totem with 5 health at the feet of the caster for 20 sec that causes 22 Fire damage to creatures within 8 yards every 2 seconds.,Offensive,Main,0,20,230 Mana,,Cooldown,"AOE, DPS, TOTEM, TOTEM_FIRE",https://www.wowhead.com/tbc/spell=8190,
Class-wide / Shared,Ability,Magma Totem,10585,8190,Rank 2,36,Summons a Magma Totem with 5 health at the feet of the caster for 20 sec that causes 37 Fire damage to creatures within 8 yards every 2 seconds.,Offensive,Main,0,20,360 Mana,,Cooldown,"AOE, DPS, TOTEM, TOTEM_FIRE",https://www.wowhead.com/tbc/spell=10585,
Class-wide / Shared,Ability,Magma Totem,10586,8190,Rank 3,46,Summons a Magma Totem with 5 health at the feet of the caster for 20 sec that causes 54 Fire damage to creatures within 8 yards every 2 seconds.,Offensive,Main,0,20,500 Mana,,Cooldown,"AOE, DPS, TOTEM, TOTEM_FIRE",https://www.wowhead.com/tbc/spell=10586,
Class-wide / Shared,Ability,Magma Totem,10587,8190,Rank 4,56,Summons a Magma Totem with 5 health at the feet of the caster for 20 sec that causes 75 Fire damage to creatures within 8 yards every 2 seconds.,Offensive,Main,0,20,650 Mana,,Cooldown,"AOE, DPS, TOTEM, TOTEM_FIRE",https://www.wowhead.com/tbc/spell=10587,
Class-wide / Shared,Ability,Magma Totem,25552,8190,Rank 5,65,Summons a Magma Totem with 5 health at the feet of the caster for 20 sec that causes 97 Fire damage to creatures within 8 yards every 2 seconds.,Offensive,Main,0,20,800 Mana,,Cooldown,"AOE, DPS, TOTEM, TOTEM_FIRE",https://www.wowhead.com/tbc/spell=25552,
Class-wide / Shared,Ability,Mana Spring Totem,5675,5675,Rank 1,26,Summons a Mana Spring Totem with 5 health at the feet of the caster for 2 min that restores 6 mana every 2 seconds to group members within 20 yards.,Utility,Utility,0,120,40 Mana,"5677, 10491, 10493, 10494, 25569",Cooldown + aura,"RESOURCE, TOTEM, TOTEM_WATER, UTILITY",https://www.wowhead.com/tbc/spell=5675,
Class-wide / Shared,Ability,Mana Spring Totem,10495,5675,Rank 2,36,Summons a Mana Spring Totem with 5 health at the feet of the caster for 2 min that restores 9 mana every 2 seconds to group members within 20 yards.,Utility,Utility,0,120,60 Mana,"5677, 10491, 10493, 10494, 25569",Cooldown + aura,"RESOURCE, TOTEM, TOTEM_WATER, UTILITY",https://www.wowhead.com/tbc/spell=10495,
Class-wide / Shared,Ability,Mana Spring Totem,10496,5675,Rank 3,46,Summons a Mana Spring Totem with 5 health at the feet of the caster for 2 min that restores 13 mana every 2 seconds to group members within 20 yards.,Utility,Utility,0,120,80 Mana,"5677, 10491, 10493, 10494, 25569",Cooldown + aura,"RESOURCE, TOTEM, TOTEM_WATER, UTILITY",https://www.wowhead.com/tbc/spell=10496,
Class-wide / Shared,Ability,Mana Spring Totem,10497,5675,Rank 4,56,Summons a Mana Spring Totem with 5 health at the feet of the caster for 2 min that restores 17 mana every 2 seconds to group members within 20 yards.,Utility,Utility,0,120,100 Mana,"5677, 10491, 10493, 10494, 25569",Cooldown + aura,"RESOURCE, TOTEM, TOTEM_WATER, UTILITY",https://www.wowhead.com/tbc/spell=10497,
Class-wide / Shared,Ability,Mana Spring Totem,25570,5675,Rank 5,65,Summons a Mana Spring Totem with 5 health at the feet of the caster for 2 min that restores 20 mana every 2 seconds to group members within 20 yards.,Utility,Utility,0,120,120 Mana,"5677, 10491, 10493, 10494, 25569",Cooldown + aura,"RESOURCE, TOTEM, TOTEM_WATER, UTILITY",https://www.wowhead.com/tbc/spell=25570,
Class-wide / Shared,Ability,Nature Resistance Totem,10595,10595,Rank 1,30,Summons a Nature Resistance Totem with 5 health at the feet of the caster for 2 min that increases the nature resistance of party members within 20 yards by 30.,Ability,Data only,0,120,75 Mana,"10596, 10598, 10599, 25573",Cooldown + aura,"BUFF, RAID_DEFENSIVE, TOTEM, TOTEM_AIR",https://www.wowhead.com/tbc/spell=10595,
Class-wide / Shared,Ability,Nature Resistance Totem,10600,10595,Rank 2,44,Summons a Nature Resistance Totem with 5 health at the feet of the caster for 2 min that increases the nature resistance of party members within 20 yards by 45.,Ability,Data only,0,120,120 Mana,"10596, 10598, 10599, 25573",Cooldown + aura,"BUFF, RAID_DEFENSIVE, TOTEM, TOTEM_AIR",https://www.wowhead.com/tbc/spell=10600,
Class-wide / Shared,Ability,Nature Resistance Totem,10601,10595,Rank 3,60,Summons a Nature Resistance Totem with 5 health at the feet of the caster for 2 min that increases the nature resistance of party members within 20 yards by 60.,Ability,Data only,0,120,180 Mana,"10596, 10598, 10599, 25573",Cooldown + aura,"BUFF, RAID_DEFENSIVE, TOTEM, TOTEM_AIR",https://www.wowhead.com/tbc/spell=10601,
Class-wide / Shared,Ability,Nature Resistance Totem,25574,10595,Rank 4,69,Summons a Nature Resistance Totem with 5 health at the feet of the caster for 2 min that increases the nature resistance of party members within 20 yards by 70.,Ability,Data only,0,120,245 Mana,"10596, 10598, 10599, 25573",Cooldown + aura,"BUFF, RAID_DEFENSIVE, TOTEM, TOTEM_AIR",https://www.wowhead.com/tbc/spell=25574,
Class-wide / Shared,Ability,Poison Cleansing Totem,8166,8166,,22,Summons a Poison Cleansing Totem with 5 health at the feet of the caster that attempts to remove 1 poison effect from party members within 20 yards every 5 seconds. Lasts 2 min.,Utility,Utility,0,120,8% of base mana,,Cooldown,"DISPEL_POISON, FILLER, TOTEM, TOTEM_WATER, UTILITY",https://www.wowhead.com/tbc/spell=8166,
Class-wide / Shared,Ability,Purge,370,370,Rank 1,12,"Purges the enemy target, removing 1 beneficial magic effect.",Utility,Utility,0,,8% of base mana,,Cooldown,"DISPEL_MAGIC, FILLER, PURGE",https://www.wowhead.com/tbc/spell=370,
Class-wide / Shared,Ability,Purge,8012,370,Rank 2,32,"Purges the enemy target, removing 2 beneficial magic effects.",Utility,Utility,0,,8% of base mana,,Cooldown,"DISPEL_MAGIC, FILLER, PURGE",https://www.wowhead.com/tbc/spell=8012,
Class-wide / Shared,Ability,Purge,27626,370,Rank 3,32,"Purges the enemy target, removing 2 beneficial magic effects.",Utility,Utility,0,,5% of base mana,,Cooldown,"DISPEL_MAGIC, FILLER, PURGE",https://www.wowhead.com/tbc/spell=27626,
Class-wide / Shared,Ability,Reincarnation,20608,20608,,30,Allows you to resurrect yourself upon death with 20% health and mana.,Utility,Utility,3600,,,,Cooldown,"RESURRECT, UTILITY",https://www.wowhead.com/tbc/spell=20608,
Class-wide / Shared,Ability,Rockbiter Weapon,8017,8017,Rank 1,1,"Imbue the Shaman's weapon, increasing its damage per second by 2. Lasts 30 minutes.",Utility,Utility,0,1800,15 Mana,,Cooldown,"BUFF, LONG_BUFF, UTILITY",https://www.wowhead.com/tbc/spell=8017,
Class-wide / Shared,Ability,Rockbiter Weapon,8018,8017,Rank 2,8,"Imbue the Shaman's weapon, increasing its damage per second by 4. Lasts 30 minutes.",Utility,Utility,0,1800,25 Mana,,Cooldown,"BUFF, LONG_BUFF, UTILITY",https://www.wowhead.com/tbc/spell=8018,
Class-wide / Shared,Ability,Rockbiter Weapon,8019,8017,Rank 3,16,"Imbue the Shaman's weapon, increasing its damage per second by 6. Lasts 30 minutes.",Utility,Utility,0,1800,50 Mana,,Cooldown,"BUFF, LONG_BUFF, UTILITY",https://www.wowhead.com/tbc/spell=8019,
Class-wide / Shared,Ability,Rockbiter Weapon,10399,8017,Rank 4,24,"Imbue the Shaman's weapon, increasing its damage per second by 9. Lasts 30 minutes.",Utility,Utility,0,1800,75 Mana,,Cooldown,"BUFF, LONG_BUFF, UTILITY",https://www.wowhead.com/tbc/spell=10399,
Class-wide / Shared,Ability,Rockbiter Weapon,16314,8017,Rank 5,34,"Imbue the Shaman's weapon, increasing its damage per second by 15. Lasts 30 minutes.",Utility,Utility,0,1800,100 Mana,,Cooldown,"BUFF, LONG_BUFF, UTILITY",https://www.wowhead.com/tbc/spell=16314,
Class-wide / Shared,Ability,Rockbiter Weapon,16315,8017,Rank 6,44,"Imbue the Shaman's weapon, increasing its damage per second by 28. Lasts 30 minutes.",Utility,Utility,0,1800,125 Mana,,Cooldown,"BUFF, LONG_BUFF, UTILITY",https://www.wowhead.com/tbc/spell=16315,
Class-wide / Shared,Ability,Rockbiter Weapon,16316,8017,Rank 7,54,"Imbue the Shaman's weapon, increasing its damage per second by 40. Lasts 30 minutes.",Utility,Utility,0,1800,150 Mana,,Cooldown,"BUFF, LONG_BUFF, UTILITY",https://www.wowhead.com/tbc/spell=16316,
Class-wide / Shared,Ability,Rockbiter Weapon,25479,8017,Rank 8,62,"Imbue the Shaman's weapon, increasing its damage per second by 49. Lasts 30 minutes.",Utility,Utility,0,1800,170 Mana,,Cooldown,"BUFF, LONG_BUFF, UTILITY",https://www.wowhead.com/tbc/spell=25479,
Class-wide / Shared,Ability,Searing Totem,3599,3599,Rank 1,10,Summons a Searing Totem with 5 health at your feet for 30 sec that repeatedly attacks an enemy within 20 yards for 9 to 11 Fire damage.,Utility,Utility,0,60,25 Mana,,Cooldown,"TOTEM, TOTEM_FIRE, UTILITY",https://www.wowhead.com/tbc/spell=3599,
Class-wide / Shared,Ability,Searing Totem,6363,3599,Rank 2,20,Summons a Searing Totem with 5 health at your feet for 35 sec that repeatedly attacks an enemy within 20 yards for 13 to 17 Fire damage.,Utility,Utility,0,60,45 Mana,,Cooldown,"TOTEM, TOTEM_FIRE, UTILITY",https://www.wowhead.com/tbc/spell=6363,
Class-wide / Shared,Ability,Searing Totem,6364,3599,Rank 3,30,Summons a Searing Totem with 5 health at your feet for 40 sec that repeatedly attacks an enemy within 20 yards for 19 to 25 Fire damage.,Utility,Utility,0,60,75 Mana,,Cooldown,"TOTEM, TOTEM_FIRE, UTILITY",https://www.wowhead.com/tbc/spell=6364,
Class-wide / Shared,Ability,Searing Totem,6365,3599,Rank 4,40,Summons a Searing Totem with 5 health at your feet for 45 sec that repeatedly attacks an enemy within 20 yards for 26 to 34 Fire damage.,Utility,Utility,0,60,110 Mana,,Cooldown,"TOTEM, TOTEM_FIRE, UTILITY",https://www.wowhead.com/tbc/spell=6365,
Class-wide / Shared,Ability,Searing Totem,10437,3599,Rank 5,50,Summons a Searing Totem with 5 health at your feet for 50 sec that repeatedly attacks an enemy within 20 yards for 33 to 45 Fire damage.,Utility,Utility,0,60,145 Mana,,Cooldown,"TOTEM, TOTEM_FIRE, UTILITY",https://www.wowhead.com/tbc/spell=10437,
Class-wide / Shared,Ability,Searing Totem,10438,3599,Rank 6,60,Summons a Searing Totem with 5 health at your feet for 55 sec that repeatedly attacks an enemy within 20 yards for 40 to 54 Fire damage.,Utility,Utility,0,60,170 Mana,,Cooldown,"TOTEM, TOTEM_FIRE, UTILITY",https://www.wowhead.com/tbc/spell=10438,
Class-wide / Shared,Ability,Searing Totem,25533,3599,Rank 7,69,Summons a Searing Totem with 5 health at your feet for 1 min that repeatedly attacks an enemy within 20 yards for 50 to 66 Fire damage.,Utility,Utility,0,60,205 Mana,,Cooldown,"TOTEM, TOTEM_FIRE, UTILITY",https://www.wowhead.com/tbc/spell=25533,
Class-wide / Shared,Ability,Sentry Totem,6495,6495,,34,Summons an immobile Sentry Totem with 100 health at your feet for 5 min that allows vision of nearby area and warns of enemies that attack it. Right-Click on buff to switch back and forth between totem sight and shaman sight.,Utility,Utility,0,300,65 Mana,,Cooldown,"TOTEM, TOTEM_AIR, UTILITY",https://www.wowhead.com/tbc/spell=6495,
Class-wide / Shared,Ability,Shamanistic Rage,425336,425336,,,Reduces all damage taken by 20% and regenerates mana equal to 5% of your maximum mana every 1 sec for 15 sec. Party and raid members within 40 yards gain 18% of the mana you receive this way.,Defensive,Utility,60,15,,,Cooldown + aura,"DEFENSIVE, HAS_BUFF, MAJOR, RESOURCE",https://www.wowhead.com/tbc/spell=425336,
Class-wide / Shared,Ability,Stoneclaw Totem,5730,5730,Rank 1,8,Summons a Stoneclaw Totem with 50 health at the feet of the caster for 15 sec that taunts creatures within 8 yards to attack it. Enemies attacking the Stoneclaw Totem have a 50% chance to be stunned for 3 sec.,Utility,Utility,30,15,15 Mana,,Cooldown,"TAUNT, TOTEM, TOTEM_EARTH, UTILITY",https://www.wowhead.com/tbc/spell=5730,
Class-wide / Shared,Ability,Stoneclaw Totem,6390,5730,Rank 2,18,Summons a Stoneclaw Totem with 150 health at the feet of the caster for 15 sec that taunts creatures within 8 yards to attack it. Enemies attacking the Stoneclaw Totem have a 50% chance to be stunned for 3 sec.,Utility,Utility,30,15,30 Mana,,Cooldown,"TAUNT, TOTEM, TOTEM_EARTH, UTILITY",https://www.wowhead.com/tbc/spell=6390,
Class-wide / Shared,Ability,Stoneclaw Totem,6391,5730,Rank 3,28,Summons a Stoneclaw Totem with 220 health at the feet of the caster for 15 sec that taunts creatures within 8 yards to attack it. Enemies attacking the Stoneclaw Totem have a 50% chance to be stunned for 3 sec.,Utility,Utility,30,15,55 Mana,,Cooldown,"TAUNT, TOTEM, TOTEM_EARTH, UTILITY",https://www.wowhead.com/tbc/spell=6391,
Class-wide / Shared,Ability,Stoneclaw Totem,6392,5730,Rank 4,38,Summons a Stoneclaw Totem with 280 health at the feet of the caster for 15 sec that taunts creatures within 8 yards to attack it. Enemies attacking the Stoneclaw Totem have a 50% chance to be stunned for 3 sec.,Utility,Utility,30,15,75 Mana,,Cooldown,"TAUNT, TOTEM, TOTEM_EARTH, UTILITY",https://www.wowhead.com/tbc/spell=6392,
Class-wide / Shared,Ability,Stoneclaw Totem,10427,5730,Rank 5,48,Summons a Stoneclaw Totem with 390 health at the feet of the caster for 15 sec that taunts creatures within 8 yards to attack it. Enemies attacking the Stoneclaw Totem have a 50% chance to be stunned for 3 sec.,Utility,Utility,30,15,105 Mana,,Cooldown,"TAUNT, TOTEM, TOTEM_EARTH, UTILITY",https://www.wowhead.com/tbc/spell=10427,
Class-wide / Shared,Ability,Stoneclaw Totem,10428,5730,Rank 6,58,Summons a Stoneclaw Totem with 480 health at the feet of the caster for 15 sec that taunts creatures within 8 yards to attack it. Enemies attacking the Stoneclaw Totem have a 50% chance to be stunned for 3 sec.,Utility,Utility,30,15,140 Mana,,Cooldown,"TAUNT, TOTEM, TOTEM_EARTH, UTILITY",https://www.wowhead.com/tbc/spell=10428,
Class-wide / Shared,Ability,Stoneclaw Totem,25525,5730,Rank 7,67,"Summons a Stoneclaw Totem with 
1324 health at the feet of the caster for 15 sec that taunts creatures within 8 yards to attack it. Enemies attacking the Stoneclaw Totem have a 50% chance to be stunned for 3 sec.",Utility,Utility,30,15,170 Mana,,Cooldown,"TAUNT, TOTEM, TOTEM_EARTH, UTILITY",https://www.wowhead.com/tbc/spell=25525,
Class-wide / Shared,Ability,Stoneskin Totem,8071,8071,Rank 1,4,"Summons a Stoneskin Totem with 5 health at the feet of the caster. The totem protects party members within 20 yards, reducing melee damage taken by 4. Lasts 2 min.",Ability,Data only,0,120,30 Mana,"8072, 8156, 8157, 10403, 10404, 10405, 25506, 25507",Cooldown + aura,"BUFF, RAID_DEFENSIVE, TOTEM, TOTEM_EARTH",https://www.wowhead.com/tbc/spell=8071,
Class-wide / Shared,Ability,Stoneskin Totem,8154,8071,Rank 2,14,"Summons a Stoneskin Totem with 5 health at the feet of the caster. The totem protects party members within 20 yards, reducing melee damage taken by 7. Lasts 2 min.",Ability,Data only,0,120,60 Mana,"8072, 8156, 8157, 10403, 10404, 10405, 25506, 25507",Cooldown + aura,"BUFF, RAID_DEFENSIVE, TOTEM, TOTEM_EARTH",https://www.wowhead.com/tbc/spell=8154,
Class-wide / Shared,Ability,Stoneskin Totem,8155,8071,Rank 3,24,"Summons a Stoneskin Totem with 5 health at the feet of the caster. The totem protects party members within 20 yards, reducing melee damage taken by 11. Lasts 2 min.",Ability,Data only,0,120,90 Mana,"8072, 8156, 8157, 10403, 10404, 10405, 25506, 25507",Cooldown + aura,"BUFF, RAID_DEFENSIVE, TOTEM, TOTEM_EARTH",https://www.wowhead.com/tbc/spell=8155,
Class-wide / Shared,Ability,Stoneskin Totem,10406,8071,Rank 4,34,"Summons a Stoneskin Totem with 5 health at the feet of the caster. The totem protects party members within 20 yards, reducing melee damage taken by 16. Lasts 2 min.",Ability,Data only,0,120,115 Mana,"8072, 8156, 8157, 10403, 10404, 10405, 25506, 25507",Cooldown + aura,"BUFF, RAID_DEFENSIVE, TOTEM, TOTEM_EARTH",https://www.wowhead.com/tbc/spell=10406,
Class-wide / Shared,Ability,Stoneskin Totem,10407,8071,Rank 5,44,"Summons a Stoneskin Totem with 5 health at the feet of the caster. The totem protects party members within 20 yards, reducing melee damage taken by 22. Lasts 2 min.",Ability,Data only,0,120,160 Mana,"8072, 8156, 8157, 10403, 10404, 10405, 25506, 25507",Cooldown + aura,"BUFF, RAID_DEFENSIVE, TOTEM, TOTEM_EARTH",https://www.wowhead.com/tbc/spell=10407,
Class-wide / Shared,Ability,Stoneskin Totem,10408,8071,Rank 6,54,"Summons a Stoneskin Totem with 5 health at the feet of the caster. The totem protects party members within 20 yards, reducing melee damage taken by 30. Lasts 2 min.",Ability,Data only,0,120,210 Mana,"8072, 8156, 8157, 10403, 10404, 10405, 25506, 25507",Cooldown + aura,"BUFF, RAID_DEFENSIVE, TOTEM, TOTEM_EARTH",https://www.wowhead.com/tbc/spell=10408,
Class-wide / Shared,Ability,Stoneskin Totem,25508,8071,Rank 7,63,"Summons a Stoneskin Totem with 5 health at the feet of the caster. The totem protects party members within 20 yards, reducing melee damage taken by 36. Lasts 2 min.",Ability,Data only,0,120,250 Mana,"8072, 8156, 8157, 10403, 10404, 10405, 25506, 25507",Cooldown + aura,"BUFF, RAID_DEFENSIVE, TOTEM, TOTEM_EARTH",https://www.wowhead.com/tbc/spell=25508,
Class-wide / Shared,Ability,Stoneskin Totem,25509,8071,Rank 8,70,"Summons a Stoneskin Totem with 5 health at the feet of the caster. The totem protects party members within 20 yards, reducing melee damage taken by 43. Lasts 2 min.",Ability,Data only,0,120,295 Mana,"8072, 8156, 8157, 10403, 10404, 10405, 25506, 25507",Cooldown + aura,"BUFF, RAID_DEFENSIVE, TOTEM, TOTEM_EARTH",https://www.wowhead.com/tbc/spell=25509,
Class-wide / Shared,Ability,Strength of Earth Totem,8075,8075,Rank 1,10,Summons a Strength of Earth Totem with 5 health at the feet of the caster. The totem increases the strength of party members within 20 yards by 10. Lasts 2 min.,Utility,Utility,0,120,25 Mana,"8076, 8162, 8163, 10441, 25362, 25527",Cooldown + aura,"BUFF, TOTEM, TOTEM_EARTH, UTILITY",https://www.wowhead.com/tbc/spell=8075,
Class-wide / Shared,Ability,Strength of Earth Totem,8160,8075,Rank 2,24,Summons a Strength of Earth Totem with 5 health at the feet of the caster. The totem increases the strength of party members within 20 yards by 20. Lasts 2 min.,Utility,Utility,0,120,65 Mana,"8076, 8162, 8163, 10441, 25362, 25527",Cooldown + aura,"BUFF, TOTEM, TOTEM_EARTH, UTILITY",https://www.wowhead.com/tbc/spell=8160,
Class-wide / Shared,Ability,Strength of Earth Totem,8161,8075,Rank 3,38,Summons a Strength of Earth Totem with 5 health at the feet of the caster. The totem increases the strength of party members within 20 yards by 36. Lasts 2 min.,Utility,Utility,0,120,125 Mana,"8076, 8162, 8163, 10441, 25362, 25527",Cooldown + aura,"BUFF, TOTEM, TOTEM_EARTH, UTILITY",https://www.wowhead.com/tbc/spell=8161,
Class-wide / Shared,Ability,Strength of Earth Totem,10442,8075,Rank 4,52,Summons a Strength of Earth Totem with 5 health at the feet of the caster. The totem increases the strength of party members within 20 yards by 61. Lasts 2 min.,Utility,Utility,0,120,225 Mana,"8076, 8162, 8163, 10441, 25362, 25527",Cooldown + aura,"BUFF, TOTEM, TOTEM_EARTH, UTILITY",https://www.wowhead.com/tbc/spell=10442,
Class-wide / Shared,Ability,Strength of Earth Totem,25361,8075,Rank 5,60,Summons a Strength of Earth Totem with 5 health at the feet of the caster. The totem increases the strength of party members within 20 yards by 77. Lasts 2 min.,Utility,Utility,0,120,275 Mana,"8076, 8162, 8163, 10441, 25362, 25527",Cooldown + aura,"BUFF, TOTEM, TOTEM_EARTH, UTILITY",https://www.wowhead.com/tbc/spell=25361,
Class-wide / Shared,Ability,Strength of Earth Totem,25528,8075,Rank 6,65,Summons a Strength of Earth Totem with 5 health at the feet of the caster. The totem increases the strength of party members within 20 yards by 86. Lasts 2 min.,Utility,Utility,0,120,300 Mana,"8076, 8162, 8163, 10441, 25362, 25527",Cooldown + aura,"BUFF, TOTEM, TOTEM_EARTH, UTILITY",https://www.wowhead.com/tbc/spell=25528,
Class-wide / Shared,Ability,Totemic Call,36936,36936,,30,"Returns your totems to the earth, giving you 25% of the mana required to cast each totem destroyed by Totemic Call.",Utility,Utility,0,,,,Cooldown,UTILITY,https://www.wowhead.com/tbc/spell=36936,
Class-wide / Shared,Ability,Totemic Projection,437009,437009,,,Relocates your active totems to the specified location.,Utility,Utility,10,,,,Cooldown,"MINOR, UTILITY",https://www.wowhead.com/tbc/spell=437009,
Class-wide / Shared,Ability,Tranquil Air Totem,25908,25908,,50,Summons a Tranquil Air Totem with 5 health at the feet of the caster. The totem reduces the threat caused by all party members within 20 yards by 20%. Lasts 2 min.,Utility,Utility,0,120,6% of base mana,25909,Cooldown + aura,"BUFF, TOTEM, TOTEM_AIR, UTILITY",https://www.wowhead.com/tbc/spell=25908,
Class-wide / Shared,Ability,Tremor Totem,8143,8143,,18,"Summons a Tremor Totem with 5 health at the feet of the caster that shakes the ground around it, removing Fear, Charm and Sleep effects from party members within 30 yards. Lasts 2 min.",Defensive,Utility,0,120,60 Mana,,Cooldown,"CC_BREAK, TOTEM, TOTEM_EARTH, UTILITY",https://www.wowhead.com/tbc/spell=8143,
Class-wide / Shared,Ability,Water Breathing,131,131,,22,Allows the target to breathe underwater for 10 min.,Utility,Utility,0,600,50 Mana,,Cooldown,"LONG_BUFF, OUT_OF_COMBAT, SITUATIONAL, UTILITY",https://www.wowhead.com/tbc/spell=131,
Class-wide / Shared,Ability,Water Shield,408510,408510,,,The caster is surrounded by 3 globes of water that restore mana when the caster is struck and passively. Lasts 10 min. Only one Elemental Shield can be active on the Shaman at a time.,Resource,Main,0,600,,,Cooldown + aura,"BUFF, HAS_BUFF, LONG_BUFF, MAINTENANCE, PVE_PVP, RESOURCE",https://www.wowhead.com/tbc/spell=408510,
Class-wide / Shared,Ability,Water Walking,546,546,,28,Allows the friendly target to walk across water for 10 min. Any damage will cancel the effect.,Mobility,Utility,0,600,95 Mana,,Cooldown,"LONG_BUFF, MOVEMENT, OUT_OF_COMBAT, SITUATIONAL, UTILITY",https://www.wowhead.com/tbc/spell=546,
Class-wide / Shared,Ability,Windfury Totem,8512,8512,Rank 1,32,"Summons a Windfury Totem with 5 health at the feet of the caster. The totem enchants all party members main-hand weapons with wind, if they are within 20 yards. Each hit has a 20% chance of granting the attacker 1 extra attack with 122 extra melee attack power. Lasts 2 min.",Offensive,Main,0,120,95 Mana,,Cooldown,"BUFF, DPS, RAID_DEFENSIVE, TOTEM, TOTEM_AIR",https://www.wowhead.com/tbc/spell=8512,
Class-wide / Shared,Ability,Windfury Totem,10613,8512,Rank 2,42,"Summons a Windfury Totem with 5 health at the feet of the caster. The totem enchants all party members main-hand weapons with wind, if they are within 20 yards. Each hit has a 20% chance of granting the attacker 1 extra attack with 229 extra melee attack power. Lasts 2 min.",Offensive,Main,0,120,140 Mana,,Cooldown,"BUFF, DPS, RAID_DEFENSIVE, TOTEM, TOTEM_AIR",https://www.wowhead.com/tbc/spell=10613,
Class-wide / Shared,Ability,Windfury Totem,10614,8512,Rank 3,52,"Summons a Windfury Totem with 5 health at the feet of the caster. The totem enchants all party members main-hand weapons with wind, if they are within 20 yards. Each hit has a 20% chance of granting the attacker 1 extra attack with 315 extra melee attack power. Lasts 2 min.",Offensive,Main,0,120,200 Mana,,Cooldown,"BUFF, DPS, RAID_DEFENSIVE, TOTEM, TOTEM_AIR",https://www.wowhead.com/tbc/spell=10614,
Class-wide / Shared,Ability,Windfury Totem,25585,8512,Rank 4,61,"Summons a Windfury Totem with 5 health at the feet of the caster. The totem enchants all party members main-hand weapons with wind, if they are within 20 yards. Each hit has a 20% chance of granting the attacker 1 extra attack with 375 extra attack power. Lasts 2 min.",Offensive,Main,0,120,275 Mana,,Cooldown,"BUFF, DPS, RAID_DEFENSIVE, TOTEM, TOTEM_AIR",https://www.wowhead.com/tbc/spell=25585,
Class-wide / Shared,Ability,Windfury Totem,25587,8512,Rank 5,70,"Summons a Windfury Totem with 5 health at the feet of the caster. The totem enchants all party members main-hand weapons with wind, if they are within 20 yards. Each hit has a 20% chance of granting the attacker 1 extra attack with 445 extra attack power. Lasts 2 min.",Offensive,Main,0,120,325 Mana,,Cooldown,"BUFF, DPS, RAID_DEFENSIVE, TOTEM, TOTEM_AIR",https://www.wowhead.com/tbc/spell=25587,
Class-wide / Shared,Ability,Windwall Totem,15107,15107,Rank 1,36,"Summons a Windwall Totem with 5 health at the feet of the caster. The totem protects party members within 20 yards, reducing ranged damage taken by 32. Lasts 2 min.",Ability,Data only,0,120,115 Mana,"15108, 15109, 15110, 25576",Cooldown + aura,"BUFF, RAID_DEFENSIVE, TOTEM, TOTEM_AIR",https://www.wowhead.com/tbc/spell=15107,
Class-wide / Shared,Ability,Windwall Totem,15111,15107,Rank 2,46,"Summons a Windwall Totem with 5 health at the feet of the caster. The totem protects party members within 20 yards, reducing ranged damage taken by 50. Lasts 2 min.",Ability,Data only,0,120,170 Mana,"15108, 15109, 15110, 25576",Cooldown + aura,"BUFF, RAID_DEFENSIVE, TOTEM, TOTEM_AIR",https://www.wowhead.com/tbc/spell=15111,
Class-wide / Shared,Ability,Windwall Totem,15112,15107,Rank 3,56,"Summons a Windwall Totem with 5 health at the feet of the caster. The totem protects party members within 20 yards, reducing ranged damage taken by 64. Lasts 2 min.",Ability,Data only,0,120,225 Mana,"15108, 15109, 15110, 25576",Cooldown + aura,"BUFF, RAID_DEFENSIVE, TOTEM, TOTEM_AIR",https://www.wowhead.com/tbc/spell=15112,
Class-wide / Shared,Ability,Windwall Totem,25577,15107,Rank 4,65,"Summons a Windwall Totem with 5 health at the feet of the caster. The totem protects party members within 20 yards, reducing ranged damage taken by 102. Lasts 2 min.",Ability,Data only,0,120,265 Mana,"15108, 15109, 15110, 25576",Cooldown + aura,"BUFF, RAID_DEFENSIVE, TOTEM, TOTEM_AIR",https://www.wowhead.com/tbc/spell=25577,
Class-wide / Shared,Ability,Wrath of Air Totem,3738,3738,,64,Summons a Wrath of Air Totem with 5 health at the feet of the caster. Party members within 20 yards of the totem have their spell damage and healing increased by up to 101. Lasts 2 min.,Offensive,Main,0,120,320 Mana,2895,Cooldown + aura,"BUFF, DPS, RAID_DEFENSIVE, TOTEM, TOTEM_AIR",https://www.wowhead.com/tbc/spell=3738,
Elemental,Ability,Chain Lightning,421,421,Rank 1,32,"Hurls a lightning bolt at the enemy, dealing 
200 to 
227 Nature damage and then jumping to additional nearby enemies. Each jump reduces the damage by 30%. Affects 3 total targets.",Offensive,Main,6,,255 Mana,,Cooldown,"AOE, DPS, PVE_PVP, ROTATIONAL",https://www.wowhead.com/tbc/spell=421,
Elemental,Ability,Chain Lightning,930,421,Rank 2,40,"Hurls a lightning bolt at the enemy, dealing 
288 to 
323 Nature damage and then jumping to additional nearby enemies. Each jump reduces the damage by 30%. Affects 3 total targets.",Offensive,Main,6,,345 Mana,,Cooldown,"AOE, DPS, PVE_PVP, ROTATIONAL",https://www.wowhead.com/tbc/spell=930,
Elemental,Ability,Chain Lightning,2860,421,Rank 3,48,"Hurls a lightning bolt at the enemy, dealing 
391 to 
438 Nature damage and then jumping to additional nearby enemies. Each jump reduces the damage by 30%. Affects 3 total targets.",Offensive,Main,6,,445 Mana,,Cooldown,"AOE, DPS, PVE_PVP, ROTATIONAL",https://www.wowhead.com/tbc/spell=2860,
Elemental,Ability,Chain Lightning,10605,421,Rank 4,56,"Hurls a lightning bolt at the enemy, dealing 
508 to 
567 Nature damage and then jumping to additional nearby enemies. Each jump reduces the damage by 30%. Affects 3 total targets.",Offensive,Main,6,,550 Mana,,Cooldown,"AOE, DPS, PVE_PVP, ROTATIONAL",https://www.wowhead.com/tbc/spell=10605,
Elemental,Ability,Chain Lightning,25439,421,Rank 5,63,"Hurls a lightning bolt at the enemy, dealing 
620 to 
705 Nature damage and then jumping to additional nearby enemies. Each jump reduces the damage by 30%. Affects 3 total targets.",Offensive,Main,6,,650 Mana,,Cooldown,"AOE, DPS, PVE_PVP, ROTATIONAL",https://www.wowhead.com/tbc/spell=25439,
Elemental,Ability,Chain Lightning,25442,421,Rank 6,70,"Hurls a lightning bolt at the enemy, dealing 
734 to 
838 Nature damage and then jumping to additional nearby enemies. Each jump reduces the damage by 30%. Affects 3 total targets.",Offensive,Main,6,,760 Mana,,Cooldown,"AOE, DPS, PVE_PVP, ROTATIONAL",https://www.wowhead.com/tbc/spell=25442,
Elemental,Ability,Lightning Bolt,403,403,Rank 1,1,"Casts a bolt of lightning at the target for 
15 to 
17 Nature damage.",Offensive,Main,0,,15 Mana,,Cooldown,"DPS, FILLER, PVE_PVP",https://www.wowhead.com/tbc/spell=403,
Elemental,Ability,Lightning Bolt,529,403,Rank 2,8,"Casts a bolt of lightning at the target for 
28 to 
33 Nature damage.",Offensive,Main,0,,25 Mana,,Cooldown,"DPS, FILLER, PVE_PVP",https://www.wowhead.com/tbc/spell=529,
Elemental,Ability,Lightning Bolt,548,403,Rank 3,14,"Casts a bolt of lightning at the target for 
48 to 
57 Nature damage.",Offensive,Main,0,,40 Mana,,Cooldown,"DPS, FILLER, PVE_PVP",https://www.wowhead.com/tbc/spell=548,
Elemental,Ability,Lightning Bolt,915,403,Rank 4,20,"Casts a bolt of lightning at the target for 
88 to 
100 Nature damage.",Offensive,Main,0,,70 Mana,,Cooldown,"DPS, FILLER, PVE_PVP",https://www.wowhead.com/tbc/spell=915,
Elemental,Ability,Lightning Bolt,943,403,Rank 5,26,"Casts a bolt of lightning at the target for 
131 to 
149 Nature damage.",Offensive,Main,0,,95 Mana,,Cooldown,"DPS, FILLER, PVE_PVP",https://www.wowhead.com/tbc/spell=943,
Elemental,Ability,Lightning Bolt,6041,403,Rank 6,32,"Casts a bolt of lightning at the target for 
179 to 
202 Nature damage.",Offensive,Main,0,,125 Mana,,Cooldown,"DPS, FILLER, PVE_PVP",https://www.wowhead.com/tbc/spell=6041,
Elemental,Ability,Lightning Bolt,10391,403,Rank 7,38,"Casts a bolt of lightning at the target for 
235 to 
264 Nature damage.",Offensive,Main,0,,150 Mana,,Cooldown,"DPS, FILLER, PVE_PVP",https://www.wowhead.com/tbc/spell=10391,
Elemental,Ability,Lightning Bolt,10392,403,Rank 8,44,"Casts a bolt of lightning at the target for 
291 to 
326 Nature damage.",Offensive,Main,0,,175 Mana,,Cooldown,"DPS, FILLER, PVE_PVP",https://www.wowhead.com/tbc/spell=10392,
Elemental,Ability,Lightning Bolt,15207,403,Rank 9,50,"Casts a bolt of lightning at the target for 
357 to 
400 Nature damage.",Offensive,Main,0,,210 Mana,,Cooldown,"DPS, FILLER, PVE_PVP",https://www.wowhead.com/tbc/spell=15207,
Elemental,Ability,Lightning Bolt,15208,403,Rank 10,56,"Casts a bolt of lightning at the target for 
431 to 
479 Nature damage.",Offensive,Main,0,,240 Mana,,Cooldown,"DPS, FILLER, PVE_PVP",https://www.wowhead.com/tbc/spell=15208,
Elemental,Ability,Lightning Bolt,25448,403,Rank 11,62,"Casts a bolt of lightning at the target for 
505 to 
576 Nature damage.",Offensive,Main,0,,275 Mana,,Cooldown,"DPS, FILLER, PVE_PVP",https://www.wowhead.com/tbc/spell=25448,
Elemental,Ability,Lightning Bolt,25449,403,Rank 12,67,"Casts a bolt of lightning at the target for 
571 to 
652 Nature damage.",Offensive,Main,0,,300 Mana,,Cooldown,"DPS, FILLER, PVE_PVP",https://www.wowhead.com/tbc/spell=25449,
Elemental,Talent,Call of Flame,16038,16038,Rank 1/3,,Increases the damage done by your Fire Totems by 5%.,Talent Passive,Data only,,,,,Data only,TALENT,https://www.wowhead.com/tbc/spell=16038,Talent: Call of Flame; tree row 2
Elemental,Talent,Call of Flame,16160,16038,Rank 2/3,,Increases the damage done by your Fire Totems by 10%.,Talent Passive,Data only,,,,,Data only,TALENT,https://www.wowhead.com/tbc/spell=16160,Talent: Call of Flame; tree row 2
Elemental,Talent,Call of Flame,16161,16038,Rank 3/3,,Increases the damage done by your Fire Totems by 15%.,Talent Passive,Data only,,,,,Data only,TALENT,https://www.wowhead.com/tbc/spell=16161,Talent: Call of Flame; tree row 2
Elemental,Talent,Call of Thunder,16041,16041,Rank 1/5,,Increases the critical strike chance of your Lightning Bolt and Chain Lightning spells by an additional 1%.,Talent Passive,Data only,,,,,Data only,TALENT,https://www.wowhead.com/tbc/spell=16041,Talent: Call of Thunder; tree row 3
Elemental,Talent,Call of Thunder,16117,16041,Rank 2/5,,Increases the critical strike chance of your Lightning Bolt and Chain Lightning spells by an additional 2%.,Talent Passive,Data only,,,,,Data only,TALENT,https://www.wowhead.com/tbc/spell=16117,Talent: Call of Thunder; tree row 3
Elemental,Talent,Call of Thunder,16118,16041,Rank 3/5,,Increases the critical strike chance of your Lightning Bolt and Chain Lightning spells by an additional 3%.,Talent Passive,Data only,,,,,Data only,TALENT,https://www.wowhead.com/tbc/spell=16118,Talent: Call of Thunder; tree row 3
Elemental,Talent,Call of Thunder,16119,16041,Rank 4/5,,Increases the critical strike chance of your Lightning Bolt and Chain Lightning spells by an additional 4%.,Talent Passive,Data only,,,,,Data only,TALENT,https://www.wowhead.com/tbc/spell=16119,Talent: Call of Thunder; tree row 3
Elemental,Talent,Call of Thunder,16120,16041,Rank 5/5,,Increases the critical strike chance of your Lightning Bolt and Chain Lightning spells by an additional 5%.,Talent Passive,Data only,,,,,Data only,TALENT,https://www.wowhead.com/tbc/spell=16120,Talent: Call of Thunder; tree row 3
Elemental,Talent,Concussion,16035,16035,Rank 1/5,,"Increases the damage done by your Lightning Bolt, Chain Lightning and Shock spells by 1%.",Talent Passive,Data only,,,,,Data only,TALENT,https://www.wowhead.com/tbc/spell=16035,Talent: Concussion; tree row 1
Elemental,Talent,Concussion,16105,16035,Rank 2/5,,"Increases the damage done by your Lightning Bolt, Chain Lightning and Shock spells by 2%.",Talent Passive,Data only,,,,,Data only,TALENT,https://www.wowhead.com/tbc/spell=16105,Talent: Concussion; tree row 1
Elemental,Talent,Concussion,16106,16035,Rank 3/5,,"Increases the damage done by your Lightning Bolt, Chain Lightning and Shock spells by 3%.",Talent Passive,Data only,,,,,Data only,TALENT,https://www.wowhead.com/tbc/spell=16106,Talent: Concussion; tree row 1
Elemental,Talent,Concussion,16107,16035,Rank 4/5,,"Increases the damage done by your Lightning Bolt, Chain Lightning and Shock spells by 4%.",Talent Passive,Data only,,,,,Data only,TALENT,https://www.wowhead.com/tbc/spell=16107,Talent: Concussion; tree row 1
Elemental,Talent,Concussion,16108,16035,Rank 5/5,,"Increases the damage done by your Lightning Bolt, Chain Lightning and Shock spells by 5%.",Talent Passive,Data only,,,,,Data only,TALENT,https://www.wowhead.com/tbc/spell=16108,Talent: Concussion; tree row 1
Elemental,Talent,Convection,16039,16039,Rank 1/5,,"Reduces the mana cost of your Shock, Lightning Bolt and Chain Lightning spells by 2%.",Talent Passive,Data only,,,,,Data only,TALENT,https://www.wowhead.com/tbc/spell=16039,Talent: Convection; tree row 1
Elemental,Talent,Convection,16109,16039,Rank 2/5,,"Reduces the mana cost of your Shock, Lightning Bolt and Chain Lightning spells by 4%.",Talent Passive,Data only,,,,,Data only,TALENT,https://www.wowhead.com/tbc/spell=16109,Talent: Convection; tree row 1
Elemental,Talent,Convection,16110,16039,Rank 3/5,,"Reduces the mana cost of your Shock, Lightning Bolt and Chain Lightning spells by 6%.",Talent Passive,Data only,,,,,Data only,TALENT,https://www.wowhead.com/tbc/spell=16110,Talent: Convection; tree row 1
Elemental,Talent,Convection,16111,16039,Rank 4/5,,"Reduces the mana cost of your Shock, Lightning Bolt and Chain Lightning spells by 8%.",Talent Passive,Data only,,,,,Data only,TALENT,https://www.wowhead.com/tbc/spell=16111,Talent: Convection; tree row 1
Elemental,Talent,Convection,16112,16039,Rank 5/5,,"Reduces the mana cost of your Shock, Lightning Bolt and Chain Lightning spells by 10%.",Talent Passive,Data only,,,,,Data only,TALENT,https://www.wowhead.com/tbc/spell=16112,Talent: Convection; tree row 1
Elemental,Talent,Earth's Grasp,16043,16043,Rank 1/2,,Increases the health of your Stoneclaw Totem by 25% and the radius of your Earthbind Totem by 10%.,Talent Passive,Data only,,,,,Data only,TALENT,https://www.wowhead.com/tbc/spell=16043,Talent: Earth's Grasp; tree row 2
Elemental,Talent,Earth's Grasp,16130,16043,Rank 2/2,,Increases the health of your Stoneclaw Totem by 50% and the radius of your Earthbind Totem by 20%.,Talent Passive,Data only,,,,,Data only,TALENT,https://www.wowhead.com/tbc/spell=16130,Talent: Earth's Grasp; tree row 2
Elemental,Talent,Elemental Devastation,29179,30160,Rank 2/3,,Your offensive spell crits will increase your chance to get a critical strike with melee attacks by 6% for 10 sec.,Talent Passive,Data only,,10,,,Data only,TALENT,https://www.wowhead.com/tbc/spell=29179,Talent: Elemental Devastation; tree row 4
Elemental,Talent,Elemental Devastation,29180,30160,Rank 3/3,,Your offensive spell crits will increase your chance to get a critical strike with melee attacks by 9% for 10 sec.,Talent Passive,Data only,,10,,,Data only,TALENT,https://www.wowhead.com/tbc/spell=29180,Talent: Elemental Devastation; tree row 4
Elemental,Talent,Elemental Devastation,30160,30160,Rank 1/3,,Your offensive spell crits will increase your chance to get a critical strike with melee attacks by 3% for 10 sec.,Talent Passive,Data only,,10,,,Data only,TALENT,https://www.wowhead.com/tbc/spell=30160,Talent: Elemental Devastation; tree row 4
Elemental,Talent,Elemental Focus,16164,16164,Rank 1/1,,"After landing a critical strike with a Fire, Frost, or Nature damage spell, you enter a Clearcasting state. The Clearcasting state reduces the mana cost of your next 2 damage spells by 40%.",Talent Passive,Data only,,,,,Data only,TALENT,https://www.wowhead.com/tbc/spell=16164,Talent: Elemental Focus; tree row 3
Elemental,Talent,Elemental Fury,16089,16089,Rank 1/1,,"Increases the critical strike damage bonus of your Searing, Magma, and Fire Nova Totems and your Fire, Frost, and Nature spells by 100%.",Talent Passive,Data only,,,,,Data only,TALENT,https://www.wowhead.com/tbc/spell=16089,Talent: Elemental Fury; tree row 5
Elemental,Talent Ability,Elemental Mastery,16166,16166,Rank 1/1,,"When activated, this spell gives your next Fire, Frost, or Nature damage spell a 100% critical strike chance and reduces the mana cost by 100%.",Offensive,Main,180,,,,Cooldown + aura,"DPS, HAS_BUFF, MAJOR, PVE_PVP",https://www.wowhead.com/tbc/spell=16166,Talent-required | Talent: Elemental Mastery
Elemental,Talent,Elemental Precision,30672,30672,Rank 1/3,,"Increases your chance to hit with Fire, Frost and Nature spells by 2% and reduces the threat caused by Fire, Frost and Nature spells by 4%.",Talent Passive,Data only,,,,,Data only,TALENT,https://www.wowhead.com/tbc/spell=30672,Talent: Elemental Precision; tree row 6
Elemental,Talent,Elemental Precision,30673,30672,Rank 2/3,,"Increases your chance to hit with Fire, Frost and Nature spells by 4% and reduces the threat caused by Fire, Frost and Nature spells by 7%.",Talent Passive,Data only,,,,,Data only,TALENT,https://www.wowhead.com/tbc/spell=30673,Talent: Elemental Precision; tree row 6
Elemental,Talent,Elemental Precision,30674,30672,Rank 3/3,,"Increases your chance to hit with Fire, Frost and Nature spells by 6% and reduces the threat caused by Fire, Frost and Nature spells by 10%.",Talent Passive,Data only,,,,,Data only,TALENT,https://www.wowhead.com/tbc/spell=30674,Talent: Elemental Precision; tree row 6
Elemental,Talent,Elemental Shields,30669,30669,Rank 1/3,,Reduces the chance you will be critically hit by melee and ranged attacks by 2%.,Talent Passive,Data only,,,,,Data only,TALENT,https://www.wowhead.com/tbc/spell=30669,Talent: Elemental Shields; tree row 7
Elemental,Talent,Elemental Shields,30670,30669,Rank 2/3,,Reduces the chance you will be critically hit by melee and ranged attacks by 4%.,Talent Passive,Data only,,,,,Data only,TALENT,https://www.wowhead.com/tbc/spell=30670,Talent: Elemental Shields; tree row 7
Elemental,Talent,Elemental Shields,30671,30669,Rank 3/3,,Reduces the chance you will be critically hit by melee and ranged attacks by 6%.,Talent Passive,Data only,,,,,Data only,TALENT,https://www.wowhead.com/tbc/spell=30671,Talent: Elemental Shields; tree row 7
Elemental,Talent,Elemental Warding,28996,28996,Rank 1/3,,"Reduces damage taken from Fire, Frost and Nature effects by 4%.",Talent Passive,Data only,,,,,Data only,TALENT,https://www.wowhead.com/tbc/spell=28996,Talent: Elemental Warding; tree row 2
Elemental,Talent,Elemental Warding,28997,28996,Rank 2/3,,"Reduces damage taken from Fire, Frost and Nature effects by 7%.",Talent Passive,Data only,,,,,Data only,TALENT,https://www.wowhead.com/tbc/spell=28997,Talent: Elemental Warding; tree row 2
Elemental,Talent,Elemental Warding,28998,28996,Rank 3/3,,"Reduces damage taken from Fire, Frost and Nature effects by 10%.",Talent Passive,Data only,,,,,Data only,TALENT,https://www.wowhead.com/tbc/spell=28998,Talent: Elemental Warding; tree row 2
Elemental,Talent,Eye of the Storm,29062,29062,Rank 1/3,,Gives you a 33% chance to gain the Focused Casting effect that lasts for 6 sec after being the victim of a melee or ranged critical strike. The Focused Casting effect prevents you from losing casting time on Shaman spells when taking damage.,Talent Passive,Data only,,6,,,Data only,TALENT,https://www.wowhead.com/tbc/spell=29062,Talent: Eye of the Storm; tree row 4
Elemental,Talent,Eye of the Storm,29064,29062,Rank 2/3,,Gives you a 66% chance to gain the Focused Casting effect that lasts for 6 sec after being the victim of a melee or ranged critical strike. The Focused Casting effect prevents you from losing casting time on Shaman spells when taking damage.,Talent Passive,Data only,,6,,,Data only,TALENT,https://www.wowhead.com/tbc/spell=29064,Talent: Eye of the Storm; tree row 4
Elemental,Talent,Eye of the Storm,29065,29062,Rank 3/3,,Gives you a 100% chance to gain the Focused Casting effect that lasts for 6 sec after being the victim of a melee or ranged critical strike. The Focused Casting effect prevents you from losing casting time on Shaman spells when taking damage.,Talent Passive,Data only,,6,,,Data only,TALENT,https://www.wowhead.com/tbc/spell=29065,Talent: Eye of the Storm; tree row 4
Elemental,Talent,Improved Fire Totems,16086,16086,Rank 1/2,,Reduces the delay before your Fire Nova Totem activates by 1 sec. and decreases the threat generated by your Magma Totem by 25%.,Talent Passive,Data only,,,,,Data only,TALENT,https://www.wowhead.com/tbc/spell=16086,Talent: Improved Fire Totems; tree row 4
Elemental,Talent,Improved Fire Totems,16544,16086,Rank 2/2,,Reduces the delay before your Fire Nova Totem activates by 2 sec. and decreases the threat generated by your Magma Totem by 50%.,Talent Passive,Data only,,,,,Data only,TALENT,https://www.wowhead.com/tbc/spell=16544,Talent: Improved Fire Totems; tree row 4
Elemental,Talent,Lightning Mastery,16578,16578,Rank 1/5,,Reduces the cast time of your Lightning Bolt and Chain Lightning spells by 0.1 sec.,Talent Passive,Data only,,,,,Data only,TALENT,https://www.wowhead.com/tbc/spell=16578,Talent: Lightning Mastery; tree row 6
Elemental,Talent,Lightning Mastery,16579,16578,Rank 2/5,,Reduces the cast time of your Lightning Bolt and Chain Lightning spells by 0.2 sec.,Talent Passive,Data only,,,,,Data only,TALENT,https://www.wowhead.com/tbc/spell=16579,Talent: Lightning Mastery; tree row 6
Elemental,Talent,Lightning Mastery,16580,16578,Rank 3/5,,Reduces the cast time of your Lightning Bolt and Chain Lightning spells by 0.3 sec.,Talent Passive,Data only,,,,,Data only,TALENT,https://www.wowhead.com/tbc/spell=16580,Talent: Lightning Mastery; tree row 6
Elemental,Talent,Lightning Mastery,16581,16578,Rank 4/5,,Reduces the cast time of your Lightning Bolt and Chain Lightning spells by 0.4 sec.,Talent Passive,Data only,,,,,Data only,TALENT,https://www.wowhead.com/tbc/spell=16581,Talent: Lightning Mastery; tree row 6
Elemental,Talent,Lightning Mastery,16582,16578,Rank 5/5,,Reduces the cast time of your Lightning Bolt and Chain Lightning spells by 0.5 sec.,Talent Passive,Data only,,,,,Data only,TALENT,https://www.wowhead.com/tbc/spell=16582,Talent: Lightning Mastery; tree row 6
Elemental,Talent,Lightning Overload,30675,30675,Rank 1/5,,"Gives your Lightning Bolt and Chain Lightning spells a 4% chance to cast a second, similar spell on the same target at no additional cost that causes half damage and no threat.",Talent Passive,Data only,,,,,Data only,TALENT,https://www.wowhead.com/tbc/spell=30675,Talent: Lightning Overload; tree row 8
Elemental,Talent,Lightning Overload,30678,30675,Rank 2/5,,"Gives your Lightning Bolt and Chain Lightning spells a 8% chance to cast a second, similar spell on the same target at no additional cost that causes half damage and no threat.",Talent Passive,Data only,,,,,Data only,TALENT,https://www.wowhead.com/tbc/spell=30678,Talent: Lightning Overload; tree row 8
Elemental,Talent,Lightning Overload,30679,30675,Rank 3/5,,"Gives your Lightning Bolt and Chain Lightning spells a 12% chance to cast a second, similar spell on the same target at no additional cost that causes half damage and no threat.",Talent Passive,Data only,,,,,Data only,TALENT,https://www.wowhead.com/tbc/spell=30679,Talent: Lightning Overload; tree row 8
Elemental,Talent,Lightning Overload,30680,30675,Rank 4/5,,"Gives your Lightning Bolt and Chain Lightning spells a 16% chance to cast a second, similar spell on the same target at no additional cost that causes half damage and no threat.",Talent Passive,Data only,,,,,Data only,TALENT,https://www.wowhead.com/tbc/spell=30680,Talent: Lightning Overload; tree row 8
Elemental,Talent,Lightning Overload,30681,30675,Rank 5/5,,"Gives your Lightning Bolt and Chain Lightning spells a 20% chance to cast a second, similar spell on the same target at no additional cost that causes half damage and no threat.",Talent Passive,Data only,,,,,Data only,TALENT,https://www.wowhead.com/tbc/spell=30681,Talent: Lightning Overload; tree row 8
Elemental,Talent,Reverberation,16040,16040,Rank 1/5,,Reduces the cooldown of your Shock spells by 0.2 sec.,Talent Passive,Data only,,,,,Data only,TALENT,https://www.wowhead.com/tbc/spell=16040,Talent: Reverberation; tree row 3
Elemental,Talent,Reverberation,16113,16040,Rank 2/5,,Reduces the cooldown of your Shock spells by 0.4 sec.,Talent Passive,Data only,,,,,Data only,TALENT,https://www.wowhead.com/tbc/spell=16113,Talent: Reverberation; tree row 3
Elemental,Talent,Reverberation,16114,16040,Rank 3/5,,Reduces the cooldown of your Shock spells by 0.6 sec.,Talent Passive,Data only,,,,,Data only,TALENT,https://www.wowhead.com/tbc/spell=16114,Talent: Reverberation; tree row 3
Elemental,Talent,Reverberation,16115,16040,Rank 4/5,,Reduces the cooldown of your Shock spells by 0.8 sec.,Talent Passive,Data only,,,,,Data only,TALENT,https://www.wowhead.com/tbc/spell=16115,Talent: Reverberation; tree row 3
Elemental,Talent,Reverberation,16116,16040,Rank 5/5,,Reduces the cooldown of your Shock spells by 1 sec.,Talent Passive,Data only,,,,,Data only,TALENT,https://www.wowhead.com/tbc/spell=16116,Talent: Reverberation; tree row 3
Elemental,Talent,Storm Reach,28999,28999,Rank 1/2,,Increases the range of your Lightning Bolt and Chain Lightning spells by 3 yards.,Talent Passive,Data only,,,,,Data only,TALENT,https://www.wowhead.com/tbc/spell=28999,Talent: Storm Reach; tree row 5
Elemental,Talent,Storm Reach,29000,28999,Rank 2/2,,Increases the range of your Lightning Bolt and Chain Lightning spells by 6 yards.,Talent Passive,Data only,,,,,Data only,TALENT,https://www.wowhead.com/tbc/spell=29000,Talent: Storm Reach; tree row 5
Elemental,Talent Ability,Totem of Wrath,30706,30706,Rank 1/1,,Summons a Totem of Wrath with 5 health at the feet of the caster. The totem increases the chance to hit and critically strike with spells by 3% for all party members within 20 yards. Lasts 2 min.,Offensive,Main,0,120,5% of base mana,30708,Cooldown + aura,"BUFF, DPS, MAINTENANCE, PVE, RAID_DEFENSIVE, TOTEM, TOTEM_FIRE",https://www.wowhead.com/tbc/spell=30706,Talent-required | Talent: Totem of Wrath
Elemental,Talent,Unrelenting Storm,30664,30664,Rank 1/5,,"Regenerate mana equal to 2% of your Intellect every 5 sec, even while casting.",Talent Passive,Data only,,,,,Data only,TALENT,https://www.wowhead.com/tbc/spell=30664,Talent: Unrelenting Storm; tree row 5
Elemental,Talent,Unrelenting Storm,30665,30664,Rank 2/5,,"Regenerate mana equal to 4% of your Intellect every 5 sec, even while casting.",Talent Passive,Data only,,,,,Data only,TALENT,https://www.wowhead.com/tbc/spell=30665,Talent: Unrelenting Storm; tree row 5
Elemental,Talent,Unrelenting Storm,30666,30664,Rank 3/5,,"Regenerate mana equal to 6% of your Intellect every 5 sec, even while casting.",Talent Passive,Data only,,,,,Data only,TALENT,https://www.wowhead.com/tbc/spell=30666,Talent: Unrelenting Storm; tree row 5
Elemental,Talent,Unrelenting Storm,30667,30664,Rank 4/5,,"Regenerate mana equal to 8% of your Intellect every 5 sec, even while casting.",Talent Passive,Data only,,,,,Data only,TALENT,https://www.wowhead.com/tbc/spell=30667,Talent: Unrelenting Storm; tree row 5
Elemental,Talent,Unrelenting Storm,30668,30664,Rank 5/5,,"Regenerate mana equal to 10% of your Intellect every 5 sec, even while casting.",Talent Passive,Data only,,,,,Data only,TALENT,https://www.wowhead.com/tbc/spell=30668,Talent: Unrelenting Storm; tree row 5
"Elemental, Enhancement",Ability,Fire Nova,408339,408339,,,"Causes your active Fire totem to emit a wave of flame, dealing Fire damage to all enemies within 10 yards of the totem.",Offensive,Main,10,,,,Cooldown,"AOE, DPS, MINOR",https://www.wowhead.com/tbc/spell=408339,
"Elemental, Enhancement",Ability,Flame Shock,8050,8050,Rank 1,10,"Instantly sears the target with fire, causing 
25 Fire damage immediately and 28 Fire damage over 12 sec.",Offensive,Main,6,12,55 Mana,,Cooldown,"DEBUFF, DPS, PVE_PVP, ROTATIONAL",https://www.wowhead.com/tbc/spell=8050,
"Elemental, Enhancement",Ability,Flame Shock,8052,8050,Rank 2,18,"Instantly sears the target with fire, causing 
51 Fire damage immediately and 48 Fire damage over 12 sec.",Offensive,Main,6,12,95 Mana,,Cooldown,"DEBUFF, DPS, PVE_PVP, ROTATIONAL",https://www.wowhead.com/tbc/spell=8052,
"Elemental, Enhancement",Ability,Flame Shock,8053,8050,Rank 3,28,"Instantly sears the target with fire, causing 
95 Fire damage immediately and 96 Fire damage over 12 sec.",Offensive,Main,6,12,160 Mana,,Cooldown,"DEBUFF, DPS, PVE_PVP, ROTATIONAL",https://www.wowhead.com/tbc/spell=8053,
"Elemental, Enhancement",Ability,Flame Shock,10447,8050,Rank 4,40,"Instantly sears the target with fire, causing 
164 Fire damage immediately and 168 Fire damage over 12 sec.",Offensive,Main,6,12,250 Mana,,Cooldown,"DEBUFF, DPS, PVE_PVP, ROTATIONAL",https://www.wowhead.com/tbc/spell=10447,
"Elemental, Enhancement",Ability,Flame Shock,10448,8050,Rank 5,52,"Instantly sears the target with fire, causing 
245 Fire damage immediately and 256 Fire damage over 12 sec.",Offensive,Main,6,12,345 Mana,,Cooldown,"DEBUFF, DPS, PVE_PVP, ROTATIONAL",https://www.wowhead.com/tbc/spell=10448,
"Elemental, Enhancement",Ability,Flame Shock,25457,8050,Rank 6,70,"Instantly sears the target with fire, causing 
377 Fire damage immediately and 420 Fire damage over 12 sec.",Offensive,Main,6,12,500 Mana,,Cooldown,"DEBUFF, DPS, PVE_PVP, ROTATIONAL",https://www.wowhead.com/tbc/spell=25457,
"Elemental, Enhancement",Ability,Flame Shock,29228,8050,Rank 7,60,"Instantly sears the target with fire, causing 
334 Fire damage immediately and 344 Fire damage over 12 sec.",Offensive,Main,6,12,450 Mana,,Cooldown,"DEBUFF, DPS, PVE_PVP, ROTATIONAL",https://www.wowhead.com/tbc/spell=29228,
"Elemental, Enhancement",Ability,Lava Burst,408490,408490,,,"You hurl molten lava at the target, dealing Fire damage. A guaranteed critical strike if Flame Shock is on the target.",Offensive,Main,8,,,,Cooldown,"DPS, PVE_PVP, ROTATIONAL",https://www.wowhead.com/tbc/spell=408490,
"Elemental, Enhancement",Ability,Lightning Shield,324,324,Rank 1,8,"The caster is surrounded by 3 balls of lightning. When a spell, melee or ranged attack hits the caster, the attacker will be struck for 13 Nature damage. This expends one lightning ball. Only one ball will fire every few seconds. Lasts 10 min. Only one Elemental Shield can be active on the Shaman at any one time.",Offensive,Main,0,600,25 Mana,,Cooldown + aura,"BUFF, DPS, HAS_BUFF, LONG_BUFF",https://www.wowhead.com/tbc/spell=324,
"Elemental, Enhancement",Ability,Lightning Shield,325,324,Rank 2,16,"The caster is surrounded by 3 balls of lightning. When a spell, melee or ranged attack hits the caster, the attacker will be struck for 29 Nature damage. This expends one lightning ball. Only one ball will fire every few seconds. Lasts 10 min. Only one Elemental Shield can be active on the Shaman at any one time.",Offensive,Main,0,600,60 Mana,,Cooldown + aura,"BUFF, DPS, HAS_BUFF, LONG_BUFF",https://www.wowhead.com/tbc/spell=325,
"Elemental, Enhancement",Ability,Lightning Shield,905,324,Rank 3,24,"The caster is surrounded by 3 balls of lightning. When a spell, melee or ranged attack hits the caster, the attacker will be struck for 51 Nature damage. This expends one lightning ball. Only one ball will fire every few seconds. Lasts 10 min. Only one Elemental Shield can be active on the Shaman at any one time.",Offensive,Main,0,600,100 Mana,,Cooldown + aura,"BUFF, DPS, HAS_BUFF, LONG_BUFF",https://www.wowhead.com/tbc/spell=905,
"Elemental, Enhancement",Ability,Lightning Shield,945,324,Rank 4,32,"The caster is surrounded by 3 balls of lightning. When a spell, melee or ranged attack hits the caster, the attacker will be struck for 80 Nature damage. This expends one lightning ball. Only one ball will fire every few seconds. Lasts 10 min. Only one Elemental Shield can be active on the Shaman at any one time.",Offensive,Main,0,600,150 Mana,,Cooldown + aura,"BUFF, DPS, HAS_BUFF, LONG_BUFF",https://www.wowhead.com/tbc/spell=945,
"Elemental, Enhancement",Ability,Lightning Shield,8134,324,Rank 5,40,"The caster is surrounded by 3 balls of lightning. When a spell, melee or ranged attack hits the caster, the attacker will be struck for 114 Nature damage. This expends one lightning ball. Only one ball will fire every few seconds. Lasts 10 min. Only one Elemental Shield can be active on the Shaman at any one time.",Offensive,Main,0,600,200 Mana,,Cooldown + aura,"BUFF, DPS, HAS_BUFF, LONG_BUFF",https://www.wowhead.com/tbc/spell=8134,
"Elemental, Enhancement",Ability,Lightning Shield,10431,324,Rank 6,48,"The caster is surrounded by 3 balls of lightning. When a spell, melee or ranged attack hits the caster, the attacker will be struck for 154 Nature damage. This expends one lightning ball. Only one ball will fire every few seconds. Lasts 10 min. Only one Elemental Shield can be active on the Shaman at any one time.",Offensive,Main,0,600,250 Mana,,Cooldown + aura,"BUFF, DPS, HAS_BUFF, LONG_BUFF",https://www.wowhead.com/tbc/spell=10431,
"Elemental, Enhancement",Ability,Lightning Shield,10432,324,Rank 7,56,"The caster is surrounded by 3 balls of lightning. When a spell, melee or ranged attack hits the caster, the attacker will be struck for 198 Nature damage. This expends one lightning ball. Only one ball will fire every few seconds. Lasts 10 min. Only one Elemental Shield can be active on the Shaman at any one time.",Offensive,Main,0,600,275 Mana,,Cooldown + aura,"BUFF, DPS, HAS_BUFF, LONG_BUFF",https://www.wowhead.com/tbc/spell=10432,
"Elemental, Enhancement",Ability,Lightning Shield,25469,324,Rank 8,63,"The caster is surrounded by 3 balls of lightning. When a spell, melee or ranged attack hits the caster, the attacker will be struck for 232 Nature damage. This expends one lightning ball. Only one ball will fire every few seconds. Lasts 10 min. Only one Elemental Shield can be active on the Shaman at any one time.",Offensive,Main,0,600,325 Mana,,Cooldown + aura,"BUFF, DPS, HAS_BUFF, LONG_BUFF",https://www.wowhead.com/tbc/spell=25469,
"Elemental, Enhancement",Ability,Lightning Shield,25472,324,Rank 9,70,"The caster is surrounded by 3 balls of lightning. When a spell, melee or ranged attack hits the caster, the attacker will be struck for 287 Nature damage. This expends one lightning ball. Only one ball will fire every few seconds. Lasts 10 min. Only one Elemental Shield can be active on the Shaman at any one time.",Offensive,Main,0,600,400 Mana,,Cooldown + aura,"BUFF, DPS, HAS_BUFF, LONG_BUFF",https://www.wowhead.com/tbc/spell=25472,
"Elemental, Enhancement",Ability,Molten Blast,425339,425339,,,Blast up to 10 enemies in a cone in front of you for Fire damage and generate a high amount of threat. Shares a cooldown with your Shocks.,Offensive,Main,6,,,,Cooldown,"AOE, DPS, ROTATIONAL",https://www.wowhead.com/tbc/spell=425339,
Enhancement,Ability,Earth Shock,8042,8042,Rank 1,4,"Instantly shocks the target with concussive force, causing 
19 to 
22 Nature damage. It also interrupts spellcasting and prevents any spell in that school from being cast for 2 sec.",Interrupt,Utility,6,2,30 Mana,,Cooldown,"DPS, INTERRUPT, PVE_PVP, ROTATIONAL",https://www.wowhead.com/tbc/spell=8042,
Enhancement,Ability,Earth Shock,8044,8042,Rank 2,8,"Instantly shocks the target with concussive force, causing 
35 to 
38 Nature damage. It also interrupts spellcasting and prevents any spell in that school from being cast for 2 sec.",Interrupt,Utility,6,2,50 Mana,,Cooldown,"DPS, INTERRUPT, PVE_PVP, ROTATIONAL",https://www.wowhead.com/tbc/spell=8044,
Enhancement,Ability,Earth Shock,8045,8042,Rank 3,14,"Instantly shocks the target with concussive force, causing 
65 to 
69 Nature damage. It also interrupts spellcasting and prevents any spell in that school from being cast for 2 sec.",Interrupt,Utility,6,2,85 Mana,,Cooldown,"DPS, INTERRUPT, PVE_PVP, ROTATIONAL",https://www.wowhead.com/tbc/spell=8045,
Enhancement,Ability,Earth Shock,8046,8042,Rank 4,24,"Instantly shocks the target with concussive force, causing 
126 to 
134 Nature damage. It also interrupts spellcasting and prevents any spell in that school from being cast for 2 sec.",Interrupt,Utility,6,2,145 Mana,,Cooldown,"DPS, INTERRUPT, PVE_PVP, ROTATIONAL",https://www.wowhead.com/tbc/spell=8046,
Enhancement,Ability,Earth Shock,10412,8042,Rank 5,36,"Instantly shocks the target with concussive force, causing 
235 to 
249 Nature damage. It also interrupts spellcasting and prevents any spell in that school from being cast for 2 sec.",Interrupt,Utility,6,2,240 Mana,,Cooldown,"DPS, INTERRUPT, PVE_PVP, ROTATIONAL",https://www.wowhead.com/tbc/spell=10412,
Enhancement,Ability,Earth Shock,10413,8042,Rank 6,48,"Instantly shocks the target with concussive force, causing 
372 to 
394 Nature damage. It also interrupts spellcasting and prevents any spell in that school from being cast for 2 sec.",Interrupt,Utility,6,2,345 Mana,,Cooldown,"DPS, INTERRUPT, PVE_PVP, ROTATIONAL",https://www.wowhead.com/tbc/spell=10413,
Enhancement,Ability,Earth Shock,10414,8042,Rank 7,60,"Instantly shocks the target with concussive force, causing 
532 to 
561 Nature damage. It also interrupts spellcasting and prevents any spell in that school from being cast for 2 sec.",Interrupt,Utility,6,2,450 Mana,,Cooldown,"DPS, INTERRUPT, PVE_PVP, ROTATIONAL",https://www.wowhead.com/tbc/spell=10414,
Enhancement,Ability,Earth Shock,25454,8042,Rank 8,69,"Instantly shocks the target with concussive force, causing 
661 to 
696 Nature damage. It also interrupts spellcasting and prevents any spell in that school from being cast for 2 sec.",Interrupt,Utility,6,2,535 Mana,,Cooldown,"DPS, INTERRUPT, PVE_PVP, ROTATIONAL",https://www.wowhead.com/tbc/spell=25454,
Enhancement,Ability,Feral Spirit,440580,440580,,,"Summons two Spirit Wolves under the command of the Shaman, lasting 45 sec.",Pet,Main,180,45,,,Cooldown,"DPS, MAJOR, OFFENSIVE_CD, PET_SUMMON, PET_SUMMON_TEMP",https://www.wowhead.com/tbc/spell=440580,
Enhancement,Ability,Lava Lash,408507,408507,,,"You charge your off-hand weapon with lava, instantly dealing 100% off-hand Weapon damage. Damage is increased by 100% if your off-hand weapon is enchanted with Flametongue.",Offensive,Main,6,,,,Cooldown,"DPS, ROTATIONAL",https://www.wowhead.com/tbc/spell=408507,
Enhancement,Ability,Windfury Weapon,8232,8232,Rank 1,30,"Imbue the Shaman's weapon with wind. Each hit has a 20% chance of dealing additional damage equal to two extra attacks with 
104 extra attack power. Lasts 30 minutes.",Utility,Utility,0,1800,90 Mana,,Cooldown,"BUFF, LONG_BUFF, UTILITY",https://www.wowhead.com/tbc/spell=8232,
Enhancement,Ability,Windfury Weapon,8235,8232,Rank 2,40,"Imbue the Shaman's weapon with wind. Each hit has a 20% chance of dealing additional damage equal to two extra attacks with 
222 extra attack power. Lasts 30 minutes.",Utility,Utility,0,1800,115 Mana,,Cooldown,"BUFF, LONG_BUFF, UTILITY",https://www.wowhead.com/tbc/spell=8235,
Enhancement,Ability,Windfury Weapon,10486,8232,Rank 3,50,"Imbue the Shaman's weapon with wind. Each hit has a 20% chance of dealing additional damage equal to two extra attacks with 
316 extra attack power. Lasts 30 minutes.",Utility,Utility,0,1800,140 Mana,,Cooldown,"BUFF, LONG_BUFF, UTILITY",https://www.wowhead.com/tbc/spell=10486,
Enhancement,Ability,Windfury Weapon,16362,8232,Rank 4,60,"Imbue the Shaman's weapon with wind. Each hit has a 20% chance of dealing additional damage equal to two extra attacks with 
433 extra attack power. Lasts 30 minutes.",Utility,Utility,0,1800,165 Mana,,Cooldown,"BUFF, LONG_BUFF, UTILITY",https://www.wowhead.com/tbc/spell=16362,
Enhancement,Ability,Windfury Weapon,25505,8232,Rank 5,68,"Imbue the Shaman's weapon with wind. Each hit has a 20% chance of dealing additional damage equal to two extra attacks with 
475 extra attack power. Lasts 30 minutes.",Utility,Utility,0,1800,190 Mana,,Cooldown,"BUFF, LONG_BUFF, UTILITY",https://www.wowhead.com/tbc/spell=25505,
Enhancement,Talent,Ancestral Knowledge,17485,17485,Rank 1/5,,Increases your maximum mana by 1%.,Talent Passive,Data only,,,,,Data only,TALENT,https://www.wowhead.com/tbc/spell=17485,Talent: Ancestral Knowledge; tree row 1
Enhancement,Talent,Ancestral Knowledge,17486,17485,Rank 2/5,,Increases your maximum mana by 2%.,Talent Passive,Data only,,,,,Data only,TALENT,https://www.wowhead.com/tbc/spell=17486,Talent: Ancestral Knowledge; tree row 1
Enhancement,Talent,Ancestral Knowledge,17487,17485,Rank 3/5,,Increases your maximum mana by 3%.,Talent Passive,Data only,,,,,Data only,TALENT,https://www.wowhead.com/tbc/spell=17487,Talent: Ancestral Knowledge; tree row 1
Enhancement,Talent,Ancestral Knowledge,17488,17485,Rank 4/5,,Increases your maximum mana by 4%.,Talent Passive,Data only,,,,,Data only,TALENT,https://www.wowhead.com/tbc/spell=17488,Talent: Ancestral Knowledge; tree row 1
Enhancement,Talent,Ancestral Knowledge,17489,17485,Rank 5/5,,Increases your maximum mana by 5%.,Talent Passive,Data only,,,,,Data only,TALENT,https://www.wowhead.com/tbc/spell=17489,Talent: Ancestral Knowledge; tree row 1
Enhancement,Talent,Anticipation,16254,16254,Rank 1/5,,Increases your chance to dodge by an additional 1%.,Talent Passive,Data only,,,,,Data only,TALENT,https://www.wowhead.com/tbc/spell=16254,Talent: Anticipation; tree row 3
Enhancement,Talent,Anticipation,16271,16254,Rank 2/5,,Increases your chance to dodge by an additional 2%.,Talent Passive,Data only,,,,,Data only,TALENT,https://www.wowhead.com/tbc/spell=16271,Talent: Anticipation; tree row 3
Enhancement,Talent,Anticipation,16272,16254,Rank 3/5,,Increases your chance to dodge by an additional 3%.,Talent Passive,Data only,,,,,Data only,TALENT,https://www.wowhead.com/tbc/spell=16272,Talent: Anticipation; tree row 3
Enhancement,Talent,Anticipation,16273,16254,Rank 4/5,,Increases your chance to dodge by an additional 4%.,Talent Passive,Data only,,,,,Data only,TALENT,https://www.wowhead.com/tbc/spell=16273,Talent: Anticipation; tree row 3
Enhancement,Talent,Anticipation,16274,16254,Rank 5/5,,Increases your chance to dodge by an additional 5%.,Talent Passive,Data only,,,,,Data only,TALENT,https://www.wowhead.com/tbc/spell=16274,Talent: Anticipation; tree row 3
Enhancement,Talent,Dual Wield,30798,30798,Rank 1/1,,Allows one-hand and off-hand weapons to be equipped in the off-hand.,Talent Passive,Data only,,,,,Data only,TALENT,https://www.wowhead.com/tbc/spell=30798,Talent: Dual Wield; tree row 7
Enhancement,Talent,Dual Wield Specialization,30816,30816,Rank 1/3,,Increases your chance to hit while dual wielding by an additional 2%.,Talent Passive,Data only,,,,,Data only,TALENT,https://www.wowhead.com/tbc/spell=30816,Talent: Dual Wield Specialization; tree row 7
Enhancement,Talent,Dual Wield Specialization,30818,30816,Rank 2/3,,Increases your chance to hit while dual wielding by an additional 4%.,Talent Passive,Data only,,,,,Data only,TALENT,https://www.wowhead.com/tbc/spell=30818,Talent: Dual Wield Specialization; tree row 7
Enhancement,Talent,Dual Wield Specialization,30819,30816,Rank 3/3,,Increases your chance to hit while dual wielding by an additional 6%.,Talent Passive,Data only,,,,,Data only,TALENT,https://www.wowhead.com/tbc/spell=30819,Talent: Dual Wield Specialization; tree row 7
Enhancement,Talent,Elemental Weapons,16266,16266,Rank 1/3,,"Increases the damage caused by your Rockbiter Weapon by 7%, your Windfury Weapon effect by 13% and increases the damage caused by your Flametongue Weapon and Frostbrand Weapon by 5%.",Talent Passive,Data only,,,,,Data only,TALENT,https://www.wowhead.com/tbc/spell=16266,Talent: Elemental Weapons; tree row 5
Enhancement,Talent,Elemental Weapons,29079,16266,Rank 2/3,,"Increases the damage caused by your Rockbiter Weapon by 14%, your Windfury Weapon effect by 27% and increases the damage caused by your Flametongue Weapon and Frostbrand Weapon by 10%.",Talent Passive,Data only,,,,,Data only,TALENT,https://www.wowhead.com/tbc/spell=29079,Talent: Elemental Weapons; tree row 5
Enhancement,Talent,Elemental Weapons,29080,16266,Rank 3/3,,"Increases the damage caused by your Rockbiter Weapon by 20%, your Windfury Weapon effect by 40% and increases the damage caused by your Flametongue Weapon and Frostbrand Weapon by 15%.",Talent Passive,Data only,,,,,Data only,TALENT,https://www.wowhead.com/tbc/spell=29080,Talent: Elemental Weapons; tree row 5
Enhancement,Talent,Enhancing Totems,16259,16259,Rank 1/2,,Increases the effect of your Strength of Earth and Grace of Air Totems by 8%.,Talent Passive,Data only,,,,,Data only,TALENT,https://www.wowhead.com/tbc/spell=16259,Talent: Enhancing Totems; tree row 3
Enhancement,Talent,Enhancing Totems,16295,16259,Rank 2/2,,Increases the effect of your Strength of Earth and Grace of Air Totems by 15%.,Talent Passive,Data only,,,,,Data only,TALENT,https://www.wowhead.com/tbc/spell=16295,Talent: Enhancing Totems; tree row 3
Enhancement,Talent,Flurry,16256,16256,Rank 1/5,,Increases your attack speed by 10% for your next 3 swings after dealing a critical strike.,Talent Passive,Data only,,,,,Data only,TALENT,https://www.wowhead.com/tbc/spell=16256,Talent: Flurry; tree row 4
Enhancement,Talent,Flurry,16281,16256,Rank 2/5,,Increases your attack speed by 15% for your next 3 swings after dealing a critical strike.,Talent Passive,Data only,,,,,Data only,TALENT,https://www.wowhead.com/tbc/spell=16281,Talent: Flurry; tree row 4
Enhancement,Talent,Flurry,16282,16256,Rank 3/5,,Increases your attack speed by 20% for your next 3 swings after dealing a critical strike.,Talent Passive,Data only,,,,,Data only,TALENT,https://www.wowhead.com/tbc/spell=16282,Talent: Flurry; tree row 4
Enhancement,Talent,Flurry,16283,16256,Rank 4/5,,Increases your attack speed by 25% for your next 3 swings after dealing a critical strike.,Talent Passive,Data only,,,,,Data only,TALENT,https://www.wowhead.com/tbc/spell=16283,Talent: Flurry; tree row 4
Enhancement,Talent,Flurry,16284,16256,Rank 5/5,,Increases your attack speed by 30% for your next 3 swings after dealing a critical strike.,Talent Passive,Data only,,,,,Data only,TALENT,https://www.wowhead.com/tbc/spell=16284,Talent: Flurry; tree row 4
Enhancement,Talent,Guardian Totems,16258,16258,Rank 1/2,,Increases the amount of damage reduced by your Stoneskin Totem and Windwall Totem by 10% and reduces the cooldown of your Grounding Totem by 1 sec.,Talent Passive,Data only,,,,,Data only,TALENT,https://www.wowhead.com/tbc/spell=16258,Talent: Guardian Totems; tree row 2
Enhancement,Talent,Guardian Totems,16293,16258,Rank 2/2,,Increases the amount of damage reduced by your Stoneskin Totem and Windwall Totem by 20% and reduces the cooldown of your Grounding Totem by 2 sec.,Talent Passive,Data only,,,,,Data only,TALENT,https://www.wowhead.com/tbc/spell=16293,Talent: Guardian Totems; tree row 2
Enhancement,Talent,Improved Ghost Wolf,16262,16262,Rank 1/2,,Reduces the cast time of your Ghost Wolf spell by 1 sec.,Talent Passive,Data only,,,,,Data only,TALENT,https://www.wowhead.com/tbc/spell=16262,Talent: Improved Ghost Wolf; tree row 2
Enhancement,Talent,Improved Ghost Wolf,16287,16262,Rank 2/2,,Reduces the cast time of your Ghost Wolf spell by 2 sec.,Talent Passive,Data only,,,,,Data only,TALENT,https://www.wowhead.com/tbc/spell=16287,Talent: Improved Ghost Wolf; tree row 2
Enhancement,Talent,Improved Lightning Shield,16261,16261,Rank 1/3,,Increases the damage done by your Lightning Shield orbs by 5%.,Talent Passive,Data only,,,,,Data only,TALENT,https://www.wowhead.com/tbc/spell=16261,Talent: Improved Lightning Shield; tree row 2
Enhancement,Talent,Improved Lightning Shield,16290,16261,Rank 2/3,,Increases the damage done by your Lightning Shield orbs by 10%.,Talent Passive,Data only,,,,,Data only,TALENT,https://www.wowhead.com/tbc/spell=16290,Talent: Improved Lightning Shield; tree row 2
Enhancement,Talent,Improved Lightning Shield,16291,16261,Rank 3/3,,Increases the damage done by your Lightning Shield orbs by 15%.,Talent Passive,Data only,,,,,Data only,TALENT,https://www.wowhead.com/tbc/spell=16291,Talent: Improved Lightning Shield; tree row 2
Enhancement,Talent,Improved Weapon Totems,29192,29192,Rank 1/2,,Increases the melee attack power bonus of your Windfury Totem by 15% and increases the damage caused by your Flametongue Totem by 6%.,Talent Passive,Data only,,,,,Data only,TALENT,https://www.wowhead.com/tbc/spell=29192,Talent: Improved Weapon Totems; tree row 5
Enhancement,Talent,Improved Weapon Totems,29193,29192,Rank 2/2,,Increases the melee attack power bonus of your Windfury Totem by 30% and increases the damage caused by your Flametongue Totem by 12%.,Talent Passive,Data only,,,,,Data only,TALENT,https://www.wowhead.com/tbc/spell=29193,Talent: Improved Weapon Totems; tree row 5
Enhancement,Talent,Mental Quickness,30812,30812,Rank 1/3,,Reduces the mana cost of your instant cast Shaman spells by 2% and increases your spell damage and healing by an amount equal to 10% of your attack power.,Talent Passive,Data only,,,,,Data only,TALENT,https://www.wowhead.com/tbc/spell=30812,Talent: Mental Quickness; tree row 6
Enhancement,Talent,Mental Quickness,30813,30812,Rank 2/3,,Reduces the mana cost of your instant cast Shaman spells by 4% and increases your spell damage and healing by an amount equal to 20% of your attack power.,Talent Passive,Data only,,,,,Data only,TALENT,https://www.wowhead.com/tbc/spell=30813,Talent: Mental Quickness; tree row 6
Enhancement,Talent,Mental Quickness,30814,30812,Rank 3/3,,Reduces the mana cost of your instant cast Shaman spells by 6% and increases your spell damage and healing by an amount equal to 30% of your attack power.,Talent Passive,Data only,,,,,Data only,TALENT,https://www.wowhead.com/tbc/spell=30814,Talent: Mental Quickness; tree row 6
Enhancement,Talent,Shamanistic Focus,43338,43338,Rank 1/1,,"After landing a melee critical strike, you enter a Focused state. The Focused state reduces the mana cost of your next Shock spell by 60%.",Talent Passive,Data only,,,,,Data only,TALENT,https://www.wowhead.com/tbc/spell=43338,Talent: Shamanistic Focus; tree row 3
Enhancement,Talent Ability,Shamanistic Rage,30823,30823,Rank 1/1,,Reduces all damage taken by 30% and gives your successful melee attacks a chance to regenerate mana equal to 30% of your attack power. Lasts 15 sec.,Defensive,Utility,120,15,,,Cooldown + aura,"DEFENSIVE, HAS_BUFF, MAJOR, RESOURCE",https://www.wowhead.com/tbc/spell=30823,Talent-required | Talent: Shamanistic Rage
Enhancement,Talent,Shield Specialization,16253,16253,Rank 1/5,,Increases your chance to block attacks with a shield by 1% and increases the amount blocked by 5%.,Talent Passive,Data only,,,,,Data only,TALENT,https://www.wowhead.com/tbc/spell=16253,Talent: Shield Specialization; tree row 1
Enhancement,Talent,Shield Specialization,16298,16253,Rank 2/5,,Increases your chance to block attacks with a shield by 2% and increases the amount blocked by 10%.,Talent Passive,Data only,,,,,Data only,TALENT,https://www.wowhead.com/tbc/spell=16298,Talent: Shield Specialization; tree row 1
Enhancement,Talent,Shield Specialization,16299,16253,Rank 3/5,,Increases your chance to block attacks with a shield by 3% and increases the amount blocked by 15%.,Talent Passive,Data only,,,,,Data only,TALENT,https://www.wowhead.com/tbc/spell=16299,Talent: Shield Specialization; tree row 1
Enhancement,Talent,Shield Specialization,16300,16253,Rank 4/5,,Increases your chance to block attacks with a shield by 4% and increases the amount blocked by 20%.,Talent Passive,Data only,,,,,Data only,TALENT,https://www.wowhead.com/tbc/spell=16300,Talent: Shield Specialization; tree row 1
Enhancement,Talent,Shield Specialization,16301,16253,Rank 5/5,,Increases your chance to block attacks with a shield by 5% and increases the amount blocked by 25%.,Talent Passive,Data only,,,,,Data only,TALENT,https://www.wowhead.com/tbc/spell=16301,Talent: Shield Specialization; tree row 1
Enhancement,Talent,Spirit Weapons,16268,16268,Rank 1/1,,Gives a chance to parry enemy melee attacks and reduces the threat generated by your melee attacks by 30%.,Talent Passive,Data only,,,,,Data only,TALENT,https://www.wowhead.com/tbc/spell=16268,Talent: Spirit Weapons; tree row 5
Enhancement,Talent Ability,Stormstrike,17364,17364,Rank 1/1,,"Instantly attack with both weapons. In addition, the next 2 sources of Nature damage dealt to the target are increased by 20%. Lasts 12 sec.",Offensive,Main,10,12,8% of base mana,17364,Cooldown + aura,"DEBUFF, DPS, PVE_PVP, ROTATIONAL",https://www.wowhead.com/tbc/spell=17364,Talent-required | Talent: Stormstrike
Enhancement,Talent,Thundering Strikes,16255,16255,Rank 1/5,,Improves your chance to get a critical strike with your weapon attacks by 1%.,Talent Passive,Data only,,,,,Data only,TALENT,https://www.wowhead.com/tbc/spell=16255,Talent: Thundering Strikes; tree row 2
Enhancement,Talent,Thundering Strikes,16302,16255,Rank 2/5,,Improves your chance to get a critical strike with your weapon attacks by 2%.,Talent Passive,Data only,,,,,Data only,TALENT,https://www.wowhead.com/tbc/spell=16302,Talent: Thundering Strikes; tree row 2
Enhancement,Talent,Thundering Strikes,16303,16255,Rank 3/5,,Improves your chance to get a critical strike with your weapon attacks by 3%.,Talent Passive,Data only,,,,,Data only,TALENT,https://www.wowhead.com/tbc/spell=16303,Talent: Thundering Strikes; tree row 2
Enhancement,Talent,Thundering Strikes,16304,16255,Rank 4/5,,Improves your chance to get a critical strike with your weapon attacks by 4%.,Talent Passive,Data only,,,,,Data only,TALENT,https://www.wowhead.com/tbc/spell=16304,Talent: Thundering Strikes; tree row 2
Enhancement,Talent,Thundering Strikes,16305,16255,Rank 5/5,,Improves your chance to get a critical strike with your weapon attacks by 5%.,Talent Passive,Data only,,,,,Data only,TALENT,https://www.wowhead.com/tbc/spell=16305,Talent: Thundering Strikes; tree row 2
Enhancement,Talent,Toughness,16252,16252,Rank 1/5,,"Increases your armor value from items by 2%, and reduces the duration of movement slowing effects on you by 10%.",Talent Passive,Data only,,,,,Data only,TALENT,https://www.wowhead.com/tbc/spell=16252,Talent: Toughness; tree row 4
Enhancement,Talent,Toughness,16306,16252,Rank 2/5,,"Increases your armor value from items by 4%, and reduces the duration of movement slowing effects on you by 20%.",Talent Passive,Data only,,,,,Data only,TALENT,https://www.wowhead.com/tbc/spell=16306,Talent: Toughness; tree row 4
Enhancement,Talent,Toughness,16307,16252,Rank 3/5,,"Increases your armor value from items by 6%, and reduces the duration of movement slowing effects on you by 30%.",Talent Passive,Data only,,,,,Data only,TALENT,https://www.wowhead.com/tbc/spell=16307,Talent: Toughness; tree row 4
Enhancement,Talent,Toughness,16308,16252,Rank 4/5,,"Increases your armor value from items by 8%, and reduces the duration of movement slowing effects on you by 40%.",Talent Passive,Data only,,,,,Data only,TALENT,https://www.wowhead.com/tbc/spell=16308,Talent: Toughness; tree row 4
Enhancement,Talent,Toughness,16309,16252,Rank 5/5,,"Increases your armor value from items by 10%, and reduces the duration of movement slowing effects on you by 50%.",Talent Passive,Data only,,,,,Data only,TALENT,https://www.wowhead.com/tbc/spell=16309,Talent: Toughness; tree row 4
Enhancement,Talent,Unleashed Rage,30802,30802,Rank 1/5,,Causes your critical hits with melee attacks to increase all party members' melee attack power by 2% if within 20 yards of the Shaman. Lasts 10 sec.,Talent Passive,Data only,,10,,,Data only,TALENT,https://www.wowhead.com/tbc/spell=30802,Talent: Unleashed Rage; tree row 8
Enhancement,Talent,Unleashed Rage,30808,30802,Rank 2/5,,Causes your critical hits with melee attacks to increase all party members' melee attack power by 4% if within 20 yards of the Shaman. Lasts 10 sec.,Talent Passive,Data only,,10,,,Data only,TALENT,https://www.wowhead.com/tbc/spell=30808,Talent: Unleashed Rage; tree row 8
Enhancement,Talent,Unleashed Rage,30809,30802,Rank 3/5,,Causes your critical hits with melee attacks to increase all party members' melee attack power by 6% if within 20 yards of the Shaman. Lasts 10 sec.,Talent Passive,Data only,,10,,,Data only,TALENT,https://www.wowhead.com/tbc/spell=30809,Talent: Unleashed Rage; tree row 8
Enhancement,Talent,Unleashed Rage,30810,30802,Rank 4/5,,Causes your critical hits with melee attacks to increase all party members' melee attack power by 8% if within 20 yards of the Shaman. Lasts 10 sec.,Talent Passive,Data only,,10,,,Data only,TALENT,https://www.wowhead.com/tbc/spell=30810,Talent: Unleashed Rage; tree row 8
Enhancement,Talent,Unleashed Rage,30811,30802,Rank 5/5,,Causes your critical hits with melee attacks to increase all party members' melee attack power by 10% if within 20 yards of the Shaman. Lasts 10 sec.,Talent Passive,Data only,,10,,,Data only,TALENT,https://www.wowhead.com/tbc/spell=30811,Talent: Unleashed Rage; tree row 8
Enhancement,Talent,Weapon Mastery,29082,29082,Rank 1/5,,Increases the damage you deal with all weapons by 2%.,Talent Passive,Data only,,,,,Data only,TALENT,https://www.wowhead.com/tbc/spell=29082,Talent: Weapon Mastery; tree row 6
Enhancement,Talent,Weapon Mastery,29084,29082,Rank 2/5,,Increases the damage you deal with all weapons by 4%.,Talent Passive,Data only,,,,,Data only,TALENT,https://www.wowhead.com/tbc/spell=29084,Talent: Weapon Mastery; tree row 6
Enhancement,Talent,Weapon Mastery,29086,29082,Rank 3/5,,Increases the damage you deal with all weapons by 6%.,Talent Passive,Data only,,,,,Data only,TALENT,https://www.wowhead.com/tbc/spell=29086,Talent: Weapon Mastery; tree row 6
Enhancement,Talent,Weapon Mastery,29087,29082,Rank 4/5,,Increases the damage you deal with all weapons by 8%.,Talent Passive,Data only,,,,,Data only,TALENT,https://www.wowhead.com/tbc/spell=29087,Talent: Weapon Mastery; tree row 6
Enhancement,Talent,Weapon Mastery,29088,29082,Rank 5/5,,Increases the damage you deal with all weapons by 10%.,Talent Passive,Data only,,,,,Data only,TALENT,https://www.wowhead.com/tbc/spell=29088,Talent: Weapon Mastery; tree row 6
Restoration,Ability,Chain Heal,1064,1064,Rank 1,40,"Heals the friendly target for 
332 to 
381, then jumps to heal additional nearby targets. If cast on a party member, the heal will only jump to other party members. Each jump reduces the effectiveness of the heal by 50%. Heals 3 total targets.",Healing,Utility,0,,260 Mana,,Cooldown,"FILLER, HEAL, HEAL_AOE, PVE, ROTATIONAL",https://www.wowhead.com/tbc/spell=1064,
Restoration,Ability,Chain Heal,10622,1064,Rank 2,46,"Heals the friendly target for 
419 to 
479, then jumps to heal additional nearby targets. If cast on a party member, the heal will only jump to other party members. Each jump reduces the effectiveness of the heal by 50%. Heals 3 total targets.",Healing,Utility,0,,315 Mana,,Cooldown,"FILLER, HEAL, HEAL_AOE, PVE, ROTATIONAL",https://www.wowhead.com/tbc/spell=10622,
Restoration,Ability,Chain Heal,10623,1064,Rank 3,54,"Heals the friendly target for 
567 to 
646, then jumps to heal additional nearby targets. If cast on a party member, the heal will only jump to other party members. Each jump reduces the effectiveness of the heal by 50%. Heals 3 total targets.",Healing,Utility,0,,405 Mana,,Cooldown,"FILLER, HEAL, HEAL_AOE, PVE, ROTATIONAL",https://www.wowhead.com/tbc/spell=10623,
Restoration,Ability,Chain Heal,25422,1064,Rank 4,61,"Heals the friendly target for 
624 to 
710, then jumps to heal additional nearby targets. If cast on a party member, the heal will only jump to other party members. Each jump reduces the effectiveness of the heal by 50%. Heals 3 total targets.",Healing,Utility,0,,435 Mana,,Cooldown,"FILLER, HEAL, HEAL_AOE, PVE, ROTATIONAL",https://www.wowhead.com/tbc/spell=25422,
Restoration,Ability,Chain Heal,25423,1064,Rank 5,68,"Heals the friendly target for 
833 to 
950, then jumps to heal additional nearby targets. If cast on a party member, the heal will only jump to other party members. Each jump reduces the effectiveness of the heal by 50%. Heals 3 total targets.",Healing,Utility,0,,540 Mana,,Cooldown,"FILLER, HEAL, HEAL_AOE, PVE, ROTATIONAL",https://www.wowhead.com/tbc/spell=25423,
Restoration,Ability,Earth Shield,408514,408514,,,"Protects the target with an earthen shield, reducing casting/channeling time lost when damaged by 30% and healing the target when they are attacked. 9 charges. Lasts 10 min. Only one Elemental Shield can be active on a target at a time.",Healing,Utility,0,600,,,Cooldown + aura,"HAS_BUFF, HEAL, HEAL_SINGLE, IMPORTANT_EXTERNAL, LONG_BUFF, PVE, ROTATIONAL",https://www.wowhead.com/tbc/spell=408514,
Restoration,Ability,Healing Rain,415236,415236,,,Heals all party members in the target area over 10 sec.,Healing,Utility,10,10,,,Cooldown,"AOE, HEAL, HEAL_AOE, PVE",https://www.wowhead.com/tbc/spell=415236,
Restoration,Ability,Healing Wave,331,331,Rank 1,1,"Heals a friendly target for 
36 to 
47.",Healing,Utility,0,,25 Mana,,Cooldown,"FILLER, HEAL, HEAL_SINGLE, PVE_PVP",https://www.wowhead.com/tbc/spell=331,
Restoration,Ability,Healing Wave,332,331,Rank 2,6,"Heals a friendly target for 
69 to 
83.",Healing,Utility,0,,45 Mana,,Cooldown,"FILLER, HEAL, HEAL_SINGLE, PVE_PVP",https://www.wowhead.com/tbc/spell=332,
Restoration,Ability,Healing Wave,547,331,Rank 3,12,"Heals a friendly target for 
136 to 
163.",Healing,Utility,0,,80 Mana,,Cooldown,"FILLER, HEAL, HEAL_SINGLE, PVE_PVP",https://www.wowhead.com/tbc/spell=547,
Restoration,Ability,Healing Wave,913,331,Rank 4,18,"Heals a friendly target for 
279 to 
328.",Healing,Utility,0,,155 Mana,,Cooldown,"FILLER, HEAL, HEAL_SINGLE, PVE_PVP",https://www.wowhead.com/tbc/spell=913,
Restoration,Ability,Healing Wave,939,331,Rank 5,24,"Heals a friendly target for 
389 to 
454.",Healing,Utility,0,,200 Mana,,Cooldown,"FILLER, HEAL, HEAL_SINGLE, PVE_PVP",https://www.wowhead.com/tbc/spell=939,
Restoration,Ability,Healing Wave,959,331,Rank 6,32,"Heals a friendly target for 
552 to 
639.",Healing,Utility,0,,265 Mana,,Cooldown,"FILLER, HEAL, HEAL_SINGLE, PVE_PVP",https://www.wowhead.com/tbc/spell=959,
Restoration,Ability,Healing Wave,8005,331,Rank 7,40,"Heals a friendly target for 
759 to 
874.",Healing,Utility,0,,340 Mana,,Cooldown,"FILLER, HEAL, HEAL_SINGLE, PVE_PVP",https://www.wowhead.com/tbc/spell=8005,
Restoration,Ability,Healing Wave,10395,331,Rank 8,48,"Heals a friendly target for 
1040 to 
1191.",Healing,Utility,0,,440 Mana,,Cooldown,"FILLER, HEAL, HEAL_SINGLE, PVE_PVP",https://www.wowhead.com/tbc/spell=10395,
Restoration,Ability,Healing Wave,10396,331,Rank 9,56,"Heals a friendly target for 
1394 to 
1589.",Healing,Utility,0,,560 Mana,,Cooldown,"FILLER, HEAL, HEAL_SINGLE, PVE_PVP",https://www.wowhead.com/tbc/spell=10396,
Restoration,Ability,Healing Wave,25357,331,Rank 10,60,"Heals a friendly target for 
1647 to 
1878.",Healing,Utility,0,,620 Mana,,Cooldown,"FILLER, HEAL, HEAL_SINGLE, PVE_PVP",https://www.wowhead.com/tbc/spell=25357,
Restoration,Ability,Healing Wave,25391,331,Rank 11,63,"Heals a friendly target for 
1756 to 
2001.",Healing,Utility,0,,655 Mana,,Cooldown,"FILLER, HEAL, HEAL_SINGLE, PVE_PVP",https://www.wowhead.com/tbc/spell=25391,
Restoration,Ability,Healing Wave,25396,331,Rank 12,70,"Heals a friendly target for 
2134 to 
2436.",Healing,Utility,0,,720 Mana,,Cooldown,"FILLER, HEAL, HEAL_SINGLE, PVE_PVP",https://www.wowhead.com/tbc/spell=25396,
Restoration,Ability,Lesser Healing Wave,8004,8004,Rank 1,20,"Heals a friendly target for 
170 to 
195.",Healing,Utility,0,,105 Mana,,Cooldown,"FILLER, HEAL, HEAL_SINGLE, PVE_PVP",https://www.wowhead.com/tbc/spell=8004,
Restoration,Ability,Lesser Healing Wave,8008,8004,Rank 2,28,"Heals a friendly target for 
257 to 
292.",Healing,Utility,0,,145 Mana,,Cooldown,"FILLER, HEAL, HEAL_SINGLE, PVE_PVP",https://www.wowhead.com/tbc/spell=8008,
Restoration,Ability,Lesser Healing Wave,8010,8004,Rank 3,36,"Heals a friendly target for 
349 to 
394.",Healing,Utility,0,,185 Mana,,Cooldown,"FILLER, HEAL, HEAL_SINGLE, PVE_PVP",https://www.wowhead.com/tbc/spell=8010,
Restoration,Ability,Lesser Healing Wave,10466,8004,Rank 4,44,"Heals a friendly target for 
473 to 
529.",Healing,Utility,0,,235 Mana,,Cooldown,"FILLER, HEAL, HEAL_SINGLE, PVE_PVP",https://www.wowhead.com/tbc/spell=10466,
Restoration,Ability,Lesser Healing Wave,10467,8004,Rank 5,52,"Heals a friendly target for 
649 to 
723.",Healing,Utility,0,,305 Mana,,Cooldown,"FILLER, HEAL, HEAL_SINGLE, PVE_PVP",https://www.wowhead.com/tbc/spell=10467,
Restoration,Ability,Lesser Healing Wave,10468,8004,Rank 6,60,"Heals a friendly target for 
853 to 
949.",Healing,Utility,0,,380 Mana,,Cooldown,"FILLER, HEAL, HEAL_SINGLE, PVE_PVP",https://www.wowhead.com/tbc/spell=10468,
Restoration,Ability,Lesser Healing Wave,25420,8004,Rank 7,66,"Heals a friendly target for 
1051 to 
1198.",Healing,Utility,0,,440 Mana,,Cooldown,"FILLER, HEAL, HEAL_SINGLE, PVE_PVP",https://www.wowhead.com/tbc/spell=25420,
Restoration,Ability,Riptide,408521,408521,,,Heals a friendly target instantly and then every 3 sec for 15 sec. Empowers your next Chain Heal.,Healing,Utility,6,15,,,Cooldown + aura,"HAS_HOT, HEAL, HEAL_SINGLE, HOT, PVE, ROTATIONAL",https://www.wowhead.com/tbc/spell=408521,
Restoration,Ability,Water Shield,24398,24398,Rank 1,62,"The caster is surrounded by 3 globes of water, granting 43 mana per 5 sec. When a spell, melee or ranged attack hits the caster, 
182 mana is restored to the caster. This expends one water globe. Only one globe will activate every few seconds. Lasts 10 min. Only one Elemental Shield can be active on the Shaman at any one time.",Healing,Utility,0,600,,,Cooldown + aura,"BUFF, HAS_BUFF, HEAL, LONG_BUFF, MAINTENANCE, PVE_PVP, RESOURCE",https://www.wowhead.com/tbc/spell=24398,
Restoration,Ability,Water Shield,33736,24398,Rank 2,69,"The caster is surrounded by 3 globes of water, granting 50 mana per 5 sec. When a spell, melee or ranged attack hits the caster, 
204 mana is restored to the caster. This expends one water globe. Only one globe will activate every few seconds. Lasts 10 min. Only one Elemental Shield can be active on the Shaman at any one time.",Healing,Utility,0,600,,,Cooldown + aura,"BUFF, HAS_BUFF, HEAL, LONG_BUFF, MAINTENANCE, PVE_PVP, RESOURCE",https://www.wowhead.com/tbc/spell=33736,
Restoration,Talent,Ancestral Healing,16176,16176,Rank 1/3,,Increases your target's armor value by 8% for 15 sec after getting a critical effect from one of your healing spells.,Talent Passive,Data only,,15,,,Data only,TALENT,https://www.wowhead.com/tbc/spell=16176,Talent: Ancestral Healing; tree row 2
Restoration,Talent,Ancestral Healing,16235,16176,Rank 2/3,,Increases your target's armor value by 16% for 15 sec after getting a critical effect from one of your healing spells.,Talent Passive,Data only,,15,,,Data only,TALENT,https://www.wowhead.com/tbc/spell=16235,Talent: Ancestral Healing; tree row 2
Restoration,Talent,Ancestral Healing,16240,16176,Rank 3/3,,Increases your target's armor value by 25% for 15 sec after getting a critical effect from one of your healing spells.,Talent Passive,Data only,,15,,,Data only,TALENT,https://www.wowhead.com/tbc/spell=16240,Talent: Ancestral Healing; tree row 2
Restoration,Talent Ability,Earth Shield,974,974,Rank 1/1,,"Protects the target with an earthen shield, giving a 30% chance of ignoring spell interruption when damaged and causing attacks to heal the shielded target for 150. This effect can only occur once every few seconds. 6 charges. Lasts 10 min. Earth Shield can only be placed on one target at a time and only one Elemental Shield can be active on a target at a time.",Healing,Utility,0,600,300 Mana,,Cooldown + aura,"HAS_BUFF, HEAL, HEAL_SINGLE, IMPORTANT_EXTERNAL, LONG_BUFF, PVE, ROTATIONAL",https://www.wowhead.com/tbc/spell=974,Talent-required | Talent: Earth Shield
Restoration,Talent Ability,Earth Shield,32593,974,Rank 2,60,"Protects the target with an earthen shield, giving a 30% chance of ignoring spell interruption when damaged and causing attacks to heal the shielded target for 205. This effect can only occur once every few seconds. 6 charges. Lasts 10 min. Earth Shield can only be placed on one target at a time and only one Elemental Shield can be active on a target at a time.",Healing,Utility,0,600,375 Mana,,Cooldown + aura,"HAS_BUFF, HEAL, HEAL_SINGLE, IMPORTANT_EXTERNAL, LONG_BUFF, PVE, ROTATIONAL",https://www.wowhead.com/tbc/spell=32593,Talent-required
Restoration,Talent Ability,Earth Shield,32594,974,Rank 3,70,"Protects the target with an earthen shield, giving a 30% chance of ignoring spell interruption when damaged and causing attacks to heal the shielded target for 270. This effect can only occur once every few seconds. 6 charges. Lasts 10 min. Earth Shield can only be placed on one target at a time and only one Elemental Shield can be active on a target at a time.",Healing,Utility,0,600,450 Mana,,Cooldown + aura,"HAS_BUFF, HEAL, HEAL_SINGLE, IMPORTANT_EXTERNAL, LONG_BUFF, PVE, ROTATIONAL",https://www.wowhead.com/tbc/spell=32594,Talent-required
Restoration,Talent,Focused Mind,30864,30864,Rank 1/3,,Reduces the duration of any Silence or Interrupt effects used against the Shaman by 10%. This effect does not stack with other similar effects.,Talent Passive,Data only,,,,,Data only,TALENT,https://www.wowhead.com/tbc/spell=30864,Talent: Focused Mind; tree row 5
Restoration,Talent,Focused Mind,30865,30864,Rank 2/3,,Reduces the duration of any Silence or Interrupt effects used against the Shaman by 20%. This effect does not stack with other similar effects.,Talent Passive,Data only,,,,,Data only,TALENT,https://www.wowhead.com/tbc/spell=30865,Talent: Focused Mind; tree row 5
Restoration,Talent,Focused Mind,30866,30864,Rank 3/3,,Reduces the duration of any Silence or Interrupt effects used against the Shaman by 30%. This effect does not stack with other similar effects.,Talent Passive,Data only,,,,,Data only,TALENT,https://www.wowhead.com/tbc/spell=30866,Talent: Focused Mind; tree row 5
Restoration,Talent,Healing Focus,16181,16181,Rank 1/5,,Gives you a 14% chance to avoid interruption caused by damage while casting any Shaman healing spell.,Talent Passive,Data only,,,,,Data only,TALENT,https://www.wowhead.com/tbc/spell=16181,Talent: Healing Focus; tree row 3
Restoration,Talent,Healing Focus,16230,16181,Rank 2/5,,Gives you a 28% chance to avoid interruption caused by damage while casting any Shaman healing spell.,Talent Passive,Data only,,,,,Data only,TALENT,https://www.wowhead.com/tbc/spell=16230,Talent: Healing Focus; tree row 3
Restoration,Talent,Healing Focus,16232,16181,Rank 3/5,,Gives you a 42% chance to avoid interruption caused by damage while casting any Shaman healing spell.,Talent Passive,Data only,,,,,Data only,TALENT,https://www.wowhead.com/tbc/spell=16232,Talent: Healing Focus; tree row 3
Restoration,Talent,Healing Focus,16233,16181,Rank 4/5,,Gives you a 56% chance to avoid interruption caused by damage while casting any Shaman healing spell.,Talent Passive,Data only,,,,,Data only,TALENT,https://www.wowhead.com/tbc/spell=16233,Talent: Healing Focus; tree row 3
Restoration,Talent,Healing Focus,16234,16181,Rank 5/5,,Gives you a 70% chance to avoid interruption caused by damage while casting any Shaman healing spell.,Talent Passive,Data only,,,,,Data only,TALENT,https://www.wowhead.com/tbc/spell=16234,Talent: Healing Focus; tree row 3
Restoration,Talent,Healing Grace,29187,29187,Rank 1/3,,Reduces the threat generated by your healing spells by 5% and reduces the chance your spells will be dispelled by 10%.,Talent Passive,Data only,,,,,Data only,TALENT,https://www.wowhead.com/tbc/spell=29187,Talent: Healing Grace; tree row 3
Restoration,Talent,Healing Grace,29189,29187,Rank 2/3,,Reduces the threat generated by your healing spells by 10% and reduces the chance your spells will be dispelled by 20%.,Talent Passive,Data only,,,,,Data only,TALENT,https://www.wowhead.com/tbc/spell=29189,Talent: Healing Grace; tree row 3
Restoration,Talent,Healing Grace,29191,29187,Rank 3/3,,Reduces the threat generated by your healing spells by 15% and reduces the chance your spells will be dispelled by 30%.,Talent Passive,Data only,,,,,Data only,TALENT,https://www.wowhead.com/tbc/spell=29191,Talent: Healing Grace; tree row 3
Restoration,Talent,Healing Way,29202,29206,Rank 3/3,,Your Healing Wave spells have a 100% chance to increase the effect of subsequent Healing Wave spells on that target by 6% for 15 sec. This effect will stack up to 3 times.,Talent Passive,Data only,,15,,,Data only,TALENT,https://www.wowhead.com/tbc/spell=29202,Talent: Healing Way; tree row 5
Restoration,Talent,Healing Way,29205,29206,Rank 2/3,,Your Healing Wave spells have a 66% chance to increase the effect of subsequent Healing Wave spells on that target by 6% for 15 sec. This effect will stack up to 3 times.,Talent Passive,Data only,,15,,,Data only,TALENT,https://www.wowhead.com/tbc/spell=29205,Talent: Healing Way; tree row 5
Restoration,Talent,Healing Way,29206,29206,Rank 1/3,,Your Healing Wave spells have a 33% chance to increase the effect of subsequent Healing Wave spells on that target by 6% for 15 sec. This effect will stack up to 3 times.,Talent Passive,Data only,,15,,,Data only,TALENT,https://www.wowhead.com/tbc/spell=29206,Talent: Healing Way; tree row 5
Restoration,Talent,Improved Chain Heal,30872,30872,Rank 1/2,,Increases the amount healed by your Chain Heal spell by 10%.,Talent Passive,Data only,,,,,Data only,TALENT,https://www.wowhead.com/tbc/spell=30872,Talent: Improved Chain Heal; tree row 8
Restoration,Talent,Improved Chain Heal,30873,30872,Rank 2/2,,Increases the amount healed by your Chain Heal spell by 20%.,Talent Passive,Data only,,,,,Data only,TALENT,https://www.wowhead.com/tbc/spell=30873,Talent: Improved Chain Heal; tree row 8
Restoration,Talent,Improved Healing Wave,16182,16182,Rank 1/5,,Reduces the casting time of your Healing Wave spell by 0.1 sec.,Talent Passive,Data only,,,,,Data only,TALENT,https://www.wowhead.com/tbc/spell=16182,Talent: Improved Healing Wave; tree row 1
Restoration,Talent,Improved Healing Wave,16226,16182,Rank 2/5,,Reduces the casting time of your Healing Wave spell by 0.2 sec.,Talent Passive,Data only,,,,,Data only,TALENT,https://www.wowhead.com/tbc/spell=16226,Talent: Improved Healing Wave; tree row 1
Restoration,Talent,Improved Healing Wave,16227,16182,Rank 3/5,,Reduces the casting time of your Healing Wave spell by 0.3 sec.,Talent Passive,Data only,,,,,Data only,TALENT,https://www.wowhead.com/tbc/spell=16227,Talent: Improved Healing Wave; tree row 1
Restoration,Talent,Improved Healing Wave,16228,16182,Rank 4/5,,Reduces the casting time of your Healing Wave spell by 0.4 sec.,Talent Passive,Data only,,,,,Data only,TALENT,https://www.wowhead.com/tbc/spell=16228,Talent: Improved Healing Wave; tree row 1
Restoration,Talent,Improved Healing Wave,16229,16182,Rank 5/5,,Reduces the casting time of your Healing Wave spell by 0.5 sec.,Talent Passive,Data only,,,,,Data only,TALENT,https://www.wowhead.com/tbc/spell=16229,Talent: Improved Healing Wave; tree row 1
Restoration,Talent,Improved Reincarnation,16184,16184,Rank 1/2,,Reduces the cooldown of your Reincarnation spell by 10 min and increases the amount of health and mana you reincarnate with by an additional 10%.,Talent Passive,Data only,,,,,Data only,TALENT,https://www.wowhead.com/tbc/spell=16184,Talent: Improved Reincarnation; tree row 2
Restoration,Talent,Improved Reincarnation,16209,16184,Rank 2/2,,Reduces the cooldown of your Reincarnation spell by 20 min and increases the amount of health and mana you reincarnate with by an additional 20%.,Talent Passive,Data only,,,,,Data only,TALENT,https://www.wowhead.com/tbc/spell=16209,Talent: Improved Reincarnation; tree row 2
Restoration,Talent Ability,Mana Tide Totem,16190,16190,Rank 1/1,,Summons a Mana Tide Totem with 5 health at the feet of the caster for 12 sec that restores 6% of total mana every 3 seconds to group members within 20 yards.,Healing,Utility,300,12,3% of base mana,,Cooldown,"HEAL, MAJOR, PVE, RAID_DEFENSIVE, RESOURCE, TOTEM, TOTEM_WATER",https://www.wowhead.com/tbc/spell=16190,Talent-required | Talent: Mana Tide Totem
Restoration,Talent,Nature's Blessing,30867,30867,Rank 1/3,,Increases your spell damage and healing by an amount equal to 10% of your Intellect.,Talent Passive,Data only,,,,,Data only,TALENT,https://www.wowhead.com/tbc/spell=30867,Talent: Nature's Blessing; tree row 8
Restoration,Talent,Nature's Blessing,30868,30867,Rank 2/3,,Increases your spell damage and healing by an amount equal to 20% of your Intellect.,Talent Passive,Data only,,,,,Data only,TALENT,https://www.wowhead.com/tbc/spell=30868,Talent: Nature's Blessing; tree row 8
Restoration,Talent,Nature's Blessing,30869,30867,Rank 3/3,,Increases your spell damage and healing by an amount equal to 30% of your Intellect.,Talent Passive,Data only,,,,,Data only,TALENT,https://www.wowhead.com/tbc/spell=30869,Talent: Nature's Blessing; tree row 8
Restoration,Talent,Nature's Guardian,30881,30881,Rank 1/5,,"Whenever a damaging attack is taken that reduces you below 30% health, you have a 10% chance to heal 10% of your total health and reduce your threat level on that target. 5 second cooldown.",Talent Passive,Data only,5,,,,Data only,TALENT,https://www.wowhead.com/tbc/spell=30881,Talent: Nature's Guardian; tree row 7
Restoration,Talent,Nature's Guardian,30883,30881,Rank 2/5,,"Whenever a damaging attack is taken that reduces you below 30% health, you have a 20% chance to heal 10% of your total health and reduce your threat level on that target. 5 second cooldown.",Talent Passive,Data only,5,,,,Data only,TALENT,https://www.wowhead.com/tbc/spell=30883,Talent: Nature's Guardian; tree row 7
Restoration,Talent,Nature's Guardian,30884,30881,Rank 3/5,,"Whenever a damaging attack is taken that reduces you below 30% health, you have a 30% chance to heal 10% of your total health and reduce your threat level on that target. 5 second cooldown.",Talent Passive,Data only,5,,,,Data only,TALENT,https://www.wowhead.com/tbc/spell=30884,Talent: Nature's Guardian; tree row 7
Restoration,Talent,Nature's Guardian,30885,30881,Rank 4/5,,"Whenever a damaging attack is taken that reduces you below 30% health, you have a 40% chance to heal 10% of your total health and reduce your threat level on that target. 5 second cooldown.",Talent Passive,Data only,5,,,,Data only,TALENT,https://www.wowhead.com/tbc/spell=30885,Talent: Nature's Guardian; tree row 7
Restoration,Talent,Nature's Guardian,30886,30881,Rank 5/5,,"Whenever a damaging attack is taken that reduces you below 30% health, you have a 50% chance to heal 10% of your total health and reduce your threat level on that target. 5 second cooldown.",Talent Passive,Data only,5,,,,Data only,TALENT,https://www.wowhead.com/tbc/spell=30886,Talent: Nature's Guardian; tree row 7
Restoration,Talent,Nature's Guidance,16180,16180,Rank 1/3,,Increases your chance to hit with melee attacks and spells by 1%.,Talent Passive,Data only,,,,,Data only,TALENT,https://www.wowhead.com/tbc/spell=16180,Talent: Nature's Guidance; tree row 3
Restoration,Talent,Nature's Guidance,16196,16180,Rank 2/3,,Increases your chance to hit with melee attacks and spells by 2%.,Talent Passive,Data only,,,,,Data only,TALENT,https://www.wowhead.com/tbc/spell=16196,Talent: Nature's Guidance; tree row 3
Restoration,Talent,Nature's Guidance,16198,16180,Rank 3/3,,Increases your chance to hit with melee attacks and spells by 3%.,Talent Passive,Data only,,,,,Data only,TALENT,https://www.wowhead.com/tbc/spell=16198,Talent: Nature's Guidance; tree row 3
Restoration,Talent Ability,Nature's Swiftness,16188,16188,Rank 1/1,,"When activated, your next Nature spell with a casting time less than 10 sec. becomes an instant cast spell.",Healing,Utility,180,,,,Cooldown + aura,"HAS_BUFF, HEAL, MAJOR, PVE_PVP",https://www.wowhead.com/tbc/spell=16188,Talent-required | Talent: Nature's Swiftness
Restoration,Talent,Purification,16178,16178,Rank 1/5,,Increases the effectiveness of your healing spells by 2%.,Talent Passive,Data only,,,,,Data only,TALENT,https://www.wowhead.com/tbc/spell=16178,Talent: Purification; tree row 6
Restoration,Talent,Purification,16210,16178,Rank 2/5,,Increases the effectiveness of your healing spells by 4%.,Talent Passive,Data only,,,,,Data only,TALENT,https://www.wowhead.com/tbc/spell=16210,Talent: Purification; tree row 6
Restoration,Talent,Purification,16211,16178,Rank 3/5,,Increases the effectiveness of your healing spells by 6%.,Talent Passive,Data only,,,,,Data only,TALENT,https://www.wowhead.com/tbc/spell=16211,Talent: Purification; tree row 6
Restoration,Talent,Purification,16212,16178,Rank 4/5,,Increases the effectiveness of your healing spells by 8%.,Talent Passive,Data only,,,,,Data only,TALENT,https://www.wowhead.com/tbc/spell=16212,Talent: Purification; tree row 6
Restoration,Talent,Purification,16213,16178,Rank 5/5,,Increases the effectiveness of your healing spells by 10%.,Talent Passive,Data only,,,,,Data only,TALENT,https://www.wowhead.com/tbc/spell=16213,Talent: Purification; tree row 6
Restoration,Talent,Restorative Totems,16187,16187,Rank 1/5,,Increases the effect of your Mana Spring and Healing Stream Totems by 5%.,Talent Passive,Data only,,,,,Data only,TALENT,https://www.wowhead.com/tbc/spell=16187,Talent: Restorative Totems; tree row 4
Restoration,Talent,Restorative Totems,16205,16187,Rank 2/5,,Increases the effect of your Mana Spring and Healing Stream Totems by 10%.,Talent Passive,Data only,,,,,Data only,TALENT,https://www.wowhead.com/tbc/spell=16205,Talent: Restorative Totems; tree row 4
Restoration,Talent,Restorative Totems,16206,16187,Rank 3/5,,Increases the effect of your Mana Spring and Healing Stream Totems by 15%.,Talent Passive,Data only,,,,,Data only,TALENT,https://www.wowhead.com/tbc/spell=16206,Talent: Restorative Totems; tree row 4
Restoration,Talent,Restorative Totems,16207,16187,Rank 4/5,,Increases the effect of your Mana Spring and Healing Stream Totems by 20%.,Talent Passive,Data only,,,,,Data only,TALENT,https://www.wowhead.com/tbc/spell=16207,Talent: Restorative Totems; tree row 4
Restoration,Talent,Restorative Totems,16208,16187,Rank 5/5,,Increases the effect of your Mana Spring and Healing Stream Totems by 25%.,Talent Passive,Data only,,,,,Data only,TALENT,https://www.wowhead.com/tbc/spell=16208,Talent: Restorative Totems; tree row 4
Restoration,Talent,Tidal Focus,16179,16179,Rank 1/5,,Reduces the mana cost of your healing spells by 1%.,Talent Passive,Data only,,,,,Data only,TALENT,https://www.wowhead.com/tbc/spell=16179,Talent: Tidal Focus; tree row 1
Restoration,Talent,Tidal Focus,16214,16179,Rank 2/5,,Reduces the mana cost of your healing spells by 2%.,Talent Passive,Data only,,,,,Data only,TALENT,https://www.wowhead.com/tbc/spell=16214,Talent: Tidal Focus; tree row 1
Restoration,Talent,Tidal Focus,16215,16179,Rank 3/5,,Reduces the mana cost of your healing spells by 3%.,Talent Passive,Data only,,,,,Data only,TALENT,https://www.wowhead.com/tbc/spell=16215,Talent: Tidal Focus; tree row 1
Restoration,Talent,Tidal Focus,16216,16179,Rank 4/5,,Reduces the mana cost of your healing spells by 4%.,Talent Passive,Data only,,,,,Data only,TALENT,https://www.wowhead.com/tbc/spell=16216,Talent: Tidal Focus; tree row 1
Restoration,Talent,Tidal Focus,16217,16179,Rank 5/5,,Reduces the mana cost of your healing spells by 5%.,Talent Passive,Data only,,,,,Data only,TALENT,https://www.wowhead.com/tbc/spell=16217,Talent: Tidal Focus; tree row 1
Restoration,Talent,Tidal Mastery,16194,16194,Rank 1/5,,Increases the critical effect chance of your healing and lightning spells by 1%.,Talent Passive,Data only,,,,,Data only,TALENT,https://www.wowhead.com/tbc/spell=16194,Talent: Tidal Mastery; tree row 4
Restoration,Talent,Tidal Mastery,16218,16194,Rank 2/5,,Increases the critical effect chance of your healing and lightning spells by 2%.,Talent Passive,Data only,,,,,Data only,TALENT,https://www.wowhead.com/tbc/spell=16218,Talent: Tidal Mastery; tree row 4
Restoration,Talent,Tidal Mastery,16219,16194,Rank 3/5,,Increases the critical effect chance of your healing and lightning spells by 3%.,Talent Passive,Data only,,,,,Data only,TALENT,https://www.wowhead.com/tbc/spell=16219,Talent: Tidal Mastery; tree row 4
Restoration,Talent,Tidal Mastery,16220,16194,Rank 4/5,,Increases the critical effect chance of your healing and lightning spells by 4%.,Talent Passive,Data only,,,,,Data only,TALENT,https://www.wowhead.com/tbc/spell=16220,Talent: Tidal Mastery; tree row 4
Restoration,Talent,Tidal Mastery,16221,16194,Rank 5/5,,Increases the critical effect chance of your healing and lightning spells by 5%.,Talent Passive,Data only,,,,,Data only,TALENT,https://www.wowhead.com/tbc/spell=16221,Talent: Tidal Mastery; tree row 4
Restoration,Talent,Totemic Focus,16173,16173,Rank 1/5,,Reduces the mana cost of your totems by 5%.,Talent Passive,Data only,,,,,Data only,TALENT,https://www.wowhead.com/tbc/spell=16173,Talent: Totemic Focus; tree row 2
Restoration,Talent,Totemic Focus,16222,16173,Rank 2/5,,Reduces the mana cost of your totems by 10%.,Talent Passive,Data only,,,,,Data only,TALENT,https://www.wowhead.com/tbc/spell=16222,Talent: Totemic Focus; tree row 2
Restoration,Talent,Totemic Focus,16223,16173,Rank 3/5,,Reduces the mana cost of your totems by 15%.,Talent Passive,Data only,,,,,Data only,TALENT,https://www.wowhead.com/tbc/spell=16223,Talent: Totemic Focus; tree row 2
Restoration,Talent,Totemic Focus,16224,16173,Rank 4/5,,Reduces the mana cost of your totems by 20%.,Talent Passive,Data only,,,,,Data only,TALENT,https://www.wowhead.com/tbc/spell=16224,Talent: Totemic Focus; tree row 2
Restoration,Talent,Totemic Focus,16225,16173,Rank 5/5,,Reduces the mana cost of your totems by 25%.,Talent Passive,Data only,,,,,Data only,TALENT,https://www.wowhead.com/tbc/spell=16225,Talent: Totemic Focus; tree row 2
Restoration,Talent,Totemic Mastery,16189,16189,Rank 1/1,,The radius of your totems that affect friendly targets is increased to 30 yards.,Talent Passive,Data only,,,,,Data only,TALENT,https://www.wowhead.com/tbc/spell=16189,Talent: Totemic Mastery; tree row 3
