Specialization,Type,Name,Spell ID,Canonical ID,Rank,Learned Level,Description,Category,HUD Row,Cooldown,Duration,Resource Cost,Aura ID,Track Mode,Tags,Wowhead Source,Notes
Affliction,Ability,Seed of Corruption,27243,27243,,70,"Imbeds a demon seed in the enemy target, causing 1044 Shadow damage over 18 sec. When the target takes 1044 total damage or dies, the seed will inflict 1110 to 1290 Shadow damage to all other enemies within 15 yards of the target. Only one Corruption spell per Warlock can be active on any one target.",Offensive,Main,0,18,882 Mana,,Cooldown,"AOE, DEBUFF, DPS, PVE",https://www.wowhead.com/tbc/spell=27243,
Affliction,Talent Ability,Amplify Curse,18288,18288,Rank 1/1,,"Increases the effect of your next Curse of Doom or Curse of Agony by 50%, or your next Curse of Exhaustion by an additional 20%. Lasts 30 sec.",Offensive,Main,180,30,,,Cooldown + aura,"DPS, HAS_BUFF, MAJOR",https://www.wowhead.com/tbc/spell=18288,Talent-required | Talent: Amplify Curse
Affliction,Talent,Contagion,30060,30060,Rank 1/5,,"Increases the damage of Curse of Agony, Corruption and Seed of Corruption by 1% and reduces the chance your Affliction spells will be dispelled by an additional 6%.",Talent Passive,Data only,,,,,Data only,TALENT,https://www.wowhead.com/tbc/spell=30060,Talent: Contagion; tree row 7
Affliction,Talent,Contagion,30061,30060,Rank 2/5,,"Increases the damage of Curse of Agony, Corruption and Seed of Corruption by 2% and reduces the chance your Affliction spells will be dispelled by an additional 12%.",Talent Passive,Data only,,,,,Data only,TALENT,https://www.wowhead.com/tbc/spell=30061,Talent: Contagion; tree row 7
Affliction,Talent,Contagion,30062,30060,Rank 3/5,,"Increases the damage of Curse of Agony, Corruption and Seed of Corruption by 3% and reduces the chance your Affliction spells will be dispelled by an additional 18%.",Talent Passive,Data only,,,,,Data only,TALENT,https://www.wowhead.com/tbc/spell=30062,Talent: Contagion; tree row 7
Affliction,Talent,Contagion,30063,30060,Rank 4/5,,"Increases the damage of Curse of Agony, Corruption and Seed of Corruption by 4% and reduces the chance your Affliction spells will be dispelled by an additional 24%.",Talent Passive,Data only,,,,,Data only,TALENT,https://www.wowhead.com/tbc/spell=30063,Talent: Contagion; tree row 7
Affliction,Talent,Contagion,30064,30060,Rank 5/5,,"Increases the damage of Curse of Agony, Corruption and Seed of Corruption by 5% and reduces the chance your Affliction spells will be dispelled by an additional 30%.",Talent Passive,Data only,,,,,Data only,TALENT,https://www.wowhead.com/tbc/spell=30064,Talent: Contagion; tree row 7
Affliction,Talent Ability,Curse of Exhaustion,18223,18223,Rank 1/1,,"Reduces the target's movement speed by 
30
% for 12 sec. Only one Curse per Warlock can be active on any one target.",Crowd Control,Utility,0,12,6% of base mana,,Cooldown,"CC_SOFT, DEBUFF",https://www.wowhead.com/tbc/spell=18223,Talent-required | Talent: Curse of Exhaustion
Affliction,Talent Ability,Dark Pact,18220,18220,Rank 1/1,,"Drains 305 of your pet's Mana, returning 100% to you.",Resource,Main,0,,,,Cooldown,RESOURCE,https://www.wowhead.com/tbc/spell=18220,Talent-required | Talent: Dark Pact
Affliction,Talent,Empowered Corruption,32381,32381,Rank 1/3,,Your Corruption spell gains an additional 12% of your bonus spell damage effects.,Talent Passive,Data only,,,,,Data only,TALENT,https://www.wowhead.com/tbc/spell=32381,Talent: Empowered Corruption; tree row 4
Affliction,Talent,Empowered Corruption,32382,32381,Rank 2/3,,Your Corruption spell gains an additional 24% of your bonus spell damage effects.,Talent Passive,Data only,,,,,Data only,TALENT,https://www.wowhead.com/tbc/spell=32382,Talent: Empowered Corruption; tree row 4
Affliction,Talent,Empowered Corruption,32383,32381,Rank 3/3,,Your Corruption spell gains an additional 36% of your bonus spell damage effects.,Talent Passive,Data only,,,,,Data only,TALENT,https://www.wowhead.com/tbc/spell=32383,Talent: Empowered Corruption; tree row 4
Affliction,Talent,Fel Concentration,17783,17783,Rank 1/5,,"Gives you a 14% chance to avoid interruption caused by damage while channeling the Drain Life, Drain Mana, or Drain Soul spell.",Talent Passive,Data only,,,,,Data only,TALENT,https://www.wowhead.com/tbc/spell=17783,Talent: Fel Concentration; tree row 3
Affliction,Talent,Fel Concentration,17784,17783,Rank 2/5,,"Gives you a 28% chance to avoid interruption caused by damage while channeling the Drain Life, Drain Mana, or Drain Soul spell.",Talent Passive,Data only,,,,,Data only,TALENT,https://www.wowhead.com/tbc/spell=17784,Talent: Fel Concentration; tree row 3
Affliction,Talent,Fel Concentration,17785,17783,Rank 3/5,,"Gives you a 42% chance to avoid interruption caused by damage while channeling the Drain Life, Drain Mana, or Drain Soul spell.",Talent Passive,Data only,,,,,Data only,TALENT,https://www.wowhead.com/tbc/spell=17785,Talent: Fel Concentration; tree row 3
Affliction,Talent,Fel Concentration,17786,17783,Rank 4/5,,"Gives you a 56% chance to avoid interruption caused by damage while channeling the Drain Life, Drain Mana, or Drain Soul spell.",Talent Passive,Data only,,,,,Data only,TALENT,https://www.wowhead.com/tbc/spell=17786,Talent: Fel Concentration; tree row 3
Affliction,Talent,Fel Concentration,17787,17783,Rank 5/5,,"Gives you a 70% chance to avoid interruption caused by damage while channeling the Drain Life, Drain Mana, or Drain Soul spell.",Talent Passive,Data only,,,,,Data only,TALENT,https://www.wowhead.com/tbc/spell=17787,Talent: Fel Concentration; tree row 3
Affliction,Talent,Grim Reach,18218,18218,Rank 1/2,,Increases the range of your Affliction spells by 10%.,Talent Passive,Data only,,,,,Data only,TALENT,https://www.wowhead.com/tbc/spell=18218,Talent: Grim Reach; tree row 4
Affliction,Talent,Grim Reach,18219,18218,Rank 2/2,,Increases the range of your Affliction spells by 20%.,Talent Passive,Data only,,,,,Data only,TALENT,https://www.wowhead.com/tbc/spell=18219,Talent: Grim Reach; tree row 4
Affliction,Talent Ability,Howl of Terror,5484,5484,Rank 1,40,"Howl, causing 5 enemies within 10 yds to flee in terror for 6 sec. Damage caused may interrupt the effect.",Crowd Control,Utility,40,8,150 Mana,,Cooldown,"CC_HARD, FEAR",https://www.wowhead.com/tbc/spell=5484,Talent-required
Affliction,Talent Ability,Howl of Terror,17928,5484,Rank 2,54,"Howl, causing 5 enemies within 10 yds to flee in terror for 8 sec. Damage caused may interrupt the effect.",Crowd Control,Utility,40,8,200 Mana,,Cooldown,"CC_HARD, FEAR",https://www.wowhead.com/tbc/spell=17928,Talent-required
Affliction,Talent,Improved Corruption,17810,17810,Rank 1/5,,Reduces the casting time of your Corruption spell by 0.4 sec.,Talent Passive,Data only,,,,,Data only,TALENT,https://www.wowhead.com/tbc/spell=17810,Talent: Improved Corruption; tree row 1
Affliction,Talent,Improved Corruption,17811,17810,Rank 2/5,,Reduces the casting time of your Corruption spell by 0.8 sec.,Talent Passive,Data only,,,,,Data only,TALENT,https://www.wowhead.com/tbc/spell=17811,Talent: Improved Corruption; tree row 1
Affliction,Talent,Improved Corruption,17812,17810,Rank 3/5,,Reduces the casting time of your Corruption spell by 1.2 sec.,Talent Passive,Data only,,,,,Data only,TALENT,https://www.wowhead.com/tbc/spell=17812,Talent: Improved Corruption; tree row 1
Affliction,Talent,Improved Corruption,17813,17810,Rank 4/5,,Reduces the casting time of your Corruption spell by 1.6 sec.,Talent Passive,Data only,,,,,Data only,TALENT,https://www.wowhead.com/tbc/spell=17813,Talent: Improved Corruption; tree row 1
Affliction,Talent,Improved Corruption,17814,17810,Rank 5/5,,Reduces the casting time of your Corruption spell by 2 sec.,Talent Passive,Data only,,,,,Data only,TALENT,https://www.wowhead.com/tbc/spell=17814,Talent: Improved Corruption; tree row 1
Affliction,Talent,Improved Curse of Agony,18827,18827,Rank 1/2,,Increases the damage done by your Curse of Agony by 5%.,Talent Passive,Data only,,,,,Data only,TALENT,https://www.wowhead.com/tbc/spell=18827,Talent: Improved Curse of Agony; tree row 3
Affliction,Talent,Improved Curse of Agony,18829,18827,Rank 2/2,,Increases the damage done by your Curse of Agony by 10%.,Talent Passive,Data only,,,,,Data only,TALENT,https://www.wowhead.com/tbc/spell=18829,Talent: Improved Curse of Agony; tree row 3
Affliction,Talent,Improved Curse of Weakness,18179,18179,Rank 1/2,,Increases the effect of your Curse of Weakness by 10%.,Talent Passive,Data only,,,,,Data only,TALENT,https://www.wowhead.com/tbc/spell=18179,Talent: Improved Curse of Weakness; tree row 2
Affliction,Talent,Improved Curse of Weakness,18180,18179,Rank 2/2,,Increases the effect of your Curse of Weakness by 20%.,Talent Passive,Data only,,,,,Data only,TALENT,https://www.wowhead.com/tbc/spell=18180,Talent: Improved Curse of Weakness; tree row 2
Affliction,Talent,Improved Drain Soul,18213,18213,Rank 1/2,,"Returns 7% of your maximum mana if the target is killed by you while you drain its soul. In addition, your Affliction spells generate 5% less threat.",Talent Passive,Data only,,,,,Data only,TALENT,https://www.wowhead.com/tbc/spell=18213,Talent: Improved Drain Soul; tree row 2
Affliction,Talent,Improved Drain Soul,18372,18213,Rank 2/2,,"Returns 15% of your maximum mana if the target is killed by you while you drain its soul. In addition, your Affliction spells generate 10% less threat.",Talent Passive,Data only,,,,,Data only,TALENT,https://www.wowhead.com/tbc/spell=18372,Talent: Improved Drain Soul; tree row 2
Affliction,Talent,Improved Howl of Terror,30054,30054,Rank 1/2,,Reduces the casting time of your Howl of Terror spell by 0.8 sec.,Talent Passive,Data only,,,,,Data only,TALENT,https://www.wowhead.com/tbc/spell=30054,Talent: Improved Howl of Terror; tree row 8
Affliction,Talent,Improved Howl of Terror,30057,30054,Rank 2/2,,Reduces the casting time of your Howl of Terror spell by 1.5 sec.,Talent Passive,Data only,,,,,Data only,TALENT,https://www.wowhead.com/tbc/spell=30057,Talent: Improved Howl of Terror; tree row 8
Affliction,Talent,Improved Life Tap,18182,18182,Rank 1/2,,Increases the amount of Mana awarded by your Life Tap spell by 10%.,Talent Passive,Data only,,,,,Data only,TALENT,https://www.wowhead.com/tbc/spell=18182,Talent: Improved Life Tap; tree row 2
Affliction,Talent,Improved Life Tap,18183,18182,Rank 2/2,,Increases the amount of Mana awarded by your Life Tap spell by 20%.,Talent Passive,Data only,,,,,Data only,TALENT,https://www.wowhead.com/tbc/spell=18183,Talent: Improved Life Tap; tree row 2
Affliction,Talent,Malediction,32477,32477,Rank 1/3,,Increases the damage bonus effect of your Curse of the Elements spell by an additional 1%.,Talent Passive,Data only,,,,,Data only,TALENT,https://www.wowhead.com/tbc/spell=32477,Talent: Malediction; tree row 8
Affliction,Talent,Malediction,32483,32477,Rank 2/3,,Increases the damage bonus effect of your Curse of the Elements spell by an additional 2%.,Talent Passive,Data only,,,,,Data only,TALENT,https://www.wowhead.com/tbc/spell=32483,Talent: Malediction; tree row 8
Affliction,Talent,Malediction,32484,32477,Rank 3/3,,Increases the damage bonus effect of your Curse of the Elements spell by an additional 3%.,Talent Passive,Data only,,,,,Data only,TALENT,https://www.wowhead.com/tbc/spell=32484,Talent: Malediction; tree row 8
Affliction,Talent,Nightfall,18094,18094,Rank 1/2,,Gives your Corruption and Drain Life spells a 2% chance to cause you to enter a Shadow Trance state after damaging the opponent. The Shadow Trance state reduces the casting time of your next Shadow Bolt spell by 100%.,Talent Passive,Data only,,,,,Data only,TALENT,https://www.wowhead.com/tbc/spell=18094,Talent: Nightfall; tree row 4
Affliction,Talent,Nightfall,18095,18094,Rank 2/2,,Gives your Corruption and Drain Life spells a 4% chance to cause you to enter a Shadow Trance state after damaging the opponent. The Shadow Trance state reduces the casting time of your next Shadow Bolt spell by 100%.,Talent Passive,Data only,,,,,Data only,TALENT,https://www.wowhead.com/tbc/spell=18095,Talent: Nightfall; tree row 4
Affliction,Talent,Shadow Embrace,32385,32385,Rank 1/5,,"Your Corruption, Curse of Agony, Siphon Life and Seed of Corruption spells also cause the Shadow Embrace effect, which reduces physical damage caused by 1%.",Talent Passive,Data only,,,,,Data only,TALENT,https://www.wowhead.com/tbc/spell=32385,Talent: Shadow Embrace; tree row 5
Affliction,Talent,Shadow Embrace,32387,32385,Rank 2/5,,"Your Corruption, Curse of Agony, Siphon Life and Seed of Corruption spells also cause the Shadow Embrace effect, which reduces physical damage caused by 2%.",Talent Passive,Data only,,,,,Data only,TALENT,https://www.wowhead.com/tbc/spell=32387,Talent: Shadow Embrace; tree row 5
Affliction,Talent,Shadow Embrace,32392,32385,Rank 3/5,,"Your Corruption, Curse of Agony, Siphon Life and Seed of Corruption spells also cause the Shadow Embrace effect, which reduces physical damage caused by 3%.",Talent Passive,Data only,,,,,Data only,TALENT,https://www.wowhead.com/tbc/spell=32392,Talent: Shadow Embrace; tree row 5
Affliction,Talent,Shadow Embrace,32393,32385,Rank 4/5,,"Your Corruption, Curse of Agony, Siphon Life and Seed of Corruption spells also cause the Shadow Embrace effect, which reduces physical damage caused by 4%.",Talent Passive,Data only,,,,,Data only,TALENT,https://www.wowhead.com/tbc/spell=32393,Talent: Shadow Embrace; tree row 5
Affliction,Talent,Shadow Embrace,32394,32385,Rank 5/5,,"Your Corruption, Curse of Agony, Siphon Life and Seed of Corruption spells also cause the Shadow Embrace effect, which reduces physical damage caused by 5%.",Talent Passive,Data only,,,,,Data only,TALENT,https://www.wowhead.com/tbc/spell=32394,Talent: Shadow Embrace; tree row 5
Affliction,Talent,Shadow Mastery,18271,18271,Rank 1/5,,Increases the damage dealt or life drained by your Shadow spells by 2%.,Talent Passive,Data only,,,,,Data only,TALENT,https://www.wowhead.com/tbc/spell=18271,Talent: Shadow Mastery; tree row 6
Affliction,Talent,Shadow Mastery,18272,18271,Rank 2/5,,Increases the damage dealt or life drained by your Shadow spells by 4%.,Talent Passive,Data only,,,,,Data only,TALENT,https://www.wowhead.com/tbc/spell=18272,Talent: Shadow Mastery; tree row 6
Affliction,Talent,Shadow Mastery,18273,18271,Rank 3/5,,Increases the damage dealt or life drained by your Shadow spells by 6%.,Talent Passive,Data only,,,,,Data only,TALENT,https://www.wowhead.com/tbc/spell=18273,Talent: Shadow Mastery; tree row 6
Affliction,Talent,Shadow Mastery,18274,18271,Rank 4/5,,Increases the damage dealt or life drained by your Shadow spells by 8%.,Talent Passive,Data only,,,,,Data only,TALENT,https://www.wowhead.com/tbc/spell=18274,Talent: Shadow Mastery; tree row 6
Affliction,Talent,Shadow Mastery,18275,18271,Rank 5/5,,Increases the damage dealt or life drained by your Shadow spells by 10%.,Talent Passive,Data only,,,,,Data only,TALENT,https://www.wowhead.com/tbc/spell=18275,Talent: Shadow Mastery; tree row 6
Affliction,Talent Ability,Siphon Life,18265,18265,Rank 1/1,,Transfers 15 health from the target to the caster every 3 sec. Lasts 30 sec.,Offensive,Main,0,30,140 Mana,,Cooldown + aura,"DPS, HAS_DEBUFF, PVE, ROTATIONAL",https://www.wowhead.com/tbc/spell=18265,Talent-required | Talent: Siphon Life
Affliction,Talent Ability,Siphon Life,18879,18265,Rank 2,38,Transfers 22 health from the target to the caster every 3 sec. Lasts 30 sec.,Offensive,Main,0,30,190 Mana,,Cooldown + aura,"DPS, HAS_DEBUFF, PVE, ROTATIONAL",https://www.wowhead.com/tbc/spell=18879,Talent-required
Affliction,Talent Ability,Siphon Life,18880,18265,Rank 3,48,Transfers 33 health from the target to the caster every 3 sec. Lasts 30 sec.,Offensive,Main,0,30,250 Mana,,Cooldown + aura,"DPS, HAS_DEBUFF, PVE, ROTATIONAL",https://www.wowhead.com/tbc/spell=18880,Talent-required
Affliction,Talent Ability,Siphon Life,18881,18265,Rank 4,58,Transfers 45 health from the target to the caster every 3 sec. Lasts 30 sec.,Offensive,Main,0,30,310 Mana,,Cooldown + aura,"DPS, HAS_DEBUFF, PVE, ROTATIONAL",https://www.wowhead.com/tbc/spell=18881,Talent-required
Affliction,Talent Ability,Siphon Life,27264,18265,Rank 5,63,Transfers 52 health from the target to the caster every 3 sec. Lasts 30 sec.,Offensive,Main,0,30,350 Mana,,Cooldown + aura,"DPS, HAS_DEBUFF, PVE, ROTATIONAL",https://www.wowhead.com/tbc/spell=27264,Talent-required
Affliction,Talent Ability,Siphon Life,30911,18265,Rank 6,70,Transfers 63 health from the target to the caster every 3 sec. Lasts 30 sec.,Offensive,Main,0,30,410 Mana,,Cooldown + aura,"DPS, HAS_DEBUFF, PVE, ROTATIONAL",https://www.wowhead.com/tbc/spell=30911,Talent-required
Affliction,Talent,Soul Siphon,17804,17804,Rank 1/2,,"Increases the amount drained by your Drain Life spell by an additional 2% for each Affliction effect on the target, up to a maximum of 24% additional effect.",Talent Passive,Data only,,,,,Data only,TALENT,https://www.wowhead.com/tbc/spell=17804,Talent: Soul Siphon; tree row 2
Affliction,Talent,Soul Siphon,17805,17804,Rank 2/2,,"Increases the amount drained by your Drain Life spell by an additional 4% for each Affliction effect on the target, up to a maximum of 60% additional effect.",Talent Passive,Data only,,,,,Data only,TALENT,https://www.wowhead.com/tbc/spell=17805,Talent: Soul Siphon; tree row 2
Affliction,Talent,Suppression,18174,18174,Rank 1/5,,Reduces the chance for enemies to resist your Affliction spells by 2%.,Talent Passive,Data only,,,,,Data only,TALENT,https://www.wowhead.com/tbc/spell=18174,Talent: Suppression; tree row 1
Affliction,Talent,Suppression,18175,18174,Rank 2/5,,Reduces the chance for enemies to resist your Affliction spells by 4%.,Talent Passive,Data only,,,,,Data only,TALENT,https://www.wowhead.com/tbc/spell=18175,Talent: Suppression; tree row 1
Affliction,Talent,Suppression,18176,18174,Rank 3/5,,Reduces the chance for enemies to resist your Affliction spells by 6%.,Talent Passive,Data only,,,,,Data only,TALENT,https://www.wowhead.com/tbc/spell=18176,Talent: Suppression; tree row 1
Affliction,Talent,Suppression,18177,18174,Rank 4/5,,Reduces the chance for enemies to resist your Affliction spells by 8%.,Talent Passive,Data only,,,,,Data only,TALENT,https://www.wowhead.com/tbc/spell=18177,Talent: Suppression; tree row 1
Affliction,Talent,Suppression,18178,18174,Rank 5/5,,Reduces the chance for enemies to resist your Affliction spells by 10%.,Talent Passive,Data only,,,,,Data only,TALENT,https://www.wowhead.com/tbc/spell=18178,Talent: Suppression; tree row 1
Affliction,Talent Ability,Unstable Affliction,30108,30108,Rank 1/1,,"Shadow energy slowly destroys the target, causing 660 damage over 18 sec. In addition, if the Unstable Affliction is dispelled it will cause 990 damage to the dispeller and silence them for 5 sec.",Offensive,Main,0,18,270 Mana,,Cooldown,"DEBUFF, DPS, PVE, ROTATIONAL",https://www.wowhead.com/tbc/spell=30108,Talent-required | Talent: Unstable Affliction
Affliction,Talent Ability,Unstable Affliction,30404,30108,Rank 2,60,"Shadow energy slowly destroys the target, causing 840 damage over 18 sec. In addition, if the Unstable Affliction is dispelled it will cause 1260 damage to the dispeller and silence them for 5 sec.",Offensive,Main,0,18,330 Mana,,Cooldown,"DEBUFF, DPS, PVE, ROTATIONAL",https://www.wowhead.com/tbc/spell=30404,Talent-required
Affliction,Talent Ability,Unstable Affliction,30405,30108,Rank 3,70,"Shadow energy slowly destroys the target, causing 1050 damage over 18 sec. In addition, if the Unstable Affliction is dispelled it will cause 1575 damage to the dispeller and silence them for 5 sec.",Offensive,Main,0,18,400 Mana,,Cooldown,"DEBUFF, DPS, PVE, ROTATIONAL",https://www.wowhead.com/tbc/spell=30405,Talent-required
Class-wide / Shared,Ability,Banish,710,710,Rank 1,28,"Banishes the enemy target, preventing all action but making it invulnerable for up to 20 sec. Only one target can be banished at a time. Only works on Demons and Elementals.",Crowd Control,Utility,0,30,100 Mana,,Cooldown,"CC_HARD, FILLER",https://www.wowhead.com/tbc/spell=710,
Class-wide / Shared,Ability,Banish,18647,710,Rank 2,48,"Banishes the enemy target, preventing all action but making it invulnerable for up to 30 sec. Only one target can be banished at a time. Only works on Demons and Elementals.",Crowd Control,Utility,0,30,200 Mana,,Cooldown,"CC_HARD, FILLER",https://www.wowhead.com/tbc/spell=18647,
Class-wide / Shared,Ability,Burning Wish,18789,18789,,,Increases your Fire damage by 15%. Obtained by sacrificing an Imp.,Offensive,Main,0,1800,,,Cooldown,"BUFF, DPS, LONG_BUFF",https://www.wowhead.com/tbc/spell=18789,
Class-wide / Shared,Ability,Corruption,172,172,Rank 1,4,"Corrupts the target, causing 40 Shadow damage over 12 sec.",Offensive,Main,0,18,35 Mana,,Cooldown,"DEBUFF, DPS, PVE_PVP, ROTATIONAL",https://www.wowhead.com/tbc/spell=172,
Class-wide / Shared,Ability,Corruption,6222,172,Rank 2,14,"Corrupts the target, causing 90 Shadow damage over 15 sec.",Offensive,Main,0,18,55 Mana,,Cooldown,"DEBUFF, DPS, PVE_PVP, ROTATIONAL",https://www.wowhead.com/tbc/spell=6222,
Class-wide / Shared,Ability,Corruption,6223,172,Rank 3,24,"Corrupts the target, causing 222 Shadow damage over 18 sec.",Offensive,Main,0,18,100 Mana,,Cooldown,"DEBUFF, DPS, PVE_PVP, ROTATIONAL",https://www.wowhead.com/tbc/spell=6223,
Class-wide / Shared,Ability,Corruption,7648,172,Rank 4,34,"Corrupts the target, causing 324 Shadow damage over 18 sec.",Offensive,Main,0,18,160 Mana,,Cooldown,"DEBUFF, DPS, PVE_PVP, ROTATIONAL",https://www.wowhead.com/tbc/spell=7648,
Class-wide / Shared,Ability,Corruption,11671,172,Rank 5,44,"Corrupts the target, causing 486 Shadow damage over 18 sec.",Offensive,Main,0,18,225 Mana,,Cooldown,"DEBUFF, DPS, PVE_PVP, ROTATIONAL",https://www.wowhead.com/tbc/spell=11671,
Class-wide / Shared,Ability,Corruption,11672,172,Rank 6,54,"Corrupts the target, causing 666 Shadow damage over 18 sec.",Offensive,Main,0,18,290 Mana,,Cooldown,"DEBUFF, DPS, PVE_PVP, ROTATIONAL",https://www.wowhead.com/tbc/spell=11672,
Class-wide / Shared,Ability,Corruption,25311,172,Rank 7,60,"Corrupts the target, causing 822 Shadow damage over 18 sec.",Offensive,Main,0,18,340 Mana,,Cooldown,"DEBUFF, DPS, PVE_PVP, ROTATIONAL",https://www.wowhead.com/tbc/spell=25311,
Class-wide / Shared,Ability,Corruption,27216,172,Rank 8,65,"Corrupts the target, causing 900 Shadow damage over 18 sec.",Offensive,Main,0,18,370 Mana,,Cooldown,"DEBUFF, DPS, PVE_PVP, ROTATIONAL",https://www.wowhead.com/tbc/spell=27216,
Class-wide / Shared,Ability,Create Healthstone,5699,6201,Rank 1,34,"Creates a Healthstone that can be used to instantly restore 500 health.
Conjured items disappear if logged out for more than 15 minutes.",Defensive,Utility,0,,475 Mana,,Cooldown,"CREATES_CONSUMABLE, PERSONAL_DEFENSIVE, UTILITY",https://www.wowhead.com/tbc/spell=5699,
Class-wide / Shared,Ability,Create Healthstone,6201,6201,Rank 2,10,"Creates a Minor Healthstone that can be used to instantly restore 100 health.
Conjured items disappear if logged out for more than 15 minutes.",Defensive,Utility,0,,95 Mana,,Cooldown,"CREATES_CONSUMABLE, PERSONAL_DEFENSIVE, UTILITY",https://www.wowhead.com/tbc/spell=6201,
Class-wide / Shared,Ability,Create Healthstone,6202,6201,Rank 3,22,"Creates a Lesser Healthstone that can be used to instantly restore 250 health.
Conjured items disappear if logged out for more than 15 minutes.",Defensive,Utility,0,,240 Mana,,Cooldown,"CREATES_CONSUMABLE, PERSONAL_DEFENSIVE, UTILITY",https://www.wowhead.com/tbc/spell=6202,
Class-wide / Shared,Ability,Create Healthstone,11729,6201,Rank 4,46,"Creates a Greater Healthstone that can be used to instantly restore 800 health.
Conjured items disappear if logged out for more than 15 minutes.",Defensive,Utility,0,,750 Mana,,Cooldown,"CREATES_CONSUMABLE, PERSONAL_DEFENSIVE, UTILITY",https://www.wowhead.com/tbc/spell=11729,
Class-wide / Shared,Ability,Create Healthstone,11730,6201,Rank 5,58,"Creates a Major Healthstone that can be used to instantly restore 1200 health.
Conjured items disappear if logged out for more than 15 minutes.",Defensive,Utility,0,,1120 Mana,,Cooldown,"CREATES_CONSUMABLE, PERSONAL_DEFENSIVE, UTILITY",https://www.wowhead.com/tbc/spell=11730,
Class-wide / Shared,Ability,Create Healthstone,27230,6201,Rank 6,68,"Creates a Master Healthstone that can be used to instantly restore 2080 health.
Conjured items disappear if logged out for more than 15 minutes.",Defensive,Utility,0,,1390 Mana,,Cooldown,"CREATES_CONSUMABLE, PERSONAL_DEFENSIVE, UTILITY",https://www.wowhead.com/tbc/spell=27230,
Class-wide / Shared,Ability,Create Soulstone,693,693,Rank 1,18,"Creates a Minor Soulstone. The Soulstone can be used to store one target's soul. If the target dies while their soul is stored, they will be able to resurrect with 400 health and 700 mana.
Conjured items disappear if logged out for more than 15 minutes.",Utility,Utility,0,1800,68% of base mana,"20707, 20762, 20763, 20764, 20765, 27239",Cooldown + aura,"BATTLE_REZ, HAS_BUFF, LONG_BUFF, RESURRECT, UTILITY",https://www.wowhead.com/tbc/spell=693,
Class-wide / Shared,Ability,Create Soulstone,20752,693,Rank 2,30,"Creates a Lesser Soulstone. The Soulstone can be used to store one target's soul. If the target dies while their soul is stored, they will be able to resurrect with 750 health and 1200 mana.
Conjured items disappear if logged out for more than 15 minutes.",Utility,Utility,0,1800,68% of base mana,"20707, 20762, 20763, 20764, 20765, 27239",Cooldown + aura,"BATTLE_REZ, HAS_BUFF, LONG_BUFF, RESURRECT, UTILITY",https://www.wowhead.com/tbc/spell=20752,
Class-wide / Shared,Ability,Create Soulstone,20755,693,Rank 3,40,"Creates a Soulstone. The Soulstone can be used to store one target's soul. If the target dies while their soul is stored, they will be able to resurrect with 1100 health and 1700 mana.
Conjured items disappear if logged out for more than 15 minutes.",Utility,Utility,0,1800,68% of base mana,"20707, 20762, 20763, 20764, 20765, 27239",Cooldown + aura,"BATTLE_REZ, HAS_BUFF, LONG_BUFF, RESURRECT, UTILITY",https://www.wowhead.com/tbc/spell=20755,
Class-wide / Shared,Ability,Create Soulstone,20756,693,Rank 4,50,"Creates a Greater Soulstone. The Soulstone can be used to store one target's soul. If the target dies while their soul is stored, they will be able to resurrect with 1600 health and 2200 mana.
Conjured items disappear if logged out for more than 15 minutes.",Utility,Utility,0,1800,68% of base mana,"20707, 20762, 20763, 20764, 20765, 27239",Cooldown + aura,"BATTLE_REZ, HAS_BUFF, LONG_BUFF, RESURRECT, UTILITY",https://www.wowhead.com/tbc/spell=20756,
Class-wide / Shared,Ability,Create Soulstone,20757,693,Rank 5,60,"Creates a Major Soulstone. The Soulstone can be used to store one target's soul. If the target dies while their soul is stored, they will be able to resurrect with 2200 health and 2800 mana.
Conjured items disappear if logged out for more than 15 minutes.",Utility,Utility,0,1800,68% of base mana,"20707, 20762, 20763, 20764, 20765, 27239",Cooldown + aura,"BATTLE_REZ, HAS_BUFF, LONG_BUFF, RESURRECT, UTILITY",https://www.wowhead.com/tbc/spell=20757,
Class-wide / Shared,Ability,Create Soulstone,27238,693,Rank 6,70,"Creates a Master Soulstone. The Soulstone can be used to store one target's soul. If the target dies while their soul is stored, they will be able to resurrect with 2900 health and 3300 mana.
Conjured items disappear if logged out for more than 15 minutes.",Utility,Utility,0,1800,68% of base mana,"20707, 20762, 20763, 20764, 20765, 27239",Cooldown + aura,"BATTLE_REZ, HAS_BUFF, LONG_BUFF, RESURRECT, UTILITY",https://www.wowhead.com/tbc/spell=27238,
Class-wide / Shared,Ability,Curse of Agony,980,980,Rank 1,8,"Curses the target with agony, causing 84 Shadow damage over 24 sec. This damage is dealt slowly at first, and builds up as the Curse reaches its full duration. Only one Curse per Warlock can be active on any one target.",Offensive,Main,0,24,25 Mana,,Cooldown,"DEBUFF, DPS, PVE_PVP, ROTATIONAL",https://www.wowhead.com/tbc/spell=980,
Class-wide / Shared,Ability,Curse of Agony,1014,980,Rank 2,18,"Curses the target with agony, causing 180 Shadow damage over 24 sec. This damage is dealt slowly at first, and builds up as the Curse reaches its full duration. Only one Curse per Warlock can be active on any one target.",Offensive,Main,0,24,50 Mana,,Cooldown,"DEBUFF, DPS, PVE_PVP, ROTATIONAL",https://www.wowhead.com/tbc/spell=1014,
Class-wide / Shared,Ability,Curse of Agony,6217,980,Rank 3,28,"Curses the target with agony, causing 324 Shadow damage over 24 sec. This damage is dealt slowly at first, and builds up as the Curse reaches its full duration. Only one Curse per Warlock can be active on any one target.",Offensive,Main,0,24,90 Mana,,Cooldown,"DEBUFF, DPS, PVE_PVP, ROTATIONAL",https://www.wowhead.com/tbc/spell=6217,
Class-wide / Shared,Ability,Curse of Agony,11711,980,Rank 4,38,"Curses the target with agony, causing 504 Shadow damage over 24 sec. This damage is dealt slowly at first, and builds up as the Curse reaches its full duration. Only one Curse per Warlock can be active on any one target.",Offensive,Main,0,24,130 Mana,,Cooldown,"DEBUFF, DPS, PVE_PVP, ROTATIONAL",https://www.wowhead.com/tbc/spell=11711,
Class-wide / Shared,Ability,Curse of Agony,11712,980,Rank 5,48,"Curses the target with agony, causing 780 Shadow damage over 24 sec. This damage is dealt slowly at first, and builds up as the Curse reaches its full duration. Only one Curse per Warlock can be active on any one target.",Offensive,Main,0,24,170 Mana,,Cooldown,"DEBUFF, DPS, PVE_PVP, ROTATIONAL",https://www.wowhead.com/tbc/spell=11712,
Class-wide / Shared,Ability,Curse of Agony,11713,980,Rank 6,58,"Curses the target with agony, causing 1044 Shadow damage over 24 sec. This damage is dealt slowly at first, and builds up as the Curse reaches its full duration. Only one Curse per Warlock can be active on any one target.",Offensive,Main,0,24,215 Mana,,Cooldown,"DEBUFF, DPS, PVE_PVP, ROTATIONAL",https://www.wowhead.com/tbc/spell=11713,
Class-wide / Shared,Ability,Curse of Agony,27218,980,Rank 7,67,"Curses the target with agony, causing 1356 Shadow damage over 24 sec. This damage is dealt slowly at first, and builds up as the Curse reaches its full duration. Only one Curse per Warlock can be active on any one target.",Offensive,Main,0,24,265 Mana,,Cooldown,"DEBUFF, DPS, PVE_PVP, ROTATIONAL",https://www.wowhead.com/tbc/spell=27218,
Class-wide / Shared,Ability,Curse of Doom,603,603,Rank 1,60,"Curses the target with impending doom, causing 3200 Shadow damage after 1 min. If the target dies from this damage, there is a chance that a Doomguard will be summoned. Cannot be cast on players.",Offensive,Main,60,60,300 Mana,,Cooldown + aura,"DEBUFF, DPS, MAINTENANCE, PVE",https://www.wowhead.com/tbc/spell=603,
Class-wide / Shared,Ability,Curse of Doom,30910,603,Rank 2,70,"Curses the target with impending doom, causing 4200 Shadow damage after 1 min. If the target dies from this damage, there is a chance that a Doomguard will be summoned. Cannot be cast on players.",Offensive,Main,60,60,380 Mana,,Cooldown + aura,"DEBUFF, DPS, MAINTENANCE, PVE",https://www.wowhead.com/tbc/spell=30910,
Class-wide / Shared,Ability,Curse of Recklessness,704,704,Rank 1,14,"Curses the target with recklessness, increasing melee attack power by 20 but reducing armor by 140 for 2 min. Cursed enemies will not flee and will ignore Fear and Horror effects. Only one Curse per Warlock can be active on any one target.",Defensive,Utility,0,120,35 Mana,,Cooldown,"CC_BREAK, DEBUFF, UTILITY",https://www.wowhead.com/tbc/spell=704,
Class-wide / Shared,Ability,Curse of Recklessness,7658,704,Rank 2,28,"Curses the target with recklessness, increasing melee attack power by 45 but reducing armor by 290 for 2 min. Cursed enemies will not flee and will ignore Fear and Horror effects. Only one Curse per Warlock can be active on any one target.",Defensive,Utility,0,120,60 Mana,,Cooldown,"CC_BREAK, DEBUFF, UTILITY",https://www.wowhead.com/tbc/spell=7658,
Class-wide / Shared,Ability,Curse of Recklessness,7659,704,Rank 3,42,"Curses the target with recklessness, increasing melee attack power by 65 but reducing armor by 465 for 2 min. Cursed enemies will not flee and will ignore Fear and Horror effects. Only one Curse per Warlock can be active on any one target.",Defensive,Utility,0,120,90 Mana,,Cooldown,"CC_BREAK, DEBUFF, UTILITY",https://www.wowhead.com/tbc/spell=7659,
Class-wide / Shared,Ability,Curse of Recklessness,11717,704,Rank 4,56,"Curses the target with recklessness, increasing melee attack power by 90 but reducing armor by 640 for 2 min. Cursed enemies will not flee and will ignore Fear and Horror effects. Only one Curse per Warlock can be active on any one target.",Defensive,Utility,0,120,115 Mana,,Cooldown,"CC_BREAK, DEBUFF, UTILITY",https://www.wowhead.com/tbc/spell=11717,
Class-wide / Shared,Ability,Curse of Recklessness,27226,704,Rank 5,69,"Curses the target with recklessness, increasing melee attack power by 135 but reducing armor by 800 for 2 min. Cursed enemies will not flee and will ignore Fear and Horror effects. Only one Curse per Warlock can be active on any one target.",Defensive,Utility,0,120,160 Mana,,Cooldown,"CC_BREAK, DEBUFF, UTILITY",https://www.wowhead.com/tbc/spell=27226,
Class-wide / Shared,Ability,Curse of Shadow,17862,17862,Rank 1,44,"Curses the target for 5 min, reducing Shadow and Arcane resistances by 60 and increasing Shadow and Arcane damage taken by 8%. Only one Curse per Warlock can be active on any one target.",Utility,Utility,0,300,150 Mana,,Cooldown,"DEBUFF, RAID_DEFENSIVE, UTILITY",https://www.wowhead.com/tbc/spell=17862,
Class-wide / Shared,Ability,Curse of Shadow,17937,17862,Rank 2,56,"Curses the target for 5 min, reducing Shadow and Arcane resistances by 75 and increasing Shadow and Arcane damage taken by 10%. Only one Curse per Warlock can be active on any one target.",Utility,Utility,0,300,200 Mana,,Cooldown,"DEBUFF, RAID_DEFENSIVE, UTILITY",https://www.wowhead.com/tbc/spell=17937,
Class-wide / Shared,Ability,Curse of Shadow,27229,17862,Rank 3,67,"Curses the target for 5 min, reducing Shadow and Arcane resistances by 88 and increasing Shadow and Arcane damage taken by 10%. Only one Curse per Warlock can be active on any one target.",Utility,Utility,0,300,260 Mana,,Cooldown,"DEBUFF, RAID_DEFENSIVE, UTILITY",https://www.wowhead.com/tbc/spell=27229,
Class-wide / Shared,Ability,Curse of Tongues,1714,1714,Rank 1,26,"Forces the target to speak in Demonic, increasing the casting time of all spells by 50%. Only one Curse per Warlock can be active on any one target. Lasts 30 sec.",Interrupt,Utility,0,30,80 Mana,,Cooldown,"CC_SOFT, DEBUFF, SILENCE",https://www.wowhead.com/tbc/spell=1714,
Class-wide / Shared,Ability,Curse of Tongues,11719,1714,Rank 2,50,"Forces the target to speak in Demonic, increasing the casting time of all spells by 60%. Only one Curse per Warlock can be active on any one target. Lasts 30 sec.",Interrupt,Utility,0,30,110 Mana,,Cooldown,"CC_SOFT, DEBUFF, SILENCE",https://www.wowhead.com/tbc/spell=11719,
Class-wide / Shared,Ability,Curse of Weakness,702,702,Rank 1,4,Target's melee attack power is reduced by 21 for 2 min. Only one Curse per Warlock can be active on any one target.,Utility,Utility,0,120,20 Mana,,Cooldown,"DEBUFF, UTILITY",https://www.wowhead.com/tbc/spell=702,
Class-wide / Shared,Ability,Curse of Weakness,1108,702,Rank 2,12,Target's melee attack power is reduced by 41 for 2 min. Only one Curse per Warlock can be active on any one target.,Utility,Utility,0,120,35 Mana,,Cooldown,"DEBUFF, UTILITY",https://www.wowhead.com/tbc/spell=1108,
Class-wide / Shared,Ability,Curse of Weakness,6205,702,Rank 3,22,Target's melee attack power is reduced by 64 for 2 min. Only one Curse per Warlock can be active on any one target.,Utility,Utility,0,120,70 Mana,,Cooldown,"DEBUFF, UTILITY",https://www.wowhead.com/tbc/spell=6205,
Class-wide / Shared,Ability,Curse of Weakness,7646,702,Rank 4,32,Target's melee attack power is reduced by 82 for 2 min. Only one Curse per Warlock can be active on any one target.,Utility,Utility,0,120,95 Mana,,Cooldown,"DEBUFF, UTILITY",https://www.wowhead.com/tbc/spell=7646,
Class-wide / Shared,Ability,Curse of Weakness,11707,702,Rank 5,42,Target's melee attack power is reduced by 123 for 2 min. Only one Curse per Warlock can be active on any one target.,Utility,Utility,0,120,130 Mana,,Cooldown,"DEBUFF, UTILITY",https://www.wowhead.com/tbc/spell=11707,
Class-wide / Shared,Ability,Curse of Weakness,11708,702,Rank 6,52,Target's melee attack power is reduced by 163 for 2 min. Only one Curse per Warlock can be active on any one target.,Utility,Utility,0,120,175 Mana,,Cooldown,"DEBUFF, UTILITY",https://www.wowhead.com/tbc/spell=11708,
Class-wide / Shared,Ability,Curse of Weakness,27224,702,Rank 7,61,Target's melee attack power is reduced by 257 for 2 min. Only one Curse per Warlock can be active on any one target.,Utility,Utility,0,120,215 Mana,,Cooldown,"DEBUFF, UTILITY",https://www.wowhead.com/tbc/spell=27224,
Class-wide / Shared,Ability,Curse of Weakness,30909,702,Rank 8,69,Target's melee attack power is reduced by 350 for 2 min. Only one Curse per Warlock can be active on any one target.,Utility,Utility,0,120,265 Mana,,Cooldown,"DEBUFF, UTILITY",https://www.wowhead.com/tbc/spell=30909,
Class-wide / Shared,Ability,Curse of the Elements,1490,1490,Rank 1,32,"Curses the target for 5 min, reducing Arcane, Fire, Frost, and Shadow resistances by 45 and increasing Arcane, Fire, Frost, and Shadow damage taken by 6%. Only one Curse per Warlock can be active on any one target.",Utility,Utility,0,300,100 Mana,,Cooldown,"DEBUFF, RAID_DEFENSIVE, UTILITY",https://www.wowhead.com/tbc/spell=1490,
Class-wide / Shared,Ability,Curse of the Elements,11721,1490,Rank 2,46,"Curses the target for 5 min, reducing Arcane, Fire, Frost, and Shadow resistances by 60 and increasing Arcane, Fire, Frost, and Shadow damage taken by 8%. Only one Curse per Warlock can be active on any one target.",Utility,Utility,0,300,150 Mana,,Cooldown,"DEBUFF, RAID_DEFENSIVE, UTILITY",https://www.wowhead.com/tbc/spell=11721,
Class-wide / Shared,Ability,Curse of the Elements,11722,1490,Rank 3,60,"Curses the target for 5 min, reducing Arcane, Fire, Frost, and Shadow resistances by 75 and increasing Arcane, Fire, Frost, and Shadow damage taken by 10%. Only one Curse per Warlock can be active on any one target.",Utility,Utility,0,300,200 Mana,,Cooldown,"DEBUFF, RAID_DEFENSIVE, UTILITY",https://www.wowhead.com/tbc/spell=11722,
Class-wide / Shared,Ability,Curse of the Elements,27228,1490,Rank 4,69,"Curses the target for 5 min, reducing Arcane, Fire, Frost, and Shadow resistances by 88 and increasing Arcane, Fire, Frost, and Shadow damage taken by 10%. Only one Curse per Warlock can be active on any one target.",Utility,Utility,0,300,260 Mana,,Cooldown,"DEBUFF, RAID_DEFENSIVE, UTILITY",https://www.wowhead.com/tbc/spell=27228,
Class-wide / Shared,Ability,Death Coil,6789,6789,Rank 1,42,"Causes the enemy target to run in horror for 3 sec and causes 
258 Shadow damage. The caster gains 100% of the damage caused in health.",Crowd Control,Utility,120,3,365 Mana,,Cooldown,"CC_HARD, DPS, FEAR, HEAL_SINGLE, MINOR",https://www.wowhead.com/tbc/spell=6789,
Class-wide / Shared,Ability,Death Coil,17925,6789,Rank 2,50,"Causes the enemy target to run in horror for 3 sec and causes 
335 Shadow damage. The caster gains 100% of the damage caused in health.",Crowd Control,Utility,120,3,420 Mana,,Cooldown,"CC_HARD, DPS, FEAR, HEAL_SINGLE, MINOR",https://www.wowhead.com/tbc/spell=17925,
Class-wide / Shared,Ability,Death Coil,17926,6789,Rank 3,58,"Causes the enemy target to run in horror for 3 sec and causes 
418 Shadow damage. The caster gains 100% of the damage caused in health.",Crowd Control,Utility,120,3,480 Mana,,Cooldown,"CC_HARD, DPS, FEAR, HEAL_SINGLE, MINOR",https://www.wowhead.com/tbc/spell=17926,
Class-wide / Shared,Ability,Death Coil,27223,6789,Rank 4,68,"Causes the enemy target to run in horror for 3 sec and causes 
526 Shadow damage. The caster gains 100% of the damage caused in health.",Crowd Control,Utility,120,3,600 Mana,,Cooldown,"CC_HARD, DPS, FEAR, HEAL_SINGLE, MINOR",https://www.wowhead.com/tbc/spell=27223,
Class-wide / Shared,Ability,Demon Armor,706,706,Rank 1,20,"Protects the caster, increasing armor by 210, Shadow resistance by 3 and restores 7 health every 5 sec. Only one type of Armor spell can be active on the Warlock at any time. Lasts 30 min.",Defensive,Utility,0,1800,110 Mana,,Cooldown,"BUFF, DEFENSIVE, LONG_BUFF",https://www.wowhead.com/tbc/spell=706,
Class-wide / Shared,Ability,Demon Armor,1086,706,Rank 2,30,"Protects the caster, increasing armor by 300, Shadow resistance by 6 and restores 9 health every 5 sec. Only one type of Armor spell can be active on the Warlock at any time. Lasts 30 min.",Defensive,Utility,0,1800,208 Mana,,Cooldown,"BUFF, DEFENSIVE, LONG_BUFF",https://www.wowhead.com/tbc/spell=1086,
Class-wide / Shared,Ability,Demon Armor,11733,706,Rank 3,40,"Protects the caster, increasing armor by 390, Shadow resistance by 9 and restores 11 health every 5 sec. Only one type of Armor spell can be active on the Warlock at any time. Lasts 30 min.",Defensive,Utility,0,1800,320 Mana,,Cooldown,"BUFF, DEFENSIVE, LONG_BUFF",https://www.wowhead.com/tbc/spell=11733,
Class-wide / Shared,Ability,Demon Armor,11734,706,Rank 4,50,"Protects the caster, increasing armor by 480, Shadow resistance by 12 and restores 13 health every 5 sec. Only one type of Armor spell can be active on the Warlock at any time. Lasts 30 min.",Defensive,Utility,0,1800,460 Mana,,Cooldown,"BUFF, DEFENSIVE, LONG_BUFF",https://www.wowhead.com/tbc/spell=11734,
Class-wide / Shared,Ability,Demon Armor,11735,706,Rank 5,60,"Protects the caster, increasing armor by 570, Shadow resistance by 15 and restores 15 health every 5 sec. Only one type of Armor spell can be active on the Warlock at any time. Lasts 30 min.",Defensive,Utility,0,1800,632 Mana,,Cooldown,"BUFF, DEFENSIVE, LONG_BUFF",https://www.wowhead.com/tbc/spell=11735,
Class-wide / Shared,Ability,Demon Armor,27260,706,Rank 6,70,"Protects the caster, increasing armor by 660, Shadow resistance by 18 and restores 18 health every 5 sec. Only one type of Armor spell can be active on the Warlock at any time. Lasts 30 min.",Defensive,Utility,0,1800,820 Mana,,Cooldown,"BUFF, DEFENSIVE, LONG_BUFF",https://www.wowhead.com/tbc/spell=27260,
Class-wide / Shared,Ability,Demon Skin,687,687,Rank 1,1,"Protects the caster, increasing armor by 40 and restores 3 Health per 5 sec. for 30 min.",Defensive,Utility,0,1800,20 Mana,,Cooldown,"BUFF, DEFENSIVE, LONG_BUFF",https://www.wowhead.com/tbc/spell=687,
Class-wide / Shared,Ability,Demon Skin,696,687,Rank 2,10,"Protects the caster, increasing armor by 120 and restores 5 Health per 5 sec. for 30 min.",Defensive,Utility,0,1800,48 Mana,,Cooldown,"BUFF, DEFENSIVE, LONG_BUFF",https://www.wowhead.com/tbc/spell=696,
Class-wide / Shared,Ability,Detect Invisibility,132,132,,26,Allows the friendly target to detect lesser invisibility for 10 min.,Utility,Utility,0,600,8% of base mana,,Cooldown,"BUFF, LONG_BUFF, OUT_OF_COMBAT, SITUATIONAL, UTILITY",https://www.wowhead.com/tbc/spell=132,
Class-wide / Shared,Ability,Devour Magic,19505,19505,Rank 1,30,"Purges 1 harmful magic effect from a friend or 1 beneficial magic effect from an enemy. If an effect is devoured, the Felhunter will be healed for 
258.",Utility,Utility,8,,100 Mana,,Cooldown,"DISPEL_MAGIC, PET",https://www.wowhead.com/tbc/spell=19505,
Class-wide / Shared,Ability,Devour Magic,19731,19505,Rank 2,38,"Purges 1 harmful magic effect from a friend or 1 beneficial magic effect from an enemy. If an effect is devoured, the Felhunter will be healed for 
348.",Utility,Utility,8,,130 Mana,,Cooldown,"DISPEL_MAGIC, PET",https://www.wowhead.com/tbc/spell=19731,
Class-wide / Shared,Ability,Devour Magic,19734,19505,Rank 3,46,"Purges 1 harmful magic effect from a friend or 1 beneficial magic effect from an enemy. If an effect is devoured, the Felhunter will be healed for 
473.",Utility,Utility,8,,170 Mana,,Cooldown,"DISPEL_MAGIC, PET",https://www.wowhead.com/tbc/spell=19734,
Class-wide / Shared,Ability,Devour Magic,19736,19505,Rank 4,54,"Purges 1 harmful magic effect from a friend or 1 beneficial magic effect from an enemy. If an effect is devoured, the Felhunter will be healed for 
619.",Utility,Utility,8,,215 Mana,,Cooldown,"DISPEL_MAGIC, PET",https://www.wowhead.com/tbc/spell=19736,
Class-wide / Shared,Ability,Devour Magic,27276,19505,Rank 5,62,"Purges 1 harmful magic effect from a friend or 1 beneficial magic effect from an enemy. If an effect is devoured, the Felhunter will be healed for 
775.",Utility,Utility,8,,270 Mana,,Cooldown,"DISPEL_MAGIC, PET",https://www.wowhead.com/tbc/spell=27276,
Class-wide / Shared,Ability,Devour Magic,27277,19505,Rank 6,70,"Purges 1 harmful magic effect from a friend or 1 beneficial magic effect from an enemy. If an effect is devoured, the Felhunter will be healed for 
915.",Utility,Utility,8,,330 Mana,,Cooldown,"DISPEL_MAGIC, PET",https://www.wowhead.com/tbc/spell=27277,
Class-wide / Shared,Ability,Drain Life,689,689,Rank 1,14,Transfers 10 health every 1 sec from the target to the caster. Lasts 5 sec.,Healing,Utility,0,5,55 Mana,,Cooldown,"DPS, FILLER, HEAL_SINGLE, PVP",https://www.wowhead.com/tbc/spell=689,
Class-wide / Shared,Ability,Drain Life,699,689,Rank 2,22,Transfers 17 health every 1 sec from the target to the caster. Lasts 5 sec.,Healing,Utility,0,5,85 Mana,,Cooldown,"DPS, FILLER, HEAL_SINGLE, PVP",https://www.wowhead.com/tbc/spell=699,
Class-wide / Shared,Ability,Drain Life,709,689,Rank 3,30,Transfers 29 health every 1 sec from the target to the caster. Lasts 5 sec.,Healing,Utility,0,5,135 Mana,,Cooldown,"DPS, FILLER, HEAL_SINGLE, PVP",https://www.wowhead.com/tbc/spell=709,
Class-wide / Shared,Ability,Drain Life,7651,689,Rank 4,38,Transfers 41 health every 1 sec from the target to the caster. Lasts 5 sec.,Healing,Utility,0,5,185 Mana,,Cooldown,"DPS, FILLER, HEAL_SINGLE, PVP",https://www.wowhead.com/tbc/spell=7651,
Class-wide / Shared,Ability,Drain Life,11699,689,Rank 5,46,Transfers 55 health every 1 sec from the target to the caster. Lasts 5 sec.,Healing,Utility,0,5,240 Mana,,Cooldown,"DPS, FILLER, HEAL_SINGLE, PVP",https://www.wowhead.com/tbc/spell=11699,
Class-wide / Shared,Ability,Drain Life,11700,689,Rank 6,54,Transfers 71 health every 1 sec from the target to the caster. Lasts 5 sec.,Healing,Utility,0,5,300 Mana,,Cooldown,"DPS, FILLER, HEAL_SINGLE, PVP",https://www.wowhead.com/tbc/spell=11700,
Class-wide / Shared,Ability,Drain Life,27219,689,Rank 7,62,Transfers 87 health every 1 sec from the target to the caster. Lasts 5 sec.,Healing,Utility,0,5,355 Mana,,Cooldown,"DPS, FILLER, HEAL_SINGLE, PVP",https://www.wowhead.com/tbc/spell=27219,
Class-wide / Shared,Ability,Drain Life,27220,689,Rank 8,69,Transfers 108 health every 1 sec from the target to the caster. Lasts 5 sec.,Healing,Utility,0,5,425 Mana,,Cooldown,"DPS, FILLER, HEAL_SINGLE, PVP",https://www.wowhead.com/tbc/spell=27220,
Class-wide / Shared,Ability,Drain Mana,5138,5138,Rank 1,24,Transfers 42 Mana every 1 sec from the target to the caster. Lasts 5 sec.,Utility,Utility,0,5,95 Mana,,Cooldown,"FILLER, PVP, RESOURCE, UTILITY",https://www.wowhead.com/tbc/spell=5138,
Class-wide / Shared,Ability,Drain Mana,6226,5138,Rank 2,34,Transfers 68 Mana every 1 sec from the target to the caster. Lasts 5 sec.,Utility,Utility,0,5,155 Mana,,Cooldown,"FILLER, PVP, RESOURCE, UTILITY",https://www.wowhead.com/tbc/spell=6226,
Class-wide / Shared,Ability,Drain Mana,11703,5138,Rank 3,44,Transfers 99 Mana every 1 sec from the target to the caster. Lasts 5 sec.,Utility,Utility,0,5,225 Mana,,Cooldown,"FILLER, PVP, RESOURCE, UTILITY",https://www.wowhead.com/tbc/spell=11703,
Class-wide / Shared,Ability,Drain Mana,11704,5138,Rank 4,54,Transfers 136 Mana every 1 sec from the target to the caster. Lasts 5 sec.,Utility,Utility,0,5,310 Mana,,Cooldown,"FILLER, PVP, RESOURCE, UTILITY",https://www.wowhead.com/tbc/spell=11704,
Class-wide / Shared,Ability,Drain Mana,27221,5138,Rank 5,63,Transfers 169 Mana every 1 sec from the target to the caster. Lasts 5 sec.,Utility,Utility,0,5,385 Mana,,Cooldown,"FILLER, PVP, RESOURCE, UTILITY",https://www.wowhead.com/tbc/spell=27221,
Class-wide / Shared,Ability,Drain Mana,30908,5138,Rank 6,70,Transfers 200 Mana every 1 sec from the target to the caster. Lasts 5 sec.,Utility,Utility,0,5,455 Mana,,Cooldown,"FILLER, PVP, RESOURCE, UTILITY",https://www.wowhead.com/tbc/spell=30908,
Class-wide / Shared,Ability,Drain Soul,1120,1120,Rank 1,10,"Drains the soul of the target, causing 55 Shadow damage over 15 sec. If the target dies while being drained, and yields experience or honor, the caster gains a Soul Shard. Soul Shards are required for other spells.",Resource,Main,0,15,55 Mana,,Cooldown,"DPS, FILLER, PVE, RESOURCE",https://www.wowhead.com/tbc/spell=1120,
Class-wide / Shared,Ability,Drain Soul,8288,1120,Rank 2,24,"Drains the soul of the target, causing 155 Shadow damage over 15 sec. If the target dies while being drained, and yields experience or honor, the caster gains a Soul Shard. Soul Shards are required for other spells.",Resource,Main,0,15,125 Mana,,Cooldown,"DPS, FILLER, PVE, RESOURCE",https://www.wowhead.com/tbc/spell=8288,
Class-wide / Shared,Ability,Drain Soul,8289,1120,Rank 3,38,"Drains the soul of the target, causing 295 Shadow damage over 15 sec. If the target dies while being drained, and yields experience or honor, the caster gains a Soul Shard. Soul Shards are required for other spells.",Resource,Main,0,15,210 Mana,,Cooldown,"DPS, FILLER, PVE, RESOURCE",https://www.wowhead.com/tbc/spell=8289,
Class-wide / Shared,Ability,Drain Soul,11675,1120,Rank 4,52,"Drains the soul of the target, causing 455 Shadow damage over 15 sec. If the target dies while being drained, and yields experience or honor, the caster gains a Soul Shard. Soul Shards are required for other spells.",Resource,Main,0,15,290 Mana,,Cooldown,"DPS, FILLER, PVE, RESOURCE",https://www.wowhead.com/tbc/spell=11675,
Class-wide / Shared,Ability,Drain Soul,27217,1120,Rank 5,67,"Drains the soul of the target, causing 620 Shadow damage over 15 sec. If the target dies while being drained, and yields experience or honor, the caster gains a Soul Shard. Soul Shards are required for other spells.",Resource,Main,0,15,360 Mana,,Cooldown,"DPS, FILLER, PVE, RESOURCE",https://www.wowhead.com/tbc/spell=27217,
Class-wide / Shared,Ability,Eye of Kilrogg,126,126,,22,Summons an Eye of Kilrogg and binds your vision to it. The eye moves quickly but is very fragile.,Utility,Utility,0,45,100 Mana,,Cooldown,"OUT_OF_COMBAT, UTILITY",https://www.wowhead.com/tbc/spell=126,
Class-wide / Shared,Ability,Fear,5782,5782,Rank 1,8,"Strikes fear in the enemy, causing it to run in fear for up to 10 sec. Damage caused may interrupt the effect. Only 1 target can be feared at a time.",Crowd Control,Utility,0,20,12% of base mana,,Cooldown,"CC_HARD, FEAR",https://www.wowhead.com/tbc/spell=5782,
Class-wide / Shared,Ability,Fear,6213,5782,Rank 2,32,"Strikes fear in the enemy, causing it to run in fear for up to 15 sec. Damage caused may interrupt the effect. Only 1 target can be feared at a time.",Crowd Control,Utility,0,20,12% of base mana,,Cooldown,"CC_HARD, FEAR",https://www.wowhead.com/tbc/spell=6213,
Class-wide / Shared,Ability,Fear,6215,5782,Rank 3,56,"Strikes fear in the enemy, causing it to run in fear for up to 20 sec. Damage caused may interrupt the effect. Only 1 target can be feared at a time.",Crowd Control,Utility,0,20,12% of base mana,,Cooldown,"CC_HARD, FEAR",https://www.wowhead.com/tbc/spell=6215,
Class-wide / Shared,Ability,Fel Armor,28176,28176,Rank 1,62,"Surrounds the caster with fel energy, increasing the amount of health generated through spells and effects by 20% and increasing spell damage by up to 50. Only one type of Armor spell can be active on the Warlock at any time. Lasts 30 min.",Defensive,Utility,0,1800,637 Mana,,Cooldown,"BUFF, DEFENSIVE, LONG_BUFF",https://www.wowhead.com/tbc/spell=28176,
Class-wide / Shared,Ability,Fel Armor,28189,28176,Rank 2,69,"Surrounds the caster with fel energy, increasing the amount of health generated through spells and effects by 20% and increasing spell damage by up to 100. Only one type of Armor spell can be active on the Warlock at any time. Lasts 30 min.",Defensive,Utility,0,1800,725 Mana,,Cooldown,"BUFF, DEFENSIVE, LONG_BUFF",https://www.wowhead.com/tbc/spell=28189,
Class-wide / Shared,Ability,Fel Energy,18792,18792,,,Restores 2% of total Mana every 4 sec. Obtained by sacrificing a Felhunter.,Resource,Main,0,1800,,,Cooldown,"BUFF, LONG_BUFF, RESOURCE",https://www.wowhead.com/tbc/spell=18792,
Class-wide / Shared,Ability,Fel Stamina,18790,18790,,,Increases your Stamina by 15%. Obtained by sacrificing a Voidwalker.,Defensive,Utility,0,1800,,,Cooldown,"BUFF, DEFENSIVE, LONG_BUFF",https://www.wowhead.com/tbc/spell=18790,
Class-wide / Shared,Ability,Hellfire,1949,1949,Rank 1,30,"Ignites the area surrounding the caster, causing 
87 Fire damage to 
himself
and 
87 Fire damage to all nearby enemies every 1 sec. Lasts 15 sec.",Offensive,Main,0,15,645 Mana,,Cooldown,"AOE, DPS, FILLER, PVE",https://www.wowhead.com/tbc/spell=1949,
Class-wide / Shared,Ability,Hellfire,11683,1949,Rank 2,42,"Ignites the area surrounding the caster, causing 
144 Fire damage to 
himself
and 
144 Fire damage to all nearby enemies every 1 sec. Lasts 15 sec.",Offensive,Main,0,15,975 Mana,,Cooldown,"AOE, DPS, FILLER, PVE",https://www.wowhead.com/tbc/spell=11683,
Class-wide / Shared,Ability,Hellfire,11684,1949,Rank 3,54,"Ignites the area surrounding the caster, causing 
215 Fire damage to 
himself
and 
215 Fire damage to all nearby enemies every 1 sec. Lasts 15 sec.",Offensive,Main,0,15,1300 Mana,,Cooldown,"AOE, DPS, FILLER, PVE",https://www.wowhead.com/tbc/spell=11684,
Class-wide / Shared,Ability,Hellfire,27213,1949,Rank 4,68,"Ignites the area surrounding the caster, causing 
308 Fire damage to 
himself
and 
308 Fire damage to all nearby enemies every 1 sec. Lasts 15 sec.",Offensive,Main,0,15,1665 Mana,,Cooldown,"AOE, DPS, FILLER, PVE",https://www.wowhead.com/tbc/spell=27213,
Class-wide / Shared,Ability,Inferno,1122,1122,,50,"Summons a meteor from the Twisting Nether, causing 200 Fire damage and stunning all enemy targets in the area for 2 sec. An Infernal rises from the crater, under the command of the caster for 5 min. Once control is lost, the Infernal must be Subjugated to maintain control. Can only be used outdoors.",Pet,Main,3600,300,80% of base mana,,Cooldown,"DPS, MAJOR, PET_SUMMON, PET_SUMMON_TEMP",https://www.wowhead.com/tbc/spell=1122,
Class-wide / Shared,Ability,Life Tap,1454,1454,Rank 1,6,"Converts 
30 health into 
30 mana.",Resource,Main,0,,,,Cooldown,RESOURCE,https://www.wowhead.com/tbc/spell=1454,
Class-wide / Shared,Ability,Life Tap,1455,1454,Rank 2,16,"Converts 
75 health into 
75 mana.",Resource,Main,0,,,,Cooldown,RESOURCE,https://www.wowhead.com/tbc/spell=1455,
Class-wide / Shared,Ability,Life Tap,1456,1454,Rank 3,26,"Converts 
140 health into 
140 mana.",Resource,Main,0,,,,Cooldown,RESOURCE,https://www.wowhead.com/tbc/spell=1456,
Class-wide / Shared,Ability,Life Tap,11687,1454,Rank 4,36,"Converts 
220 health into 
220 mana.",Resource,Main,0,,,,Cooldown,RESOURCE,https://www.wowhead.com/tbc/spell=11687,
Class-wide / Shared,Ability,Life Tap,11688,1454,Rank 5,46,"Converts 
310 health into 
310 mana.",Resource,Main,0,,,,Cooldown,RESOURCE,https://www.wowhead.com/tbc/spell=11688,
Class-wide / Shared,Ability,Life Tap,11689,1454,Rank 6,56,"Converts 
430 health into 
430 mana.",Resource,Main,0,,,,Cooldown,RESOURCE,https://www.wowhead.com/tbc/spell=11689,
Class-wide / Shared,Ability,Life Tap,27222,1454,Rank 7,68,"Converts 
582 health into 
582 mana.",Resource,Main,0,,,,Cooldown,RESOURCE,https://www.wowhead.com/tbc/spell=27222,
Class-wide / Shared,Ability,Rain of Fire,5740,5740,Rank 1,20,"Calls down a fiery rain to burn enemies in the area of effect for (
44 * 4) Fire damage over 8 sec.",Offensive,Main,0,8,295 Mana,,Cooldown,"AOE, DPS, FILLER, PVE",https://www.wowhead.com/tbc/spell=5740,
Class-wide / Shared,Ability,Rain of Fire,6219,5740,Rank 2,34,"Calls down a fiery rain to burn enemies in the area of effect for (
98 * 4) Fire damage over 8 sec.",Offensive,Main,0,8,605 Mana,,Cooldown,"AOE, DPS, FILLER, PVE",https://www.wowhead.com/tbc/spell=6219,
Class-wide / Shared,Ability,Rain of Fire,11677,5740,Rank 3,46,"Calls down a fiery rain to burn enemies in the area of effect for (
158 * 4) Fire damage over 8 sec.",Offensive,Main,0,8,885 Mana,,Cooldown,"AOE, DPS, FILLER, PVE",https://www.wowhead.com/tbc/spell=11677,
Class-wide / Shared,Ability,Rain of Fire,11678,5740,Rank 4,58,"Calls down a fiery rain to burn enemies in the area of effect for (
229 * 4) Fire damage over 8 sec.",Offensive,Main,0,8,1185 Mana,,Cooldown,"AOE, DPS, FILLER, PVE",https://www.wowhead.com/tbc/spell=11678,
Class-wide / Shared,Ability,Rain of Fire,27212,5740,Rank 5,69,"Calls down a fiery rain to burn enemies in the area of effect for (
304 * 4) Fire damage over 8 sec.",Offensive,Main,0,8,1480 Mana,,Cooldown,"AOE, DPS, FILLER, PVE",https://www.wowhead.com/tbc/spell=27212,
Class-wide / Shared,Ability,Ritual of Doom,18540,18540,,60,"Begins a ritual that sacrifices a random participant to summon a doomguard. The doomguard must be immediately subjugated or it will attack the ritual participants. Requires the caster and 4 additional party members to complete the ritual. In order to participate, all players must right-click the portal and not move until the ritual is complete.",Pet,Main,3600,,80% of base mana,,Cooldown,"DPS, MAJOR, OUT_OF_COMBAT, PET_SUMMON",https://www.wowhead.com/tbc/spell=18540,
Class-wide / Shared,Ability,Ritual of Summoning,698,698,,20,"Begins a ritual that summons the targeted group member. Requires the caster and 2 additional party members to complete the ritual. In order to participate, all players must be out of combat and right-click the portal and not move until the ritual is complete.",Utility,Utility,0,,300 Mana,,Cooldown,"OUT_OF_COMBAT, UTILITY",https://www.wowhead.com/tbc/spell=698,
Class-wide / Shared,Ability,Sacrifice,7812,7812,Rank 1,16,"Sacrifices the Voidwalker, giving its owner a shield that will absorb 
319 damage for 30 sec. While the shield holds, spellcasting will not be interrupted by damage.",Defensive,Utility,0,30,,,Cooldown + aura,"DEFENSIVE, HAS_BUFF, MAJOR, PET",https://www.wowhead.com/tbc/spell=7812,
Class-wide / Shared,Ability,Sacrifice,19438,7812,Rank 2,24,"Sacrifices the Voidwalker, giving its owner a shield that will absorb 
529 damage for 30 sec. While the shield holds, spellcasting will not be interrupted by damage.",Defensive,Utility,0,30,,,Cooldown + aura,"DEFENSIVE, HAS_BUFF, MAJOR, PET",https://www.wowhead.com/tbc/spell=19438,
Class-wide / Shared,Ability,Sacrifice,19440,7812,Rank 3,32,"Sacrifices the Voidwalker, giving its owner a shield that will absorb 
794 damage for 30 sec. While the shield holds, spellcasting will not be interrupted by damage.",Defensive,Utility,0,30,,,Cooldown + aura,"DEFENSIVE, HAS_BUFF, MAJOR, PET",https://www.wowhead.com/tbc/spell=19440,
Class-wide / Shared,Ability,Sacrifice,19441,7812,Rank 4,40,"Sacrifices the Voidwalker, giving its owner a shield that will absorb 
1124 damage for 30 sec. While the shield holds, spellcasting will not be interrupted by damage.",Defensive,Utility,0,30,,,Cooldown + aura,"DEFENSIVE, HAS_BUFF, MAJOR, PET",https://www.wowhead.com/tbc/spell=19441,
Class-wide / Shared,Ability,Sacrifice,19442,7812,Rank 5,48,"Sacrifices the Voidwalker, giving its owner a shield that will absorb 
1503 damage for 30 sec. While the shield holds, spellcasting will not be interrupted by damage.",Defensive,Utility,0,30,,,Cooldown + aura,"DEFENSIVE, HAS_BUFF, MAJOR, PET",https://www.wowhead.com/tbc/spell=19442,
Class-wide / Shared,Ability,Sacrifice,19443,7812,Rank 6,56,"Sacrifices the Voidwalker, giving its owner a shield that will absorb 
1944 damage for 30 sec. While the shield holds, spellcasting will not be interrupted by damage.",Defensive,Utility,0,30,,,Cooldown + aura,"DEFENSIVE, HAS_BUFF, MAJOR, PET",https://www.wowhead.com/tbc/spell=19443,
Class-wide / Shared,Ability,Sacrifice,27273,7812,Rank 7,64,"Sacrifices the Voidwalker, giving its owner a shield that will absorb 
2900 damage for 30 sec. While the shield holds, spellcasting will not be interrupted by damage.",Defensive,Utility,0,30,,,Cooldown + aura,"DEFENSIVE, HAS_BUFF, MAJOR, PET",https://www.wowhead.com/tbc/spell=27273,
Class-wide / Shared,Ability,Searing Pain,5676,5676,Rank 1,18,"Inflict searing pain on the enemy target, causing 
38 to 
47 Fire damage. Causes a high amount of threat.",Offensive,Main,0,,45 Mana,,Cooldown,"DPS, FILLER, PVP",https://www.wowhead.com/tbc/spell=5676,
Class-wide / Shared,Ability,Searing Pain,17919,5676,Rank 2,26,"Inflict searing pain on the enemy target, causing 
65 to 
77 Fire damage. Causes a high amount of threat.",Offensive,Main,0,,68 Mana,,Cooldown,"DPS, FILLER, PVP",https://www.wowhead.com/tbc/spell=17919,
Class-wide / Shared,Ability,Searing Pain,17920,5676,Rank 3,34,"Inflict searing pain on the enemy target, causing 
93 to 
112 Fire damage. Causes a high amount of threat.",Offensive,Main,0,,91 Mana,,Cooldown,"DPS, FILLER, PVP",https://www.wowhead.com/tbc/spell=17920,
Class-wide / Shared,Ability,Searing Pain,17921,5676,Rank 4,42,"Inflict searing pain on the enemy target, causing 
131 to 
155 Fire damage. Causes a high amount of threat.",Offensive,Main,0,,118 Mana,,Cooldown,"DPS, FILLER, PVP",https://www.wowhead.com/tbc/spell=17921,
Class-wide / Shared,Ability,Searing Pain,17922,5676,Rank 5,50,"Inflict searing pain on the enemy target, causing 
168 to 
199 Fire damage. Causes a high amount of threat.",Offensive,Main,0,,141 Mana,,Cooldown,"DPS, FILLER, PVP",https://www.wowhead.com/tbc/spell=17922,
Class-wide / Shared,Ability,Searing Pain,17923,5676,Rank 6,58,"Inflict searing pain on the enemy target, causing 
216 to 
252 Fire damage. Causes a high amount of threat.",Offensive,Main,0,,168 Mana,,Cooldown,"DPS, FILLER, PVP",https://www.wowhead.com/tbc/spell=17923,
Class-wide / Shared,Ability,Searing Pain,27210,5676,Rank 7,65,"Inflict searing pain on the enemy target, causing 
252 to 
297 Fire damage. Causes a high amount of threat.",Offensive,Main,0,,191 Mana,,Cooldown,"DPS, FILLER, PVP",https://www.wowhead.com/tbc/spell=27210,
Class-wide / Shared,Ability,Searing Pain,30459,5676,Rank 8,70,"Inflict searing pain on the enemy target, causing 
270 to 
320 Fire damage. Causes a high amount of threat.",Offensive,Main,0,,205 Mana,,Cooldown,"DPS, FILLER, PVP",https://www.wowhead.com/tbc/spell=30459,
Class-wide / Shared,Ability,Seduction,6358,6358,,26,"Seduces the target, preventing all actions for up to 15 sec. Any damage caused will remove the effect. Only works against Humanoids.",Crowd Control,Utility,0,15,24% of base mana,,Cooldown,"CC_HARD, DISORIENT, PET",https://www.wowhead.com/tbc/spell=6358,
Class-wide / Shared,Ability,Shadow Bolt,686,686,Rank 1,1,"Sends a shadowy bolt at the enemy, causing 
13 to 
18 Shadow damage.",Offensive,Main,0,,25 Mana,,Cooldown,"DPS, FILLER, PVE_PVP",https://www.wowhead.com/tbc/spell=686,
Class-wide / Shared,Ability,Shadow Bolt,695,686,Rank 2,6,"Sends a shadowy bolt at the enemy, causing 
26 to 
32 Shadow damage.",Offensive,Main,0,,40 Mana,,Cooldown,"DPS, FILLER, PVE_PVP",https://www.wowhead.com/tbc/spell=695,
Class-wide / Shared,Ability,Shadow Bolt,705,686,Rank 3,12,"Sends a shadowy bolt at the enemy, causing 
52 to 
61 Shadow damage.",Offensive,Main,0,,70 Mana,,Cooldown,"DPS, FILLER, PVE_PVP",https://www.wowhead.com/tbc/spell=705,
Class-wide / Shared,Ability,Shadow Bolt,1088,686,Rank 4,20,"Sends a shadowy bolt at the enemy, causing 
92 to 
104 Shadow damage.",Offensive,Main,0,,110 Mana,,Cooldown,"DPS, FILLER, PVE_PVP",https://www.wowhead.com/tbc/spell=1088,
Class-wide / Shared,Ability,Shadow Bolt,1106,686,Rank 5,28,"Sends a shadowy bolt at the enemy, causing 
150 to 
170 Shadow damage.",Offensive,Main,0,,160 Mana,,Cooldown,"DPS, FILLER, PVE_PVP",https://www.wowhead.com/tbc/spell=1106,
Class-wide / Shared,Ability,Shadow Bolt,7641,686,Rank 6,36,"Sends a shadowy bolt at the enemy, causing 
213 to 
240 Shadow damage.",Offensive,Main,0,,210 Mana,,Cooldown,"DPS, FILLER, PVE_PVP",https://www.wowhead.com/tbc/spell=7641,
Class-wide / Shared,Ability,Shadow Bolt,11659,686,Rank 7,44,"Sends a shadowy bolt at the enemy, causing 
292 to 
327 Shadow damage.",Offensive,Main,0,,265 Mana,,Cooldown,"DPS, FILLER, PVE_PVP",https://www.wowhead.com/tbc/spell=11659,
Class-wide / Shared,Ability,Shadow Bolt,11660,686,Rank 8,52,"Sends a shadowy bolt at the enemy, causing 
373 to 
415 Shadow damage.",Offensive,Main,0,,315 Mana,,Cooldown,"DPS, FILLER, PVE_PVP",https://www.wowhead.com/tbc/spell=11660,
Class-wide / Shared,Ability,Shadow Bolt,11661,686,Rank 9,60,"Sends a shadowy bolt at the enemy, causing 
470 to 
522 Shadow damage.",Offensive,Main,0,,370 Mana,,Cooldown,"DPS, FILLER, PVE_PVP",https://www.wowhead.com/tbc/spell=11661,
Class-wide / Shared,Ability,Shadow Bolt,25307,686,Rank 10,60,"Sends a shadowy bolt at the enemy, causing 
497 to 
554 Shadow damage.",Offensive,Main,0,,380 Mana,,Cooldown,"DPS, FILLER, PVE_PVP",https://www.wowhead.com/tbc/spell=25307,
Class-wide / Shared,Ability,Shadow Bolt,27209,686,Rank 11,69,"Sends a shadowy bolt at the enemy, causing 
544 to 
607 Shadow damage.",Offensive,Main,0,,420 Mana,,Cooldown,"DPS, FILLER, PVE_PVP",https://www.wowhead.com/tbc/spell=27209,
Class-wide / Shared,Ability,Shadow Ward,6229,6229,Rank 1,32,Absorbs 290 shadow damage. Lasts 30 sec.,Defensive,Utility,30,30,135 Mana,,Cooldown + aura,"DEFENSIVE, HAS_BUFF, MINOR",https://www.wowhead.com/tbc/spell=6229,
Class-wide / Shared,Ability,Shadow Ward,11739,6229,Rank 2,42,Absorbs 470 shadow damage. Lasts 30 sec.,Defensive,Utility,30,30,195 Mana,,Cooldown + aura,"DEFENSIVE, HAS_BUFF, MINOR",https://www.wowhead.com/tbc/spell=11739,
Class-wide / Shared,Ability,Shadow Ward,11740,6229,Rank 3,52,Absorbs 675 shadow damage. Lasts 30 sec.,Defensive,Utility,30,30,255 Mana,,Cooldown + aura,"DEFENSIVE, HAS_BUFF, MINOR",https://www.wowhead.com/tbc/spell=11740,
Class-wide / Shared,Ability,Shadow Ward,28610,6229,Rank 4,60,Absorbs 875 shadow damage. Lasts 30 sec.,Defensive,Utility,30,30,320 Mana,,Cooldown + aura,"DEFENSIVE, HAS_BUFF, MINOR",https://www.wowhead.com/tbc/spell=28610,
Class-wide / Shared,Ability,Soulshatter,29858,29858,,66,Reduces threat by 50% for all enemies within 50 yards.,Utility,Utility,300,,,,Cooldown,UTILITY,https://www.wowhead.com/tbc/spell=29858,
Class-wide / Shared,Ability,Spell Lock,19244,19244,Rank 1,36,"Silences the enemy for 3 sec. If used on a casting target, it will counter the enemy's spellcast, preventing any spell from that school of magic from being cast for 5 sec.",Interrupt,Utility,24,6,120 Mana,,Cooldown,"INTERRUPT, PET",https://www.wowhead.com/tbc/spell=19244,
Class-wide / Shared,Ability,Spell Lock,19647,19244,Rank 2,52,"Silences the enemy for 3 sec. If used on a casting target, it will counter the enemy's spellcast, preventing any spell from that school of magic from being cast for 6 sec.",Interrupt,Utility,24,6,200 Mana,,Cooldown,"INTERRUPT, PET",https://www.wowhead.com/tbc/spell=19647,
Class-wide / Shared,Ability,Subjugate Demon,1098,1098,Rank 1,30,"Subjugates the target demon, up to level 
45, forcing it to do your bidding. While subjugated, the time between the demon's attacks is increased by 40% and its casting speed is slowed by 30%. Lasts up to 5 min. If you repeatedly subjugate the same demon, it will become more difficult to control with each attempt.",Crowd Control,Utility,0,300,300 Mana,,Cooldown,"CC_HARD, FILLER",https://www.wowhead.com/tbc/spell=1098,
Class-wide / Shared,Ability,Subjugate Demon,11725,1098,Rank 2,44,"Subjugates the target demon, up to level 
59, forcing it to do your bidding. While subjugated, the time between the demon's attacks is increased by 40% and its casting speed is slowed by 30%. Lasts up to 5 min. If you repeatedly subjugate the same demon, it will become more difficult to control with each attempt.",Crowd Control,Utility,0,300,500 Mana,,Cooldown,"CC_HARD, FILLER",https://www.wowhead.com/tbc/spell=11725,
Class-wide / Shared,Ability,Subjugate Demon,11726,1098,Rank 3,58,"Subjugates the target demon, up to level 
74, forcing it to do your bidding. While subjugated, the time between the demon's attacks is increased by 40% and its casting speed is slowed by 30%. Lasts up to 5 min. If you repeatedly subjugate the same demon, it will become more difficult to control with each attempt.",Crowd Control,Utility,0,300,700 Mana,,Cooldown,"CC_HARD, FILLER",https://www.wowhead.com/tbc/spell=11726,
Class-wide / Shared,Ability,Summon Felhunter,691,691,,30,Summons a Felhunter under the command of the Warlock.,Utility,Utility,0,,80% of base mana,,Cooldown,"OUT_OF_COMBAT, PET_SUMMON, UTILITY",https://www.wowhead.com/tbc/spell=691,
Class-wide / Shared,Ability,Summon Imp,688,688,,1,Summons an Imp under the command of the Warlock.,Utility,Utility,0,,64% of base mana,,Cooldown,"OUT_OF_COMBAT, PET_SUMMON, UTILITY",https://www.wowhead.com/tbc/spell=688,
Class-wide / Shared,Ability,Summon Succubus,712,712,,20,Summons a Succubus under the command of the Warlock.,Utility,Utility,0,,80% of base mana,,Cooldown,"OUT_OF_COMBAT, PET_SUMMON, UTILITY",https://www.wowhead.com/tbc/spell=712,
Class-wide / Shared,Ability,Summon Voidwalker,697,697,,10,Summons a Voidwalker under the command of the Warlock.,Utility,Utility,0,,80% of base mana,,Cooldown,"OUT_OF_COMBAT, PET_SUMMON, UTILITY",https://www.wowhead.com/tbc/spell=697,
Class-wide / Shared,Ability,Touch of Shadow,18791,18791,,,Increases your Shadow damage by 15%. Obtained by sacrificing a Succubus.,Offensive,Main,0,1800,,,Cooldown,"BUFF, DPS, LONG_BUFF",https://www.wowhead.com/tbc/spell=18791,
Class-wide / Shared,Ability,Touch of Shadow,35701,35701,,,Increases your damage done by 10%. Obtained by sacrificing a Felguard.,Offensive,Main,0,1800,,,Cooldown,"BUFF, DPS, LONG_BUFF",https://www.wowhead.com/tbc/spell=35701,
Class-wide / Shared,Ability,Unending Breath,5697,5697,,16,Allows the target to breathe underwater for 10 min.,Utility,Utility,0,600,50 Mana,,Cooldown,"BUFF, LONG_BUFF, OUT_OF_COMBAT, SITUATIONAL, UTILITY",https://www.wowhead.com/tbc/spell=5697,
Class-wide / Shared,Talent Ability,Dark Pact,18937,18220,Rank 2,50,"Drains 440 of your pet's Mana, returning 100% to you.",Resource,Main,0,,,,Cooldown,RESOURCE,https://www.wowhead.com/tbc/spell=18937,Talent-required
Class-wide / Shared,Talent Ability,Dark Pact,18938,18220,Rank 3,60,"Drains 545 of your pet's Mana, returning 100% to you.",Resource,Main,0,,,,Cooldown,RESOURCE,https://www.wowhead.com/tbc/spell=18938,Talent-required
Class-wide / Shared,Talent Ability,Dark Pact,27265,18220,Rank 4,70,"Drains 700 of your pet's Mana, returning 100% to you.",Resource,Main,0,,,,Cooldown,RESOURCE,https://www.wowhead.com/tbc/spell=27265,Talent-required
Demonology,Talent,Demonic Aegis,30143,30143,Rank 1/3,,Increases the effectiveness of your Demon Armor and Fel Armor spells by 10%.,Talent Passive,Data only,,,,,Data only,TALENT,https://www.wowhead.com/tbc/spell=30143,Talent: Demonic Aegis; tree row 3
Demonology,Talent,Demonic Aegis,30144,30143,Rank 2/3,,Increases the effectiveness of your Demon Armor and Fel Armor spells by 20%.,Talent Passive,Data only,,,,,Data only,TALENT,https://www.wowhead.com/tbc/spell=30144,Talent: Demonic Aegis; tree row 3
Demonology,Talent,Demonic Aegis,30145,30143,Rank 3/3,,Increases the effectiveness of your Demon Armor and Fel Armor spells by 30%.,Talent Passive,Data only,,,,,Data only,TALENT,https://www.wowhead.com/tbc/spell=30145,Talent: Demonic Aegis; tree row 3
Demonology,Talent,Demonic Embrace,18697,18697,Rank 1/5,,Increases your total Stamina by 3% but reduces your total Spirit by 1%.,Talent Passive,Data only,,,,,Data only,TALENT,https://www.wowhead.com/tbc/spell=18697,Talent: Demonic Embrace; tree row 1
Demonology,Talent,Demonic Embrace,18698,18697,Rank 2/5,,Increases your total Stamina by 6% but reduces your total Spirit by 2%.,Talent Passive,Data only,,,,,Data only,TALENT,https://www.wowhead.com/tbc/spell=18698,Talent: Demonic Embrace; tree row 1
Demonology,Talent,Demonic Embrace,18699,18697,Rank 3/5,,Increases your total Stamina by 9% but reduces your total Spirit by 3%.,Talent Passive,Data only,,,,,Data only,TALENT,https://www.wowhead.com/tbc/spell=18699,Talent: Demonic Embrace; tree row 1
Demonology,Talent,Demonic Embrace,18700,18697,Rank 4/5,,Increases your total Stamina by 12% but reduces your total Spirit by 4%.,Talent Passive,Data only,,,,,Data only,TALENT,https://www.wowhead.com/tbc/spell=18700,Talent: Demonic Embrace; tree row 1
Demonology,Talent,Demonic Embrace,18701,18697,Rank 5/5,,Increases your total Stamina by 15% but reduces your total Spirit by 5%.,Talent Passive,Data only,,,,,Data only,TALENT,https://www.wowhead.com/tbc/spell=18701,Talent: Demonic Embrace; tree row 1
Demonology,Talent,Demonic Knowledge,35691,35691,Rank 1/3,,Increases your spell damage by an amount equal to 4% of the total of your active demon's Stamina plus Intellect.,Talent Passive,Data only,,,,,Data only,TALENT,https://www.wowhead.com/tbc/spell=35691,Talent: Demonic Knowledge; tree row 7
Demonology,Talent,Demonic Knowledge,35692,35691,Rank 2/3,,Increases your spell damage by an amount equal to 8% of the total of your active demon's Stamina plus Intellect.,Talent Passive,Data only,,,,,Data only,TALENT,https://www.wowhead.com/tbc/spell=35692,Talent: Demonic Knowledge; tree row 7
Demonology,Talent,Demonic Knowledge,35693,35691,Rank 3/3,,Increases your spell damage by an amount equal to 12% of the total of your active demon's Stamina plus Intellect.,Talent Passive,Data only,,,,,Data only,TALENT,https://www.wowhead.com/tbc/spell=35693,Talent: Demonic Knowledge; tree row 7
Demonology,Talent,Demonic Resilience,30319,30319,Rank 1/3,,Reduces the chance you'll be critically hit by melee and spells by 1% and reduces all damage your summoned demon takes by 5%.,Talent Passive,Data only,,,,,Data only,TALENT,https://www.wowhead.com/tbc/spell=30319,Talent: Demonic Resilience; tree row 7
Demonology,Talent,Demonic Resilience,30320,30319,Rank 2/3,,Reduces the chance you'll be critically hit by melee and spells by 2% and reduces all damage your summoned demon takes by 10%.,Talent Passive,Data only,,,,,Data only,TALENT,https://www.wowhead.com/tbc/spell=30320,Talent: Demonic Resilience; tree row 7
Demonology,Talent,Demonic Resilience,30321,30319,Rank 3/3,,Reduces the chance you'll be critically hit by melee and spells by 3% and reduces all damage your summoned demon takes by 15%.,Talent Passive,Data only,,,,,Data only,TALENT,https://www.wowhead.com/tbc/spell=30321,Talent: Demonic Resilience; tree row 7
Demonology,Talent Ability,Demonic Sacrifice,18788,18788,Rank 1/1,,"When activated, sacrifices your summoned demon to grant you an effect that lasts 30 min. The effect is canceled if any Demon is summoned.
Imp: Increases your Fire damage by 15%.
Voidwalker: Restores 2% of total health every 4 sec.
Succubus/Incubus: Increases your Shadow damage by 15%.
Felhunter: Restores 3% of total mana every 4 sec.
Felguard: Increases your Shadow damage by 10% and restores 2% of total mana every 4 sec.",Offensive,Main,0,1800,,"18789, 18790, 18791, 18792, 35701",Cooldown + aura,"BUFF, DPS, OUT_OF_COMBAT",https://www.wowhead.com/tbc/spell=18788,Talent-required | Talent: Demonic Sacrifice
Demonology,Talent,Demonic Tactics,30242,30242,Rank 1/5,,Increases melee and spell critical strike chance for you and your summoned demon by 1%.,Talent Passive,Data only,,,,,Data only,TALENT,https://www.wowhead.com/tbc/spell=30242,Talent: Demonic Tactics; tree row 8
Demonology,Talent,Demonic Tactics,30245,30242,Rank 2/5,,Increases melee and spell critical strike chance for you and your summoned demon by 2%.,Talent Passive,Data only,,,,,Data only,TALENT,https://www.wowhead.com/tbc/spell=30245,Talent: Demonic Tactics; tree row 8
Demonology,Talent,Demonic Tactics,30246,30242,Rank 3/5,,Increases melee and spell critical strike chance for you and your summoned demon by 3%.,Talent Passive,Data only,,,,,Data only,TALENT,https://www.wowhead.com/tbc/spell=30246,Talent: Demonic Tactics; tree row 8
Demonology,Talent,Demonic Tactics,30247,30242,Rank 4/5,,Increases melee and spell critical strike chance for you and your summoned demon by 4%.,Talent Passive,Data only,,,,,Data only,TALENT,https://www.wowhead.com/tbc/spell=30247,Talent: Demonic Tactics; tree row 8
Demonology,Talent,Demonic Tactics,30248,30242,Rank 5/5,,Increases melee and spell critical strike chance for you and your summoned demon by 5%.,Talent Passive,Data only,,,,,Data only,TALENT,https://www.wowhead.com/tbc/spell=30248,Talent: Demonic Tactics; tree row 8
Demonology,Talent Ability,Fel Domination,18708,18708,Rank 1/1,,"Your next Imp, Voidwalker, Succubus, Incubus, Felhunter or Felguard Summon spell has its casting time reduced by 5.5 sec and its Mana cost reduced by 50%.",Utility,Utility,900,,,,Cooldown,"PET_SUMMON, UTILITY",https://www.wowhead.com/tbc/spell=18708,Talent-required | Talent: Fel Domination
Demonology,Talent,Fel Intellect,18731,18731,Rank 1/3,,"Increases the Intellect of your Imp, Voidwalker, Succubus, Incubus, Felhunter and Felguard by 5% and increases your maximum mana by 1%.",Talent Passive,Data only,,,,,Data only,TALENT,https://www.wowhead.com/tbc/spell=18731,Talent: Fel Intellect; tree row 2
Demonology,Talent,Fel Intellect,18743,18731,Rank 2/3,,"Increases the Intellect of your Imp, Voidwalker, Succubus, Incubus, Felhunter and Felguard by 10% and increases your maximum mana by 2%.",Talent Passive,Data only,,,,,Data only,TALENT,https://www.wowhead.com/tbc/spell=18743,Talent: Fel Intellect; tree row 2
Demonology,Talent,Fel Intellect,18744,18731,Rank 3/3,,"Increases the Intellect of your Imp, Voidwalker, Succubus, Incubus, Felhunter and Felguard by 15% and increases your maximum mana by 3%.",Talent Passive,Data only,,,,,Data only,TALENT,https://www.wowhead.com/tbc/spell=18744,Talent: Fel Intellect; tree row 2
Demonology,Talent,Fel Stamina,18748,18748,Rank 1/3,,"Increases the Stamina of your Imp, Voidwalker, Succubus, Incubus, Felhunter and Felguard by 5% and increases your maximum health by 1%.",Talent Passive,Data only,,,,,Data only,TALENT,https://www.wowhead.com/tbc/spell=18748,Talent: Fel Stamina; tree row 3
Demonology,Talent,Fel Stamina,18749,18748,Rank 2/3,,"Increases the Stamina of your Imp, Voidwalker, Succubus, Incubus, Felhunter and Felguard by 10% and increases your maximum health by 2%.",Talent Passive,Data only,,,,,Data only,TALENT,https://www.wowhead.com/tbc/spell=18749,Talent: Fel Stamina; tree row 3
Demonology,Talent,Fel Stamina,18750,18748,Rank 3/3,,"Increases the Stamina of your Imp, Voidwalker, Succubus, Incubus, Felhunter and Felguard by 15% and increases your maximum health by 3%.",Talent Passive,Data only,,,,,Data only,TALENT,https://www.wowhead.com/tbc/spell=18750,Talent: Fel Stamina; tree row 3
Demonology,Talent,Improved Health Funnel,18703,18703,Rank 1/2,,Increases the amount of Health transferred by your Health Funnel spell by 10% and reduces the initial health cost by 10%.,Talent Passive,Data only,,,,,Data only,TALENT,https://www.wowhead.com/tbc/spell=18703,Talent: Improved Health Funnel; tree row 2
Demonology,Talent,Improved Health Funnel,18704,18703,Rank 2/2,,Increases the amount of Health transferred by your Health Funnel spell by 20% and reduces the initial health cost by 20%.,Talent Passive,Data only,,,,,Data only,TALENT,https://www.wowhead.com/tbc/spell=18704,Talent: Improved Health Funnel; tree row 2
Demonology,Talent,Improved Healthstone,18692,18692,Rank 1/2,,Increases the amount of Health restored by your Healthstone by 10%.,Talent Passive,Data only,,,,,Data only,TALENT,https://www.wowhead.com/tbc/spell=18692,Talent: Improved Healthstone; tree row 1
Demonology,Talent,Improved Healthstone,18693,18692,Rank 2/2,,Increases the amount of Health restored by your Healthstone by 20%.,Talent Passive,Data only,,,,,Data only,TALENT,https://www.wowhead.com/tbc/spell=18693,Talent: Improved Healthstone; tree row 1
Demonology,Talent,Improved Imp,18694,18694,Rank 1/3,,"Increases the effect of your Imp's Firebolt, Fire Shield, and Blood Pact spells by 10%.",Talent Passive,Data only,,,,,Data only,TALENT,https://www.wowhead.com/tbc/spell=18694,Talent: Improved Imp; tree row 1
Demonology,Talent,Improved Imp,18695,18694,Rank 2/3,,"Increases the effect of your Imp's Firebolt, Fire Shield, and Blood Pact spells by 20%.",Talent Passive,Data only,,,,,Data only,TALENT,https://www.wowhead.com/tbc/spell=18695,Talent: Improved Imp; tree row 1
Demonology,Talent,Improved Imp,18696,18694,Rank 3/3,,"Increases the effect of your Imp's Firebolt, Fire Shield, and Blood Pact spells by 30%.",Talent Passive,Data only,,,,,Data only,TALENT,https://www.wowhead.com/tbc/spell=18696,Talent: Improved Imp; tree row 1
Demonology,Talent,Improved Sayaad,18754,18754,Rank 1/3,,"Increases the effect of your Succubus' and Incubus' Lash of Pain and Soothing Kiss spells by 10%, and increases the duration of your Succubus' and Incubus' Seduction and Lesser Invisibility spells by 10%.",Talent Passive,Data only,,,,,Data only,TALENT,https://www.wowhead.com/tbc/spell=18754,Talent: Improved Sayaad; tree row 3
Demonology,Talent,Improved Sayaad,18755,18754,Rank 2/3,,"Increases the effect of your Succubus' and Incubus' Lash of Pain and Soothing Kiss spells by 20%, and increases the duration of your Succubus' and Incubus' Seduction and Lesser Invisibility spells by 20%.",Talent Passive,Data only,,,,,Data only,TALENT,https://www.wowhead.com/tbc/spell=18755,Talent: Improved Sayaad; tree row 3
Demonology,Talent,Improved Sayaad,18756,18754,Rank 3/3,,"Increases the effect of your Succubus' and Incubus' Lash of Pain and Soothing Kiss spells by 30%, and increases the duration of your Succubus' and Incubus' Seduction and Lesser Invisibility spells by 30%.",Talent Passive,Data only,,,,,Data only,TALENT,https://www.wowhead.com/tbc/spell=18756,Talent: Improved Sayaad; tree row 3
Demonology,Talent,Improved Subjugate Demon,18821,18821,Rank 1/2,,Reduces the Attack Speed and Casting Speed penalty of your Subjugate Demon spell by 5% and reduces the resist chance by 5%.,Talent Passive,Data only,,,,,Data only,TALENT,https://www.wowhead.com/tbc/spell=18821,Talent: Improved Subjugate Demon; tree row 5
Demonology,Talent,Improved Subjugate Demon,18822,18821,Rank 2/2,,Reduces the Attack Speed and Casting Speed penalty of your Subjugate Demon spell by 10% and reduces the resist chance by 10%.,Talent Passive,Data only,,,,,Data only,TALENT,https://www.wowhead.com/tbc/spell=18822,Talent: Improved Subjugate Demon; tree row 5
Demonology,Talent,Improved Voidwalker,18705,18705,Rank 1/3,,"Increases the effectiveness of your Voidwalker's Torment, Consume Shadows, Sacrifice and Suffering spells by 10%.",Talent Passive,Data only,,,,,Data only,TALENT,https://www.wowhead.com/tbc/spell=18705,Talent: Improved Voidwalker; tree row 2
Demonology,Talent,Improved Voidwalker,18706,18705,Rank 2/3,,"Increases the effectiveness of your Voidwalker's Torment, Consume Shadows, Sacrifice and Suffering spells by 20%.",Talent Passive,Data only,,,,,Data only,TALENT,https://www.wowhead.com/tbc/spell=18706,Talent: Improved Voidwalker; tree row 2
Demonology,Talent,Improved Voidwalker,18707,18705,Rank 3/3,,"Increases the effectiveness of your Voidwalker's Torment, Consume Shadows, Sacrifice and Suffering spells by 30%.",Talent Passive,Data only,,,,,Data only,TALENT,https://www.wowhead.com/tbc/spell=18707,Talent: Improved Voidwalker; tree row 2
Demonology,Talent,Mana Feed,30326,30326,Rank 1/3,,"When you gain mana from Drain Mana or Life Tap spells, your pet gains 33% of the mana you gain.",Talent Passive,Data only,,,,,Data only,TALENT,https://www.wowhead.com/tbc/spell=30326,Talent: Mana Feed; tree row 6
Demonology,Talent,Mana Feed,30327,30326,Rank 2/3,,"When you gain mana from Drain Mana or Life Tap spells, your pet gains 66% of the mana you gain.",Talent Passive,Data only,,,,,Data only,TALENT,https://www.wowhead.com/tbc/spell=30327,Talent: Mana Feed; tree row 6
Demonology,Talent,Mana Feed,30328,30326,Rank 3/3,,"When you gain mana from Drain Mana or Life Tap spells, your pet gains 100% of the mana you gain.",Talent Passive,Data only,,,,,Data only,TALENT,https://www.wowhead.com/tbc/spell=30328,Talent: Mana Feed; tree row 6
Demonology,Talent,Master Conjuror,18767,18767,Rank 1/2,,Increases the bonus Fire damage from Firestones and the Firestone effect by 15% and increases the spell critical strike rating bonus of your Spellstone by 15%.,Talent Passive,Data only,,,,,Data only,TALENT,https://www.wowhead.com/tbc/spell=18767,Talent: Master Conjuror; tree row 5
Demonology,Talent,Master Conjuror,18768,18767,Rank 2/2,,Increases the bonus Fire damage from Firestones and the Firestone effect by 30% and increases the spell critical strike rating bonus of your Spellstone by 30%.,Talent Passive,Data only,,,,,Data only,TALENT,https://www.wowhead.com/tbc/spell=18768,Talent: Master Conjuror; tree row 5
Demonology,Talent,Master Demonologist,23785,23785,Rank 1/5,,"Grants both the Warlock and the summoned demon an effect as long as that demon is active.
Imp - Reduces threat caused by 4%.
Voidwalker - Reduces physical damage taken by 2%.
Succubus/Incubus - Increases all damage caused by 2%.
Felhunter - Increases all resistances by .2 per level.
Felguard - Increases all damage caused by 1% and all resistances by .1 per level.",Talent Passive,Data only,,,,,Data only,TALENT,https://www.wowhead.com/tbc/spell=23785,Talent: Master Demonologist; tree row 6
Demonology,Talent,Master Demonologist,23822,23785,Rank 2/5,,"Grants both the Warlock and the summoned demon an effect as long as that demon is active.
Imp - Reduces threat caused by 8%.
Voidwalker - Reduces physical damage taken by 4%.
Succubus/Incubus - Increases all damage caused by 4%.
Felhunter - Increases all resistances by .4 per level.
Felguard - Increases all damage caused by 2% and all resistances by .2 per level.",Talent Passive,Data only,,,,,Data only,TALENT,https://www.wowhead.com/tbc/spell=23822,Talent: Master Demonologist; tree row 6
Demonology,Talent,Master Demonologist,23823,23785,Rank 3/5,,"Grants both the Warlock and the summoned demon an effect as long as that demon is active.
Imp - Reduces threat caused by 12%.
Voidwalker - Reduces physical damage taken by 6%.
Succubus/Incubus - Increases all damage caused by 6%.
Felhunter - Increases all resistances by .6 per level.
Felguard - Increases all damage caused by 3% and all resistances by .3 per level.",Talent Passive,Data only,,,,,Data only,TALENT,https://www.wowhead.com/tbc/spell=23823,Talent: Master Demonologist; tree row 6
Demonology,Talent,Master Demonologist,23824,23785,Rank 4/5,,"Grants both the Warlock and the summoned demon an effect as long as that demon is active.
Imp - Reduces threat caused by 16%.
Voidwalker - Reduces physical damage taken by 8%.
Succubus/Incubus - Increases all damage caused by 8%.
Felhunter - Increases all resistances by .8 per level.
Felguard - Increases all damage caused by 4% and all resistances by .4 per level.",Talent Passive,Data only,,,,,Data only,TALENT,https://www.wowhead.com/tbc/spell=23824,Talent: Master Demonologist; tree row 6
Demonology,Talent,Master Demonologist,23825,23785,Rank 5/5,,"Grants both the Warlock and the summoned demon an effect as long as that demon is active.
Imp - Reduces threat caused by 20%.
Voidwalker - Reduces physical damage taken by 10%.
Succubus/Incubus - Increases all damage caused by 10%.
Felhunter - Increases all resistances by 1 per level.
Felguard - Increases all damage caused by 5% and all resistances by .5 per level.",Talent Passive,Data only,,,,,Data only,TALENT,https://www.wowhead.com/tbc/spell=23825,Talent: Master Demonologist; tree row 6
Demonology,Talent,Master Summoner,18709,18709,Rank 1/2,,"Reduces the casting time of your Imp, Voidwalker, Succubus, Incubus, Felhunter and Fel Guard Summoning spells by 2 sec and the Mana cost by 20%.",Talent Passive,Data only,,,,,Data only,TALENT,https://www.wowhead.com/tbc/spell=18709,Talent: Master Summoner; tree row 4
Demonology,Talent,Master Summoner,18710,18709,Rank 2/2,,"Reduces the casting time of your Imp, Voidwalker, Succubus, Incubus, Felhunter and Fel Guard Summoning spells by 4 sec and the Mana cost by 40%.",Talent Passive,Data only,,,,,Data only,TALENT,https://www.wowhead.com/tbc/spell=18710,Talent: Master Summoner; tree row 4
Demonology,Talent Ability,Soul Link,19028,19028,Rank 1/1,,"When active, 20% of all damage taken by the caster is taken by your Imp, Voidwalker, Succubus, Incubus, Felhunter, Felguard, or subjugated demon instead. That damage cannot be prevented. In addition, both the demon and master will inflict 5% more damage. Lasts as long as the demon is active and controlled.",Defensive,Utility,0,0,16% of base mana,,Cooldown,"BUFF, DEFENSIVE, LONG_BUFF, REQUIRES_PET",https://www.wowhead.com/tbc/spell=19028,Talent-required | Talent: Soul Link
Demonology,Talent Ability,Summon Felguard,30146,30146,Rank 1/1,,Summons a Felguard under the command of the Warlock.,Utility,Utility,0,,80% of base mana,,Cooldown,"OUT_OF_COMBAT, PET_SUMMON, UTILITY",https://www.wowhead.com/tbc/spell=30146,Talent-required | Talent: Summon Felguard
Demonology,Talent,Unholy Power,18769,18769,Rank 1/5,,"Increases the damage done by your Voidwalker, Succubus, Incubus, Felhunter and Felguard's melee attacks and your Imp's Firebolt by 4%.",Talent Passive,Data only,,,,,Data only,TALENT,https://www.wowhead.com/tbc/spell=18769,Talent: Unholy Power; tree row 4
Demonology,Talent,Unholy Power,18770,18769,Rank 2/5,,"Increases the damage done by your Voidwalker, Succubus, Incubus, Felhunter and Felguard's melee attacks and your Imp's Firebolt by 8%.",Talent Passive,Data only,,,,,Data only,TALENT,https://www.wowhead.com/tbc/spell=18770,Talent: Unholy Power; tree row 4
Demonology,Talent,Unholy Power,18771,18769,Rank 3/5,,"Increases the damage done by your Voidwalker, Succubus, Incubus, Felhunter and Felguard's melee attacks and your Imp's Firebolt by 12%.",Talent Passive,Data only,,,,,Data only,TALENT,https://www.wowhead.com/tbc/spell=18771,Talent: Unholy Power; tree row 4
Demonology,Talent,Unholy Power,18772,18769,Rank 4/5,,"Increases the damage done by your Voidwalker, Succubus, Incubus, Felhunter and Felguard's melee attacks and your Imp's Firebolt by 16%.",Talent Passive,Data only,,,,,Data only,TALENT,https://www.wowhead.com/tbc/spell=18772,Talent: Unholy Power; tree row 4
Demonology,Talent,Unholy Power,18773,18769,Rank 5/5,,"Increases the damage done by your Voidwalker, Succubus, Incubus, Felhunter and Felguard's melee attacks and your Imp's Firebolt by 20%.",Talent Passive,Data only,,,,,Data only,TALENT,https://www.wowhead.com/tbc/spell=18773,Talent: Unholy Power; tree row 4
Destruction,Ability,Immolate,348,348,Rank 1,1,"Burns the enemy for 
11 Fire damage and then an additional 20 Fire damage over 15 sec.",Offensive,Main,0,15,25 Mana,,Cooldown,"DEBUFF, DPS, PVE, ROTATIONAL",https://www.wowhead.com/tbc/spell=348,
Destruction,Ability,Immolate,707,348,Rank 2,10,"Burns the enemy for 
24 Fire damage and then an additional 40 Fire damage over 15 sec.",Offensive,Main,0,15,45 Mana,,Cooldown,"DEBUFF, DPS, PVE, ROTATIONAL",https://www.wowhead.com/tbc/spell=707,
Destruction,Ability,Immolate,1094,348,Rank 3,20,"Burns the enemy for 
53 Fire damage and then an additional 90 Fire damage over 15 sec.",Offensive,Main,0,15,90 Mana,,Cooldown,"DEBUFF, DPS, PVE, ROTATIONAL",https://www.wowhead.com/tbc/spell=1094,
Destruction,Ability,Immolate,2941,348,Rank 4,30,"Burns the enemy for 
101 Fire damage and then an additional 165 Fire damage over 15 sec.",Offensive,Main,0,15,155 Mana,,Cooldown,"DEBUFF, DPS, PVE, ROTATIONAL",https://www.wowhead.com/tbc/spell=2941,
Destruction,Ability,Immolate,11665,348,Rank 5,40,"Burns the enemy for 
148 Fire damage and then an additional 255 Fire damage over 15 sec.",Offensive,Main,0,15,220 Mana,,Cooldown,"DEBUFF, DPS, PVE, ROTATIONAL",https://www.wowhead.com/tbc/spell=11665,
Destruction,Ability,Immolate,11667,348,Rank 6,50,"Burns the enemy for 
208 Fire damage and then an additional 365 Fire damage over 15 sec.",Offensive,Main,0,15,295 Mana,,Cooldown,"DEBUFF, DPS, PVE, ROTATIONAL",https://www.wowhead.com/tbc/spell=11667,
Destruction,Ability,Immolate,11668,348,Rank 7,60,"Burns the enemy for 
277 Fire damage and then an additional 485 Fire damage over 15 sec.",Offensive,Main,0,15,370 Mana,,Cooldown,"DEBUFF, DPS, PVE, ROTATIONAL",https://www.wowhead.com/tbc/spell=11668,
Destruction,Ability,Immolate,25309,348,Rank 8,60,"Burns the enemy for 
299 Fire damage and then an additional 510 Fire damage over 15 sec.",Offensive,Main,0,15,380 Mana,,Cooldown,"DEBUFF, DPS, PVE, ROTATIONAL",https://www.wowhead.com/tbc/spell=25309,
Destruction,Ability,Immolate,27215,348,Rank 9,69,"Burns the enemy for 
332 Fire damage and then an additional 615 Fire damage over 15 sec.",Offensive,Main,0,15,445 Mana,,Cooldown,"DEBUFF, DPS, PVE, ROTATIONAL",https://www.wowhead.com/tbc/spell=27215,
Destruction,Ability,Incinerate,29722,29722,Rank 1,64,"Deals 
416 to 
480 Fire damage to your target and an additional 
103 to 
120 Fire damage if the target is affected by an Immolate spell.",Offensive,Main,0,,325 Mana,,Cooldown,"DPS, FILLER, PVE",https://www.wowhead.com/tbc/spell=29722,
Destruction,Ability,Incinerate,32231,29722,Rank 2,70,"Deals 
444 to 
514 Fire damage to your target and an additional 
111 to 
128 Fire damage if the target is affected by an Immolate spell.",Offensive,Main,0,,355 Mana,,Cooldown,"DPS, FILLER, PVE",https://www.wowhead.com/tbc/spell=32231,
Destruction,Ability,Soul Fire,6353,6353,Rank 1,48,"Burn the enemy's soul, causing 
640 to 
801 Fire damage.",Offensive,Main,60,,170 Mana,,Cooldown,"DPS, MINOR, PVE",https://www.wowhead.com/tbc/spell=6353,
Destruction,Ability,Soul Fire,17924,6353,Rank 2,56,"Burn the enemy's soul, causing 
721 to 
900 Fire damage.",Offensive,Main,60,,185 Mana,,Cooldown,"DPS, MINOR, PVE",https://www.wowhead.com/tbc/spell=17924,
Destruction,Ability,Soul Fire,27211,6353,Rank 3,64,"Burn the enemy's soul, causing 
853 to 
1065 Fire damage.",Offensive,Main,60,,215 Mana,,Cooldown,"DPS, MINOR, PVE",https://www.wowhead.com/tbc/spell=27211,
Destruction,Ability,Soul Fire,30545,6353,Rank 4,70,"Burn the enemy's soul, causing 
1003 to 
1257 Fire damage.",Offensive,Main,60,,250 Mana,,Cooldown,"DPS, MINOR, PVE",https://www.wowhead.com/tbc/spell=30545,
Destruction,Talent,Aftermath,18119,18119,Rank 1/5,,Gives your Destruction spells a 2% chance to daze the target for 5 sec.,Talent Passive,Data only,,5,,,Data only,TALENT,https://www.wowhead.com/tbc/spell=18119,Talent: Aftermath; tree row 2
Destruction,Talent,Aftermath,18120,18119,Rank 2/5,,Gives your Destruction spells a 4% chance to daze the target for 5 sec.,Talent Passive,Data only,,5,,,Data only,TALENT,https://www.wowhead.com/tbc/spell=18120,Talent: Aftermath; tree row 2
Destruction,Talent,Aftermath,18121,18119,Rank 3/5,,Gives your Destruction spells a 6% chance to daze the target for 5 sec.,Talent Passive,Data only,,5,,,Data only,TALENT,https://www.wowhead.com/tbc/spell=18121,Talent: Aftermath; tree row 2
Destruction,Talent,Aftermath,18122,18119,Rank 4/5,,Gives your Destruction spells a 8% chance to daze the target for 5 sec.,Talent Passive,Data only,,5,,,Data only,TALENT,https://www.wowhead.com/tbc/spell=18122,Talent: Aftermath; tree row 2
Destruction,Talent,Aftermath,18123,18119,Rank 5/5,,Gives your Destruction spells a 10% chance to daze the target for 5 sec.,Talent Passive,Data only,,5,,,Data only,TALENT,https://www.wowhead.com/tbc/spell=18123,Talent: Aftermath; tree row 2
Destruction,Talent,Backlash,34935,34935,Rank 1/3,,Increases your critical strike chance with spells by an additional 1% and gives you a 8% chance when hit by a physical attack to reduce the cast time of your next Shadow Bolt or Incinerate spell by 100%. This effect lasts 8 sec and will not occur more than once every 8 seconds.,Talent Passive,Data only,,8,,,Data only,TALENT,https://www.wowhead.com/tbc/spell=34935,Talent: Backlash; tree row 7
Destruction,Talent,Backlash,34938,34935,Rank 2/3,,Increases your critical strike chance with spells by an additional 2% and gives you a 16% chance when hit by a physical attack to reduce the cast time of your next Shadow Bolt or Incinerate spell by 100%. This effect lasts 8 sec and will not occur more than once every 8 seconds.,Talent Passive,Data only,,8,,,Data only,TALENT,https://www.wowhead.com/tbc/spell=34938,Talent: Backlash; tree row 7
Destruction,Talent,Backlash,34939,34935,Rank 3/3,,Increases your critical strike chance with spells by an additional 3% and gives you a 25% chance when hit by a physical attack to reduce the cast time of your next Shadow Bolt or Incinerate spell by 100%. This effect lasts 8 sec and will not occur more than once every 8 seconds.,Talent Passive,Data only,,8,,,Data only,TALENT,https://www.wowhead.com/tbc/spell=34939,Talent: Backlash; tree row 7
Destruction,Talent,Bane,17788,17788,Rank 1/5,,Reduces the casting time of your Shadow Bolt and Immolate spells by 0.1 sec and your Soul Fire spell by 0.4 sec.,Talent Passive,Data only,,,,,Data only,TALENT,https://www.wowhead.com/tbc/spell=17788,Talent: Bane; tree row 2
Destruction,Talent,Bane,17789,17788,Rank 2/5,,Reduces the casting time of your Shadow Bolt and Immolate spells by 0.2 sec and your Soul Fire spell by 0.8 sec.,Talent Passive,Data only,,,,,Data only,TALENT,https://www.wowhead.com/tbc/spell=17789,Talent: Bane; tree row 2
Destruction,Talent,Bane,17790,17788,Rank 3/5,,Reduces the casting time of your Shadow Bolt and Immolate spells by 0.3 sec and your Soul Fire spell by 1.2 sec.,Talent Passive,Data only,,,,,Data only,TALENT,https://www.wowhead.com/tbc/spell=17790,Talent: Bane; tree row 2
Destruction,Talent,Bane,17791,17788,Rank 4/5,,Reduces the casting time of your Shadow Bolt and Immolate spells by 0.4 sec and your Soul Fire spell by 1.6 sec.,Talent Passive,Data only,,,,,Data only,TALENT,https://www.wowhead.com/tbc/spell=17791,Talent: Bane; tree row 2
Destruction,Talent,Bane,17792,17788,Rank 5/5,,Reduces the casting time of your Shadow Bolt and Immolate spells by 0.5 sec and your Soul Fire spell by 2 sec.,Talent Passive,Data only,,,,,Data only,TALENT,https://www.wowhead.com/tbc/spell=17792,Talent: Bane; tree row 2
Destruction,Talent,Cataclysm,17778,17778,Rank 1/5,,Reduces the Mana cost of your Destruction spells by 1%.,Talent Passive,Data only,,,,,Data only,TALENT,https://www.wowhead.com/tbc/spell=17778,Talent: Cataclysm; tree row 1
Destruction,Talent,Cataclysm,17779,17778,Rank 2/5,,Reduces the Mana cost of your Destruction spells by 2%.,Talent Passive,Data only,,,,,Data only,TALENT,https://www.wowhead.com/tbc/spell=17779,Talent: Cataclysm; tree row 1
Destruction,Talent,Cataclysm,17780,17778,Rank 3/5,,Reduces the Mana cost of your Destruction spells by 3%.,Talent Passive,Data only,,,,,Data only,TALENT,https://www.wowhead.com/tbc/spell=17780,Talent: Cataclysm; tree row 1
Destruction,Talent,Cataclysm,17781,17778,Rank 4/5,,Reduces the Mana cost of your Destruction spells by 4%.,Talent Passive,Data only,,,,,Data only,TALENT,https://www.wowhead.com/tbc/spell=17781,Talent: Cataclysm; tree row 1
Destruction,Talent,Cataclysm,17782,17778,Rank 5/5,,Reduces the Mana cost of your Destruction spells by 5%.,Talent Passive,Data only,,,,,Data only,TALENT,https://www.wowhead.com/tbc/spell=17782,Talent: Cataclysm; tree row 1
Destruction,Talent Ability,Conflagrate,17962,17962,Rank 1/1,,"Ignites a target that is already afflicted by your Immolate, dealing 
249 to 
316 Fire damage and consuming the Immolate spell.",Offensive,Main,10,,165 Mana,,Cooldown,"DPS, ROTATIONAL",https://www.wowhead.com/tbc/spell=17962,Talent-required | Talent: Conflagrate
Destruction,Talent,Destructive Reach,17917,17917,Rank 1/2,,Increases the range of your Destruction spells by 10% and reduces threat caused by Destruction spells by 5%.,Talent Passive,Data only,,,,,Data only,TALENT,https://www.wowhead.com/tbc/spell=17917,Talent: Destructive Reach; tree row 4
Destruction,Talent,Destructive Reach,17918,17917,Rank 2/2,,Increases the range of your Destruction spells by 20% and reduces threat caused by Destruction spells by 10%.,Talent Passive,Data only,,,,,Data only,TALENT,https://www.wowhead.com/tbc/spell=17918,Talent: Destructive Reach; tree row 4
Destruction,Talent,Devastation,18130,18130,Rank 1/5,,Increases the critical strike chance of your Destruction spells by 1%.,Talent Passive,Data only,,,,,Data only,TALENT,https://www.wowhead.com/tbc/spell=18130,Talent: Devastation; tree row 3
Destruction,Talent,Devastation,18131,18130,Rank 2/5,,Increases the critical strike chance of your Destruction spells by 2%.,Talent Passive,Data only,,,,,Data only,TALENT,https://www.wowhead.com/tbc/spell=18131,Talent: Devastation; tree row 3
Destruction,Talent,Devastation,18132,18130,Rank 3/5,,Increases the critical strike chance of your Destruction spells by 3%.,Talent Passive,Data only,,,,,Data only,TALENT,https://www.wowhead.com/tbc/spell=18132,Talent: Devastation; tree row 3
Destruction,Talent,Devastation,18133,18130,Rank 4/5,,Increases the critical strike chance of your Destruction spells by 4%.,Talent Passive,Data only,,,,,Data only,TALENT,https://www.wowhead.com/tbc/spell=18133,Talent: Devastation; tree row 3
Destruction,Talent,Devastation,18134,18130,Rank 5/5,,Increases the critical strike chance of your Destruction spells by 5%.,Talent Passive,Data only,,,,,Data only,TALENT,https://www.wowhead.com/tbc/spell=18134,Talent: Devastation; tree row 3
Destruction,Talent,Emberstorm,17954,17954,Rank 1/5,,Increases the damage done by your Fire spells by 2% and reduces the cast time of your Incinerate spell by 2%.,Talent Passive,Data only,,,,,Data only,TALENT,https://www.wowhead.com/tbc/spell=17954,Talent: Emberstorm; tree row 6
Destruction,Talent,Emberstorm,17955,17954,Rank 2/5,,"Increases the damage done by your Fire spells by 4%, and reduces the cast time of your Incinerate spell by 4%.",Talent Passive,Data only,,,,,Data only,TALENT,https://www.wowhead.com/tbc/spell=17955,Talent: Emberstorm; tree row 6
Destruction,Talent,Emberstorm,17956,17954,Rank 3/5,,"Increases the damage done by your Fire spells by 6%, and reduces the cast time of your Incinerate spell by 6%.",Talent Passive,Data only,,,,,Data only,TALENT,https://www.wowhead.com/tbc/spell=17956,Talent: Emberstorm; tree row 6
Destruction,Talent,Emberstorm,17957,17954,Rank 4/5,,"Increases the damage done by your Fire spells by 8%, and reduces the cast time of your Incinerate spell by 8%.",Talent Passive,Data only,,,,,Data only,TALENT,https://www.wowhead.com/tbc/spell=17957,Talent: Emberstorm; tree row 6
Destruction,Talent,Emberstorm,17958,17954,Rank 5/5,,"Increases the damage done by your Fire spells by 10%, and reduces the cast time of your Incinerate spell by 10%.",Talent Passive,Data only,,,,,Data only,TALENT,https://www.wowhead.com/tbc/spell=17958,Talent: Emberstorm; tree row 6
Destruction,Talent,Improved Firebolt,18126,18126,Rank 1/2,,Reduces the casting time of your Imp's Firebolt spell by 0.25 sec.,Talent Passive,Data only,,,,,Data only,TALENT,https://www.wowhead.com/tbc/spell=18126,Talent: Improved Firebolt; tree row 3
Destruction,Talent,Improved Firebolt,18127,18126,Rank 2/2,,Reduces the casting time of your Imp's Firebolt spell by 0.5 sec.,Talent Passive,Data only,,,,,Data only,TALENT,https://www.wowhead.com/tbc/spell=18127,Talent: Improved Firebolt; tree row 3
Destruction,Talent,Improved Immolate,17815,17815,Rank 1/5,,Increases the initial damage of your Immolate spell by 5%.,Talent Passive,Data only,,,,,Data only,TALENT,https://www.wowhead.com/tbc/spell=17815,Talent: Improved Immolate; tree row 5
Destruction,Talent,Improved Immolate,17833,17815,Rank 2/5,,Increases the initial damage of your Immolate spell by 10%.,Talent Passive,Data only,,,,,Data only,TALENT,https://www.wowhead.com/tbc/spell=17833,Talent: Improved Immolate; tree row 5
Destruction,Talent,Improved Immolate,17834,17815,Rank 3/5,,Increases the initial damage of your Immolate spell by 15%.,Talent Passive,Data only,,,,,Data only,TALENT,https://www.wowhead.com/tbc/spell=17834,Talent: Improved Immolate; tree row 5
Destruction,Talent,Improved Immolate,17835,17815,Rank 4/5,,Increases the initial damage of your Immolate spell by 20%.,Talent Passive,Data only,,,,,Data only,TALENT,https://www.wowhead.com/tbc/spell=17835,Talent: Improved Immolate; tree row 5
Destruction,Talent,Improved Immolate,17836,17815,Rank 5/5,,Increases the initial damage of your Immolate spell by 25%.,Talent Passive,Data only,,,,,Data only,TALENT,https://www.wowhead.com/tbc/spell=17836,Talent: Improved Immolate; tree row 5
Destruction,Talent,Improved Lash of Pain,18128,18128,Rank 1/2,,Reduces the cooldown of your Succubus' and Incubus' Lash of Pain spell by 3 sec.,Talent Passive,Data only,,,,,Data only,TALENT,https://www.wowhead.com/tbc/spell=18128,Talent: Improved Lash of Pain; tree row 3
Destruction,Talent,Improved Lash of Pain,18129,18128,Rank 2/2,,Reduces the cooldown of your Succubus' and Incubus' Lash of Pain spell by 6 sec.,Talent Passive,Data only,,,,,Data only,TALENT,https://www.wowhead.com/tbc/spell=18129,Talent: Improved Lash of Pain; tree row 3
Destruction,Talent,Improved Searing Pain,17927,17927,Rank 1/3,,Increases the critical strike chance of your Searing Pain spell by 4%.,Talent Passive,Data only,,,,,Data only,TALENT,https://www.wowhead.com/tbc/spell=17927,Talent: Improved Searing Pain; tree row 4
Destruction,Talent,Improved Searing Pain,17929,17927,Rank 2/3,,Increases the critical strike chance of your Searing Pain spell by 7%.,Talent Passive,Data only,,,,,Data only,TALENT,https://www.wowhead.com/tbc/spell=17929,Talent: Improved Searing Pain; tree row 4
Destruction,Talent,Improved Searing Pain,17930,17927,Rank 3/3,,Increases the critical strike chance of your Searing Pain spell by 10%.,Talent Passive,Data only,,,,,Data only,TALENT,https://www.wowhead.com/tbc/spell=17930,Talent: Improved Searing Pain; tree row 4
Destruction,Talent,Improved Shadow Bolt,17793,17793,Rank 1/5,,Your Shadow Bolt critical strikes increase Shadow damage dealt to the target by 4% until 4 non-periodic damage sources are applied. Effect lasts a maximum of 12 sec.,Talent Passive,Data only,,,,,Data only,TALENT,https://www.wowhead.com/tbc/spell=17793,Talent: Improved Shadow Bolt; tree row 1
Destruction,Talent,Improved Shadow Bolt,17796,17793,Rank 2/5,,Your Shadow Bolt critical strikes increase Shadow damage dealt to the target by 8% until 4 non-periodic damage sources are applied. Effect lasts a maximum of 12 sec.,Talent Passive,Data only,,,,,Data only,TALENT,https://www.wowhead.com/tbc/spell=17796,Talent: Improved Shadow Bolt; tree row 1
Destruction,Talent,Improved Shadow Bolt,17801,17793,Rank 3/5,,Your Shadow Bolt critical strikes increase Shadow damage dealt to the target by 12% until 4 non-periodic damage sources are applied. Effect lasts a maximum of 12 sec.,Talent Passive,Data only,,,,,Data only,TALENT,https://www.wowhead.com/tbc/spell=17801,Talent: Improved Shadow Bolt; tree row 1
Destruction,Talent,Improved Shadow Bolt,17802,17793,Rank 4/5,,Your Shadow Bolt critical strikes increase Shadow damage dealt to the target by 16% until 4 non-periodic damage sources are applied. Effect lasts a maximum of 12 sec.,Talent Passive,Data only,,,,,Data only,TALENT,https://www.wowhead.com/tbc/spell=17802,Talent: Improved Shadow Bolt; tree row 1
Destruction,Talent,Improved Shadow Bolt,17803,17793,Rank 5/5,,Your Shadow Bolt critical strikes increase Shadow damage dealt to the target by 20% until 4 non-periodic damage sources are applied. Effect lasts a maximum of 12 sec.,Talent Passive,Data only,,,,,Data only,TALENT,https://www.wowhead.com/tbc/spell=17803,Talent: Improved Shadow Bolt; tree row 1
Destruction,Talent,Intensity,18135,18135,Rank 1/2,,Gives you a 35% chance to resist interruption caused by damage while casting or channeling any Destruction spell.,Talent Passive,Data only,,,,,Data only,TALENT,https://www.wowhead.com/tbc/spell=18135,Talent: Intensity; tree row 4
Destruction,Talent,Intensity,18136,18135,Rank 2/2,,Gives you a 70% chance to resist interruption caused by damage while casting or channeling any Destruction spell.,Talent Passive,Data only,,,,,Data only,TALENT,https://www.wowhead.com/tbc/spell=18136,Talent: Intensity; tree row 4
Destruction,Talent,Nether Protection,30299,30299,Rank 1/3,,"After being hit with a Shadow or Fire spell, you have a 10% chance to become immune to Shadow and Fire spells for 4 sec.",Talent Passive,Data only,,4,,,Data only,TALENT,https://www.wowhead.com/tbc/spell=30299,Talent: Nether Protection; tree row 6
Destruction,Talent,Nether Protection,30301,30299,Rank 2/3,,"After being hit with a Shadow or Fire spell, you have a 20% chance to become immune to Shadow and Fire spells for 4 sec.",Talent Passive,Data only,,4,,,Data only,TALENT,https://www.wowhead.com/tbc/spell=30301,Talent: Nether Protection; tree row 6
Destruction,Talent,Nether Protection,30302,30299,Rank 3/3,,"After being hit with a Shadow or Fire spell, you have a 30% chance to become immune to Shadow and Fire spells for 4 sec.",Talent Passive,Data only,,4,,,Data only,TALENT,https://www.wowhead.com/tbc/spell=30302,Talent: Nether Protection; tree row 6
Destruction,Talent,Pyroclasm,18073,18096,Rank 2/2,,"Gives your Rain of Fire, Hellfire, and Soul Fire spells a 26% chance to stun the target for 3 sec.",Talent Passive,Data only,,3,,,Data only,TALENT,https://www.wowhead.com/tbc/spell=18073,Talent: Pyroclasm; tree row 5
Destruction,Talent,Pyroclasm,18096,18096,Rank 1/2,,"Gives your Rain of Fire, Hellfire, and Soul Fire spells a 13% chance to stun the target for 3 sec.",Talent Passive,Data only,,3,,,Data only,TALENT,https://www.wowhead.com/tbc/spell=18096,Talent: Pyroclasm; tree row 5
Destruction,Talent,Ruin,17959,17959,Rank 1/1,,Increases the critical strike damage bonus of your Destruction spells by 100%.,Talent Passive,Data only,,,,,Data only,TALENT,https://www.wowhead.com/tbc/spell=17959,Talent: Ruin; tree row 5
Destruction,Talent,Shadow and Flame,30288,30288,Rank 1/5,,Your Shadow Bolt and Incinerate spells gain an additional 4% of your bonus spell damage effects.,Talent Passive,Data only,,,,,Data only,TALENT,https://www.wowhead.com/tbc/spell=30288,Talent: Shadow and Flame; tree row 8
Destruction,Talent,Shadow and Flame,30289,30288,Rank 2/5,,Your Shadow Bolt and Incinerate spells gain an additional 8% of your bonus spell damage effects.,Talent Passive,Data only,,,,,Data only,TALENT,https://www.wowhead.com/tbc/spell=30289,Talent: Shadow and Flame; tree row 8
Destruction,Talent,Shadow and Flame,30290,30288,Rank 3/5,,Your Shadow Bolt and Incinerate spells gain an additional 12% of your bonus spell damage effects.,Talent Passive,Data only,,,,,Data only,TALENT,https://www.wowhead.com/tbc/spell=30290,Talent: Shadow and Flame; tree row 8
Destruction,Talent,Shadow and Flame,30291,30288,Rank 4/5,,Your Shadow Bolt and Incinerate spells gain an additional 16% of your bonus spell damage effects.,Talent Passive,Data only,,,,,Data only,TALENT,https://www.wowhead.com/tbc/spell=30291,Talent: Shadow and Flame; tree row 8
Destruction,Talent,Shadow and Flame,30292,30288,Rank 5/5,,Your Shadow Bolt and Incinerate spells gain an additional 20% of your bonus spell damage effects.,Talent Passive,Data only,,,,,Data only,TALENT,https://www.wowhead.com/tbc/spell=30292,Talent: Shadow and Flame; tree row 8
Destruction,Talent Ability,Shadowburn,17877,17877,Rank 1/1,,"Instantly blasts the target for 
91 to 
104 Shadow damage. If the target dies within 5 sec of Shadowburn, and yields experience or honor, the caster gains a Soul Shard.",Offensive,Main,15,,105 Mana,,Cooldown,"DPS, FINISHER, ROTATIONAL",https://www.wowhead.com/tbc/spell=17877,Talent-required | Talent: Shadowburn
Destruction,Talent Ability,Shadowburn,18867,17877,Rank 2,24,"Instantly blasts the target for 
123 to 
140 Shadow damage. If the target dies within 5 sec of Shadowburn, and yields experience or honor, the caster gains a Soul Shard.",Offensive,Main,15,,130 Mana,,Cooldown,"DPS, FINISHER, ROTATIONAL",https://www.wowhead.com/tbc/spell=18867,Talent-required
Destruction,Talent Ability,Shadowburn,18868,17877,Rank 3,32,"Instantly blasts the target for 
196 to 
221 Shadow damage. If the target dies within 5 sec of Shadowburn, and yields experience or honor, the caster gains a Soul Shard.",Offensive,Main,15,,190 Mana,,Cooldown,"DPS, FINISHER, ROTATIONAL",https://www.wowhead.com/tbc/spell=18868,Talent-required
Destruction,Talent Ability,Shadowburn,18869,17877,Rank 4,40,"Instantly blasts the target for 
274 to 
307 Shadow damage. If the target dies within 5 sec of Shadowburn, and yields experience or honor, the caster gains a Soul Shard.",Offensive,Main,15,,245 Mana,,Cooldown,"DPS, FINISHER, ROTATIONAL",https://www.wowhead.com/tbc/spell=18869,Talent-required
Destruction,Talent Ability,Shadowburn,18870,17877,Rank 5,48,"Instantly blasts the target for 
365 to 
408 Shadow damage. If the target dies within 5 sec of Shadowburn, and yields experience or honor, the caster gains a Soul Shard.",Offensive,Main,15,,305 Mana,,Cooldown,"DPS, FINISHER, ROTATIONAL",https://www.wowhead.com/tbc/spell=18870,Talent-required
Destruction,Talent Ability,Shadowburn,18871,17877,Rank 6,56,"Instantly blasts the target for 
468 to 
520 Shadow damage. If the target dies within 5 sec of Shadowburn, and yields experience or honor, the caster gains a Soul Shard.",Offensive,Main,15,,365 Mana,,Cooldown,"DPS, FINISHER, ROTATIONAL",https://www.wowhead.com/tbc/spell=18871,Talent-required
Destruction,Talent Ability,Shadowburn,27263,17877,Rank 7,63,"Instantly blasts the target for 
538 to 
599 Shadow damage. If the target dies within 5 sec of Shadowburn, and yields experience or honor, the caster gains a Soul Shard.",Offensive,Main,15,,435 Mana,,Cooldown,"DPS, FINISHER, ROTATIONAL",https://www.wowhead.com/tbc/spell=27263,Talent-required
Destruction,Talent Ability,Shadowburn,30546,17877,Rank 8,70,"Instantly blasts the target for 
597 to 
665 Shadow damage. If the target dies within 5 sec of Shadowburn, and yields experience or honor, the caster gains a Soul Shard.",Offensive,Main,15,,515 Mana,,Cooldown,"DPS, FINISHER, ROTATIONAL",https://www.wowhead.com/tbc/spell=30546,Talent-required
Destruction,Talent Ability,Shadowfury,30283,30283,Rank 1/1,,"Shadowfury is unleashed, causing 
357 to 
422 Shadow damage and stunning all enemies within 8 yds for 2 sec.",Crowd Control,Utility,20,2,440 Mana,,Cooldown,"AOE, CC_HARD, DPS, MINOR",https://www.wowhead.com/tbc/spell=30283,Talent-required | Talent: Shadowfury
Destruction,Talent Ability,Shadowfury,30413,30283,Rank 2,60,"Shadowfury is unleashed, causing 
476 to 
565 Shadow damage and stunning all enemies within 8 yds for 2 sec.",Crowd Control,Utility,20,2,545 Mana,,Cooldown,"AOE, CC_HARD, DPS, MINOR",https://www.wowhead.com/tbc/spell=30413,Talent-required
Destruction,Talent Ability,Shadowfury,30414,30283,Rank 3,70,"Shadowfury is unleashed, causing 
612 to 
728 Shadow damage and stunning all enemies within 8 yds for 2 sec.",Crowd Control,Utility,20,2,710 Mana,,Cooldown,"AOE, CC_HARD, DPS, MINOR",https://www.wowhead.com/tbc/spell=30414,Talent-required
Destruction,Talent,Soul Leech,30293,30293,Rank 1/3,,"Gives your Shadow Bolt, Shadowburn, Soul Fire, Incinerate, Searing Pain and Conflagrate spells a 10% chance to return health equal to 20% of the damage caused.",Talent Passive,Data only,,,,,Data only,TALENT,https://www.wowhead.com/tbc/spell=30293,Talent: Soul Leech; tree row 7
Destruction,Talent,Soul Leech,30295,30293,Rank 2/3,,"Gives your Shadow Bolt, Shadowburn, Soul Fire, Incinerate, Searing Pain and Conflagrate spells a 20% chance to return health equal to 20% of the damage caused.",Talent Passive,Data only,,,,,Data only,TALENT,https://www.wowhead.com/tbc/spell=30295,Talent: Soul Leech; tree row 7
Destruction,Talent,Soul Leech,30296,30293,Rank 3/3,,"Gives your Shadow Bolt, Shadowburn, Soul Fire, Incinerate, Searing Pain and Conflagrate spells a 30% chance to return health equal to 20% of the damage caused.",Talent Passive,Data only,,,,,Data only,TALENT,https://www.wowhead.com/tbc/spell=30296,Talent: Soul Leech; tree row 7
